ABS TIME|T-CPU|T-PCB-TOP|T-PCB-BOTTOM|T-WIRELESS-MODEM|T-POWER-MANAGER|X ACC|Y ACC|Z ACC|X GYRO|Y GYRO|Z GYRO|X MAG|Y MAG|Z MAG
2026-01-29 04:27:35.949898+00:00|35.569324436925|38.64435955752572|37.160917159879205|35.56534535662405|36.27913126402126|-0.73974609375|0.532470703125|-0.32421875|-0.213623046875|2.0751953125|0.1220703125|0.0|38.78498931623931|-41.10435744810745
2026-01-29 04:27:36.009424+00:00|35.573303610384926|38.648424806120374|37.160917159879205|35.57728287705282|36.29112120124995|-0.74658203125|0.53173828125|-0.338623046875|-1.0986328125|2.685546875|0.1220703125|-1.0577724358974359|38.4323985042735|-41.10435744810745
2026-01-29 04:27:36.068712+00:00|35.557387475301766|38.64029444134832|37.160917159879205|35.58126223697798|36.31110647341478|-0.7275390625|0.5390625|-0.349365234375|-1.556396484375|2.716064453125|-0.030517578125|0.17629540598290597|37.19833066239316|-41.27421016483516
2026-01-29 04:27:36.128065+00:00|35.557387475301766|38.63622945753434|37.160917159879205|35.58126223697798|36.28712445343473|-0.75048828125|0.529052734375|-0.341552734375|-0.91552734375|2.25830078125|0.0|-1.234067841880342|38.96128472222222|-41.613915598290596
2026-01-29 04:27:36.187421+00:00|35.569324436925|38.632164606030074|37.15287708313542|35.56534535662405|36.29511805120433|-0.744140625|0.533935546875|-0.335693359375|-1.64794921875|2.777099609375|-0.1220703125|-0.7051816239316239|38.4323985042735|-39.40583028083028
2026-01-29 04:27:36.246223+00:00|35.569324436925|38.63622945753434|37.160917159879205|35.573303610384926|36.28712445343473|-0.73388671875|0.532470703125|-0.354736328125|-1.007080078125|2.410888671875|0.091552734375|-0.35259081196581193|37.72721688034188|-40.08524114774115
2026-01-29 04:27:36.305884+00:00|35.569324436925|38.64029444134832|37.164937367931145|35.569324436925|36.26714224469299|-0.748291015625|0.5390625|-0.334716796875|-0.9765625|2.166748046875|0.091552734375|-1.4103632478632477|38.78498931623931|-42.12347374847374
2026-01-29 04:27:36.364881+00:00|35.573303610384926|38.632164606030074|37.16895768917152|35.569324436925|36.29511805120433|-0.7431640625|0.53515625|-0.3310546875|-0.9765625|2.410888671875|0.06103515625|-2.2918402777777778|38.256103098290595|-41.613915598290596
2026-01-29 04:27:36.424050+00:00|35.58126223697798|38.632164606030074|37.164937367931145|35.57728287705282|36.29112120124995|-0.7333984375|0.541748046875|-0.339111328125|-1.068115234375|2.227783203125|0.152587890625|-0.17629540598290597|38.608693910256406|-41.953621031746025
2026-01-29 04:27:36.483486+00:00|35.573303610384926|38.64029444134832|37.160917159879205|35.58126223697798|36.299115003347936|-0.73828125|0.53369140625|-0.3408203125|-1.0986328125|2.3193359375|-0.213623046875|-1.234067841880342|38.256103098290595|-41.613915598290596
2026-01-29 04:27:36.542399+00:00|35.557387475301766|38.64029444134832|37.16895768917152|35.58126223697798|36.30311205773086|-0.740478515625|0.537841796875|-0.334716796875|-1.3427734375|2.288818359375|-0.152587890625|-1.0577724358974359|38.4323985042735|-42.463179181929185
2026-01-29 04:27:36.600262+00:00|35.56534535662405|38.62403529973483|37.160917159879205|35.573303610384926|36.31110647341478|-0.73681640625|0.531005859375|-0.34228515625|-1.28173828125|2.25830078125|0.18310546875|-1.7629540598290598|38.4323985042735|-40.764652014652015
2026-01-29 04:27:36.659280+00:00|35.569324436925|38.63622945753434|37.156897064964426|35.56534535662405|36.30311205773086|-0.731201171875|0.53955078125|-0.345947265625|-1.15966796875|2.38037109375|-0.244140625|0.35259081196581193|38.07980769230769|-40.42494658119658
2026-01-29 04:27:36.718366+00:00|35.569324436925|38.628099886781456|37.16895768917152|35.57728287705282|36.28712445343473|-0.744384765625|0.533203125|-0.333984375|-1.251220703125|2.197265625|-0.1220703125|-0.17629540598290597|37.90351228632478|-40.25509386446887
2026-01-29 04:27:36.777522+00:00|35.56534535662405|38.632164606030074|37.16895768917152|35.569324436925|36.29112120124995|-0.74169921875|0.535888671875|-0.339599609375|-1.556396484375|2.532958984375|0.030517578125|-0.17629540598290597|38.256103098290595|-40.5947992979243
2026-01-29 04:27:36.836562+00:00|35.57728287705282|38.632164606030074|37.16895768917152|35.569324436925|36.29112120124995|-0.72998046875|0.537841796875|-0.351318359375|-1.556396484375|2.288818359375|0.030517578125|-0.7051816239316239|38.4323985042735|-40.764652014652015
2026-01-29 04:27:36.895706+00:00|35.56136636943262|38.63622945753434|37.1729781236516|35.56534535662405|36.275134822323025|-0.73681640625|0.537841796875|-0.3447265625|-1.068115234375|2.166748046875|0.244140625|-3.1733173076923076|37.37462606837607|-40.08524114774115
2026-01-29 04:27:36.954877+00:00|35.557387475301766|38.62403529973483|37.1729781236516|35.56534535662405|36.29112120124995|-0.74951171875|0.534912109375|-0.33251953125|-1.220703125|2.655029296875|0.213623046875|-1.9392494658119657|37.19833066239316|-40.25509386446887
2026-01-29 04:27:37.014049+00:00|35.553408674182265|38.611842331268576|37.156897064964426|35.569324436925|36.30311205773086|-0.738525390625|0.5400390625|-0.34375|-1.312255859375|2.471923828125|0.18310546875|-1.5866586538461538|39.313875534188035|-40.5947992979243
2026-01-29 04:27:37.073172+00:00|35.56136636943262|38.62403529973483|37.160917159879205|35.557387475301766|36.26714224469299|-0.740966796875|0.535888671875|-0.34228515625|-1.129150390625|2.38037109375|0.091552734375|-1.234067841880342|38.256103098290595|-41.953621031746025
2026-01-29 04:27:37.131832+00:00|35.56534535662405|38.628099886781456|37.16895768917152|35.557387475301766|36.28712445343473|-0.74365234375|0.533935546875|-0.323486328125|-1.129150390625|2.288818359375|0.06103515625|-2.1155448717948717|38.4323985042735|-41.783768315018314
2026-01-29 04:27:37.190355+00:00|35.569324436925|38.628099886781456|37.164937367931145|35.56534535662405|36.315103834816114|-0.73876953125|0.53515625|-0.332763671875|-1.617431640625|2.471923828125|-0.06103515625|-0.17629540598290597|37.90351228632478|-41.27421016483516
2026-01-29 04:27:37.249562+00:00|35.56534535662405|38.628099886781456|37.17699867142284|35.557387475301766|36.29112120124995|-0.734619140625|0.53759765625|-0.347900390625|-1.28173828125|2.410888671875|0.06103515625|-1.234067841880342|37.55092147435897|-40.25509386446887
2026-01-29 04:27:37.308688+00:00|35.557387475301766|38.628099886781456|37.16895768917152|35.56136636943262|36.27913126402126|-0.7451171875|0.53466796875|-0.33203125|-1.220703125|2.25830078125|-0.396728515625|-1.7629540598290598|38.4323985042735|-40.764652014652015
2026-01-29 04:27:37.367715+00:00|35.54942996602489|38.62403529973483|37.164937367931145|35.557387475301766|36.30311205773086|-0.739013671875|0.537353515625|-0.3330078125|-1.312255859375|2.38037109375|0.1220703125|-2.468135683760684|37.022035256410255|-40.42494658119658
2026-01-29 04:27:37.426773+00:00|35.56136636943262|38.62403529973483|37.156897064964426|35.557387475301766|36.30311205773086|-0.734619140625|0.540283203125|-0.34716796875|-1.434326171875|2.62451171875|-0.030517578125|0.17629540598290597|38.96128472222222|-41.613915598290596
2026-01-29 04:27:37.486006+00:00|35.557387475301766|38.632164606030074|37.164937367931145|35.54942996602489|36.29112120124995|-0.737060546875|0.538818359375|-0.3388671875|-1.129150390625|2.13623046875|0.30517578125|-1.0577724358974359|38.07980769230769|-40.42494658119658
2026-01-29 04:27:37.545068+00:00|35.553408674182265|38.632164606030074|37.1729781236516|35.54942996602489|36.26314610866115|-0.742431640625|0.5361328125|-0.333740234375|-1.220703125|2.50244140625|0.48828125|-1.234067841880342|37.19833066239316|-40.5947992979243
2026-01-29 04:27:37.603954+00:00|35.54942996602489|38.628099886781456|37.160917159879205|35.553408674182265|36.30311205773086|-0.73291015625|0.5400390625|-0.349609375|-1.373291015625|2.410888671875|0.18310546875|-1.7629540598290598|38.4323985042735|-39.74553571428571
2026-01-29 04:27:37.662821+00:00|35.557387475301766|38.632164606030074|37.1729781236516|35.553408674182265|36.299115003347936|-0.735107421875|0.537841796875|-0.3349609375|-1.129150390625|2.410888671875|-0.030517578125|-0.5288862179487179|38.96128472222222|-40.5947992979243
2026-01-29 04:27:37.721892+00:00|35.54147282840012|38.628099886781456|37.1729781236516|35.54147282840012|36.30311205773086|-0.747802734375|0.526123046875|-0.33154296875|-1.007080078125|2.166748046875|0.244140625|-1.9392494658119657|38.256103098290595|-40.93450473137973
2026-01-29 04:27:37.780609+00:00|35.54545135078064|38.61590652203222|37.16895768917152|35.54942996602489|36.30311205773086|-0.7333984375|0.538818359375|-0.346435546875|-1.46484375|2.593994140625|-0.213623046875|-0.7051816239316239|38.4323985042735|-39.74553571428571
2026-01-29 04:27:37.839464+00:00|35.54942996602489|38.619970844836246|37.164937367931145|35.54545135078064|36.26714224469299|-0.738037109375|0.531982421875|-0.352783203125|-0.946044921875|2.25830078125|0.152587890625|-2.2918402777777778|38.608693910256406|-41.27421016483516
2026-01-29 04:27:37.898292+00:00|35.54942996602489|38.62403529973483|37.1729781236516|35.54147282840012|36.275134822323025|-0.7490234375|0.5361328125|-0.32861328125|-1.15966796875|2.38037109375|-0.274658203125|-0.8814770299145299|38.608693910256406|-41.27421016483516
2026-01-29 04:27:37.957132+00:00|35.54942996602489|38.628099886781456|37.17699867142284|35.54545135078064|36.299115003347936|-0.736083984375|0.537841796875|-0.33837890625|-1.52587890625|2.655029296875|-0.06103515625|-1.4103632478632477|39.49017094017094|-40.764652014652015
2026-01-29 04:27:38.015844+00:00|35.54942996602489|38.62403529973483|37.1729781236516|35.54942996602489|36.29511805120433|-0.729248046875|0.5380859375|-0.34814453125|-1.28173828125|2.227783203125|-0.244140625|-1.9392494658119657|38.608693910256406|-40.5947992979243
2026-01-29 04:27:38.074508+00:00|35.54147282840012|38.62403529973483|37.17699867142284|35.54147282840012|36.30311205773086|-0.739501953125|0.537109375|-0.335693359375|-1.03759765625|2.25830078125|-0.091552734375|-1.5866586538461538|37.90351228632478|-41.613915598290596
2026-01-29 04:27:38.133305+00:00|35.53351606203444|38.619970844836246|37.160917159879205|35.54147282840012|36.29112120124995|-0.7412109375|0.537109375|-0.338134765625|-1.03759765625|2.44140625|0.213623046875|-1.9392494658119657|38.608693910256406|-41.27421016483516
2026-01-29 04:27:38.192085+00:00|35.5374943988345|38.61590652203222|37.164937367931145|35.53351606203444|36.27913126402126|-0.732666015625|0.5419921875|-0.349853515625|-1.46484375|2.410888671875|0.152587890625|-0.17629540598290597|38.256103098290595|-41.953621031746025
2026-01-29 04:27:38.250776+00:00|35.53351606203444|38.628099886781456|37.18101933253644|35.529537817950825|36.26714224469299|-0.734375|0.5458984375|-0.34033203125|-0.762939453125|2.105712890625|-0.030517578125|-1.9392494658119657|36.84573985042735|-40.5947992979243
2026-01-29 04:27:38.309511+00:00|35.5374943988345|38.62403529973483|37.1729781236516|35.54147282840012|36.30311205773086|-0.7568359375|0.524658203125|-0.33056640625|-0.8544921875|1.52587890625|-0.396728515625|-1.4103632478632477|39.13758012820512|-42.12347374847374
2026-01-29 04:27:38.368209+00:00|35.53351606203444|38.62403529973483|37.17699867142284|35.5374943988345|36.275134822323025|-0.731201171875|0.52734375|-0.339599609375|-1.739501953125|2.62451171875|0.030517578125|-1.5866586538461538|38.96128472222222|-40.93450473137973
2026-01-29 04:27:38.426973+00:00|35.52158160773649|38.619970844836246|37.17699867142284|35.525559666534605|36.28312780770858|-0.7158203125|0.541748046875|-0.36865234375|-1.46484375|1.922607421875|0.396728515625|-1.0577724358974359|38.4323985042735|-41.10435744810745
2026-01-29 04:27:38.485812+00:00|35.51760364150755|38.619970844836246|37.17699867142284|35.52158160773649|36.27913126402126|-0.74267578125|0.5537109375|-0.32861328125|0.274658203125|1.800537109375|1.28173828125|-1.5866586538461538|37.90351228632478|-39.915388431013426
2026-01-29 04:27:38.544589+00:00|35.52158160773649|38.61590652203222|37.16895768917152|35.51760364150755|36.275134822323025|-0.744140625|0.53955078125|-0.32763671875|-3.814697265625|4.058837890625|-1.800537109375|-1.5866586538461538|38.96128472222222|-42.6330318986569
2026-01-29 04:27:38.602940+00:00|35.51362576779866|38.62403529973483|37.17699867142284|35.50964798656054|36.26314610866115|-0.734375|0.49658203125|-0.387939453125|-1.068115234375|0.762939453125|2.01416015625|-1.0577724358974359|39.49017094017094|-40.764652014652015
2026-01-29 04:27:38.661913+00:00|35.50169270130044|38.61590652203222|37.17699867142284|35.50567029774413|36.28312780770858|-0.736328125|0.54638671875|-0.339599609375|-1.678466796875|3.997802734375|-1.434326171875|-0.35259081196581193|38.4323985042735|-42.12347374847374
2026-01-29 04:27:38.720732+00:00|35.493737785334645|38.619970844836246|37.18101933253644|35.497715197180355|36.275134822323025|-0.74267578125|0.525390625|-0.340087890625|-3.692626953125|4.08935546875|-1.64794921875|-1.4103632478632477|39.84276175213675|-39.74553571428571
2026-01-29 04:27:38.779610+00:00|35.48180610295367|38.619970844836246|37.18906099499651|35.48180610295367|36.28312780770858|-0.728759765625|0.540771484375|-0.344482421875|-1.373291015625|5.615234375|-2.01416015625|-1.4103632478632477|38.78498931623931|-41.783768315018314
2026-01-29 04:27:38.838376+00:00|35.46589848197732|38.599650550683236|37.1729781236516|35.48180610295367|36.235176003720994|-0.73095703125|0.53759765625|-0.3466796875|-1.617431640625|2.197265625|0.030517578125|-0.35259081196581193|40.900534188034186|-40.42494658119658
2026-01-29 04:27:38.897300+00:00|35.4698752492759|38.60777827249166|37.18101933253644|35.46589848197732|36.215200401493405|-0.755615234375|0.53076171875|-0.3251953125|-3.570556640625|4.45556640625|-2.593994140625|-0.8814770299145299|39.313875534188035|-40.93450473137973
2026-01-29 04:27:38.956019+00:00|35.457945222976775|38.611842331268576|37.1850401070439|35.449992331111275|36.22319033846861|-0.746337890625|0.529296875|-0.338623046875|-3.204345703125|4.57763671875|-1.007080078125|-1.7629540598290598|39.84276175213675|-41.10435744810745
2026-01-29 04:27:39.014719+00:00|35.449992331111275|38.611842331268576|37.18906099499651|35.449992331111275|36.22718545886414|-0.75048828125|0.520263671875|-0.3349609375|11.71875|-9.033203125|11.8408203125|-1.5866586538461538|39.313875534188035|-40.93450473137973
2026-01-29 04:27:39.073563+00:00|35.44601602273161|38.60371434564797|37.1850401070439|35.4340876472167|36.2311806805983|-0.740478515625|0.538818359375|-0.33056640625|-7.904052734375|8.056640625|-4.8828125|-1.234067841880342|39.313875534188035|-41.953621031746025
2026-01-29 04:27:39.132976+00:00|35.42216009510827|38.60371434564797|37.18906099499651|35.4301117050897|36.21120558481374|-0.736328125|0.52978515625|-0.342529296875|-5.523681640625|6.40869140625|-3.35693359375|-1.4103632478632477|39.49017094017094|-41.44406288156288
2026-01-29 04:27:39.191890+00:00|35.40625797086432|38.59558688754407|37.18906099499651|35.410233365082945|36.20721086927267|-0.7353515625|0.527587890625|-0.3525390625|-2.288818359375|3.143310546875|-0.885009765625|-0.35259081196581193|39.84276175213675|-41.44406288156288
2026-01-29 04:27:39.250764+00:00|35.40228266779229|38.58745995652703|37.18906099499651|35.39433233489211|36.19123301749613|-0.74072265625|0.5419921875|-0.323486328125|-1.251220703125|2.50244140625|-0.274658203125|-0.7051816239316239|39.13758012820512|-41.10435744810745
2026-01-29 04:27:39.309633+00:00|35.39035730496602|38.59558688754407|37.19710311144246|35.37445809427868|36.175256779941776|-0.747802734375|0.532470703125|-0.33349609375|0.244140625|1.800537109375|0.885009765625|-0.8814770299145299|38.608693910256406|-39.23597756410256
2026-01-29 04:27:39.368495+00:00|35.37445809427868|38.59152335617654|37.193081996445585|35.36650903365984|36.175256779941776|-0.743408203125|0.53369140625|-0.332763671875|-1.556396484375|2.227783203125|0.640869140625|-1.0577724358974359|39.84276175213675|-40.42494658119658
2026-01-29 04:27:39.427417+00:00|35.35856033566898|38.58339668854177|37.193081996445585|35.35061199991435|36.15928215341398|-0.73388671875|0.529541015625|-0.351318359375|-3.814697265625|4.119873046875|-1.77001953125|-1.9392494658119657|38.608693910256406|-40.5947992979243
2026-01-29 04:27:39.486757+00:00|35.346637967753395|38.58339668854177|37.1850401070439|35.330742742743496|36.1552887481306|-0.75146484375|0.526611328125|-0.32421875|-2.044677734375|4.241943359375|-1.77001953125|-0.8814770299145299|37.90351228632478|-40.5947992979243
2026-01-29 04:27:39.545646+00:00|35.31882227143217|38.571207674033815|37.19710311144246|35.31484896120031|36.14730223883254|-0.7392578125|0.53271484375|-0.34326171875|-1.678466796875|0.823974609375|0.396728515625|-1.234067841880342|39.313875534188035|-40.5947992979243
2026-01-29 04:27:39.604811+00:00|35.29498375937965|38.55901984256985|37.193081996445585|35.29895661999478|36.16327565918692|-0.734130859375|0.52734375|-0.363525390625|0.30517578125|1.0986328125|1.0986328125|-0.17629540598290597|39.313875534188035|-41.613915598290596
2026-01-29 04:27:39.663849+00:00|35.283065715999044|38.55901984256985|37.193081996445585|35.26717624608608|36.13532322730953|-0.742919921875|0.533935546875|-0.33544921875|-1.220703125|2.227783203125|-0.030517578125|-1.234067841880342|38.256103098290595|-41.27421016483516
2026-01-29 04:27:39.723314+00:00|35.26717624608608|38.55901984256985|37.20112434003863|35.25128820713053|36.12733772066156|-0.73828125|0.5478515625|-0.33447265625|3.082275390625|-1.434326171875|3.47900390625|-2.2918402777777778|38.608693910256406|-40.93450473137973
2026-01-29 04:27:39.782151+00:00|35.24731642061249|38.54683319270015|37.20112434003863|35.235401596007534|36.0834245798726|-0.7392578125|0.538330078125|-0.3427734375|-1.434326171875|2.86865234375|-0.1220703125|-0.7051816239316239|38.4323985042735|-41.44406288156288
2026-01-29 04:27:39.841009+00:00|35.23143016595958|38.54277123840296|37.20112434003863|35.22745882490716|36.087416184872836|-0.738037109375|0.5322265625|-0.333984375|-1.495361328125|2.532958984375|-0.30517578125|-0.17629540598290597|38.608693910256406|-42.6330318986569
2026-01-29 04:27:39.900494+00:00|35.20760345287039|38.52652473141336|37.19710311144246|35.20363264476674|36.09939159762547|-0.7421875|0.5390625|-0.337646484375|-0.54931640625|2.044677734375|0.244140625|0.35259081196581193|38.4323985042735|-39.74553571428571
2026-01-29 04:27:39.959387+00:00|35.17186936738955|38.51840226328716|37.20112434003863|35.17583946762545|36.087416184872836|-0.7373046875|0.53466796875|-0.352783203125|-1.0986328125|2.349853515625|0.0|-1.5866586538461538|37.90351228632478|-40.93450473137973
2026-01-29 04:27:40.018707+00:00|35.155989848600086|38.50215889562759|37.193081996445585|35.15995959607176|36.07145036192611|-0.733642578125|0.53955078125|-0.341064453125|-1.89208984375|2.13623046875|0.091552734375|-0.17629540598290597|38.96128472222222|-40.93450473137973
2026-01-29 04:27:40.077554+00:00|35.144081134405894|38.49403799523668|37.1850401070439|35.13614243130684|36.05548612926606|-0.740478515625|0.523681640625|-0.343017578125|-0.6103515625|2.0751953125|0.213623046875|-1.5866586538461538|38.256103098290595|-41.613915598290596
2026-01-29 04:27:40.136901+00:00|35.13614243130684|38.506219541602434|37.19710311144246|35.11629720965857|36.03952348370649|-0.72900390625|0.544921875|-0.347900390625|-2.288818359375|2.532958984375|-0.152587890625|-1.0577724358974359|38.07980769230769|-40.764652014652015
2026-01-29 04:27:40.195839+00:00|35.112328428270814|38.48997774071347|37.209167138234136|35.09645417757059|36.01159266336032|-0.741943359375|0.542236328125|-0.331298828125|0.0|1.678466796875|0.946044921875|-1.5866586538461538|37.90351228632478|-39.915388431013426
2026-01-29 04:27:40.254547+00:00|35.09645417757059|38.48591761656695|37.20514568228538|35.084549406776546|36.047504608297686|-0.74462890625|0.537841796875|-0.331787109375|-0.48828125|2.13623046875|0.335693359375|-1.7629540598290598|39.13758012820512|-40.764652014652015
2026-01-29 04:27:40.313418+00:00|35.07661332896089|38.47373802585213|37.20112434003863|35.05677465775034|36.007602941152356|-0.748046875|0.530029296875|-0.337890625|-2.166748046875|2.44140625|2.197265625|-1.4103632478632477|38.4323985042735|-40.764652014652015
2026-01-29 04:27:40.372174+00:00|35.036938157862096|38.46155960660053|37.20112434003863|35.04090528442549|36.003613317541294|-0.73046875|0.555419921875|-0.34228515625|-3.265380859375|2.99072265625|3.082275390625|-0.5288862179487179|38.256103098290595|-41.27421016483516
2026-01-29 04:27:40.431743+00:00|35.02107051722169|38.44532353404361|37.20112434003863|35.01710382322216|35.99164503779264|-0.724609375|0.546875|-0.334228515625|-1.64794921875|2.25830078125|0.030517578125|-0.8814770299145299|37.55092147435897|-42.29332646520146
2026-01-29 04:27:40.490770+00:00|35.005204259231505|38.44126484050827|37.19710311144246|34.99727164775902|35.99962379247745|-0.7431640625|0.54248046875|-0.33837890625|-0.762939453125|2.288818359375|0.701904296875|-0.5288862179487179|37.90351228632478|-39.915388431013426
2026-01-29 04:27:40.549588+00:00|34.985373376361395|38.4372062767074|37.20112434003863|34.98140745791761|35.971699872178476|-0.734130859375|0.540771484375|-0.349609375|-1.800537109375|2.3193359375|-0.213623046875|-2.1155448717948717|39.13758012820512|-40.08524114774115
2026-01-29 04:27:40.608494+00:00|34.97744162540397|38.43314784258774|37.209167138234136|34.96951021797338|35.939792708402024|-0.739013671875|0.543212890625|-0.33935546875|-1.64794921875|2.50244140625|1.800537109375|-0.5288862179487179|38.608693910256406|-41.27421016483516
2026-01-29 04:27:40.667876+00:00|34.96554464295923|38.42097331778115|37.209167138234136|34.94571805296039|35.923841474165044|-0.740478515625|0.543212890625|-0.323974609375|-2.13623046875|2.593994140625|3.143310546875|-1.9392494658119657|38.256103098290595|-40.25509386446887
2026-01-29 04:27:40.727040+00:00|34.92985832013784|38.416915401851554|37.213188707936354|34.933823125272625|35.95175716030866|-0.722412109375|0.53759765625|-0.336181640625|-2.166748046875|2.166748046875|4.39453125|-0.5288862179487179|37.90351228632478|-40.93450473137973
2026-01-29 04:27:40.786069+00:00|34.917964416337725|38.41285761533584|37.209167138234136|34.92192896571885|35.91985390961531|-0.72314453125|0.546875|-0.35107421875|-2.410888671875|2.44140625|2.288818359375|0.17629540598290597|36.49314903846154|-40.5947992979243
2026-01-29 04:27:40.845378+00:00|34.89417890659644|38.39662776234428|37.213188707936354|34.90607127892662|35.91586644257018|-0.7294921875|0.548583984375|-0.32666015625|-2.166748046875|2.0751953125|2.197265625|-2.2918402777777778|38.256103098290595|-40.5947992979243
2026-01-29 04:27:40.903831+00:00|34.88228729803916|38.384456728830116|37.20514568228538|34.87435998267358|35.907891800795085|-0.721435546875|0.5546875|-0.334228515625|-1.64794921875|2.01416015625|0.732421875|-1.4103632478632477|37.37462606837607|-40.42494658119658
2026-01-29 04:27:40.962802+00:00|34.87832359802138|38.384456728830116|37.21721039144313|34.86246964416563|35.89593056817699|-0.721435546875|0.554931640625|-0.34423828125|-1.495361328125|2.532958984375|0.244140625|-0.8814770299145299|37.55092147435897|-40.93450473137973
2026-01-29 04:27:41.021773+00:00|34.86643300579408|38.37634335151034|37.21721039144313|34.85850636701355|35.8759971239611|-0.73193359375|0.552978515625|-0.33251953125|-1.40380859375|2.5634765625|0.3662109375|-0.8814770299145299|37.90351228632478|-40.5947992979243
2026-01-29 04:27:41.080798+00:00|34.8426541022003|38.37228685619726|37.213188707936354|34.83869124670389|35.89593056817699|-0.72998046875|0.552490234375|-0.335693359375|-1.434326171875|2.38037109375|0.67138671875|-1.4103632478632477|36.31685363247863|-42.12347374847374
2026-01-29 04:27:41.139963+00:00|34.82284066609424|38.36417425199795|37.213188707936354|34.81491587993793|35.87998361868739|-0.7236328125|0.558349609375|-0.33154296875|-1.434326171875|2.349853515625|0.30517578125|-1.9392494658119657|37.19833066239316|-40.25509386446887
2026-01-29 04:27:41.199045+00:00|34.8069914293647|38.35606216267905|37.22927612530657|34.81095361272759|35.852080190014306|-0.726318359375|0.55810546875|-0.34033203125|-1.220703125|2.227783203125|0.06103515625|-1.4103632478632477|38.07980769230769|-41.10435744810745
2026-01-29 04:27:41.258112+00:00|34.77925848949229|38.33578418918398|37.213188707936354|34.78718176856995|35.84809437296286|-0.7294921875|0.55419921875|-0.334228515625|-1.251220703125|2.471923828125|-0.030517578125|-0.5288862179487179|38.256103098290595|-39.915388431013426
2026-01-29 04:27:41.317455+00:00|34.77925848949229|38.32767389858793|37.213188707936354|34.771335544257795|35.81621131044761|-0.723388671875|0.5576171875|-0.336181640625|-1.251220703125|2.410888671875|0.1220703125|-2.8207264957264955|38.78498931623931|-41.10435744810745
2026-01-29 04:27:41.376911+00:00|34.771335544257795|38.331728979739125|37.20514568228538|34.751529639198566|35.796287525027026|-0.720458984375|0.554443359375|-0.346923828125|-0.732421875|1.861572265625|0.48828125|-1.9392494658119657|38.608693910256406|-40.93450473137973
2026-01-29 04:27:41.436332+00:00|34.759451751516224|38.32767389858793|37.22123218880631|34.73964709402128|35.8002720899745|-0.7353515625|0.557861328125|-0.32421875|-1.434326171875|2.227783203125|0.1220703125|-2.2918402777777778|37.90351228632478|-40.5947992979243
2026-01-29 04:27:41.495312+00:00|34.727765295644076|38.30740041537342|37.21721039144313|34.72380486191531|35.79230305604898|-0.725830078125|0.56201171875|-0.333740234375|-1.678466796875|2.74658203125|0.091552734375|-0.35259081196581193|37.72721688034188|-40.764652014652015
2026-01-29 04:27:41.554474+00:00|34.711924057244346|38.30740041537342|37.213188707936354|34.70796395436486|35.788318682990905|-0.72216796875|0.55810546875|-0.337890625|-1.5869140625|2.38037109375|0.518798828125|-0.35259081196581193|39.13758012820512|-40.764652014652015
2026-01-29 04:27:41.613646+00:00|34.69608414108376|38.29523786156159|37.22123218880631|34.69608414108376|35.76043075319188|-0.728759765625|0.562744140625|-0.3359375|-1.8310546875|2.3193359375|0.274658203125|-1.5866586538461538|38.608693910256406|-40.93450473137973
2026-01-29 04:27:41.672470+00:00|34.67628610057824|38.28713013151531|37.213188707936354|34.66836746015451|35.74449689593541|-0.7255859375|0.56005859375|-0.3359375|-2.777099609375|2.777099609375|-0.732421875|-2.8207264957264955|38.07980769230769|-39.74553571428571
2026-01-29 04:27:41.731928+00:00|34.66440826313095|38.274969494124605|37.209167138234136|34.66440826313095|35.74848021713552|-0.7197265625|0.558349609375|-0.32470703125|-1.28173828125|2.655029296875|0.48828125|-1.5866586538461538|37.55092147435897|-39.915388431013426
2026-01-29 04:27:41.791255+00:00|34.64857229516656|38.26686304036292|37.213188707936354|34.64461350796705|35.73254750410001|-0.72900390625|0.559326171875|-0.324951171875|-1.40380859375|2.716064453125|0.091552734375|-1.0577724358974359|38.07980769230769|-40.42494658119658
2026-01-29 04:27:41.850511+00:00|34.64857229516656|38.26281000467219|37.20514568228538|34.62482079830926|35.7086512889274|-0.72509765625|0.56298828125|-0.33056640625|-0.762939453125|2.3193359375|0.3662109375|-2.1155448717948717|37.37462606837607|-40.08524114774115
2026-01-29 04:27:41.909833+00:00|34.61690428583887|38.25875709637069|37.22123218880631|34.60898809930063|35.700686643458596|-0.72412109375|0.559814453125|-0.322265625|-2.3193359375|2.899169921875|-0.18310546875|-2.2918402777777778|36.49314903846154|-40.5947992979243
2026-01-29 04:27:41.968972+00:00|34.60503012813575|38.25065166172277|37.22123218880631|34.60503012813575|35.68077668764613|-0.72607421875|0.561279296875|-0.338134765625|-1.3427734375|2.44140625|0.762939453125|-1.4103632478632477|36.669444444444444|-40.42494658119658
2026-01-29 04:27:42.028177+00:00|34.58919905638032|38.24659913527017|37.22123218880631|34.585241491426984|35.66883184900365|-0.729248046875|0.557861328125|-0.32763671875|-0.48828125|1.8310546875|0.396728515625|-0.8814770299145299|36.84573985042735|-40.25509386446887
2026-01-29 04:27:42.087176+00:00|34.57732660476563|38.24254673599421|37.22123218880631|34.55754080479909|35.68077668764613|-0.727783203125|0.556640625|-0.3349609375|-2.410888671875|2.899169921875|-0.152587890625|-0.7051816239316239|36.31685363247863|-41.783768315018314
2026-01-29 04:27:42.146235+00:00|34.549627050476886|38.23849446384196|37.22927612530657|34.549627050476886|35.6489256717357|-0.7490234375|0.539794921875|-0.316650390625|-1.007080078125|2.716064453125|0.274658203125|-1.9392494658119657|38.96128472222222|-41.613915598290596
2026-01-29 04:27:42.205211+00:00|34.529844075465405|38.2263384095956|37.22123218880631|34.525887721928825|35.64096386017616|-0.728759765625|0.55517578125|-0.337890625|-0.1220703125|2.3193359375|0.396728515625|-2.8207264957264955|38.07980769230769|-41.44406288156288
2026-01-29 04:27:42.264370+00:00|34.51797525593685|38.21823500807591|37.21721039144313|34.502151286931564|35.63300242479562|-0.720458984375|0.54736328125|-0.354736328125|-0.06103515625|1.495361328125|1.129150390625|-0.7051816239316239|38.07980769230769|-40.08524114774115
2026-01-29 04:27:42.323393+00:00|34.502151286931564|38.21823500807591|37.22123218880631|34.486328599335025|35.60912037178758|-0.7216796875|0.5556640625|-0.3369140625|-2.197265625|2.410888671875|0.0|-2.2918402777777778|36.84573985042735|-41.953621031746025
2026-01-29 04:27:42.382360+00:00|34.48237312729566|38.21418349755032|37.22525410007688|34.4705071900724|35.60514035768455|-0.7236328125|0.563720703125|-0.315185546875|-2.410888671875|3.41796875|-0.91552734375|-1.9392494658119657|37.19833066239316|-41.613915598290596
2026-01-29 04:27:42.441540+00:00|34.46259696385579|38.206080856702044|37.22123218880631|34.45864197018301|35.60514035768455|-0.723876953125|0.55810546875|-0.33984375|0.1220703125|2.01416015625|0.396728515625|-1.5866586538461538|35.787967414529916|-40.5947992979243
2026-01-29 04:27:42.500447+00:00|34.45073222146874|38.206080856702044|37.23329826454659|34.44677746633113|35.57728287705282|-0.72021484375|0.549072265625|-0.345947265625|0.1220703125|1.495361328125|0.640869140625|-1.0577724358974359|36.31685363247863|-40.764652014652015
2026-01-29 04:27:42.559481+00:00|34.415142280165014|38.19797872243748|37.22927612530657|34.423050601555985|35.569324436925|-0.724853515625|0.5615234375|-0.33349609375|-1.52587890625|2.38037109375|0.030517578125|-2.2918402777777778|37.55092147435897|-41.613915598290596
2026-01-29 04:27:42.618541+00:00|34.3953728589056|38.17367535490399|37.213188707936354|34.403280390697546|35.56136636943262|-0.724609375|0.562744140625|-0.3330078125|-1.556396484375|2.86865234375|-0.701904296875|-1.9392494658119657|36.84573985042735|-41.613915598290596
2026-01-29 04:27:42.677610+00:00|34.38746564228188|38.17367535490399|37.22123218880631|34.36769897706648|35.557387475301766|-0.72216796875|0.563232421875|-0.341064453125|-0.091552734375|2.197265625|0.244140625|-1.234067841880342|37.55092147435897|-40.93450473137973
2026-01-29 04:27:42.736451+00:00|34.36769897706648|38.181775971962566|37.22123218880631|34.351887057398585|35.50964798656054|-0.735107421875|0.570068359375|-0.31298828125|-1.15966796875|3.143310546875|-0.1220703125|-1.0577724358974359|37.022035256410255|-40.764652014652015
2026-01-29 04:27:42.795082+00:00|34.347934273263434|38.16962523573386|37.22525410007688|34.347934273263434|35.52158160773649|-0.721923828125|0.55810546875|-0.331787109375|-1.220703125|2.3193359375|-0.152587890625|-0.8814770299145299|37.55092147435897|-40.5947992979243
2026-01-29 04:27:42.853767+00:00|34.332123918413004|38.16557524273276|37.22927612530657|34.32817152488337|35.497715197180355|-0.725830078125|0.557373046875|-0.3330078125|-1.007080078125|2.349853515625|0.18310546875|-1.9392494658119657|37.19833066239316|-41.953621031746025
2026-01-29 04:27:42.912426+00:00|34.30445879955556|38.157475635024866|37.22927612530657|34.30445879955556|35.47782905971502|-0.721923828125|0.556640625|-0.34130859375|-1.28173828125|2.410888671875|0.152587890625|-0.8814770299145299|37.55092147435897|-40.5947992979243
2026-01-29 04:27:42.971113+00:00|34.28470033203382|38.14127793130484|37.22123218880631|34.28470033203382|35.473852108505525|-0.725341796875|0.562744140625|-0.330810546875|-1.312255859375|2.50244140625|0.18310546875|-1.5866586538461538|37.55092147435897|-40.25509386446887
2026-01-29 04:27:43.029835+00:00|34.27284618131387|38.14127793130484|37.22123218880631|34.25704172909985|35.457945222976775|-0.728759765625|0.5546875|-0.32861328125|-1.373291015625|2.349853515625|0.091552734375|-0.8814770299145299|38.608693910256406|-42.29332646520146
2026-01-29 04:27:43.088536+00:00|34.2530908089559|38.14127793130484|37.22525410007688|34.23333736330227|35.4340876472167|-0.7294921875|0.54736328125|-0.34619140625|-0.30517578125|1.983642578125|0.335693359375|-1.7629540598290598|37.022035256410255|-41.10435744810745
2026-01-29 04:27:43.147271+00:00|34.237287898583475|38.13722882000269|37.23329826454659|34.22938690485|35.4301117050897|-0.724609375|0.55810546875|-0.33642578125|-2.197265625|2.593994140625|-0.152587890625|-0.35259081196581193|38.4323985042735|-41.10435744810745
2026-01-29 04:27:43.206249+00:00|34.22148621824175|38.13722882000269|37.22525410007688|34.21358583837616|35.42613585440313|-0.72705078125|0.560302734375|-0.321533203125|-2.25830078125|2.777099609375|-0.457763671875|-2.468135683760684|38.07980769230769|-41.44406288156288
2026-01-29 04:27:43.265179+00:00|34.185936918927155|38.12913097458102|37.22927612530657|34.19383622820328|35.410233365082945|-0.72314453125|0.5556640625|-0.339599609375|-0.091552734375|2.288818359375|0.518798828125|-2.1155448717948717|37.37462606837607|-41.10435744810745
2026-01-29 04:27:43.323923+00:00|34.174088526811204|38.1129367909877|37.22123218880631|34.174088526811204|35.39830745581793|-0.71923828125|0.55810546875|-0.35888671875|-0.518798828125|1.800537109375|0.48828125|-1.9392494658119657|37.19833066239316|-40.25509386446887
2026-01-29 04:27:43.382677+00:00|34.16224081970705|38.1129367909877|37.22123218880631|34.150393796325545|35.39433233489211|-0.72802734375|0.556884765625|-0.327880859375|-3.90625|2.86865234375|-0.9765625|-1.234067841880342|37.90351228632478|-41.27421016483516
2026-01-29 04:27:43.441455+00:00|34.13854745537765|38.1129367909877|37.22525410007688|34.13065027323921|35.362534639360376|-0.724365234375|0.559814453125|-0.318115234375|-1.556396484375|2.655029296875|0.1220703125|-2.8207264957264955|37.022035256410255|-41.10435744810745
2026-01-29 04:27:43.500293+00:00|34.11880506681746|38.108888558791136|37.22525410007688|34.11090863983674|35.362534639360376|-0.72119140625|0.55029296875|-0.369140625|1.556396484375|1.15966796875|0.946044921875|-1.234067841880342|37.90351228632478|-41.613915598290596
2026-01-29 04:27:43.558971+00:00|34.106960539393526|38.100792470470196|37.22927612530657|34.09906456436266|35.3545861225366|-0.727783203125|0.57080078125|-0.341064453125|-2.38037109375|2.44140625|-0.335693359375|-1.5866586538461538|37.19833066239316|-40.93450473137973
2026-01-29 04:27:43.617763+00:00|34.07932594205141|38.096744614240095|37.22927612530657|34.075378442681824|35.32676916215485|-0.735595703125|0.5673828125|-0.30419921875|-2.471923828125|2.99072265625|-0.244140625|-1.7629540598290598|37.72721688034188|-40.764652014652015
2026-01-29 04:27:43.676515+00:00|34.05564206867575|38.08460179663649|37.22525410007688|34.06353639390045|35.32279567173413|-0.725341796875|0.5517578125|-0.332763671875|0.823974609375|2.105712890625|0.885009765625|-1.4103632478632477|37.72721688034188|-41.44406288156288
2026-01-29 04:27:43.735308+00:00|34.05169501810917|38.08460179663649|37.22123218880631|34.0280142803507|35.30292957043554|-0.72021484375|0.565185546875|-0.3671875|-0.213623046875|1.89208984375|0.48828125|-1.9392494658119657|36.84573985042735|-40.93450473137973
2026-01-29 04:27:43.794179+00:00|34.0280142803507|38.08055444095493|37.23732051784856|34.01617491581095|35.29895661999478|-0.727783203125|0.557373046875|-0.318359375|-4.058837890625|2.86865234375|-1.0986328125|-2.1155448717948717|36.669444444444444|-40.764652014652015
2026-01-29 04:27:43.853586+00:00|34.00828237722226|38.08055444095493|37.23732051784856|34.0043362191164|35.28703830743058|-0.73193359375|0.563720703125|-0.307861328125|-1.312255859375|2.99072265625|-0.3662109375|-1.7629540598290598|37.72721688034188|-41.10435744810745
2026-01-29 04:27:43.912507+00:00|33.99644412504364|38.076507210278294|37.22927612530657|33.98460653856762|35.283065715999044|-0.731201171875|0.552978515625|-0.3486328125|0.8544921875|2.288818359375|0.762939453125|-1.7629540598290598|37.022035256410255|-42.12347374847374
2026-01-29 04:27:43.971316+00:00|33.968824123249476|38.072460104553954|37.22927612530657|33.96093335758377|35.26717624608608|-0.719482421875|0.561279296875|-0.36328125|-0.79345703125|1.89208984375|0.1220703125|-2.2918402777777778|36.49314903846154|-40.25509386446887
2026-01-29 04:27:44.030248+00:00|33.94120772951385|38.052226448367605|37.23329826454659|33.9451527083358|35.25128820713053|-0.726318359375|0.5556640625|-0.3173828125|-2.593994140625|3.11279296875|-0.48828125|-1.9392494658119657|37.19833066239316|-39.57568299755799
2026-01-29 04:27:44.089192+00:00|33.92148393396553|38.04413385871089|37.21721039144313|33.92542854675884|35.24731642061249|-0.727294921875|0.552734375|-0.3173828125|-1.40380859375|2.74658203125|0.1220703125|-2.468135683760684|37.72721688034188|-41.44406288156288
2026-01-29 04:27:44.148043+00:00|33.909650533774425|38.05627293012276|37.22123218880631|33.89387368751841|35.223487572801446|-0.732421875|0.550537109375|-0.34228515625|2.105712890625|1.64794921875|0.640869140625|-1.5866586538461538|37.90351228632478|-40.93450473137973
2026-01-29 04:27:44.206717+00:00|33.88992965789919|38.04413385871089|37.22525410007688|33.87809800494898|35.19966192531717|-0.7158203125|0.558837890625|-0.359130859375|-1.495361328125|1.922607421875|-0.18310546875|-2.1155448717948717|39.13758012820512|-40.764652014652015
2026-01-29 04:27:44.265665+00:00|33.87809800494898|38.04008775070383|37.22927612530657|33.862323483025705|35.19966192531717|-0.726318359375|0.57373046875|-0.325439453125|-3.387451171875|3.23486328125|-1.28173828125|-1.0577724358974359|36.669444444444444|-41.783768315018314
2026-01-29 04:27:44.324724+00:00|33.862323483025705|38.02795017333477|37.22927612530657|33.846550118708365|35.19569129447291|-0.724365234375|0.559326171875|-0.33154296875|-1.52587890625|2.50244140625|0.030517578125|-1.5866586538461538|37.19833066239316|-40.5947992979243
2026-01-29 04:27:44.384213+00:00|33.82683503656557|38.03199590806861|37.23329826454659|33.83077790895811|35.18377993308468|-0.73193359375|0.542724609375|-0.34326171875|0.0|1.64794921875|0.6103515625|-1.234067841880342|37.19833066239316|-40.5947992979243
2026-01-29 04:27:44.443805+00:00|33.80712175249977|38.00772336339628|37.23329826454659|33.80712175249977|35.167899355417774|-0.712646484375|0.568603515625|-0.363525390625|0.30517578125|1.617431640625|0.213623046875|-1.9392494658119657|37.90351228632478|-41.27421016483516
2026-01-29 04:27:44.502746+00:00|33.795294642669376|38.00772336339628|37.22123218880631|33.79923694100614|35.17186936738955|-0.724365234375|0.561767578125|-0.32275390625|-4.364013671875|3.692626953125|-1.312255859375|-1.234067841880342|36.14055822649572|-40.25509386446887
2026-01-29 04:27:44.561873+00:00|33.77164235340149|38.00367837378559|37.213188707936354|33.75587558636636|35.1480506178159|-0.736572265625|0.5537109375|-0.311767578125|-2.50244140625|3.173828125|-0.6103515625|-0.35259081196581193|36.31685363247863|-41.10435744810745
2026-01-29 04:27:44.620725+00:00|33.759817171402744|37.99558876651969|37.22927612530657|33.747992629453734|35.13614243130684|-0.725830078125|0.54931640625|-0.349609375|1.007080078125|1.953125|0.8544921875|-1.4103632478632477|36.669444444444444|-40.764652014652015
2026-01-29 04:27:44.679791+00:00|33.747992629453734|37.99558876651969|37.23329826454659|33.73616872627446|35.100422609115355|-0.716796875|0.566162109375|-0.353759765625|1.556396484375|1.708984375|1.64794921875|-1.4103632478632477|36.669444444444444|-40.42494658119658
2026-01-29 04:27:44.738513+00:00|33.728286478395034|37.987499654843305|37.22927612530657|33.724345460585255|35.13614243130684|-0.72607421875|0.562744140625|-0.328125|-2.532958984375|3.0517578125|-1.15966796875|-0.35259081196581193|37.37462606837607|-40.42494658119658
2026-01-29 04:27:44.797506+00:00|33.70070083655918|37.979411038335|37.23329826454659|33.69676031258484|35.108359734416865|-0.72900390625|0.56201171875|-0.319091796875|-1.220703125|2.5634765625|0.1220703125|-1.234067841880342|38.256103098290595|-40.93450473137973
2026-01-29 04:27:44.856355+00:00|33.680998919798355|37.963235289137685|37.23732051784856|33.680998919798355|35.12026607862873|-0.7265625|0.55517578125|-0.35107421875|1.64794921875|1.46484375|1.129150390625|-1.0577724358974359|38.4323985042735|-40.764652014652015
2026-01-29 04:27:44.915183+00:00|33.67311864460862|37.95919166066034|37.21721039144313|33.65341918210669|35.092485833365004|-0.71923828125|0.550537109375|-0.360107421875|-1.708984375|2.13623046875|0.244140625|-1.0577724358974359|38.07980769230769|-40.42494658119658
2026-01-29 04:27:44.973976+00:00|33.65341918210669|37.95919166066034|37.213188707936354|33.633721465546046|35.06470986533566|-0.72216796875|0.555908203125|-0.329833984375|-3.082275390625|3.11279296875|-1.0986328125|-0.8814770299145299|37.19833066239316|-40.93450473137973
2026-01-29 04:27:45.033140+00:00|33.62584286646023|37.94301838046073|37.22123218880631|33.621903671200585|35.06470986533566|-0.7294921875|0.54443359375|-0.333251953125|-0.9765625|2.593994140625|0.335693359375|-1.234067841880342|37.55092147435897|-41.27421016483516
2026-01-29 04:27:45.092023+00:00|33.61008650198704|37.94301838046073|37.22927612530657|33.606147584279995|35.06867759952917|-0.71923828125|0.553466796875|-0.360595703125|1.129150390625|1.953125|1.251220703125|-1.0577724358974359|38.4323985042735|-40.764652014652015
2026-01-29 04:27:45.151082+00:00|33.59826995662843|37.9308897142335|37.22927612530657|33.59039260567795|35.048839797576534|-0.720703125|0.55810546875|-0.342529296875|-1.922607421875|2.197265625|-0.1220703125|-1.4103632478632477|37.72721688034188|-39.74553571428571
2026-01-29 04:27:45.209899+00:00|33.56282405091355|37.92684707167217|37.22123218880631|33.566762209252204|35.03297111790852|-0.733154296875|0.5634765625|-0.319091796875|-3.35693359375|3.082275390625|-0.701904296875|-1.0577724358974359|37.72721688034188|-41.10435744810745
2026-01-29 04:27:45.269381+00:00|33.543134289522754|37.91067773092993|37.21721039144313|33.543134289522754|35.044872497647475|-0.728271484375|0.553466796875|-0.318359375|-1.251220703125|2.655029296875|0.48828125|-1.7629540598290598|39.13758012820512|-40.42494658119658
2026-01-29 04:27:45.328801+00:00|33.53919654297442|37.89451035487161|37.213188707936354|33.53132125522927|35.03297111790852|-0.73291015625|0.54345703125|-0.334228515625|1.190185546875|1.861572265625|0.79345703125|-1.5866586538461538|37.19833066239316|-40.93450473137973
2026-01-29 04:27:45.387637+00:00|33.52344624097168|37.89855201488086|37.213188707936354|33.51557149982358|35.00123791040892|-0.721435546875|0.5625|-0.366455078125|-0.152587890625|1.556396484375|0.48828125|-2.1155448717948717|38.78498931623931|-41.10435744810745
2026-01-29 04:27:45.446707+00:00|33.49982283534456|37.89855201488086|37.22525410007688|33.49194891125819|35.005204259231505|-0.7255859375|0.5703125|-0.3359375|-3.7841796875|3.143310546875|-1.0986328125|-1.5866586538461538|36.49314903846154|-39.915388431013426
2026-01-29 04:27:45.505562+00:00|33.48407525877019|37.88238611012952|37.22123218880631|33.48407525877019|34.989339380783804|-0.73193359375|0.56103515625|-0.309326171875|-3.021240234375|3.173828125|-0.396728515625|-0.35259081196581193|37.37462606837607|-40.08524114774115
2026-01-29 04:27:45.564473+00:00|33.46439231331527|37.878344940135946|37.21721039144313|33.460455927120734|34.97744162540397|-0.727783203125|0.55419921875|-0.328369140625|1.007080078125|1.708984375|0.946044921875|-1.5866586538461538|37.55092147435897|-40.93450473137973
2026-01-29 04:27:45.623387+00:00|33.4447110570909|37.87026296721439|37.22525410007688|33.4447110570909|34.985373376361395|-0.715087890625|0.552734375|-0.365478515625|-0.1220703125|1.556396484375|0.885009765625|-1.5866586538461538|37.55092147435897|-41.953621031746025
2026-01-29 04:27:45.683174+00:00|33.42503148419894|37.846019981198026|37.22123218880631|33.4329031117332|34.97347587877215|-0.72802734375|0.56689453125|-0.340087890625|-2.166748046875|2.410888671875|-0.579833984375|-1.7629540598290598|37.022035256410255|-41.10435744810745
2026-01-29 04:27:45.742572+00:00|33.401418210426186|37.83793996204372|37.20514568228538|33.40535358874365|34.97347587877215|-0.726806640625|0.57275390625|-0.311279296875|-3.875732421875|3.204345703125|-0.91552734375|-1.0577724358974359|37.022035256410255|-40.08524114774115
2026-01-29 04:27:45.802149+00:00|33.401418210426186|37.84197991067043|37.209167138234136|33.389612476172545|34.95761375009084|-0.731201171875|0.550048828125|-0.322021484375|-1.434326171875|2.532958984375|0.213623046875|-0.8814770299145299|37.90351228632478|-40.25509386446887
2026-01-29 04:27:45.861379+00:00|33.381742320114256|37.83793996204372|37.213188707936354|33.36206809427358|34.9417529916355|-0.72021484375|0.55224609375|-0.342041015625|-0.640869140625|1.922607421875|0.48828125|-0.5288862179487179|36.84573985042735|-41.953621031746025
2026-01-29 04:27:45.920133+00:00|33.36206809427358|37.82986043028262|37.209167138234136|33.34632990806182|34.9417529916355|-0.720703125|0.5673828125|-0.354736328125|-0.67138671875|2.227783203125|0.152587890625|-1.9392494658119657|37.55092147435897|-40.25509386446887
2026-01-29 04:27:45.979138+00:00|33.35026435526487|37.81774204558644|37.22123218880631|33.338461212073014|34.96157915368127|-0.726318359375|0.56982421875|-0.321533203125|-2.86865234375|2.777099609375|-0.762939453125|-0.7051816239316239|36.31685363247863|-40.764652014652015
2026-01-29 04:27:46.037933+00:00|33.326658663426315|37.80562475516774|37.21721039144313|33.33059278032647|34.92985832013784|-0.728271484375|0.564697265625|-0.316650390625|-1.3427734375|2.593994140625|-0.3662109375|-0.35259081196581193|36.31685363247863|-40.08524114774115
2026-01-29 04:27:46.096875+00:00|33.30698906677276|37.79754716878904|37.21721039144313|33.30698906677276|34.92192896571885|-0.72802734375|0.556396484375|-0.3251953125|-0.823974609375|2.471923828125|0.335693359375|-1.0577724358974359|37.37462606837607|-40.42494658119658
2026-01-29 04:27:46.155798+00:00|33.287321112215466|37.78543169902463|37.20514568228538|33.29518809736345|34.90210706987227|-0.728271484375|0.556640625|-0.3544921875|0.42724609375|1.89208984375|0.579833984375|-1.5866586538461538|38.96128472222222|-40.5947992979243
2026-01-29 04:27:46.214810+00:00|33.28338771783774|37.773317319768864|37.20514568228538|33.26372172602913|34.89417890659644|-0.715576171875|0.56884765625|-0.34765625|-3.021240234375|2.74658203125|-0.335693359375|-1.7629540598290598|37.37462606837607|-41.44406288156288
2026-01-29 04:27:46.274093+00:00|33.255855785797905|37.773317319768864|37.22123218880631|33.24405736337383|34.88228729803916|-0.731689453125|0.568359375|-0.302490234375|-5.035400390625|3.753662109375|-1.983642578125|-1.5866586538461538|37.55092147435897|-40.5947992979243
2026-01-29 04:27:46.333383+00:00|33.24799010585491|37.75716650800041|37.21721039144313|33.23619207315744|34.854543174289404|-0.733642578125|0.559814453125|-0.30126953125|-2.288818359375|3.509521484375|-0.67138671875|-1.5866586538461538|37.19833066239316|-41.27421016483516
2026-01-29 04:27:46.392037+00:00|33.23619207315744|37.75312910719293|37.22525410007688|33.220462270390556|34.87039645194727|-0.722900390625|0.54541015625|-0.350341796875|2.288818359375|0.946044921875|1.739501953125|-1.5866586538461538|37.55092147435897|-40.5947992979243
2026-01-29 04:27:46.451328+00:00|33.220462270390556|37.741017629057126|37.22123218880631|33.20473350200359|34.87832359802138|-0.716552734375|0.553466796875|-0.369873046875|-0.457763671875|1.800537109375|0.30517578125|-1.5866586538461538|38.256103098290595|-41.27421016483516
2026-01-29 04:27:46.510351+00:00|33.18900576498754|37.73698071093327|37.21721039144313|33.19293760271512|34.86643300579408|-0.728759765625|0.563232421875|-0.326904296875|-2.38037109375|2.655029296875|-0.701904296875|-1.0577724358974359|38.07980769230769|-40.764652014652015
2026-01-29 04:27:46.569828+00:00|33.17327905633408|37.716797927374046|37.213188707936354|33.17721063725298|34.87039645194727|-0.729248046875|0.559326171875|-0.31005859375|-3.265380859375|2.960205078125|-0.42724609375|-1.234067841880342|37.55092147435897|-40.5947992979243
2026-01-29 04:27:46.628965+00:00|33.165416086703374|37.7046897010066|37.20514568228538|33.15755337303557|34.85850636701355|-0.73291015625|0.55224609375|-0.313720703125|-0.701904296875|2.38037109375|0.18310546875|-1.0577724358974359|37.37462606837607|-39.40583028083028
2026-01-29 04:27:46.688296+00:00|33.1457597816418|37.69661815079502|37.20514568228538|33.137897706236686|34.83869124670389|-0.72509765625|0.553955078125|-0.35009765625|1.434326171875|1.617431640625|0.946044921875|-1.7629540598290598|37.37462606837607|-40.08524114774115
2026-01-29 04:27:46.747325+00:00|33.14182871208487|37.69661815079502|37.209167138234136|33.12217431899319|34.8426541022003|-0.7236328125|0.5703125|-0.346435546875|-0.823974609375|2.227783203125|0.0|-1.5866586538461538|39.66646634615385|-41.953621031746025
2026-01-29 04:27:46.806283+00:00|33.12217431899319|37.68854708065669|37.209167138234136|33.11038244520222|34.83076578822056|-0.726318359375|0.5625|-0.3388671875|-4.058837890625|3.021240234375|-1.28173828125|-1.234067841880342|37.90351228632478|-39.915388431013426
2026-01-29 04:27:46.865642+00:00|33.11038244520222|37.67644137467329|37.209167138234136|33.10645194733422|34.83472847539343|-0.731201171875|0.562255859375|-0.301025390625|-3.7841796875|3.96728515625|-1.007080078125|-2.2918402777777778|37.90351228632478|-40.93450473137973
2026-01-29 04:27:46.924732+00:00|33.08680040634846|37.664336746507445|37.20514568228538|33.08680040634846|34.83869124670389|-0.73388671875|0.54150390625|-0.32421875|-0.06103515625|2.227783203125|0.67138671875|-2.1155448717948717|37.72721688034188|-40.764652014652015
2026-01-29 04:27:46.983701+00:00|33.071080308768956|37.65223319475183|37.20514568228538|33.0789402316434|34.82284066609424|-0.72119140625|0.559814453125|-0.3720703125|1.983642578125|1.0986328125|1.3427734375|-0.35259081196581193|37.37462606837607|-40.08524114774115
2026-01-29 04:27:47.042715+00:00|33.06322063734973|37.636096797728555|37.19710311144246|33.051431600878345|34.83076578822056|-0.717041015625|0.571044921875|-0.341552734375|-2.105712890625|2.5634765625|-0.579833984375|-1.4103632478632477|36.669444444444444|-40.08524114774115
2026-01-29 04:27:47.101773+00:00|33.04357255645505|37.62802931484396|37.19710311144246|33.03178445871822|34.795105381877306|-0.723876953125|0.551513671875|-0.317138671875|-3.997802734375|3.021240234375|-0.823974609375|-2.1155448717948717|37.37462606837607|-39.74553571428571
2026-01-29 04:27:47.160815+00:00|33.03178445871822|37.62802931484396|37.209167138234136|33.01606786837618|34.799067313987905|-0.742919921875|0.555908203125|-0.30126953125|-2.13623046875|3.11279296875|-0.1220703125|-1.0577724358974359|37.37462606837607|-41.10435744810745
2026-01-29 04:27:47.219896+00:00|33.01606786837618|37.61592898387977|37.20514568228538|33.01213887642564|34.795105381877306|-0.728271484375|0.547119140625|-0.345703125|-0.30517578125|2.3193359375|0.396728515625|-1.7629540598290598|37.72721688034188|-40.08524114774115
2026-01-29 04:27:47.278794+00:00|33.004281078958456|37.60382972370144|37.20112434003863|32.992494848138904|34.78718176856995|-0.71875|0.55859375|-0.345947265625|-0.335693359375|1.708984375|0.67138671875|-2.2918402777777778|37.19833066239316|-40.25509386446887
2026-01-29 04:27:47.337768+00:00|32.984637670633106|37.59576414443649|37.209167138234136|32.98070917465179|34.81491587993793|-0.727783203125|0.55517578125|-0.34130859375|-2.8076171875|2.716064453125|-0.457763671875|-1.4103632478632477|37.37462606837607|-41.44406288156288
2026-01-29 04:27:47.396804+00:00|32.96106762058599|37.57157025416444|37.209167138234136|32.96892405723162|34.80302932980095|-0.731201171875|0.55322265625|-0.325439453125|0.244140625|2.38037109375|0.42724609375|-2.2918402777777778|38.608693910256406|-41.27421016483516
2026-01-29 04:27:47.456310+00:00|32.95321143014411|37.56350657186175|37.19710311144246|32.95321143014411|34.81095361272759|-0.725830078125|0.552734375|-0.352294921875|-0.091552734375|1.983642578125|-0.335693359375|-2.1155448717948717|38.4323985042735|-40.42494658119658
2026-01-29 04:27:47.515323+00:00|32.94535548553091|37.555443362760116|37.193081996445585|32.941427605293086|34.77529697516883|-0.7060546875|0.55517578125|-0.347900390625|-1.617431640625|2.44140625|-1.434326171875|-3.1733173076923076|36.669444444444444|-39.74553571428571
2026-01-29 04:27:47.574288+00:00|32.93357202872039|37.55141193552981|37.19710311144246|32.917861609876354|34.751529639198566|-0.689453125|0.55517578125|-0.3583984375|-0.54931640625|3.11279296875|-3.936767578125|-0.5288862179487179|37.55092147435897|-40.25509386446887
2026-01-29 04:27:47.633323+00:00|32.91000676685536|37.53931836249825|37.20112434003863|32.917861609876354|34.77529697516883|-0.69921875|0.513671875|-0.37060546875|-1.068115234375|4.119873046875|-9.796142578125|-0.8814770299145299|38.256103098290595|-41.613915598290596
2026-01-29 04:27:47.692295+00:00|32.90607943678128|37.531256570507026|37.20112434003863|32.894297811742945|34.77925848949229|-0.718505859375|0.50244140625|-0.345947265625|1.89208984375|4.119873046875|-15.350341796875|-0.5288862179487179|37.55092147435897|-40.25509386446887
2026-01-29 04:27:47.750994+00:00|32.89822495927194|37.51916476652707|37.193081996445585|32.89037072496865|34.75549065377197|-0.588623046875|0.455078125|-0.293701171875|13.092041015625|2.044677734375|5.340576171875|-0.7051816239316239|38.78498931623931|-41.44406288156288
2026-01-29 04:27:47.809629+00:00|32.87858982870591|37.49095467534221|37.19710311144246|32.88251673349697|34.77529697516883|-0.674560546875|0.61083984375|-0.40185546875|9.979248046875|0.91552734375|0.30517578125|-1.234067841880342|37.90351228632478|-40.93450473137973
2026-01-29 04:27:47.868521+00:00|32.8589562123268|37.48289570636297|37.193081996445585|32.866809477550476|34.76341293247975|-0.716552734375|0.557861328125|-0.39306640625|-0.732421875|1.922607421875|0.9765625|-1.4103632478632477|37.37462606837607|-41.10435744810745
2026-01-29 04:27:47.927210+00:00|32.87073620077945|37.48692513219538|37.193081996445585|32.85110318843715|34.74756870774786|-0.745361328125|0.515869140625|-0.345458984375|-1.922607421875|2.38037109375|0.335693359375|-1.7629540598290598|38.07980769230769|-41.10435744810745
2026-01-29 04:27:47.986081+00:00|32.85110318843715|37.47483720643385|37.18906099499651|32.85110318843715|34.74360785937154|-0.75146484375|0.528564453125|-0.343505859375|-1.46484375|2.685546875|-0.30517578125|-0.5288862179487179|38.96128472222222|-41.27421016483516
2026-01-29 04:27:48.044787+00:00|32.83932410428474|37.462750335102555|37.19710311144246|32.84325040550698|34.76341293247975|-0.73779296875|0.535400390625|-0.338134765625|-1.28173828125|2.13623046875|-0.213623046875|-0.8814770299145299|38.256103098290595|-41.953621031746025
2026-01-29 04:27:48.103441+00:00|32.83932410428474|37.454693005985575|37.18906099499651|32.83147168209223|34.74360785937154|-0.7353515625|0.54736328125|-0.33203125|-0.42724609375|2.0751953125|0.152587890625|-0.7051816239316239|37.72721688034188|-42.12347374847374
2026-01-29 04:27:48.162126+00:00|32.823619499923495|37.44260788893041|37.19710311144246|32.83147168209223|34.727765295644076|-0.730712890625|0.542236328125|-0.334716796875|-1.007080078125|2.349853515625|0.518798828125|-0.5288862179487179|39.66646634615385|-41.27421016483516
2026-01-29 04:27:48.220953+00:00|32.81969349873117|37.43052382257713|37.18101933253644|32.80006438981911|34.73964709402128|-0.732421875|0.53662109375|-0.345703125|-1.556396484375|2.44140625|0.42724609375|-2.468135683760684|38.78498931623931|-41.783768315018314
2026-01-29 04:27:48.279700+00:00|32.81576755740457|37.42649603370717|37.18101933253644|32.80006438981911|34.72380486191531|-0.7470703125|0.535400390625|-0.331787109375|-1.922607421875|2.960205078125|-0.274658203125|-0.8814770299145299|38.96128472222222|-41.27421016483516
2026-01-29 04:27:48.338474+00:00|32.8039900921508|37.42649603370717|37.193081996445585|32.80791585416114|34.71588424276371|-0.741943359375|0.532470703125|-0.329345703125|-1.28173828125|2.593994140625|-0.244140625|-1.7629540598290598|38.4323985042735|-41.44406288156288
2026-01-29 04:27:48.397457+00:00|32.80006438981911|37.41844080552846|37.18906099499651|32.80006438981911|34.711924057244346|-0.73779296875|0.535888671875|-0.34326171875|-0.885009765625|2.25830078125|-0.274658203125|-0.35259081196581193|39.84276175213675|-42.12347374847374
2026-01-29 04:27:48.456981+00:00|32.80006438981911|37.410386043086646|37.1850401070439|32.788287640427825|34.70796395436486|-0.739013671875|0.538818359375|-0.33837890625|-1.0986328125|2.13623046875|-0.457763671875|-0.17629540598290597|38.256103098290595|-41.953621031746025
2026-01-29 04:27:48.515809+00:00|32.780436771702796|37.39025117186634|37.18101933253644|32.78436217634294|34.71588424276371|-0.735107421875|0.53271484375|-0.340576171875|-1.068115234375|2.197265625|0.0|-2.1155448717948717|38.07980769230769|-41.10435744810745
2026-01-29 04:27:48.574686+00:00|32.76081063853803|37.38219803624645|37.164937367931145|32.77651142646067|34.69608414108376|-0.73291015625|0.53076171875|-0.33154296875|-1.861572265625|2.471923828125|-0.091552734375|-1.234067841880342|38.96128472222222|-41.613915598290596
2026-01-29 04:27:48.633317+00:00|32.780436771702796|37.37414536450245|37.1729781236516|32.768660913983695|34.69608414108376|-0.738037109375|0.5341796875|-0.33984375|-1.40380859375|2.50244140625|0.18310546875|-0.35259081196581193|38.07980769230769|-40.42494658119658
2026-01-29 04:27:48.692467+00:00|32.768660913983695|37.38622454604604|37.18101933253644|32.76473574665533|34.70400393407715|-0.746337890625|0.535888671875|-0.3359375|-1.77001953125|2.716064453125|-0.244140625|-1.7629540598290598|37.72721688034188|-41.44406288156288
2026-01-29 04:27:48.751341+00:00|32.7725861405699|37.37011920245493|37.18101933253644|32.76473574665533|34.69608414108376|-0.739990234375|0.54150390625|-0.345458984375|-1.15966796875|2.532958984375|0.396728515625|0.5288862179487179|39.313875534188035|-40.93450473137973
2026-01-29 04:27:48.810139+00:00|32.76081063853803|37.35804141098987|37.17699867142284|32.752960599749656|34.70400393407715|-0.734130859375|0.5361328125|-0.341552734375|-1.03759765625|2.3193359375|0.1220703125|-2.2918402777777778|36.49314903846154|-42.29332646520146
2026-01-29 04:27:48.868954+00:00|32.74118598448206|37.35401571188879|37.18101933253644|32.75688558958507|34.70004399633285|-0.736083984375|0.5341796875|-0.33837890625|-1.28173828125|2.3193359375|0.152587890625|-1.7629540598290598|39.13758012820512|-41.783768315018314
2026-01-29 04:27:48.927779+00:00|32.74118598448206|37.33791407104309|37.1729781236516|32.74511079724499|34.67628610057824|-0.73828125|0.539794921875|-0.337890625|-1.556396484375|2.288818359375|0.1220703125|-2.8207264957264955|37.37462606837607|-41.10435744810745
2026-01-29 04:27:48.986560+00:00|32.74118598448206|37.321814276615385|37.160917159879205|32.74118598448206|34.68816467787826|-0.736328125|0.529052734375|-0.34912109375|-0.732421875|1.861572265625|0.518798828125|-1.5866586538461538|40.01905715811966|-41.953621031746025
2026-01-29 04:27:49.046177+00:00|32.73726123064989|37.32986394323336|37.16895768917152|32.729411899590616|34.68024554407481|-0.740234375|0.539794921875|-0.333740234375|-2.471923828125|2.8076171875|-0.42724609375|-2.64443108974359|37.19833066239316|-40.93450473137973
2026-01-29 04:27:49.105541+00:00|32.733336535701596|37.321814276615385|37.17699867142284|32.72156280369347|34.68816467787826|-0.754150390625|0.52783203125|-0.30810546875|-3.143310546875|3.265380859375|-0.457763671875|-0.8814770299145299|37.55092147435897|-41.613915598290596
2026-01-29 04:27:49.165096+00:00|32.71371394258466|37.31376507077664|37.16895768917152|32.717638343813974|34.66836746015451|-0.743896484375|0.52880859375|-0.32421875|-1.77001953125|2.349853515625|-0.335693359375|-1.234067841880342|36.84573985042735|-40.93450473137973
2026-01-29 04:27:49.223867+00:00|32.717638343813974|37.3057163253045|37.16895768917152|32.72548732227017|34.67628610057824|-0.74267578125|0.53369140625|-0.337646484375|0.335693359375|2.410888671875|0.335693359375|-1.5866586538461538|38.96128472222222|-42.29332646520146
2026-01-29 04:27:49.282643+00:00|32.70586531589055|37.29766803978663|37.1729781236516|32.70586531589055|34.67628610057824|-0.741455078125|0.533935546875|-0.35791015625|0.9765625|1.495361328125|0.91552734375|-2.64443108974359|38.256103098290595|-39.57568299755799
2026-01-29 04:27:49.342006+00:00|32.690168764251666|37.28157284696499|37.164937367931145|32.70586531589055|34.66044914816848|-0.736572265625|0.535888671875|-0.356689453125|-1.129150390625|1.8310546875|0.3662109375|-0.35259081196581193|37.37462606837607|-42.463179181929185
2026-01-29 04:27:49.400830+00:00|32.690168764251666|37.27754933558691|37.156897064964426|32.69801692323745|34.67628610057824|-0.739990234375|0.5498046875|-0.33544921875|-2.3193359375|2.777099609375|-0.274658203125|-1.0577724358974359|38.07980769230769|-40.42494658119658
2026-01-29 04:27:49.459520+00:00|32.69801692323745|37.27754933558691|37.14885721434092|32.67839696308221|34.6366961789804|-0.742431640625|0.537353515625|-0.325927734375|-2.5634765625|2.838134765625|-0.42724609375|-1.9392494658119657|37.90351228632478|-40.93450473137973
2026-01-29 04:27:49.518486+00:00|32.68232083855975|37.26950265666318|37.164937367931145|32.68232083855975|34.6366961789804|-0.7421875|0.53369140625|-0.3193359375|-1.03759765625|2.655029296875|-0.213623046875|-1.5866586538461538|38.96128472222222|-42.6330318986569
2026-01-29 04:27:49.577370+00:00|32.68232083855975|37.26145643583925|37.156897064964426|32.67839696308221|34.64461350796705|-0.73779296875|0.530517578125|-0.341064453125|0.42724609375|1.922607421875|0.762939453125|-0.7051816239316239|38.07980769230769|-40.42494658119658
2026-01-29 04:27:49.636796+00:00|32.670549386630455|37.2453653668436|37.160917159879205|32.67839696308221|34.66440826313095|-0.732421875|0.546630859375|-0.362548828125|1.28173828125|1.068115234375|1.3427734375|-0.35259081196581193|38.4323985042735|-41.10435744810745
2026-01-29 04:27:49.695808+00:00|32.670549386630455|37.24938796263962|37.160917159879205|32.66270204253868|34.65253116423446|-0.729736328125|0.5400390625|-0.363037109375|-1.251220703125|1.64794921875|0.42724609375|-0.7051816239316239|38.07980769230769|-42.463179181929185
2026-01-29 04:27:49.754884+00:00|32.65485493043337|37.22123218880631|37.160917159879205|32.65877845751106|34.66836746015451|-0.73193359375|0.545654296875|-0.343994140625|-4.45556640625|3.265380859375|-0.823974609375|-0.17629540598290597|37.90351228632478|-40.93450473137973
2026-01-29 04:27:49.813669+00:00|32.64700804994101|37.209167138234136|37.14885721434092|32.64700804994101|34.61294615185233|-0.74169921875|0.527587890625|-0.324951171875|-3.448486328125|2.62451171875|-0.152587890625|-0.7051816239316239|37.022035256410255|-41.44406288156288
2026-01-29 04:27:49.872564+00:00|32.64308469643311|37.213188707936354|37.144837458529594|32.64700804994101|34.620862501308466|-0.745849609375|0.52685546875|-0.317138671875|-1.251220703125|2.38037109375|0.335693359375|-2.468135683760684|38.07980769230769|-40.42494658119658
2026-01-29 04:27:49.931270+00:00|32.64308469643311|37.20514568228538|37.15287708313542|32.63523816266019|34.63273763709702|-0.73828125|0.546875|-0.347900390625|1.03759765625|2.044677734375|0.701904296875|0.0|39.13758012820512|-41.10435744810745
2026-01-29 04:27:49.990188+00:00|32.63523816266019|37.19710311144246|37.15287708313542|32.631314982301944|34.628779176889395|-0.72900390625|0.53271484375|-0.362060546875|0.885009765625|1.5869140625|0.762939453125|-1.0577724358974359|37.72721688034188|-40.42494658119658
2026-01-29 04:27:50.049104+00:00|32.63523816266019|37.193081996445585|37.14885721434092|32.631314982301944|34.63273763709702|-0.739990234375|0.535888671875|-0.35302734375|-1.556396484375|2.197265625|0.518798828125|-2.2918402777777778|38.96128472222222|-41.27421016483516
2026-01-29 04:27:50.108055+00:00|32.61562283663454|37.1729781236516|37.14885721434092|32.61954578677995|34.63273763709702|-0.73974609375|0.545654296875|-0.341796875|-4.119873046875|2.86865234375|-0.30517578125|0.35259081196581193|38.4323985042735|-40.42494658119658
2026-01-29 04:27:50.166903+00:00|32.60385433063158|37.160917159879205|37.14081781565022|32.61954578677995|34.61690428583887|-0.742919921875|0.5478515625|-0.319091796875|-3.509521484375|2.99072265625|-0.3662109375|-1.0577724358974359|39.49017094017094|-40.08524114774115
2026-01-29 04:27:50.226276+00:00|32.61954578677995|37.164937367931145|37.14081781565022|32.599931609952705|34.62482079830926|-0.741455078125|0.535888671875|-0.3115234375|-1.64794921875|2.99072265625|0.396728515625|-1.234067841880342|37.55092147435897|-40.25509386446887
2026-01-29 04:27:50.285314+00:00|32.60385433063158|37.15287708313542|37.144837458529594|32.59208634029818|34.61690428583887|-0.7353515625|0.5244140625|-0.3408203125|0.885009765625|1.434326171875|1.52587890625|-0.17629540598290597|37.90351228632478|-40.25509386446887
2026-01-29 04:27:50.344139+00:00|32.59600894652374|37.13679828565142|37.14081781565022|32.59600894652374|34.60898809930063|-0.730224609375|0.5400390625|-0.363525390625|1.312255859375|1.46484375|0.67138671875|-0.8814770299145299|38.608693910256406|-40.93450473137973
2026-01-29 04:27:50.403046+00:00|32.58816379122925|37.128759564090444|37.14081781565022|32.59208634029818|34.63273763709702|-0.7294921875|0.54833984375|-0.35986328125|-0.885009765625|2.166748046875|0.396728515625|-0.5288862179487179|38.608693910256406|-40.5947992979243
2026-01-29 04:27:50.461078+00:00|32.576396486496265|37.116702327071664|37.14081781565022|32.58816379122925|34.61294615185233|-0.738037109375|0.5498046875|-0.329345703125|-4.33349609375|3.0517578125|-0.457763671875|-2.1155448717948717|37.37462606837607|-41.10435744810745
2026-01-29 04:27:50.520099+00:00|32.56855190160269|37.100627586829376|37.14081781565022|32.58031886437499|34.61690428583887|-0.745361328125|0.540283203125|-0.3056640625|-3.41796875|3.5400390625|-0.42724609375|-1.7629540598290598|36.31685363247863|-41.44406288156288
2026-01-29 04:27:50.579046+00:00|32.56855190160269|37.08857271169131|37.128759564090444|32.564629694494556|34.60503012813575|-0.741455078125|0.52978515625|-0.318603515625|-0.640869140625|2.288818359375|0.30517578125|-0.5288862179487179|37.90351228632478|-40.5947992979243
2026-01-29 04:27:50.637970+00:00|32.564629694494556|37.08857271169131|37.13679828565142|32.560707544216655|34.60107223830937|-0.737548828125|0.5263671875|-0.3447265625|0.244140625|1.800537109375|0.79345703125|-1.9392494658119657|37.55092147435897|-41.27421016483516
2026-01-29 04:27:50.697186+00:00|32.560707544216655|37.076518846482884|37.14081781565022|32.564629694494556|34.61294615185233|-0.7333984375|0.542236328125|-0.3505859375|1.251220703125|1.8310546875|0.946044921875|-1.4103632478632477|39.13758012820512|-39.74553571428571
2026-01-29 04:27:50.756540+00:00|32.560707544216655|37.07250111560313|37.132778868481864|32.55286341396493|34.60503012813575|-0.72412109375|0.546630859375|-0.369140625|-0.8544921875|2.044677734375|0.3662109375|-2.8207264957264955|38.78498931623931|-41.10435744810745
2026-01-29 04:27:50.815573+00:00|32.53717583337283|37.060448594817046|37.13679828565142|32.54501951047462|34.58919905638032|-0.734619140625|0.539306640625|-0.3515625|-2.410888671875|2.197265625|0.18310546875|-0.8814770299145299|38.96128472222222|-41.613915598290596
2026-01-29 04:27:50.874573+00:00|32.52148915684279|37.04438013284857|37.13679828565142|32.54109764364847|34.60503012813575|-0.73388671875|0.549560546875|-0.34814453125|-2.593994140625|2.8076171875|0.06103515625|-2.468135683760684|37.022035256410255|-40.08524114774115
2026-01-29 04:27:50.933588+00:00|32.517567628620384|37.02831345730357|37.12474037242572|32.53717583337283|34.60107223830937|-0.739990234375|0.542724609375|-0.316162109375|-2.716064453125|3.173828125|-0.1220703125|-1.0577724358974359|38.4323985042735|-40.08524114774115
2026-01-29 04:27:50.992045+00:00|32.52541074138264|37.01626462101672|37.12072129343659|32.517567628620384|34.60898809930063|-0.740478515625|0.521728515625|-0.33984375|0.79345703125|1.77001953125|1.190185546875|-1.5866586538461538|38.608693910256406|-40.5947992979243
2026-01-29 04:27:51.050740+00:00|32.517567628620384|37.01224856490978|37.128759564090444|32.513646156668756|34.58919905638032|-0.73193359375|0.54638671875|-0.36376953125|1.40380859375|1.5869140625|0.54931640625|-0.7051816239316239|37.022035256410255|-41.10435744810745
2026-01-29 04:27:51.110000+00:00|32.513646156668756|37.00421678637247|37.128759564090444|32.50972474094152|34.60107223830937|-0.7255859375|0.555908203125|-0.366943359375|-0.244140625|1.8310546875|0.54931640625|-1.7629540598290598|37.37462606837607|-40.764652014652015
2026-01-29 04:27:51.168430+00:00|32.501882077973164|36.996185452396446|37.128759564090444|32.505803381391786|34.60503012813575|-0.7314453125|0.541748046875|-0.35888671875|-1.64794921875|2.0751953125|-0.1220703125|-1.4103632478632477|38.4323985042735|-41.783768315018314
2026-01-29 04:27:51.226696+00:00|32.49403963934242|36.98012411649427|37.132778868481864|32.49403963934242|34.60503012813575|-0.740234375|0.561279296875|-0.310546875|-3.326416015625|3.173828125|-0.762939453125|-2.2918402777777778|38.96128472222222|-40.5947992979243
2026-01-29 04:27:51.285372+00:00|32.474434521797264|36.960049939998214|37.11268347327973|32.49011850403724|34.59315670247986|-0.734375|0.54248046875|-0.333984375|-1.03759765625|2.532958984375|-0.152587890625|-2.1155448717948717|37.72721688034188|-40.764652014652015
2026-01-29 04:27:51.344497+00:00|32.49011850403724|36.960049939998214|37.11268347327973|32.478355433603326|34.581284007571355|-0.74072265625|0.544189453125|-0.3330078125|-0.8544921875|2.532958984375|0.18310546875|-2.1155448717948717|38.78498931623931|-40.42494658119658
2026-01-29 04:27:51.403545+00:00|32.478355433603326|36.95202104380871|37.12072129343659|32.470513665749536|34.585241491426984|-0.73388671875|0.53076171875|-0.3525390625|0.030517578125|1.89208984375|0.3662109375|-1.9392494658119657|37.55092147435897|-41.27421016483516
2026-01-29 04:27:51.462042+00:00|32.474434521797264|36.93596457674306|37.116702327071664|32.470513665749536|34.60107223830937|-0.73486328125|0.5615234375|-0.3388671875|-0.732421875|2.25830078125|0.213623046875|-1.9392494658119657|37.90351228632478|-41.953621031746025
2026-01-29 04:27:51.521195+00:00|32.466592865413475|36.923923384486955|37.12072129343659|32.466592865413475|34.60898809930063|-0.72998046875|0.549560546875|-0.33447265625|-2.838134765625|2.471923828125|-0.030517578125|-1.234067841880342|36.49314903846154|-40.25509386446887
2026-01-29 04:27:51.580206+00:00|32.43914881907699|36.91188318331007|37.12072129343659|32.45483079820991|34.58919905638032|-0.740478515625|0.531494140625|-0.318603515625|-3.2958984375|2.8076171875|-0.6103515625|-1.5866586538461538|37.90351228632478|-41.27421016483516
2026-01-29 04:27:51.639101+00:00|32.43914881907699|36.89181838001048|37.108664732009515|32.45091022025497|34.597114429773455|-0.749267578125|0.541015625|-0.314453125|-2.3193359375|2.86865234375|-0.579833984375|-1.9392494658119657|38.96128472222222|-40.93450473137973
2026-01-29 04:27:51.698122+00:00|32.44698969777892|36.88379322703389|37.1046461032098|32.435228462758005|34.573369282961494|-0.7333984375|0.5400390625|-0.333740234375|-0.030517578125|2.5634765625|0.06103515625|-1.4103632478632477|38.78498931623931|-40.42494658119658
2026-01-29 04:27:51.757356+00:00|32.43914881907699|36.88379322703389|37.1046461032098|32.42738791595133|34.58919905638032|-0.7373046875|0.543212890625|-0.34716796875|0.48828125|2.13623046875|0.244140625|-0.8814770299145299|37.55092147435897|-39.915388431013426
2026-01-29 04:27:51.816264+00:00|32.42346772537053|36.86774423600042|37.11268347327973|32.42738791595133|34.59315670247986|-0.7333984375|0.546875|-0.3603515625|0.6103515625|1.77001953125|0.42724609375|-1.4103632478632477|37.72721688034188|-39.74553571428571
2026-01-29 04:27:51.875225+00:00|32.42346772537053|36.859720397129365|37.11268347327973|32.42346772537053|34.59315670247986|-0.73046875|0.54443359375|-0.361572265625|-1.953125|2.50244140625|-0.518798828125|-1.234067841880342|37.90351228632478|-40.93450473137973
2026-01-29 04:27:51.934262+00:00|32.41562750962089|36.85570864167704|37.1046461032098|32.41170748435911|34.585241491426984|-0.734375|0.542236328125|-0.339599609375|-3.265380859375|2.74658203125|-0.1220703125|-2.1155448717948717|37.022035256410255|-42.12347374847374
2026-01-29 04:27:51.993236+00:00|32.399947738466835|36.8436740306434|37.108664732009515|32.40386759882864|34.585241491426984|-0.741455078125|0.534423828125|-0.31298828125|-3.265380859375|3.143310546875|-0.335693359375|-1.0577724358974359|39.13758012820512|-41.10435744810745
2026-01-29 04:27:52.052164+00:00|32.3921081823176|36.823618526946234|37.09660918281696|32.40386759882864|34.581284007571355|-0.7421875|0.54443359375|-0.324951171875|-1.739501953125|2.593994140625|-0.1220703125|-2.64443108974359|37.90351228632478|-42.6330318986569
2026-01-29 04:27:52.111126+00:00|32.3921081823176|36.81158653130677|37.09660918281696|32.3803492588313|34.55358388728149|-0.737060546875|0.545654296875|-0.322509765625|0.0|2.593994140625|0.579833984375|-0.35259081196581193|37.72721688034188|-39.74553571428571
2026-01-29 04:27:52.170086+00:00|32.38426884529048|36.807576083551794|37.09259089112135|32.37251024978917|34.581284007571355|-0.734130859375|0.553466796875|-0.34375|0.579833984375|2.288818359375|0.335693359375|-1.0577724358974359|37.72721688034188|-40.08524114774115
2026-01-29 04:27:52.229039+00:00|32.37251024978917|36.79554539195084|37.100627586829376|32.37251024978917|34.57732660476563|-0.732421875|0.5517578125|-0.35693359375|0.091552734375|1.556396484375|0.6103515625|-0.7051816239316239|37.022035256410255|-42.12347374847374
2026-01-29 04:27:52.288058+00:00|32.3646714589384|36.787525473428616|37.09660918281696|32.360752145218385|34.60107223830937|-0.73486328125|0.54833984375|-0.35009765625|-1.89208984375|2.44140625|-0.335693359375|-1.4103632478632477|38.4323985042735|-40.08524114774115
2026-01-29 04:27:52.347301+00:00|32.35683288590667|36.78351567677879|37.09660918281696|32.35683288590667|34.57732660476563|-0.73095703125|0.546630859375|-0.331787109375|-3.7841796875|2.685546875|-0.274658203125|-1.7629540598290598|37.72721688034188|-40.42494658119658
2026-01-29 04:27:52.406202+00:00|32.34115639181181|36.76346831761191|37.09259089112135|32.348994530321875|34.585241491426984|-0.747314453125|0.5380859375|-0.309814453125|-3.448486328125|3.082275390625|-0.457763671875|-1.9392494658119657|38.96128472222222|-41.27421016483516
2026-01-29 04:27:52.465384+00:00|32.33723740384346|36.75545013090294|37.0845546444757|32.34507543395574|34.581284007571355|-0.73828125|0.54638671875|-0.317626953125|-2.655029296875|3.23486328125|-0.79345703125|0.5288862179487179|38.608693910256406|-40.5947992979243
2026-01-29 04:27:52.524468+00:00|32.33331847000426|36.74743237613268|37.0845546444757|32.325480764527185|34.585241491426984|-0.73974609375|0.54296875|-0.33154296875|-0.3662109375|2.716064453125|0.06103515625|-0.8814770299145299|38.256103098290595|-41.953621031746025
2026-01-29 04:27:52.583429+00:00|32.325480764527185|36.75144119955087|37.09259089112135|32.31764327500861|34.55754080479909|-0.740234375|0.540283203125|-0.323486328125|0.579833984375|2.227783203125|0.396728515625|-0.7051816239316239|38.78498931623931|-41.10435744810745
2026-01-29 04:27:52.642312+00:00|32.31372461111732|36.735406552974666|37.09660918281696|32.31764327500861|34.573369282961494|-0.735107421875|0.53271484375|-0.36083984375|0.823974609375|1.495361328125|0.701904296875|-1.5866586538461538|36.49314903846154|-41.27421016483516
2026-01-29 04:27:52.701385+00:00|32.305887444838675|36.72738987627616|37.08857271169131|32.31372461111732|34.57732660476563|-0.725341796875|0.550048828125|-0.35693359375|-0.42724609375|2.166748046875|0.274658203125|-0.8814770299145299|38.256103098290595|-40.93450473137973
2026-01-29 04:27:52.760236+00:00|32.305887444838675|36.71536566832498|37.0845546444757|32.3019689423582|34.585241491426984|-0.730712890625|0.544677734375|-0.356201171875|-0.9765625|2.044677734375|-0.091552734375|-0.35259081196581193|37.37462606837607|-39.74553571428571
2026-01-29 04:27:52.819061+00:00|32.28629546907706|36.69933489550914|37.0845546444757|32.290213756994206|34.56545488216574|-0.728759765625|0.54638671875|-0.340087890625|-3.692626953125|2.838134765625|-0.48828125|-0.35259081196581193|38.07980769230769|-41.44406288156288
2026-01-29 04:27:52.877857+00:00|32.278459053770064|36.6913201529548|37.076518846482884|32.28237723468453|34.55754080479909|-0.73974609375|0.538330078125|-0.309814453125|-3.72314453125|3.265380859375|-0.213623046875|-0.8814770299145299|37.55092147435897|-41.27421016483516
2026-01-29 04:27:52.936639+00:00|32.278459053770064|36.6913201529548|37.07250111560313|32.262786863963754|34.537757023860024|-0.738037109375|0.525390625|-0.326904296875|-1.495361328125|2.25830078125|0.274658203125|-1.7629540598290598|38.4323985042735|-42.12347374847374
2026-01-29 04:27:52.995335+00:00|32.26670483143056|36.68330583909602|37.07250111560313|32.26670483143056|34.541713618814185|-0.7373046875|0.530517578125|-0.34521484375|1.312255859375|1.495361328125|0.946044921875|-1.9392494658119657|36.84573985042735|-41.27421016483516
2026-01-29 04:27:53.054139+00:00|32.262786863963754|36.67929884280096|37.076518846482884|32.262786863963754|34.573369282961494|-0.734130859375|0.530029296875|-0.35400390625|0.762939453125|1.800537109375|0.9765625|-0.8814770299145299|37.19833066239316|-39.915388431013426
2026-01-29 04:27:53.112888+00:00|32.25495108872059|36.67128517122649|37.076518846482884|32.243197824385334|34.55358388728149|-0.71826171875|0.547119140625|-0.364501953125|0.091552734375|1.617431640625|0.79345703125|-2.1155448717948717|38.78498931623931|-41.783768315018314
2026-01-29 04:27:53.171703+00:00|32.23536257997256|36.65525911072274|37.06848349673311|32.247115526088464|34.549627050476886|-0.736572265625|0.542236328125|-0.34375|-1.52587890625|1.8310546875|-0.030517578125|-0.7051816239316239|38.07980769230769|-40.42494658119658
2026-01-29 04:27:53.230457+00:00|32.23928017569557|36.64324068606629|37.060448594817046|32.227527547241266|34.53380050942644|-0.7314453125|0.548095703125|-0.35546875|-2.25830078125|2.166748046875|-0.18310546875|-2.1155448717948717|37.72721688034188|-41.10435744810745
2026-01-29 04:27:53.289188+00:00|32.227527547241266|36.647246720984185|37.06446598982143|32.219692725819925|34.53380050942644|-0.734130859375|0.56591796875|-0.326904296875|-3.631591796875|3.35693359375|-0.701904296875|-1.4103632478632477|38.78498931623931|-39.40583028083028
2026-01-29 04:27:53.348042+00:00|32.219692725819925|36.635228935880264|37.06848349673311|32.22361011014016|34.53380050942644|-0.74365234375|0.529541015625|-0.323974609375|-2.532958984375|2.838134765625|-0.30517578125|-1.7629540598290598|37.022035256410255|-40.08524114774115
2026-01-29 04:27:53.406716+00:00|32.219692725819925|36.63122322051106|37.06848349673311|32.219692725819925|34.525887721928825|-0.7421875|0.53564453125|-0.327392578125|-0.946044921875|2.655029296875|0.335693359375|-0.8814770299145299|39.66646634615385|-40.93450473137973
2026-01-29 04:27:53.465612+00:00|32.21185811533667|36.62321210896761|37.07250111560313|32.2157753942343|34.51797525593685|-0.735107421875|0.535400390625|-0.3525390625|0.06103515625|1.861572265625|0.823974609375|-0.8814770299145299|37.90351228632478|-41.27421016483516
2026-01-29 04:27:53.524566+00:00|32.20402371541991|36.60719116124545|37.06848349673311|32.20402371541991|34.529844075465405|-0.740966796875|0.5390625|-0.33447265625|0.732421875|1.953125|0.30517578125|-1.7629540598290598|37.37462606837607|-40.764652014652015
2026-01-29 04:27:53.583278+00:00|32.19227250954384|36.599181324258495|37.05643131166869|32.1883555457992|34.525887721928825|-0.72265625|0.55029296875|-0.35986328125|0.091552734375|1.373291015625|0.54931640625|-1.7629540598290598|38.78498931623931|-41.44406288156288
2026-01-29 04:27:53.642049+00:00|32.19618952569789|36.603186189721214|37.05643131166869|32.1883555457992|34.49819549502047|-0.725830078125|0.548583984375|-0.35546875|-1.40380859375|1.922607421875|0.06103515625|-1.7629540598290598|37.72721688034188|-40.42494658119658
2026-01-29 04:27:53.700779+00:00|32.18443863441746|36.59517656480676|37.060448594817046|32.18443863441746|34.50610715893072|-0.7294921875|0.55224609375|-0.345458984375|-2.105712890625|2.410888671875|-0.152587890625|-0.5288862179487179|38.608693910256406|-40.93450473137973
2026-01-29 04:27:53.759697+00:00|32.18052177535213|36.58316292201272|37.060448594817046|32.17268821398528|34.50610715893072|-0.743896484375|0.539306640625|-0.32861328125|-2.685546875|2.62451171875|-0.152587890625|-1.0577724358974359|38.4323985042735|-39.74553571428571
2026-01-29 04:27:53.818550+00:00|32.16877151159076|36.58316292201272|37.05643131166869|32.16877151159076|34.529844075465405|-0.7392578125|0.549560546875|-0.3232421875|-2.50244140625|3.11279296875|-0.396728515625|-1.0577724358974359|38.4323985042735|-41.783768315018314
2026-01-29 04:27:53.877510+00:00|32.16093826314744|36.56314229953108|37.060448594817046|32.16877151159076|34.51797525593685|-0.743896484375|0.536376953125|-0.319580078125|-0.946044921875|2.86865234375|0.335693359375|-0.7051816239316239|38.07980769230769|-40.08524114774115
2026-01-29 04:27:53.936397+00:00|32.15702171700576|36.55913849190682|37.04839708073558|32.15702171700576|34.50610715893072|-0.741455078125|0.542724609375|-0.330810546875|-0.1220703125|2.3193359375|0.152587890625|-1.5866586538461538|38.96128472222222|-40.5947992979243
2026-01-29 04:27:53.995252+00:00|32.153105222855515|36.55113119312682|37.036346571977674|32.145272390343564|34.49423978314945|-0.73974609375|0.543212890625|-0.330810546875|0.48828125|2.288818359375|0.335693359375|0.0|37.37462606837607|-41.44406288156288
2026-01-29 04:27:54.054570+00:00|32.145272390343564|36.55513478978895|37.04839708073558|32.13743976524006|34.49423978314945|-0.73486328125|0.53759765625|-0.350830078125|0.457763671875|2.0751953125|0.579833984375|-1.7629540598290598|38.07980769230769|-40.08524114774115
2026-01-29 04:27:54.114012+00:00|32.13743976524006|36.547127701870295|37.04438013284857|32.14135605188898|34.49819549502047|-0.725830078125|0.55078125|-0.351318359375|0.0|1.861572265625|0.1220703125|-1.0577724358974359|38.07980769230769|-41.44406288156288
2026-01-29 04:27:54.173405+00:00|32.13352353035049|36.53511786002912|37.04036329661295|32.1296073471737|34.49819549502047|-0.732177734375|0.5439453125|-0.349609375|-0.518798828125|2.13623046875|0.213623046875|-1.9392494658119657|37.19833066239316|-40.93450473137973
2026-01-29 04:27:54.232398+00:00|32.12177513577319|36.527111824904466|37.04839708073558|32.12177513577319|34.48237312729566|-0.73095703125|0.546630859375|-0.35205078125|-2.105712890625|2.349853515625|0.030517578125|-1.5866586538461538|38.608693910256406|-40.93450473137973
2026-01-29 04:27:54.291352+00:00|32.10611133148387|36.52310896502195|37.04438013284857|32.11002720535822|34.49423978314945|-0.735595703125|0.551025390625|-0.328369140625|-3.11279296875|2.593994140625|-0.640869140625|-1.234067841880342|37.55092147435897|-39.915388431013426
2026-01-29 04:27:54.350723+00:00|32.09827973785269|36.499094010067154|37.036346571977674|32.11394313066694|34.502151286931564|-0.739501953125|0.552734375|-0.317626953125|-3.265380859375|2.838134765625|-0.335693359375|-1.0577724358974359|37.72721688034188|-40.42494658119658
2026-01-29 04:27:54.409450+00:00|32.102195508997454|36.499094010067154|37.02831345730357|32.090448349401925|34.486328599335025|-0.74072265625|0.53173828125|-0.325439453125|-2.899169921875|3.143310546875|-0.48828125|-0.8814770299145299|38.608693910256406|-40.93450473137973
2026-01-29 04:27:54.468464+00:00|32.09827973785269|36.499094010067154|37.02831345730357|32.07870165062752|34.478417735104074|-0.73876953125|0.534423828125|-0.32421875|-1.800537109375|2.685546875|0.06103515625|-1.0577724358974359|37.72721688034188|-40.764652014652015
2026-01-29 04:27:54.527433+00:00|32.08653273200338|36.495091884494684|37.036346571977674|32.08261716576067|34.4705071900724|-0.740966796875|0.538818359375|-0.33935546875|0.6103515625|1.861572265625|0.42724609375|-1.4103632478632477|38.07980769230769|-41.44406288156288
2026-01-29 04:27:54.586505+00:00|32.0747861865575|36.483086135775864|37.03232995889164|32.0747861865575|34.46655203713624|-0.73681640625|0.531982421875|-0.34619140625|-0.18310546875|1.983642578125|0.6103515625|-1.9392494658119657|39.66646634615385|-41.613915598290596
2026-01-29 04:27:54.645364+00:00|32.07087077350428|36.47508282612529|37.036346571977674|32.0747861865575|34.49028415127026|-0.723876953125|0.551025390625|-0.37109375|0.48828125|1.77001953125|0.274658203125|-1.234067841880342|37.55092147435897|-40.93450473137973
2026-01-29 04:27:54.704211+00:00|32.05912483998077|36.47508282612529|37.02831345730357|32.05912483998077|34.48237312729566|-0.73193359375|0.545654296875|-0.355712890625|-0.274658203125|1.89208984375|0.091552734375|-1.0577724358974359|36.669444444444444|-40.764652014652015
2026-01-29 04:27:54.763201+00:00|32.047379363938035|36.45907745980111|37.02429706716242|32.06304010026224|34.478417735104074|-0.72998046875|0.549560546875|-0.35302734375|-2.227783203125|2.197265625|-0.152587890625|-0.7051816239316239|38.4323985042735|-41.783768315018314
2026-01-29 04:27:54.822636+00:00|32.047379363938035|36.4510754023226|37.02028078841721|32.02780458375531|34.46655203713624|-0.728271484375|0.551513671875|-0.347900390625|-3.11279296875|2.655029296875|-0.67138671875|-0.17629540598290597|38.96128472222222|-41.613915598290596
2026-01-29 04:27:54.881485+00:00|32.039549300113606|36.44707452982817|37.01626462101672|32.02780458375531|34.42700488091913|-0.73681640625|0.55517578125|-0.315673828125|-3.173828125|2.9296875|-0.823974609375|0.17629540598290597|37.90351228632478|-39.23597756410256
2026-01-29 04:27:54.940229+00:00|32.02780458375531|36.4430737614299|37.02429706716242|32.02780458375531|34.45073222146874|-0.75048828125|0.54150390625|-0.30126953125|-2.50244140625|3.387451171875|-0.48828125|-0.7051816239316239|38.4323985042735|-41.783768315018314
2026-01-29 04:27:54.999090+00:00|32.019975025227666|36.435072536720725|37.02028078841721|32.016060321538134|34.45468705607004|-0.736328125|0.53662109375|-0.330322265625|-1.220703125|2.8076171875|-0.030517578125|-1.0577724358974359|38.07980769230769|-42.12347374847374
2026-01-29 04:27:55.057995+00:00|32.016060321538134|36.431072080309264|37.01626462101672|32.00431651220981|34.45468705607004|-0.737060546875|0.539794921875|-0.328369140625|-0.244140625|2.471923828125|0.457763671875|-0.7051816239316239|37.72721688034188|-41.44406288156288
2026-01-29 04:27:55.116822+00:00|32.000402009526|36.411071355672675|37.02028078841721|32.000402009526|34.46259696385579|-0.7412109375|0.526611328125|-0.355224609375|1.220703125|1.5869140625|0.8544921875|-2.1155448717948717|38.4323985042735|-41.783768315018314
2026-01-29 04:27:55.175730+00:00|32.000402009526|36.407071521877754|37.00421678637247|31.996487556977797|34.43886819425512|-0.734375|0.548095703125|-0.349365234375|0.6103515625|2.01416015625|0.640869140625|-2.9970219017094015|38.96128472222222|-42.29332646520146
2026-01-29 04:27:55.234644+00:00|31.980830247212623|36.407071521877754|37.00823262004542|31.976916044646543|34.43095923945805|-0.72265625|0.55419921875|-0.36572265625|-0.457763671875|1.861572265625|0.54931640625|-0.35259081196581193|38.07980769230769|-40.42494658119658
2026-01-29 04:27:55.293449+00:00|31.976916044646543|36.40307179167644|37.01626462101672|31.976916044646543|34.43095923945805|-0.73583984375|0.548583984375|-0.34326171875|-2.593994140625|2.777099609375|-0.6103515625|-0.8814770299145299|39.313875534188035|-40.5947992979243
2026-01-29 04:27:55.352408+00:00|31.969087789040316|36.391073222131695|37.01224856490978|31.97300189193794|34.45864197018301|-0.733642578125|0.5400390625|-0.34765625|-2.227783203125|2.349853515625|-0.30517578125|-1.234067841880342|38.608693910256406|-41.613915598290596
2026-01-29 04:27:55.411292+00:00|31.965173735907285|36.391073222131695|37.00421678637247|31.969087789040316|34.42700488091913|-0.7333984375|0.548828125|-0.345458984375|-3.387451171875|3.173828125|-0.579833984375|-0.7051816239316239|38.07980769230769|-40.42494658119658
2026-01-29 04:27:55.470185+00:00|31.953431874632713|36.37907558312111|37.00421678637247|31.953431874632713|34.415142280165014|-0.7421875|0.522705078125|-0.332763671875|-2.288818359375|2.410888671875|-0.518798828125|-0.5288862179487179|37.90351228632478|-40.25509386446887
2026-01-29 04:27:55.529286+00:00|31.941690459571646|36.36707887328936|37.00020106383977|31.957345778749755|34.423050601555985|-0.742919921875|0.545166015625|-0.31787109375|-2.3193359375|2.86865234375|-0.396728515625|-0.35259081196581193|38.4323985042735|-40.42494658119658
2026-01-29 04:27:55.588765+00:00|31.941690459571646|36.363080176262145|36.996185452396446|31.941690459571646|34.43095923945805|-0.73095703125|0.530029296875|-0.339599609375|-0.579833984375|2.593994140625|0.30517578125|-3.1733173076923076|37.022035256410255|-40.42494658119658
2026-01-29 04:27:55.648385+00:00|31.93777675349361|36.363080176262145|36.99216995199134|31.926035931437525|34.40723427490144|-0.73876953125|0.5322265625|-0.32568359375|-1.068115234375|2.655029296875|0.1220703125|-1.234067841880342|38.608693910256406|-39.915388431013426
2026-01-29 04:27:55.707281+00:00|31.92212242265697|36.355083091281415|37.00020106383977|31.92212242265697|34.403280390697546|-0.737060546875|0.5283203125|-0.350830078125|0.518798828125|1.983642578125|0.762939453125|-1.0577724358974359|38.4323985042735|-39.40583028083028
2026-01-29 04:27:55.766532+00:00|31.92212242265697|36.34708641806492|36.996185452396446|31.914295552675412|34.3953728589056|-0.731689453125|0.535888671875|-0.349609375|0.579833984375|1.678466796875|0.91552734375|-0.5288862179487179|38.608693910256406|-40.93450473137973
2026-01-29 04:27:55.825853+00:00|31.91820896308502|36.33909015621123|37.00020106383977|31.914295552675412|34.411188238041234|-0.731201171875|0.5400390625|-0.34423828125|0.213623046875|2.197265625|0.42724609375|-0.35259081196581193|38.07980769230769|-41.10435744810745
2026-01-29 04:27:55.885054+00:00|31.906468879157387|36.33509217942009|36.99216995199134|31.90255561595643|34.415142280165014|-0.733154296875|0.56640625|-0.345947265625|-0.213623046875|2.105712890625|0.06103515625|-1.0577724358974359|37.37462606837607|-41.783768315018314
2026-01-29 04:27:55.944182+00:00|31.886903052458422|36.323098864987855|36.996185452396446|31.89864240173233|34.383512152038236|-0.728759765625|0.554931640625|-0.35009765625|-0.9765625|2.166748046875|0.213623046875|-2.8207264957264955|38.4323985042735|-40.764652014652015
2026-01-29 04:27:56.002958+00:00|31.879077063644445|36.30710921440311|36.98413928409133|31.886903052458422|34.39932658538157|-0.735595703125|0.54736328125|-0.3525390625|-2.38037109375|2.532958984375|-0.42724609375|-3.3496127136752136|37.55092147435897|-40.5947992979243
2026-01-29 04:27:56.061993+00:00|31.886903052458422|36.30710921440311|36.98012411649427|31.87516414230919|34.38746564228188|-0.740478515625|0.552001953125|-0.321533203125|-2.01416015625|2.777099609375|-0.732421875|-1.7629540598290598|36.669444444444444|-41.10435744810745
2026-01-29 04:27:56.120854+00:00|31.879077063644445|36.30311205773086|36.988154562573186|31.863425670034076|34.37165215300496|-0.735595703125|0.548095703125|-0.325927734375|-2.960205078125|2.86865234375|-0.6103515625|-1.234067841880342|39.313875534188035|-40.93450473137973
2026-01-29 04:27:56.179905+00:00|31.871251269626555|36.29511805120433|36.988154562573186|31.863425670034076|34.36769897706648|-0.73486328125|0.53759765625|-0.315673828125|-2.685546875|3.143310546875|-0.244140625|-2.2918402777777778|37.19833066239316|-39.23597756410256
2026-01-29 04:27:56.238425+00:00|31.863425670034076|36.28712445343473|36.988154562573186|31.8516876343827|34.38746564228188|-0.74365234375|0.540771484375|-0.318359375|-1.52587890625|2.777099609375|-0.18310546875|-0.7051816239316239|38.78498931623931|-42.12347374847374
2026-01-29 04:27:56.297773+00:00|31.847775052643613|36.27913126402126|36.98413928409133|31.8516876343827|34.3795587404428|-0.74755859375|0.5322265625|-0.316650390625|-0.640869140625|2.685546875|0.640869140625|0.17629540598290597|37.55092147435897|-39.915388431013426
2026-01-29 04:27:56.357032+00:00|31.839950034104675|36.26714224469299|36.98413928409133|31.843862519233028|34.37560540744772|-0.736328125|0.54345703125|-0.336181640625|-1.0986328125|2.685546875|0.274658203125|-0.8814770299145299|38.96128472222222|-40.5947992979243
2026-01-29 04:27:56.415924+00:00|31.836037597212226|36.25915007441802|36.96406455393577|31.839950034104675|34.35583991979854|-0.729248046875|0.54052734375|-0.358154296875|1.617431640625|2.01416015625|0.79345703125|-1.0577724358974359|37.72721688034188|-40.42494658119658
2026-01-29 04:27:56.475057+00:00|31.836037597212226|36.26314610866115|36.97209411375127|31.824300575487314|34.35583991979854|-0.7412109375|0.5234375|-0.340576171875|0.885009765625|1.556396484375|0.579833984375|-3.5259081196581197|38.07980769230769|-40.764652014652015
2026-01-29 04:27:56.533768+00:00|31.828212867949844|36.255154141913636|36.97209411375127|31.81256398621889|34.33607638996796|-0.729248046875|0.552490234375|-0.346923828125|0.18310546875|1.8310546875|0.48828125|0.17629540598290597|38.256103098290595|-41.27421016483516
2026-01-29 04:27:56.593068+00:00|31.81256398621889|36.247162581920804|36.96807927850307|31.81256398621889|34.35583991979854|-0.725830078125|0.55224609375|-0.36962890625|-1.0986328125|2.166748046875|-0.1220703125|-1.5866586538461538|37.55092147435897|-41.27421016483516
2026-01-29 04:27:56.652365+00:00|31.81256398621889|36.239171428282305|36.97209411375127|31.82038833107555|34.35979286051122|-0.73388671875|0.546142578125|-0.349609375|-1.251220703125|2.166748046875|-0.18310546875|-0.35259081196581193|37.022035256410255|-41.10435744810745
2026-01-29 04:27:56.711524+00:00|31.800827828157026|36.239171428282305|36.96807927850307|31.800827828157026|34.33607638996796|-0.72802734375|0.55078125|-0.339111328125|-3.35693359375|2.532958984375|-0.732421875|-1.4103632478632477|37.72721688034188|-40.42494658119658
2026-01-29 04:27:56.770955+00:00|31.78909210005196|36.235176003720994|36.96807927850307|31.800827828157026|34.351887057398585|-0.736328125|0.549560546875|-0.34765625|-2.38037109375|3.021240234375|-0.06103515625|-1.0577724358974359|37.37462606837607|-40.42494658119658
2026-01-29 04:27:56.829965+00:00|31.785180286013542|36.21120558481374|36.96406455393577|31.78909210005196|34.347934273263434|-0.729248046875|0.551025390625|-0.33837890625|-2.38037109375|2.3193359375|0.3662109375|-0.17629540598290597|38.608693910256406|-41.953621031746025
2026-01-29 04:27:56.888870+00:00|31.781268519562957|36.21120558481374|36.94399258952626|31.7734451292402|34.332123918413004|-0.73828125|0.554931640625|-0.322509765625|-4.058837890625|3.570556640625|-1.617431640625|-0.7051816239316239|38.07980769230769|-40.764652014652015
2026-01-29 04:27:56.947217+00:00|31.777356800653877|36.21120558481374|36.95603543663958|31.765621928713472|34.300506950862314|-0.743408203125|0.537109375|-0.317626953125|-2.471923828125|3.173828125|0.06103515625|-1.5866586538461538|38.256103098290595|-41.953621031746025
2026-01-29 04:27:57.006115+00:00|31.76953350527549|36.20321625482035|36.960049939998214|31.7734451292402|34.33607638996796|-0.7451171875|0.538330078125|-0.313720703125|-1.861572265625|2.9296875|0.518798828125|-1.0577724358974359|37.72721688034188|-41.10435744810745
2026-01-29 04:27:57.065099+00:00|31.76953350527549|36.195227328982014|36.95202104380871|31.761710399507876|34.292603486355006|-0.742919921875|0.542236328125|-0.3193359375|-1.495361328125|2.86865234375|-0.091552734375|0.17629540598290597|38.256103098290595|-42.29332646520146
2026-01-29 04:27:57.124091+00:00|31.749976095567263|36.195227328982014|36.95603543663958|31.75779891761249|34.32817152488337|-0.73681640625|0.5361328125|-0.335205078125|0.732421875|2.105712890625|0.732421875|-1.7629540598290598|37.022035256410255|-41.10435744810745
2026-01-29 04:27:57.183264+00:00|31.738242216168942|36.175256779941776|36.95202104380871|31.7538874829811|34.292603486355006|-0.72802734375|0.537841796875|-0.36572265625|1.3427734375|1.52587890625|0.885009765625|-1.7629540598290598|38.07980769230769|-41.783768315018314
2026-01-29 04:27:57.242263+00:00|31.73433101716296|36.17925068817175|36.94399258952626|31.73041986514329|34.30841072593893|-0.740478515625|0.52880859375|-0.36083984375|1.5869140625|1.373291015625|1.15966796875|-1.0577724358974359|38.78498931623931|-40.42494658119658
2026-01-29 04:27:57.301238+00:00|31.738242216168942|36.175256779941776|36.93997852797281|31.72259770187793|34.27284618131387|-0.7314453125|0.54052734375|-0.347900390625|0.54931640625|2.166748046875|0.274658203125|-1.7629540598290598|38.4323985042735|-40.764652014652015
2026-01-29 04:27:57.360135+00:00|31.73433101716296|36.17126297240094|36.94399258952626|31.726508760063837|34.2807488710734|-0.72265625|0.555908203125|-0.376708984375|-1.15966796875|1.953125|-0.274658203125|-1.234067841880342|38.96128472222222|-40.5947992979243
2026-01-29 04:27:57.419656+00:00|31.72259770187793|36.15928215341398|36.95202104380871|31.73041986514329|34.292603486355006|-0.725830078125|0.5546875|-0.359375|-1.5869140625|2.25830078125|0.06103515625|-1.7629540598290598|38.4323985042735|-40.42494658119658
2026-01-29 04:27:57.479060+00:00|31.71868669053964|36.1512954432867|36.94399258952626|31.7147757260027|34.300506950862314|-0.7353515625|0.5546875|-0.33544921875|-1.52587890625|2.105712890625|0.18310546875|-1.4103632478632477|37.37462606837607|-41.44406288156288
2026-01-29 04:27:57.538021+00:00|31.7147757260027|36.14730223883254|36.94399258952626|31.70695393714749|34.28470033203382|-0.7333984375|0.5576171875|-0.32470703125|-4.5166015625|3.326416015625|-1.129150390625|-1.4103632478632477|38.78498931623931|-41.10435744810745
2026-01-29 04:27:57.597063+00:00|31.699132334942306|36.143309134718265|36.94399258952626|31.70695393714749|34.288651870444994|-0.73486328125|0.550537109375|-0.32763671875|-3.5400390625|2.593994140625|-0.54931640625|-1.234067841880342|37.90351228632478|-41.27421016483516
2026-01-29 04:27:57.656201+00:00|31.687400280793895|36.12334511749822|36.93596457674306|31.703043112736793|34.28470033203382|-0.744140625|0.543212890625|-0.305419921875|-4.547119140625|3.173828125|-1.007080078125|-0.35259081196581193|37.022035256410255|-41.44406288156288
2026-01-29 04:27:57.715096+00:00|31.6913109190171|36.11935261437543|36.91990987404262|31.683489689001988|34.27679748751609|-0.739501953125|0.55078125|-0.314453125|-3.570556640625|3.021240234375|-0.823974609375|-0.8814770299145299|37.19833066239316|-39.915388431013426
2026-01-29 04:27:57.774174+00:00|31.683489689001988|36.11935261437543|36.92793700505115|31.675668644526922|34.260992726359746|-0.7451171875|0.53955078125|-0.31787109375|-2.960205078125|3.143310546875|-0.1220703125|-0.5288862179487179|37.55092147435897|-42.29332646520146
2026-01-29 04:27:57.833181+00:00|31.667847785221852|36.10737570475197|36.923923384486955|31.687400280793895|34.245189199824665|-0.7470703125|0.536376953125|-0.310546875|-1.64794921875|3.143310546875|0.091552734375|-1.0577724358974359|37.72721688034188|-39.40583028083028
2026-01-29 04:27:57.892013+00:00|31.675668644526922|36.10737570475197|36.92793700505115|31.671758191751223|34.26494380078361|-0.73876953125|0.53759765625|-0.323486328125|-0.946044921875|2.532958984375|0.42724609375|-0.7051816239316239|39.13758012820512|-39.74553571428571
2026-01-29 04:27:57.950688+00:00|31.663937424892595|36.095399693699505|36.923923384486955|31.667847785221852|34.2807488710734|-0.731201171875|0.53515625|-0.345947265625|1.28173828125|2.13623046875|0.6103515625|-0.35259081196581193|37.37462606837607|-39.74553571428571
2026-01-29 04:27:58.009766+00:00|31.65220662064263|36.0834245798726|36.923923384486955|31.65611684264917|34.27284618131387|-0.736328125|0.541015625|-0.33251953125|0.213623046875|2.532958984375|0.48828125|0.35259081196581193|38.78498931623931|-40.08524114774115
2026-01-29 04:27:58.068427+00:00|31.648296444651123|36.075441668449|36.91188318331007|31.65220662064263|34.25704172909985|-0.725830078125|0.55078125|-0.36669921875|1.983642578125|1.373291015625|1.129150390625|-2.8207264957264955|37.37462606837607|-41.783768315018314
2026-01-29 04:27:58.127197+00:00|31.644386314628434|36.07943307441445|36.91990987404262|31.640476230528577|34.245189199824665|-0.721923828125|0.540283203125|-0.37451171875|0.18310546875|1.739501953125|0.274658203125|-1.234067841880342|37.90351228632478|-40.25509386446887
2026-01-29 04:27:58.186080+00:00|31.636566192304883|36.06745915479627|36.923923384486955|31.644386314628434|34.24123851074171|-0.7275390625|0.554931640625|-0.365478515625|-0.518798828125|1.52587890625|0.518798828125|-2.1155448717948717|38.4323985042735|-42.12347374847374
2026-01-29 04:27:58.244927+00:00|31.640476230528577|36.06346804700945|36.91589647366743|31.636566192304883|34.27679748751609|-0.733642578125|0.55419921875|-0.348876953125|-0.9765625|2.105712890625|-0.1220703125|-2.1155448717948717|36.669444444444444|-40.764652014652015
2026-01-29 04:27:58.303627+00:00|31.620926497250082|36.05548612926606|36.91188318331007|31.62483635243035|34.24913996588015|-0.72265625|0.555908203125|-0.357421875|-3.204345703125|2.532958984375|-0.396728515625|-1.4103632478632477|37.37462606837607|-42.463179181929185
2026-01-29 04:27:58.362503+00:00|31.609197205395958|36.03952348370649|36.90787000291988|31.628746253301983|34.245189199824665|-0.73388671875|0.552001953125|-0.345947265625|-2.655029296875|2.685546875|-0.732421875|-0.5288862179487179|37.90351228632478|-40.5947992979243
2026-01-29 04:27:58.421930+00:00|31.617016687715022|36.031542755094165|36.899843971836674|31.617016687715022|34.245189199824665|-0.73974609375|0.5595703125|-0.3203125|-2.960205078125|3.11279296875|-0.579833984375|-1.5866586538461538|38.608693910256406|-41.613915598290596
2026-01-29 04:27:58.481067+00:00|31.605287532519526|36.02755253915586|36.899843971836674|31.597468323101396|34.24913996588015|-0.738037109375|0.533935546875|-0.32666015625|-4.21142578125|3.082275390625|-0.762939453125|-0.7051816239316239|37.72721688034188|-41.10435744810745
2026-01-29 04:27:58.540124+00:00|31.613106923779128|36.02755253915586|36.90385693244565|31.60137790510339|34.24123851074171|-0.740966796875|0.54052734375|-0.318115234375|-4.119873046875|3.204345703125|-0.335693359375|-1.5866586538461538|38.96128472222222|-42.29332646520146
2026-01-29 04:27:58.599163+00:00|31.60137790510339|36.01957240376589|36.90385693244565|31.609197205395958|34.2254365231791|-0.740234375|0.5302734375|-0.328369140625|-2.99072265625|2.899169921875|-0.1220703125|-0.17629540598290597|38.256103098290595|-41.953621031746025
2026-01-29 04:27:58.658115+00:00|31.597468323101396|36.007602941152356|36.90787000291988|31.60137790510339|34.237287898583475|-0.74560546875|0.54248046875|-0.312255859375|-2.655029296875|3.387451171875|-0.3662109375|-1.234067841880342|37.90351228632478|-40.93450473137973
2026-01-29 04:27:58.716945+00:00|31.597468323101396|36.003613317541294|36.90385693244565|31.593558786467383|34.24123851074171|-0.73974609375|0.539306640625|-0.32177734375|-1.953125|2.838134765625|-0.091552734375|-2.1155448717948717|39.49017094017094|-40.42494658119658
2026-01-29 04:27:58.775445+00:00|31.574011782199193|35.99164503779264|36.89181838001048|31.585739849118397|34.23333736330227|-0.734619140625|0.525634765625|-0.343994140625|0.79345703125|1.983642578125|0.823974609375|-0.5288862179487179|37.90351228632478|-41.27421016483516
2026-01-29 04:27:58.834398+00:00|31.574011782199193|35.979677643627156|36.88379322703389|31.57010251680242|34.24913996588015|-0.7373046875|0.51025390625|-0.34619140625|1.251220703125|1.46484375|1.15966796875|-2.1155448717948717|38.4323985042735|-40.764652014652015
2026-01-29 04:27:58.893445+00:00|31.57010251680242|35.98366667670035|36.88379322703389|31.57010251680242|34.2530908089559|-0.736328125|0.52978515625|-0.339111328125|-0.091552734375|2.227783203125|0.54931640625|-1.234067841880342|37.90351228632478|-40.25509386446887
2026-01-29 04:27:58.952195+00:00|31.57010251680242|35.971699872178476|36.89583112104185|31.574011782199193|34.24123851074171|-0.732666015625|0.544189453125|-0.35595703125|1.861572265625|1.922607421875|1.007080078125|-0.5288862179487179|38.608693910256406|-42.6330318986569
2026-01-29 04:27:59.010824+00:00|31.56228412109607|35.96372249332887|36.88780574869139|31.56228412109607|34.22148621824175|-0.723876953125|0.55029296875|-0.364013671875|1.953125|1.434326171875|0.640869140625|-1.4103632478632477|37.72721688034188|-42.12347374847374
2026-01-29 04:27:59.069862+00:00|31.56228412109607|35.95973395100458|36.88780574869139|31.56228412109607|34.2254365231791|-0.728271484375|0.55126953125|-0.371337890625|1.3427734375|1.3427734375|0.79345703125|-1.7629540598290598|36.669444444444444|-39.066124847374844
2026-01-29 04:27:59.128771+00:00|31.550556864561486|35.947768911837784|36.88780574869139|31.5544659051979|34.24913996588015|-0.722900390625|0.546630859375|-0.380126953125|-0.18310546875|1.46484375|0.274658203125|-1.234067841880342|37.55092147435897|-40.25509386446887
2026-01-29 04:27:59.187632+00:00|31.53883001134801|35.931816895976795|36.87978081498687|31.550556864561486|34.20568576487119|-0.725830078125|0.544189453125|-0.353515625|0.1220703125|1.678466796875|0.701904296875|-1.5866586538461538|37.55092147435897|-40.5947992979243
2026-01-29 04:27:59.246482+00:00|31.550556864561486|35.93580475333795|36.87175631952107|31.531012332656985|34.22148621824175|-0.7333984375|0.56298828125|-0.345703125|-2.288818359375|2.3193359375|-0.244140625|-1.7629540598290598|37.37462606837607|-40.764652014652015
2026-01-29 04:27:59.305431+00:00|31.53883001134801|35.931816895976795|36.87978081498687|31.534921149688216|34.20568576487119|-0.728515625|0.562744140625|-0.3359375|-3.84521484375|3.11279296875|-0.579833984375|-1.5866586538461538|36.84573985042735|-40.5947992979243
2026-01-29 04:27:59.364246+00:00|31.534921149688216|35.92782913626911|36.88379322703389|31.534921149688216|34.245189199824665|-0.727783203125|0.55419921875|-0.337646484375|-3.84521484375|2.685546875|-0.48828125|-0.35259081196581193|39.49017094017094|-40.764652014652015
2026-01-29 04:27:59.424444+00:00|31.531012332656985|35.91586644257018|36.87978081498687|31.527103560208275|34.22938690485|-0.72900390625|0.562255859375|-0.35009765625|-3.326416015625|2.593994140625|-0.9765625|-0.7051816239316239|38.4323985042735|-41.44406288156288
2026-01-29 04:27:59.483313+00:00|31.527103560208275|35.907891800795085|36.86373226188675|31.527103560208275|34.237287898583475|-0.73046875|0.5576171875|-0.342529296875|-4.0283203125|2.74658203125|-0.457763671875|-1.4103632478632477|38.07980769230769|-41.44406288156288
2026-01-29 04:27:59.542138+00:00|31.515377509894847|35.89593056817699|36.87175631952107|31.527103560208275|34.237287898583475|-0.742919921875|0.545166015625|-0.326416015625|-4.791259765625|3.326416015625|-1.03759765625|-2.1155448717948717|38.07980769230769|-40.764652014652015
2026-01-29 04:27:59.600989+00:00|31.50756036508477|35.87998361868739|36.86373226188675|31.51928614887339|34.245189199824665|-0.74267578125|0.54345703125|-0.3173828125|-3.72314453125|2.74658203125|-0.885009765625|-1.7629540598290598|37.72721688034188|-41.783768315018314
2026-01-29 04:27:59.660139+00:00|31.51928614887339|35.87998361868739|36.859720397129365|31.503651859160755|34.21753598998998|-0.7412109375|0.54150390625|-0.327880859375|-3.692626953125|2.655029296875|-0.6103515625|-1.4103632478632477|37.37462606837607|-40.08524114774115
2026-01-29 04:27:59.718874+00:00|31.50756036508477|35.87201072619399|36.86774423600042|31.495834980044037|34.21358583837616|-0.734619140625|0.547119140625|-0.32275390625|-4.150390625|3.0517578125|-0.79345703125|-3.1733173076923076|37.72721688034188|-40.42494658119658
2026-01-29 04:27:59.777912+00:00|31.51146891531414|35.86802442533667|36.86373226188675|31.51146891531414|34.2254365231791|-0.744384765625|0.537109375|-0.30517578125|-3.509521484375|3.265380859375|-0.396728515625|-0.7051816239316239|38.78498931623931|-40.08524114774115
2026-01-29 04:27:59.837253+00:00|31.49974339749599|35.85606610372787|36.859720397129365|31.49192660675891|34.237287898583475|-0.736083984375|0.538330078125|-0.32568359375|-2.899169921875|2.593994140625|0.030517578125|-1.4103632478632477|37.022035256410255|-41.783768315018314
2026-01-29 04:27:59.896154+00:00|31.495834980044037|35.84809437296286|36.859720397129365|31.495834980044037|34.21358583837616|-0.734130859375|0.536376953125|-0.339111328125|-2.50244140625|2.9296875|-0.457763671875|-1.234067841880342|38.608693910256406|-40.5947992979243
2026-01-29 04:27:59.955012+00:00|31.480201751442166|35.836137501286146|36.85570864167704|31.49192660675891|34.2254365231791|-0.748291015625|0.519287109375|-0.301025390625|-1.0986328125|2.960205078125|0.457763671875|-2.1155448717948717|37.37462606837607|-41.44406288156288
2026-01-29 04:28:00.013880+00:00|31.480201751442166|35.83215207038808|36.83966271190371|31.484109992504045|34.2254365231791|-0.7470703125|0.53662109375|-0.312255859375|-1.953125|3.082275390625|-0.06103515625|-1.4103632478632477|38.07980769230769|-40.764652014652015
2026-01-29 04:28:00.072710+00:00|31.476293554362258|35.82019635598397|36.8436740306434|31.46456922655284|34.21753598998998|-0.743896484375|0.529296875|-0.317138671875|-0.54931640625|2.838134765625|0.732421875|-1.234067841880342|38.256103098290595|-40.93450473137973
2026-01-29 04:28:00.131508+00:00|31.468477291963836|35.81621131044761|36.84768545848499|31.46456922655284|34.21358583837616|-0.749267578125|0.528076171875|-0.3193359375|-0.152587890625|2.593994140625|0.213623046875|-1.5866586538461538|38.96128472222222|-40.93450473137973
2026-01-29 04:28:00.190296+00:00|31.472385401218105|35.80824150797548|36.8436740306434|31.472385401218105|34.22938690485|-0.73681640625|0.53515625|-0.32763671875|1.03759765625|1.8310546875|0.9765625|-2.468135683760684|38.07980769230769|-40.08524114774115
2026-01-29 04:28:00.249255+00:00|31.46456922655284|35.804256750940795|36.84768545848499|31.468477291963836|34.2530908089559|-0.736328125|0.54931640625|-0.322509765625|-1.190185546875|3.265380859375|0.030517578125|-1.5866586538461538|38.96128472222222|-41.27421016483516
2026-01-29 04:28:00.308055+00:00|31.456753227076888|35.788318682990905|36.85169699547936|31.46456922655284|34.21753598998998|-0.739013671875|0.53955078125|-0.344482421875|1.52587890625|2.0751953125|0.9765625|-1.9392494658119657|37.55092147435897|-39.915388431013426
2026-01-29 04:28:00.366776+00:00|31.45284529291945|35.780350224437086|36.83164040152633|31.468477291963836|34.2254365231791|-0.74072265625|0.541748046875|-0.331787109375|1.46484375|1.922607421875|0.54931640625|-0.5288862179487179|37.55092147435897|-39.57568299755799
2026-01-29 04:28:00.425776+00:00|31.4606612049393|35.780350224437086|36.82762940978705|31.45284529291945|34.21753598998998|-0.7353515625|0.533203125|-0.332275390625|0.396728515625|2.044677734375|0.91552734375|-0.17629540598290597|38.256103098290595|-40.5947992979243
2026-01-29 04:28:00.484726+00:00|31.456753227076888|35.772382148969825|36.83164040152633|31.45284529291945|34.19383622820328|-0.731201171875|0.53759765625|-0.353515625|2.105712890625|1.556396484375|1.220703125|0.17629540598290597|36.84573985042735|-40.5947992979243
2026-01-29 04:28:00.543445+00:00|31.45284529291945|35.76441445619406|36.83164040152633|31.456753227076888|34.22148621824175|-0.732666015625|0.52392578125|-0.3447265625|0.732421875|2.105712890625|0.79345703125|-0.35259081196581193|38.4323985042735|-40.08524114774115
2026-01-29 04:28:00.602161+00:00|31.45284529291945|35.76043075319188|36.83565150221489|31.448937402420768|34.2254365231791|-0.731201171875|0.544189453125|-0.357666015625|1.678466796875|1.495361328125|0.762939453125|-0.8814770299145299|36.84573985042735|-41.953621031746025
2026-01-29 04:28:00.661154+00:00|31.43330627609106|35.75246363371201|36.83164040152633|31.44502955553486|34.23333736330227|-0.727783203125|0.536376953125|-0.37109375|2.166748046875|1.28173828125|0.885009765625|-2.468135683760684|38.07980769230769|-41.10435744810745
2026-01-29 04:28:00.720192+00:00|31.43330627609106|35.73254750410001|36.823618526946234|31.44502955553486|34.20963576335254|-0.7275390625|0.547119140625|-0.36328125|1.251220703125|1.556396484375|1.007080078125|-0.8814770299145299|38.256103098290595|-40.25509386446887
2026-01-29 04:28:00.779155+00:00|31.437213992416105|35.7285645639119|36.81559708775694|31.425490973678563|34.22938690485|-0.734619140625|0.546630859375|-0.35205078125|1.89208984375|1.312255859375|0.823974609375|-0.8814770299145299|37.90351228632478|-41.613915598290596
2026-01-29 04:28:00.838146+00:00|31.425490973678563|35.72059896887487|36.819607752953175|31.42939860319393|34.18988653541351|-0.728515625|0.55224609375|-0.3525390625|0.8544921875|1.922607421875|0.213623046875|-0.5288862179487179|37.55092147435897|-40.93450473137973
2026-01-29 04:28:00.896876+00:00|31.42939860319393|35.71263375396131|36.819607752953175|31.437213992416105|34.20963576335254|-0.73388671875|0.533935546875|-0.354248046875|0.67138671875|1.678466796875|0.885009765625|-1.9392494658119657|37.55092147435897|-39.915388431013426
2026-01-29 04:28:00.956051+00:00|31.43330627609106|35.7086512889274|36.819607752953175|31.425490973678563|34.23333736330227|-0.73291015625|0.546875|-0.35400390625|1.312255859375|1.3427734375|0.885009765625|-0.35259081196581193|38.4323985042735|-40.42494658119658
2026-01-29 04:28:01.014721+00:00|31.425490973678563|35.70466891877629|36.81559708775694|31.425490973678563|34.21753598998998|-0.73046875|0.542724609375|-0.35791015625|1.129150390625|1.617431640625|0.518798828125|-0.8814770299145299|37.55092147435897|-40.93450473137973
2026-01-29 04:28:01.073774+00:00|31.409860888512185|35.68077668764613|36.81158653130677|31.42939860319393|34.2254365231791|-0.721923828125|0.559326171875|-0.3681640625|1.3427734375|1.739501953125|0.701904296875|-1.7629540598290598|37.72721688034188|-40.42494658119658
2026-01-29 04:28:01.132453+00:00|31.405953475213494|35.676794980293494|36.80356574444147|31.425490973678563|34.2254365231791|-0.7236328125|0.55859375|-0.36669921875|0.42724609375|1.52587890625|0.42724609375|-1.9392494658119657|37.55092147435897|-40.5947992979243
2026-01-29 04:28:01.191471+00:00|31.42939860319393|35.672813367429114|36.799555513924645|31.42158338749897|34.20173584288443|-0.728759765625|0.55322265625|-0.365966796875|0.42724609375|1.40380859375|0.06103515625|-0.8814770299145299|39.313875534188035|-40.93450473137973
2026-01-29 04:28:01.250775+00:00|31.41376834496191|35.672813367429114|36.807576083551794|31.409860888512185|34.21753598998998|-0.72021484375|0.566650390625|-0.363525390625|-0.1220703125|2.166748046875|0.30517578125|-1.5866586538461538|38.608693910256406|-39.915388431013426
2026-01-29 04:28:01.309898+00:00|31.41376834496191|35.660869095272574|36.799555513924645|31.41376834496191|34.20568576487119|-0.71923828125|0.5498046875|-0.380615234375|0.396728515625|1.312255859375|0.67138671875|-1.0577724358974359|37.72721688034188|-40.42494658119658
2026-01-29 04:28:01.369125+00:00|31.409860888512185|35.65290671870571|36.799555513924645|31.417675844608766|34.21753598998998|-0.73828125|0.54052734375|-0.34814453125|0.579833984375|1.556396484375|0.48828125|0.5288862179487179|38.608693910256406|-39.915388431013426
2026-01-29 04:28:01.427754+00:00|31.405953475213494|35.65290671870571|36.799555513924645|31.409860888512185|34.237287898583475|-0.724853515625|0.557373046875|-0.3583984375|-1.0986328125|2.5634765625|-0.457763671875|-1.0577724358974359|38.4323985042735|-39.74553571428571
2026-01-29 04:28:01.487166+00:00|31.398138777884412|35.62902184804932|36.79554539195084|31.41376834496191|34.22938690485|-0.7216796875|0.56201171875|-0.368896484375|-0.30517578125|1.861572265625|0.1220703125|-1.5866586538461538|36.84573985042735|-39.915388431013426
2026-01-29 04:28:01.546347+00:00|31.394231493761822|35.62106097619835|36.78351567677879|31.405953475213494|34.2254365231791|-0.7255859375|0.552490234375|-0.374755859375|0.3662109375|1.190185546875|0.42724609375|-1.0577724358974359|38.4323985042735|-39.74553571428571
2026-01-29 04:28:01.605087+00:00|31.405953475213494|35.61310047954146|36.78351567677879|31.390324252605467|34.20568576487119|-0.729736328125|0.55859375|-0.359619140625|-0.48828125|1.678466796875|0.030517578125|-0.35259081196581193|37.022035256410255|-41.44406288156288
2026-01-29 04:28:01.664234+00:00|31.398138777884412|35.61310047954146|36.787525473428616|31.394231493761822|34.19383622820328|-0.72119140625|0.564453125|-0.371337890625|-0.91552734375|2.166748046875|0.091552734375|-2.1155448717948717|37.37462606837607|-40.764652014652015
2026-01-29 04:28:01.723026+00:00|31.398138777884412|35.60116043718318|36.791535378469064|31.394231493761822|34.20963576335254|-0.72314453125|0.55810546875|-0.354736328125|-1.129150390625|1.861572265625|-0.06103515625|-0.7051816239316239|38.4323985042735|-41.44406288156288
2026-01-29 04:28:01.782295+00:00|31.398138777884412|35.60116043718318|36.787525473428616|31.390324252605467|34.22938690485|-0.732177734375|0.564697265625|-0.34765625|-0.9765625|2.50244140625|-0.54931640625|-1.0577724358974359|37.37462606837607|-39.74553571428571
2026-01-29 04:28:01.841434+00:00|31.390324252605467|35.59320087678833|36.77950598846877|31.386417054369474|34.20963576335254|-0.725341796875|0.556396484375|-0.3740234375|-0.79345703125|2.105712890625|0.1220703125|-1.9392494658119657|36.84573985042735|-38.89627213064713
2026-01-29 04:28:01.900467+00:00|31.374695716721078|35.57728287705282|36.78351567677879|31.386417054369474|34.22148621824175|-0.720458984375|0.556884765625|-0.36328125|-2.166748046875|2.197265625|-0.335693359375|-1.9392494658119657|39.313875534188035|-40.5947992979243
2026-01-29 04:28:01.959413+00:00|31.366881705377125|35.56534535662405|36.771486936665156|31.37860278647338|34.20568576487119|-0.720458984375|0.5517578125|-0.362548828125|0.244140625|1.52587890625|0.3662109375|-0.35259081196581193|38.78498931623931|-40.42494658119658
2026-01-29 04:28:02.018357+00:00|31.37860278647338|35.56136636943262|36.76747757307015|31.370788689704398|34.1977859973444|-0.73193359375|0.54736328125|-0.343017578125|-1.5869140625|2.01416015625|0.030517578125|-1.9392494658119657|38.256103098290595|-42.29332646520146
2026-01-29 04:28:02.077363+00:00|31.370788689704398|35.56136636943262|36.77549640844791|31.362974763693273|34.22938690485|-0.730224609375|0.542724609375|-0.361328125|-0.6103515625|2.288818359375|0.3662109375|0.7051816239316239|38.4323985042735|-40.42494658119658
2026-01-29 04:28:02.136291+00:00|31.366881705377125|35.54942996602489|36.77549640844791|31.374695716721078|34.2254365231791|-0.7333984375|0.564697265625|-0.332763671875|-3.265380859375|2.8076171875|-0.79345703125|-0.7051816239316239|38.07980769230769|-42.12347374847374
2026-01-29 04:28:02.195256+00:00|31.370788689704398|35.54545135078064|36.771486936665156|31.362974763693273|34.23333736330227|-0.73291015625|0.55859375|-0.336669921875|-3.326416015625|2.3193359375|-0.640869140625|-1.7629540598290598|37.72721688034188|-40.764652014652015
2026-01-29 04:28:02.254173+00:00|31.35516100807081|35.53351606203444|36.771486936665156|31.35516100807081|34.22938690485|-0.728759765625|0.552978515625|-0.35009765625|-2.716064453125|2.38037109375|-0.457763671875|-0.8814770299145299|38.608693910256406|-40.25509386446887
2026-01-29 04:28:02.312614+00:00|31.35125419403994|35.52158160773649|36.76346831761191|31.35906786460646|34.237287898583475|-0.723876953125|0.55419921875|-0.354248046875|-2.685546875|2.197265625|-0.3662109375|-0.8814770299145299|37.90351228632478|-40.25509386446887
2026-01-29 04:28:02.370993+00:00|31.34734742246792|35.51362576779866|36.759459170239666|31.34734742246792|34.237287898583475|-0.73681640625|0.558837890625|-0.328857421875|-3.936767578125|2.86865234375|-0.91552734375|-1.4103632478632477|37.022035256410255|-40.42494658119658
2026-01-29 04:28:02.429633+00:00|31.35516100807081|35.51760364150755|36.76747757307015|31.343440693308423|34.22938690485|-0.734619140625|0.5439453125|-0.33154296875|-3.90625|3.082275390625|-0.732421875|-1.7629540598290598|38.07980769230769|-40.42494658119658
2026-01-29 04:28:02.488957+00:00|31.34734742246792|35.50567029774413|36.75545013090294|31.34734742246792|34.2254365231791|-0.736083984375|0.548828125|-0.32666015625|-4.486083984375|3.11279296875|-1.0986328125|-1.7629540598290598|37.022035256410255|-40.764652014652015
2026-01-29 04:28:02.548162+00:00|31.33953400651552|35.48976046571437|36.75545013090294|31.33953400651552|34.21358583837616|-0.731689453125|0.54833984375|-0.3466796875|-3.72314453125|2.410888671875|-0.8544921875|-0.35259081196581193|37.37462606837607|-41.10435744810745
2026-01-29 04:28:02.607136+00:00|31.33172075984436|35.48976046571437|36.75545013090294|31.33953400651552|34.21753598998998|-0.731689453125|0.554931640625|-0.337890625|-3.7841796875|2.8076171875|-0.8544921875|-1.4103632478632477|38.78498931623931|-40.42494658119658
2026-01-29 04:28:02.666062+00:00|31.316094772869576|35.4698752492759|36.74743237613268|31.33562736204277|34.21753598998998|-0.731689453125|0.54931640625|-0.3271484375|-4.82177734375|3.326416015625|-0.885009765625|-3.1733173076923076|38.07980769230769|-42.463179181929185
2026-01-29 04:28:02.725042+00:00|31.31218838134987|35.46192180656061|36.74342366059767|31.316094772869576|34.21358583837616|-0.73193359375|0.557861328125|-0.339599609375|-3.84521484375|3.021240234375|-0.885009765625|-1.4103632478632477|39.49017094017094|-40.08524114774115
2026-01-29 04:28:02.784003+00:00|31.316094772869576|35.46192180656061|36.735406552974666|31.316094772869576|34.21358583837616|-0.737060546875|0.552734375|-0.327392578125|-4.486083984375|3.326416015625|-0.732421875|-0.8814770299145299|37.19833066239316|-40.25509386446887
2026-01-29 04:28:02.843108+00:00|31.320001206432664|35.449992331111275|36.74743237613268|31.30828203182773|34.21358583837616|-0.732177734375|0.549560546875|-0.333251953125|-4.791259765625|3.082275390625|-0.823974609375|-1.234067841880342|36.84573985042735|-41.27421016483516
2026-01-29 04:28:02.901962+00:00|31.304375724256715|35.44203980598871|36.735406552974666|31.31218838134987|34.21753598998998|-0.738037109375|0.56396484375|-0.321044921875|-3.448486328125|3.204345703125|-0.91552734375|-1.234067841880342|38.608693910256406|-40.5947992979243
2026-01-29 04:28:02.960782+00:00|31.31218838134987|35.4340876472167|36.735406552974666|31.300469458590953|34.24123851074171|-0.745849609375|0.53515625|-0.31494140625|-4.119873046875|3.173828125|-0.946044921875|-0.8814770299145299|37.19833066239316|-41.27421016483516
2026-01-29 04:28:03.019454+00:00|31.292657052790105|35.4301117050897|36.739415052895254|31.300469458590953|34.23333736330227|-0.736328125|0.53955078125|-0.3251953125|-4.82177734375|2.86865234375|-0.67138671875|-0.8814770299145299|37.19833066239316|-39.915388431013426
2026-01-29 04:28:03.078194+00:00|31.28875091256282|35.410233365082945|36.72738987627616|31.292657052790105|34.22148621824175|-0.73095703125|0.575927734375|-0.31298828125|-4.302978515625|3.265380859375|-0.91552734375|-0.5288862179487179|37.90351228632478|-40.93450473137973
2026-01-29 04:28:03.137011+00:00|31.28875091256282|35.410233365082945|36.72338169939684|31.277032742020197|34.22148621824175|-0.74365234375|0.53759765625|-0.30908203125|-4.08935546875|3.23486328125|-0.48828125|-2.468135683760684|38.78498931623931|-40.764652014652015
2026-01-29 04:28:03.195769+00:00|31.280938757224078|35.40625797086432|36.72738987627616|31.284844814056157|34.1977859973444|-0.736572265625|0.52880859375|-0.322998046875|-3.96728515625|2.899169921875|-0.244140625|-1.7629540598290598|38.4323985042735|-41.10435744810745
2026-01-29 04:28:03.254466+00:00|31.277032742020197|35.39433233489211|36.72338169939684|31.277032742020197|34.21358583837616|-0.7431640625|0.538818359375|-0.3212890625|-4.730224609375|3.35693359375|-0.6103515625|-0.7051816239316239|37.72721688034188|-40.764652014652015
2026-01-29 04:28:03.313460+00:00|31.273126768398697|35.39035730496602|36.72338169939684|31.284844814056157|34.2254365231791|-0.739990234375|0.56298828125|-0.304443359375|-3.448486328125|3.0517578125|-0.823974609375|-2.1155448717948717|38.78498931623931|-40.42494658119658
2026-01-29 04:28:03.372171+00:00|31.253597522410132|35.37445809427868|36.72738987627616|31.277032742020197|34.22938690485|-0.736083984375|0.526611328125|-0.32861328125|-4.33349609375|2.777099609375|-0.3662109375|-1.5866586538461538|37.19833066239316|-40.93450473137973
2026-01-29 04:28:03.430494+00:00|31.261409096566126|35.362534639360376|36.70735006716416|31.26922083631314|34.22938690485|-0.735107421875|0.531982421875|-0.3330078125|-3.997802734375|2.716064453125|-0.457763671875|-1.234067841880342|37.90351228632478|-41.27421016483516
2026-01-29 04:28:03.489622+00:00|31.265314945717762|35.362534639360376|36.70735006716416|31.257503288812302|34.21358583837616|-0.7353515625|0.544921875|-0.3359375|-2.349853515625|2.777099609375|-0.457763671875|-3.3496127136752136|37.90351228632478|-40.93450473137973
2026-01-29 04:28:03.548430+00:00|31.265314945717762|35.35856033566898|36.711357814030976|31.257503288812302|34.21753598998998|-0.7373046875|0.53173828125|-0.321533203125|-3.2958984375|2.532958984375|-0.152587890625|-1.234067841880342|38.256103098290595|-39.915388431013426
2026-01-29 04:28:03.607155+00:00|31.253597522410132|35.346637967753395|36.71536566832498|31.261409096566126|34.2254365231791|-0.73583984375|0.536865234375|-0.318359375|-3.753662109375|3.082275390625|-0.274658203125|-1.5866586538461538|37.90351228632478|-42.29332646520146
2026-01-29 04:28:03.665938+00:00|31.249691797313403|35.33471641354873|36.711357814030976|31.241880470852323|34.237287898583475|-0.72802734375|0.544189453125|-0.34326171875|-1.03759765625|1.77001953125|0.48828125|-0.5288862179487179|38.256103098290595|-40.5947992979243
2026-01-29 04:28:03.724689+00:00|31.23016378979895|35.31882227143217|36.70735006716416|31.253597522410132|34.24123851074171|-0.73828125|0.544189453125|-0.333984375|-1.312255859375|2.655029296875|-0.06103515625|0.17629540598290597|38.608693910256406|-42.29332646520146
2026-01-29 04:28:03.783720+00:00|31.237974869395487|35.30690261075074|36.6913201529548|31.237974869395487|34.24913996588015|-0.73876953125|0.544921875|-0.34521484375|-1.251220703125|2.197265625|0.3662109375|0.0|37.37462606837607|-41.783768315018314
2026-01-29 04:28:03.842478+00:00|31.241880470852323|35.30690261075074|36.6913201529548|31.226258311566994|34.21358583837616|-0.736328125|0.5458984375|-0.33642578125|-1.3427734375|2.3193359375|-0.18310546875|-0.7051816239316239|38.4323985042735|-41.10435744810745
2026-01-29 04:28:03.901393+00:00|31.23406930905975|35.30292957043554|36.695327470619645|31.23016378979895|34.24123851074171|-0.7353515625|0.545166015625|-0.3388671875|-1.5869140625|2.410888671875|0.030517578125|0.0|36.669444444444444|-40.764652014652015
2026-01-29 04:28:03.960251+00:00|31.23406930905975|35.29498375937965|36.695327470619645|31.23406930905975|34.22938690485|-0.74072265625|0.538330078125|-0.338623046875|-0.9765625|2.50244140625|0.213623046875|-0.7051816239316239|37.022035256410255|-41.44406288156288
2026-01-29 04:28:04.019059+00:00|31.23016378979895|35.283065715999044|36.69933489550914|31.226258311566994|34.245189199824665|-0.73583984375|0.541015625|-0.336669921875|-1.495361328125|2.532958984375|0.030517578125|-1.0577724358974359|38.07980769230769|-39.74553571428571
2026-01-29 04:28:04.077982+00:00|31.21454212258317|35.275120801977664|36.6913201529548|31.21844747800526|34.22938690485|-0.73046875|0.54345703125|-0.34912109375|-0.885009765625|2.3193359375|0.18310546875|-0.7051816239316239|38.4323985042735|-41.10435744810745
2026-01-29 04:28:04.136835+00:00|31.206731534226208|35.26320410231705|36.68731294246379|31.21454212258317|34.21358583837616|-0.73876953125|0.542236328125|-0.337646484375|-1.03759765625|2.3193359375|0.06103515625|-0.5288862179487179|38.608693910256406|-40.25509386446887
2026-01-29 04:28:04.195733+00:00|31.210636808005574|35.25128820713053|36.67929884280096|31.210636808005574|34.245189199824665|-0.729248046875|0.545166015625|-0.348388671875|-1.40380859375|2.44140625|0.18310546875|-2.8207264957264955|38.4323985042735|-40.764652014652015
2026-01-29 04:28:04.254539+00:00|31.20282630119908|35.25526008288813|36.68330583909602|31.20282630119908|34.22148621824175|-0.730224609375|0.548095703125|-0.3447265625|-1.129150390625|2.593994140625|0.213623046875|-1.4103632478632477|39.13758012820512|-40.42494658119658
2026-01-29 04:28:04.313418+00:00|31.198921108877983|35.24334472328519|36.68330583909602|31.198921108877983|34.237287898583475|-0.74267578125|0.54443359375|-0.327392578125|-0.946044921875|2.349853515625|0.1220703125|-0.8814770299145299|37.55092147435897|-41.27421016483516
2026-01-29 04:28:04.372350+00:00|31.198921108877983|35.24334472328519|36.67929884280096|31.195015957216867|34.237287898583475|-0.73095703125|0.544921875|-0.34326171875|-1.40380859375|2.471923828125|0.213623046875|-1.0577724358974359|37.72721688034188|-41.10435744810745
2026-01-29 04:28:04.431491+00:00|31.18720577569036|35.239373115099795|36.67929884280096|31.198921108877983|34.24913996588015|-0.7294921875|0.544921875|-0.344482421875|-1.373291015625|2.593994140625|0.152587890625|-1.4103632478632477|38.78498931623931|-41.10435744810745
2026-01-29 04:28:04.490650+00:00|31.183300745732595|35.223487572801446|36.67529195352796|31.19111084616975|34.24123851074171|-0.74072265625|0.536865234375|-0.327880859375|-1.15966796875|2.532958984375|0.152587890625|-1.9392494658119657|37.90351228632478|-41.613915598290596
2026-01-29 04:28:04.549687+00:00|31.17549080719789|35.211574349676994|36.6632719273353|31.183300745732595|34.237287898583475|-0.7353515625|0.539306640625|-0.33935546875|-1.373291015625|2.25830078125|0.030517578125|-0.35259081196581193|37.37462606837607|-41.10435744810745
2026-01-29 04:28:04.608589+00:00|31.17939575625047|35.20760345287039|36.6632719273353|31.16768103019666|34.24913996588015|-0.7275390625|0.543212890625|-0.3505859375|-1.3427734375|2.44140625|0.335693359375|0.0|38.4323985042735|-40.764652014652015
2026-01-29 04:28:04.667719+00:00|31.17939575625047|35.211574349676994|36.67128517122649|31.171585898528633|34.21358583837616|-0.739013671875|0.542236328125|-0.3330078125|-1.0986328125|1.983642578125|0.030517578125|-1.234067841880342|37.90351228632478|-41.27421016483516
2026-01-29 04:28:04.727406+00:00|31.171585898528633|35.20363264476674|36.66727849584572|31.163776202155873|34.21358583837616|-0.738037109375|0.54052734375|-0.332763671875|-1.373291015625|2.25830078125|-0.152587890625|-0.35259081196581193|37.72721688034188|-40.42494658119658
2026-01-29 04:28:04.785902+00:00|31.16768103019666|35.19966192531717|36.66727849584572|31.163776202155873|34.22148621824175|-0.7255859375|0.545166015625|-0.351318359375|-1.64794921875|2.410888671875|0.457763671875|-1.5866586538461538|38.256103098290595|-40.5947992979243
2026-01-29 04:28:04.845385+00:00|31.163776202155873|35.19172075218523|36.65926546564447|31.16768103019666|34.24913996588015|-0.73486328125|0.544189453125|-0.334716796875|-1.52587890625|2.50244140625|0.274658203125|-2.1155448717948717|39.13758012820512|-40.42494658119658
2026-01-29 04:28:04.904194+00:00|31.152061959319894|35.18377993308468|36.65525911072274|31.155966666763618|34.22148621824175|-0.738037109375|0.542724609375|-0.3330078125|-1.434326171875|2.532958984375|-0.152587890625|-0.5288862179487179|37.55092147435897|-40.25509386446887
2026-01-29 04:28:04.963052+00:00|31.14425266470687|35.17583946762545|36.651252862519584|31.159871414360225|34.23333736330227|-0.724609375|0.549560546875|-0.34912109375|-0.91552734375|2.25830078125|-0.06103515625|-2.1155448717948717|37.37462606837607|-41.44406288156288
2026-01-29 04:28:05.022454+00:00|31.155966666763618|35.167899355417774|36.647246720984185|31.14425266470687|34.23333736330227|-0.73681640625|0.54736328125|-0.341796875|-1.129150390625|2.288818359375|0.18310546875|-1.7629540598290598|38.4323985042735|-40.764652014652015
2026-01-29 04:28:05.081356+00:00|31.14815729198301|35.17186936738955|36.647246720984185|31.13644353015229|34.23333736330227|-0.73779296875|0.54443359375|-0.33349609375|-0.8544921875|2.227783203125|0.091552734375|-1.5866586538461538|37.55092147435897|-40.5947992979243
2026-01-29 04:28:05.140522+00:00|31.13644353015229|35.163929431661415|36.647246720984185|31.132539022781884|34.21358583837616|-0.732177734375|0.55126953125|-0.35009765625|-0.823974609375|2.197265625|0.213623046875|-1.0577724358974359|37.72721688034188|-40.08524114774115
2026-01-29 04:28:05.199345+00:00|31.14034807744531|35.163929431661415|36.64324068606629|31.14034807744531|34.2254365231791|-0.724853515625|0.544921875|-0.347900390625|-0.091552734375|1.89208984375|0.518798828125|-0.35259081196581193|38.4323985042735|-40.42494658119658
2026-01-29 04:28:05.258190+00:00|31.13644353015229|35.155989848600086|36.647246720984185|31.14425266470687|34.20568576487119|-0.7412109375|0.542724609375|-0.34326171875|-0.823974609375|2.349853515625|0.18310546875|-1.0577724358974359|38.78498931623931|-41.783768315018314
2026-01-29 04:28:05.317116+00:00|31.124730127623934|35.1480506178159|36.6392347577152|31.132539022781884|34.2254365231791|-0.728515625|0.544677734375|-0.34765625|-0.762939453125|2.38037109375|-0.1220703125|-1.7629540598290598|38.4323985042735|-41.10435744810745
2026-01-29 04:28:05.375951+00:00|31.116921391602773|35.13614243130684|36.63122322051106|31.132539022781884|34.22148621824175|-0.72314453125|0.548583984375|-0.36328125|-0.152587890625|1.556396484375|0.6103515625|-2.1155448717948717|37.37462606837607|-40.764652014652015
2026-01-29 04:28:05.436012+00:00|31.12863455528776|35.14011173891913|36.62321210896761|31.120825739744248|34.24123851074171|-0.73828125|0.54296875|-0.342041015625|-0.152587890625|2.0751953125|0.457763671875|-1.9392494658119657|37.90351228632478|-41.27421016483516
2026-01-29 04:28:05.494888+00:00|31.12863455528776|35.13217321152041|36.627217611556944|31.120825739744248|34.21358583837616|-0.730712890625|0.537841796875|-0.354736328125|-0.030517578125|2.044677734375|0.48828125|-1.9392494658119657|37.19833066239316|-40.5947992979243
2026-01-29 04:28:05.553931+00:00|31.120825739744248|35.12820407951102|36.63122322051106|31.120825739744248|34.21753598998998|-0.732177734375|0.541015625|-0.340576171875|0.213623046875|2.227783203125|0.885009765625|0.0|38.4323985042735|-40.08524114774115
2026-01-29 04:28:05.613412+00:00|31.116921391602773|35.124235035230015|36.627217611556944|31.116921391602773|34.2254365231791|-0.73828125|0.5322265625|-0.34423828125|-0.579833984375|1.983642578125|0.091552734375|-1.4103632478632477|38.07980769230769|-41.44406288156288
2026-01-29 04:28:05.672243+00:00|31.10911281434977|35.12026607862873|36.627217611556944|31.116921391602773|34.2254365231791|-0.738037109375|0.54296875|-0.327880859375|-0.67138671875|2.288818359375|0.213623046875|0.0|37.72721688034188|-40.764652014652015
2026-01-29 04:28:05.731038+00:00|31.10520858514616|35.11629720965857|36.627217611556944|31.113017083153295|34.2254365231791|-0.73486328125|0.550537109375|-0.34033203125|0.3662109375|2.685546875|0.42724609375|-0.7051816239316239|37.37462606837607|-41.10435744810745
2026-01-29 04:28:05.790102+00:00|31.10520858514616|35.092485833365004|36.61920671269223|31.120825739744248|34.21358583837616|-0.742919921875|0.54052734375|-0.32470703125|-0.274658203125|2.410888671875|-0.244140625|-1.9392494658119657|37.19833066239316|-41.27421016483516
2026-01-29 04:28:05.849747+00:00|31.113017083153295|35.088517576449874|36.611196238881746|31.1013043954963|34.21753598998998|-0.7373046875|0.54833984375|-0.321044921875|-1.556396484375|3.0517578125|-0.244140625|0.35259081196581193|38.07980769230769|-40.08524114774115
2026-01-29 04:28:05.908804+00:00|31.113017083153295|35.100422609115355|36.603186189721214|31.1013043954963|34.18988653541351|-0.731201171875|0.544921875|-0.3212890625|-1.3427734375|2.99072265625|0.152587890625|-1.234067841880342|37.90351228632478|-40.5947992979243
2026-01-29 04:28:05.967420+00:00|31.1013043954963|35.088517576449874|36.611196238881746|31.1013043954963|34.1977859973444|-0.7431640625|0.53515625|-0.326171875|-1.617431640625|2.62451171875|-0.1220703125|-2.468135683760684|39.49017094017094|-41.44406288156288
2026-01-29 04:28:06.026539+00:00|31.09740024535421|35.088517576449874|36.61520142268046|31.10520858514616|34.21753598998998|-0.7470703125|0.54443359375|-0.306640625|-2.105712890625|2.86865234375|-0.6103515625|-1.0577724358974359|38.4323985042735|-40.42494658119658
2026-01-29 04:28:06.085823+00:00|31.10520858514616|35.084549406776546|36.603186189721214|31.10520858514616|34.21753598998998|-0.74267578125|0.54541015625|-0.3212890625|-1.89208984375|3.23486328125|-0.1220703125|-1.234067841880342|38.608693910256406|-40.25509386446887
2026-01-29 04:28:06.145035+00:00|31.093496134673615|35.07661332896089|36.611196238881746|31.10520858514616|34.21753598998998|-0.734619140625|0.55078125|-0.34326171875|-1.678466796875|2.685546875|-0.091552734375|-1.5866586538461538|37.90351228632478|-41.27421016483516
2026-01-29 04:28:06.204208+00:00|31.093496134673615|35.06470986533566|36.611196238881746|31.10520858514616|34.21753598998998|-0.73876953125|0.540771484375|-0.3359375|-1.52587890625|2.5634765625|-0.54931640625|-0.17629540598290597|36.49314903846154|-40.25509386446887
2026-01-29 04:28:06.263700+00:00|31.093496134673615|35.05677465775034|36.59117191131554|31.1013043954963|34.22148621824175|-0.72802734375|0.546875|-0.34521484375|-1.861572265625|2.25830078125|-0.244140625|-0.7051816239316239|37.72721688034188|-40.42494658119658
2026-01-29 04:28:06.322978+00:00|31.093496134673615|35.048839797576534|36.58716736373435|31.093496134673615|34.20963576335254|-0.7314453125|0.55615234375|-0.340576171875|-2.3193359375|2.5634765625|-0.213623046875|-1.234067841880342|36.84573985042735|-40.5947992979243
2026-01-29 04:28:06.382260+00:00|31.1013043954963|35.05677465775034|36.59117191131554|31.089592063408645|34.19383622820328|-0.731689453125|0.53515625|-0.34033203125|-1.89208984375|2.44140625|-0.42724609375|-1.7629540598290598|38.07980769230769|-40.764652014652015
2026-01-29 04:28:06.441125+00:00|31.093496134673615|35.048839797576534|36.59117191131554|31.09740024535421|34.18988653541351|-0.732177734375|0.55419921875|-0.3359375|-1.46484375|2.3193359375|-0.1220703125|-1.4103632478632477|38.07980769230769|-40.42494658119658
2026-01-29 04:28:06.499976+00:00|31.089592063408645|35.044872497647475|36.58716736373435|31.089592063408645|34.21358583837616|-0.728271484375|0.55322265625|-0.360595703125|-1.739501953125|2.471923828125|-0.244140625|-1.9392494658119657|38.608693910256406|-40.93450473137973
2026-01-29 04:28:06.559326+00:00|31.089592063408645|35.04090528442549|36.58316292201272|31.093496134673615|34.20568576487119|-0.723388671875|0.555419921875|-0.344482421875|-1.8310546875|2.13623046875|-0.701904296875|-1.5866586538461538|36.49314903846154|-40.93450473137973
2026-01-29 04:28:06.618250+00:00|31.081784038941066|35.03297111790852|36.58316292201272|31.089592063408645|34.21753598998998|-0.73291015625|0.5498046875|-0.3330078125|-1.46484375|2.38037109375|-0.244140625|-1.5866586538461538|38.256103098290595|-39.915388431013426
2026-01-29 04:28:06.677279+00:00|31.073976171582785|35.02107051722169|36.5751543559461|31.089592063408645|34.2254365231791|-0.720703125|0.545166015625|-0.3583984375|-0.67138671875|1.983642578125|0.42724609375|-1.0577724358974359|37.022035256410255|-39.74553571428571
2026-01-29 04:28:06.736604+00:00|31.0856880315132|35.0091706942755|36.56714621271203|31.077880085646314|34.19383622820328|-0.73291015625|0.54248046875|-0.3447265625|0.244140625|2.3193359375|0.640869140625|-1.4103632478632477|38.4323985042735|-40.764652014652015
2026-01-29 04:28:06.795549+00:00|31.081784038941066|35.01710382322216|36.57115023150027|31.073976171582785|34.19383622820328|-0.7373046875|0.550048828125|-0.33056640625|-0.091552734375|2.13623046875|0.030517578125|-1.5866586538461538|38.256103098290595|-39.915388431013426
2026-01-29 04:28:06.855006+00:00|31.081784038941066|35.013137215589666|36.5751543559461|31.081784038941066|34.19383622820328|-0.7353515625|0.538818359375|-0.33447265625|0.274658203125|2.105712890625|0.79345703125|-1.7629540598290598|39.13758012820512|-40.42494658119658
2026-01-29 04:28:06.913972+00:00|31.077880085646314|35.005204259231505|36.56714621271203|31.081784038941066|34.19383622820328|-0.733154296875|0.534423828125|-0.328369140625|-0.18310546875|2.197265625|0.48828125|-0.5288862179487179|38.256103098290595|-40.5947992979243
2026-01-29 04:28:06.973232+00:00|31.073976171582785|35.005204259231505|36.57115023150027|31.081784038941066|34.22148621824175|-0.74365234375|0.531494140625|-0.322265625|-0.701904296875|2.13623046875|0.457763671875|-0.5288862179487179|38.96128472222222|-40.93450473137973
2026-01-29 04:28:07.032135+00:00|31.073976171582785|34.99727164775902|36.57115023150027|31.073976171582785|34.20568576487119|-0.742919921875|0.540771484375|-0.314697265625|-1.861572265625|2.838134765625|-0.091552734375|-0.17629540598290597|37.90351228632478|-40.25509386446887
2026-01-29 04:28:07.091054+00:00|31.066168460965116|34.985373376361395|36.56714621271203|31.081784038941066|34.181987378696476|-0.74072265625|0.53759765625|-0.324951171875|-1.861572265625|3.021240234375|-0.1220703125|-1.5866586538461538|37.55092147435897|-41.953621031746025
2026-01-29 04:28:07.149980+00:00|31.077880085646314|34.985373376361395|36.55513478978895|31.07007229670444|34.20568576487119|-0.73193359375|0.537353515625|-0.331298828125|-1.861572265625|2.13623046875|0.54931640625|-1.7629540598290598|37.022035256410255|-41.44406288156288
2026-01-29 04:28:07.209064+00:00|31.077880085646314|34.985373376361395|36.55113119312682|31.073976171582785|34.174088526811204|-0.74169921875|0.544677734375|-0.306884765625|-2.38037109375|2.8076171875|-0.42724609375|-1.5866586538461538|37.55092147435897|-40.25509386446887
2026-01-29 04:28:07.268057+00:00|31.077880085646314|34.985373376361395|36.55913849190682|31.081784038941066|34.181987378696476|-0.73681640625|0.54248046875|-0.33349609375|-3.2958984375|3.173828125|-0.518798828125|-2.468135683760684|38.07980769230769|-41.783768315018314
2026-01-29 04:28:07.326976+00:00|31.081784038941066|34.97347587877215|36.55513478978895|31.0856880315132|34.19383622820328|-0.73876953125|0.544921875|-0.32080078125|-3.997802734375|3.265380859375|-0.762939453125|-1.234067841880342|36.49314903846154|-40.25509386446887
2026-01-29 04:28:07.386016+00:00|31.077880085646314|34.96951021797338|36.55113119312682|31.081784038941066|34.21753598998998|-0.74072265625|0.545654296875|-0.33154296875|-1.495361328125|2.349853515625|-0.30517578125|-1.7629540598290598|38.07980769230769|-39.74553571428571
2026-01-29 04:28:07.444845+00:00|31.07007229670444|34.96951021797338|36.55113119312682|31.0856880315132|34.18988653541351|-0.7353515625|0.555908203125|-0.32080078125|-2.25830078125|2.685546875|0.0|-1.234067841880342|38.256103098290595|-41.27421016483516
2026-01-29 04:28:07.503807+00:00|31.073976171582785|34.94968319977892|36.53912103537192|31.081784038941066|34.20963576335254|-0.72900390625|0.5732421875|-0.3154296875|-3.936767578125|3.326416015625|-0.335693359375|-0.8814770299145299|39.66646634615385|-40.93450473137973
2026-01-29 04:28:07.562724+00:00|31.081784038941066|34.94968319977892|36.531114789890125|31.073976171582785|34.18988653541351|-0.737548828125|0.556640625|-0.32275390625|-2.471923828125|2.777099609375|-0.6103515625|-0.8814770299145299|38.256103098290595|-40.93450473137973
2026-01-29 04:28:07.621695+00:00|31.081784038941066|34.95364843213957|36.53912103537192|31.077880085646314|34.19383622820328|-0.7275390625|0.55419921875|-0.349365234375|-2.716064453125|2.044677734375|-0.396728515625|-1.9392494658119657|38.608693910256406|-40.93450473137973
2026-01-29 04:28:07.680802+00:00|31.081784038941066|34.94571805296039|36.54312431596884|31.09740024535421|34.20568576487119|-0.724853515625|0.563720703125|-0.359619140625|-1.983642578125|2.38037109375|-0.396728515625|-1.5866586538461538|38.608693910256406|-40.93450473137973
2026-01-29 04:28:07.739789+00:00|31.081784038941066|34.9417529916355|36.531114789890125|31.089592063408645|34.19383622820328|-0.73291015625|0.54443359375|-0.35302734375|-0.54931640625|1.861572265625|0.396728515625|-1.7629540598290598|37.72721688034188|-40.42494658119658
2026-01-29 04:28:07.798772+00:00|31.0856880315132|34.933823125272625|36.53511786002912|31.077880085646314|34.20963576335254|-0.734375|0.552978515625|-0.3369140625|-0.79345703125|2.410888671875|-0.152587890625|-2.2918402777777778|38.256103098290595|-39.915388431013426
2026-01-29 04:28:07.857748+00:00|31.081784038941066|34.92589360030274|36.531114789890125|31.089592063408645|34.20963576335254|-0.7275390625|0.569091796875|-0.362060546875|-0.457763671875|2.3193359375|0.030517578125|-1.0577724358974359|38.4323985042735|-41.44406288156288
2026-01-29 04:28:07.916620+00:00|31.073976171582785|34.91003557299018|36.52310896502195|31.093496134673615|34.19383622820328|-0.731201171875|0.545654296875|-0.345947265625|0.06103515625|1.8310546875|0.48828125|-0.8814770299145299|37.90351228632478|-40.25509386446887
2026-01-29 04:28:07.975339+00:00|31.093496134673615|34.917964416337725|36.51910621019192|31.0856880315132|34.20568576487119|-0.73388671875|0.543701171875|-0.3515625|0.579833984375|1.739501953125|0.30517578125|-1.4103632478632477|38.4323985042735|-41.44406288156288
2026-01-29 04:28:08.034208+00:00|31.089592063408645|34.913999952111|36.531114789890125|31.089592063408645|34.19383622820328|-0.719970703125|0.55712890625|-0.3623046875|1.556396484375|1.77001953125|0.6103515625|-0.7051816239316239|37.37462606837607|-41.44406288156288
2026-01-29 04:28:08.093004+00:00|31.093496134673615|34.90210706987227|36.51910621019192|31.09740024535421|34.185936918927155|-0.71630859375|0.556884765625|-0.362548828125|1.77001953125|1.495361328125|0.8544921875|-0.17629540598290597|37.19833066239316|-40.5947992979243
2026-01-29 04:28:08.151839+00:00|31.1013043954963|34.90210706987227|36.52310896502195|31.1013043954963|34.19383622820328|-0.743896484375|0.541259765625|-0.3271484375|0.18310546875|2.593994140625|0.030517578125|-1.9392494658119657|38.608693910256406|-41.27421016483516
2026-01-29 04:28:08.210489+00:00|31.093496134673615|34.89417890659644|36.51510356036408|31.10520858514616|34.174088526811204|-0.730224609375|0.537353515625|-0.357666015625|1.800537109375|1.617431640625|1.0986328125|-0.7051816239316239|38.07980769230769|-40.08524114774115
2026-01-29 04:28:08.269232+00:00|31.093496134673615|34.87435998267358|36.50309624038999|31.10520858514616|34.19383622820328|-0.725830078125|0.54052734375|-0.33984375|-0.67138671875|2.410888671875|0.457763671875|-1.234067841880342|37.90351228632478|-39.915388431013426
2026-01-29 04:28:08.327850+00:00|31.1013043954963|34.88228729803916|36.50309624038999|31.10520858514616|34.17803791467372|-0.731689453125|0.519287109375|-0.35595703125|0.18310546875|1.617431640625|0.640869140625|-2.1155448717948717|37.022035256410255|-40.08524114774115
2026-01-29 04:28:08.386516+00:00|31.10911281434977|34.87435998267358|36.51510356036408|31.10520858514616|34.185936918927155|-0.730712890625|0.535888671875|-0.33642578125|0.091552734375|2.105712890625|0.732421875|-0.7051816239316239|37.72721688034188|-40.42494658119658
2026-01-29 04:28:08.445961+00:00|31.1013043954963|34.87832359802138|36.50709857551345|31.10911281434977|34.181987378696476|-0.742919921875|0.53173828125|-0.3115234375|-0.54931640625|2.410888671875|0.579833984375|-1.5866586538461538|38.256103098290595|-40.25509386446887
2026-01-29 04:28:08.504791+00:00|31.10520858514616|34.86643300579408|36.50709857551345|31.10911281434977|34.185936918927155|-0.744140625|0.53564453125|-0.312255859375|-1.0986328125|2.62451171875|0.244140625|-2.1155448717948717|38.07980769230769|-41.44406288156288
2026-01-29 04:28:08.563492+00:00|31.093496134673615|34.86246964416563|36.499094010067154|31.10911281434977|34.19383622820328|-0.739013671875|0.5302734375|-0.315673828125|-2.655029296875|2.899169921875|-0.030517578125|-1.9392494658119657|37.90351228632478|-40.5947992979243
2026-01-29 04:28:08.622060+00:00|31.1013043954963|34.8426541022003|36.49108986362222|31.10911281434977|34.185936918927155|-0.744384765625|0.538330078125|-0.302001953125|-2.50244140625|3.23486328125|0.18310546875|-0.17629540598290597|36.84573985042735|-40.93450473137973
2026-01-29 04:28:08.681008+00:00|31.113017083153295|34.846617041931154|36.483086135775864|31.10911281434977|34.19383622820328|-0.748046875|0.545166015625|-0.30126953125|-3.082275390625|3.47900390625|-0.457763671875|-1.9392494658119657|37.90351228632478|-40.93450473137973
2026-01-29 04:28:08.739781+00:00|31.113017083153295|34.83869124670389|36.49108986362222|31.116921391602773|34.181987378696476|-0.729248046875|0.549072265625|-0.333984375|-2.0751953125|2.44140625|-0.030517578125|-2.1155448717948717|39.84276175213675|-40.764652014652015
2026-01-29 04:28:08.798969+00:00|31.120825739744248|34.83076578822056|36.49108986362222|31.124730127623934|34.17803791467372|-0.72607421875|0.54541015625|-0.35205078125|-1.312255859375|1.953125|-0.18310546875|-1.7629540598290598|36.669444444444444|-40.08524114774115
2026-01-29 04:28:08.857399+00:00|31.113017083153295|34.82680318513695|36.483086135775864|31.116921391602773|34.17803791467372|-0.72900390625|0.546630859375|-0.34375|-2.0751953125|1.922607421875|-0.518798828125|-1.234067841880342|37.90351228632478|-40.5947992979243
2026-01-29 04:28:08.916436+00:00|31.10911281434977|34.82284066609424|36.483086135775864|31.124730127623934|34.174088526811204|-0.722900390625|0.548095703125|-0.364990234375|-2.838134765625|2.3193359375|-1.312255859375|0.7051816239316239|37.37462606837607|-40.42494658119658
2026-01-29 04:28:08.975460+00:00|31.113017083153295|34.81491587993793|36.47508282612529|31.12863455528776|34.181987378696476|-0.722412109375|0.54052734375|-0.34814453125|-0.885009765625|1.800537109375|-1.556396484375|-1.4103632478632477|38.78498931623931|-41.783768315018314
2026-01-29 04:28:09.034272+00:00|31.120825739744248|34.8069914293647|36.46707993426793|31.10911281434977|34.181987378696476|-0.728271484375|0.56005859375|-0.34375|-2.410888671875|3.11279296875|-1.983642578125|-0.7051816239316239|38.4323985042735|-40.42494658119658
2026-01-29 04:28:09.093322+00:00|31.124730127623934|34.8069914293647|36.47908442870124|31.116921391602773|34.181987378696476|-0.71728515625|0.550048828125|-0.35888671875|-1.739501953125|3.7841796875|-5.126953125|-1.4103632478632477|37.022035256410255|-40.42494658119658
2026-01-29 04:28:09.152050+00:00|31.124730127623934|34.80302932980095|36.46707993426793|31.124730127623934|34.17013921506111|-0.833984375|0.552490234375|-0.25927734375|-2.5634765625|0.579833984375|-5.18798828125|-1.9392494658119657|39.313875534188035|-41.27421016483516
2026-01-29 04:28:09.210839+00:00|31.132539022781884|34.78718176856995|36.47508282612529|31.132539022781884|34.17013921506111|-0.74853515625|0.52392578125|-0.33251953125|-1.983642578125|3.72314453125|2.197265625|0.0|38.07980769230769|-40.42494658119658
2026-01-29 04:28:09.269557+00:00|31.120825739744248|34.78718176856995|36.47508282612529|31.13644353015229|34.19383622820328|-0.741943359375|0.530029296875|-0.345703125|0.396728515625|1.64794921875|-0.335693359375|-1.0577724358974359|37.37462606837607|-41.10435744810745
2026-01-29 04:28:09.328887+00:00|31.113017083153295|34.77529697516883|36.463078644885854|31.132539022781884|34.17803791467372|-0.744140625|0.533935546875|-0.333984375|-1.0986328125|2.349853515625|0.732421875|-0.8814770299145299|39.313875534188035|-40.25509386446887
2026-01-29 04:28:09.388385+00:00|31.124730127623934|34.76341293247975|36.4550763789635|31.12863455528776|34.185936918927155|-0.74755859375|0.533203125|-0.33203125|-1.03759765625|2.349853515625|0.091552734375|-0.7051816239316239|38.78498931623931|-41.783768315018314
2026-01-29 04:28:09.447315+00:00|31.12863455528776|34.76737419671082|36.4550763789635|31.124730127623934|34.16224081970705|-0.73974609375|0.53662109375|-0.343017578125|-0.9765625|2.227783203125|0.335693359375|-0.5288862179487179|39.313875534188035|-40.93450473137973
2026-01-29 04:28:09.506745+00:00|31.12863455528776|34.76737419671082|36.4510754023226|31.12863455528776|34.15434272822972|-0.74072265625|0.53271484375|-0.349365234375|-1.434326171875|2.227783203125|-0.152587890625|-0.8814770299145299|38.256103098290595|-39.915388431013426
2026-01-29 04:28:09.566137+00:00|31.14034807744531|34.75549065377197|36.4550763789635|31.132539022781884|34.15829173600764|-0.7412109375|0.52587890625|-0.351806640625|-1.15966796875|2.105712890625|-0.091552734375|-1.234067841880342|38.96128472222222|-42.29332646520146
2026-01-29 04:28:09.625024+00:00|31.14034807744531|34.751529639198566|36.4510754023226|31.13644353015229|34.185936918927155|-0.7431640625|0.533447265625|-0.337646484375|-1.220703125|2.349853515625|-0.030517578125|-0.7051816239316239|39.13758012820512|-40.764652014652015
2026-01-29 04:28:09.683965+00:00|31.132539022781884|34.74756870774786|36.4510754023226|31.14034807744531|34.17013921506111|-0.7412109375|0.53515625|-0.34326171875|-1.068115234375|2.471923828125|0.030517578125|-1.7629540598290598|38.78498931623931|-41.10435744810745
2026-01-29 04:28:09.742928+00:00|31.124730127623934|34.751529639198566|36.44707452982817|31.13644353015229|34.18988653541351|-0.739990234375|0.539794921875|-0.3408203125|-1.15966796875|2.471923828125|0.152587890625|-1.4103632478632477|38.4323985042735|-40.42494658119658
2026-01-29 04:28:09.801881+00:00|31.132539022781884|34.735686411648715|36.439073097077426|31.14034807744531|34.16224081970705|-0.742919921875|0.536376953125|-0.33837890625|-1.129150390625|2.716064453125|0.1220703125|-1.7629540598290598|39.13758012820512|-41.10435744810745
2026-01-29 04:28:09.860850+00:00|31.14034807744531|34.74360785937154|36.435072536720725|31.14034807744531|34.17803791467372|-0.737060546875|0.535400390625|-0.344970703125|-1.15966796875|3.021240234375|1.312255859375|-0.35259081196581193|38.4323985042735|-40.764652014652015
2026-01-29 04:28:09.919823+00:00|31.13644353015229|34.73964709402128|36.431072080309264|31.13644353015229|34.166189979375645|-0.731689453125|0.533935546875|-0.358154296875|-0.6103515625|1.922607421875|0.152587890625|-1.0577724358974359|37.72721688034188|-40.42494658119658
2026-01-29 04:28:09.979171+00:00|31.13644353015229|34.73964709402128|36.439073097077426|31.14815729198301|34.16224081970705|-0.750244140625|0.5341796875|-0.31689453125|-1.220703125|2.777099609375|-0.030517578125|-0.7051816239316239|39.13758012820512|-40.42494658119658
2026-01-29 04:28:10.038018+00:00|31.132539022781884|34.727765295644076|36.435072536720725|31.14034807744531|34.13065027323921|-0.73974609375|0.549072265625|-0.318603515625|-0.732421875|2.13623046875|0.54931640625|-0.7051816239316239|39.13758012820512|-41.10435744810745
2026-01-29 04:28:10.096831+00:00|31.14425266470687|34.735686411648715|36.435072536720725|31.14425266470687|34.150393796325545|-0.73779296875|0.5615234375|-0.322998046875|-4.8828125|4.547119140625|-2.471923828125|-1.4103632478632477|38.78498931623931|-39.74553571428571
2026-01-29 04:28:10.155804+00:00|31.124730127623934|34.727765295644076|36.42707172779291|31.14425266470687|34.14644494024719|-0.737548828125|0.54541015625|-0.33447265625|0.732421875|1.434326171875|0.946044921875|-0.5288862179487179|37.90351228632478|-39.23597756410256
2026-01-29 04:28:10.214698+00:00|31.12863455528776|34.71984451097126|36.419071334244165|31.14425266470687|34.14644494024719|-0.75732421875|0.5185546875|-0.3134765625|3.23486328125|0.396728515625|2.471923828125|-1.0577724358974359|39.84276175213675|-40.08524114774115
2026-01-29 04:28:10.273630+00:00|31.14815729198301|34.727765295644076|36.41507129311134|31.132539022781884|34.1345988264909|-0.73046875|0.537353515625|-0.37744140625|-1.617431640625|2.410888671875|0.091552734375|-0.7051816239316239|37.72721688034188|-40.42494658119658
2026-01-29 04:28:10.332510+00:00|31.13644353015229|34.73172581220581|36.419071334244165|31.13644353015229|34.13854745537765|-0.76611328125|0.524169921875|-0.293701171875|-2.38037109375|2.532958984375|1.46484375|-1.234067841880342|38.96128472222222|-41.613915598290596
2026-01-29 04:28:10.391480+00:00|31.14034807744531|34.72380486191531|36.41507129311134|31.14034807744531|34.13854745537765|-0.7333984375|0.57177734375|-0.331298828125|-7.38525390625|7.99560546875|-6.7138671875|-1.0577724358974359|38.4323985042735|-41.10435744810745
2026-01-29 04:28:10.450338+00:00|31.14425266470687|34.71984451097126|36.411071355672675|31.14034807744531|34.14249615994726|-0.73193359375|0.543701171875|-0.33935546875|-0.030517578125|1.953125|0.732421875|-2.64443108974359|37.90351228632478|-40.93450473137973
2026-01-29 04:28:10.509232+00:00|31.14034807744531|34.71588424276371|36.41507129311134|31.14815729198301|34.13065027323921|-0.73291015625|0.52490234375|-0.348388671875|-2.655029296875|3.814697265625|-0.579833984375|-1.7629540598290598|37.72721688034188|-39.40583028083028
2026-01-29 04:28:10.567975+00:00|31.14034807744531|34.70400393407715|36.39907216501848|31.14815729198301|34.11880506681746|-0.737548828125|0.533935546875|-0.343017578125|-1.129150390625|2.38037109375|0.640869140625|-1.0577724358974359|37.022035256410255|-42.463179181929185
2026-01-29 04:28:10.627271+00:00|31.14034807744531|34.70400393407715|36.395072641853574|31.14815729198301|34.11090863983674|-0.738525390625|0.538330078125|-0.341796875|-1.495361328125|2.62451171875|0.42724609375|-1.5866586538461538|38.96128472222222|-41.27421016483516
2026-01-29 04:28:10.686102+00:00|31.14815729198301|34.711924057244346|36.391073222131695|31.14034807744531|34.09511668967963|-0.7392578125|0.543701171875|-0.3408203125|-1.5869140625|2.655029296875|0.030517578125|-1.7629540598290598|38.07980769230769|-40.764652014652015
2026-01-29 04:28:10.745126+00:00|31.14815729198301|34.70796395436486|36.395072641853574|31.14034807744531|34.10301251425136|-0.7451171875|0.536865234375|-0.335205078125|-2.50244140625|3.509521484375|0.030517578125|-0.8814770299145299|39.66646634615385|-39.915388431013426
2026-01-29 04:28:10.803951+00:00|31.14815729198301|34.70400393407715|36.395072641853574|31.152061959319894|34.12670179557489|-0.745849609375|0.5458984375|-0.331298828125|-4.5166015625|5.401611328125|-3.0517578125|-0.8814770299145299|38.608693910256406|-40.5947992979243
2026-01-29 04:28:10.862922+00:00|31.152061959319894|34.711924057244346|36.395072641853574|31.14815729198301|34.11880506681746|-0.73193359375|0.53857421875|-0.349609375|-1.8310546875|3.204345703125|-0.91552734375|-1.0577724358974359|38.4323985042735|-42.12347374847374
2026-01-29 04:28:10.921945+00:00|31.14425266470687|34.69608414108376|36.395072641853574|31.14425266470687|34.075378442681824|-0.7275390625|0.536865234375|-0.35009765625|0.06103515625|1.434326171875|0.732421875|-1.4103632478632477|39.13758012820512|-40.42494658119658
2026-01-29 04:28:10.981236+00:00|31.14034807744531|34.69608414108376|36.383074692815626|31.152061959319894|34.08722116574012|-0.744140625|0.544189453125|-0.3349609375|-0.18310546875|1.77001953125|-0.396728515625|0.0|39.49017094017094|-41.10435744810745
2026-01-29 04:28:11.040277+00:00|31.14815729198301|34.68816467787826|36.36707887328936|31.13644353015229|34.07143101823192|-0.738037109375|0.5400390625|-0.341064453125|-3.90625|4.730224609375|-2.25830078125|-2.2918402777777778|37.19833066239316|-40.93450473137973
2026-01-29 04:28:11.099236+00:00|31.14425266470687|34.68816467787826|36.37907558312111|31.13644353015229|34.067483668654006|-0.734619140625|0.526123046875|-0.337890625|-1.64794921875|2.777099609375|-0.274658203125|-1.5866586538461538|38.608693910256406|-41.953621031746025
2026-01-29 04:28:11.158349+00:00|31.14034807744531|34.68816467787826|36.375076576668675|31.14425266470687|34.067483668654006|-0.743896484375|0.53515625|-0.333251953125|-0.579833984375|1.495361328125|0.701904296875|-1.9392494658119657|38.96128472222222|-39.915388431013426
2026-01-29 04:28:11.217775+00:00|31.14425266470687|34.69608414108376|36.37107767340814|31.14815729198301|34.067483668654006|-0.733154296875|0.53857421875|-0.34814453125|-2.105712890625|2.960205078125|-1.251220703125|0.17629540598290597|38.608693910256406|-40.25509386446887
2026-01-29 04:28:11.276847+00:00|31.13644353015229|34.68024554407481|36.37107767340814|31.14034807744531|34.04774804217641|-0.73291015625|0.532958984375|-0.35302734375|0.732421875|2.899169921875|-0.79345703125|-0.8814770299145299|38.608693910256406|-41.613915598290596
2026-01-29 04:28:11.335823+00:00|31.12863455528776|34.67628610057824|36.363080176262145|31.14034807744531|34.04774804217641|-0.742919921875|0.531982421875|-0.325927734375|-4.21142578125|1.678466796875|0.244140625|-1.5866586538461538|39.313875534188035|-41.27421016483516
2026-01-29 04:28:11.394772+00:00|31.124730127623934|34.66836746015451|36.363080176262145|31.132539022781884|34.05958919392356|-0.74658203125|0.53759765625|-0.324462890625|0.946044921875|1.64794921875|1.03759765625|-0.8814770299145299|38.96128472222222|-40.5947992979243
2026-01-29 04:28:11.454012+00:00|31.124730127623934|34.66440826313095|36.35908158227625|31.132539022781884|34.03196088382958|-0.744140625|0.548095703125|-0.31591796875|-1.068115234375|2.74658203125|-0.091552734375|-0.35259081196581193|38.78498931623931|-41.44406288156288
2026-01-29 04:28:11.513432+00:00|31.120825739744248|34.66440826313095|36.351084703227855|31.113017083153295|34.0398543140214|-0.731689453125|0.53857421875|-0.334228515625|-2.685546875|3.173828125|-0.946044921875|-1.0577724358974359|37.37462606837607|-40.08524114774115
2026-01-29 04:28:11.572836+00:00|31.12863455528776|34.67232673928754|36.35908158227625|31.113017083153295|34.02012129638905|-0.74560546875|0.53125|-0.336181640625|-0.823974609375|1.8310546875|0.579833984375|-0.5288862179487179|37.55092147435897|-39.915388431013426
2026-01-29 04:28:11.631462+00:00|31.113017083153295|34.66836746015451|36.355083091281415|31.120825739744248|34.03196088382958|-0.732177734375|0.5302734375|-0.353271484375|-1.28173828125|1.983642578125|0.244140625|0.0|38.78498931623931|-41.783768315018314
2026-01-29 04:28:11.690437+00:00|31.116921391602773|34.66044914816848|36.355083091281415|31.113017083153295|34.02012129638905|-0.731201171875|0.533935546875|-0.357421875|-1.15966796875|1.617431640625|0.457763671875|-1.5866586538461538|39.66646634615385|-40.93450473137973
2026-01-29 04:28:11.749814+00:00|31.10520858514616|34.656490115219185|36.351084703227855|31.10911281434977|34.02012129638905|-0.74169921875|0.531005859375|-0.34619140625|0.732421875|1.068115234375|1.28173828125|-1.7629540598290598|38.78498931623931|-40.764652014652015
2026-01-29 04:28:11.808798+00:00|31.09740024535421|34.64857229516656|36.34708641806492|31.113017083153295|34.02012129638905|-0.74658203125|0.5322265625|-0.357177734375|-0.30517578125|1.708984375|0.396728515625|-0.35259081196581193|39.13758012820512|-41.44406288156288
2026-01-29 04:28:11.867452+00:00|31.093496134673615|34.64857229516656|36.33909015621123|31.10520858514616|34.0043362191164|-0.7373046875|0.531494140625|-0.35009765625|-1.3427734375|2.13623046875|0.1220703125|-0.8814770299145299|37.19833066239316|-40.25509386446887
2026-01-29 04:28:11.926360+00:00|31.10911281434977|34.65253116423446|36.331094305319255|31.093496134673615|33.98460653856762|-0.74560546875|0.56982421875|-0.3037109375|-4.39453125|3.936767578125|-1.8310546875|-0.17629540598290597|39.313875534188035|-41.613915598290596
2026-01-29 04:28:11.985477+00:00|31.09740024535421|34.64461350796705|36.34308823574281|31.1013043954963|33.97671518345055|-0.74609375|0.531005859375|-0.324951171875|-3.265380859375|3.96728515625|-1.40380859375|-1.0577724358974359|38.4323985042735|-41.10435744810745
2026-01-29 04:28:12.044328+00:00|31.093496134673615|34.64065480258762|36.33909015621123|31.093496134673615|33.98855232683866|-0.734619140625|0.538330078125|-0.331298828125|3.082275390625|-0.274658203125|3.35693359375|-0.35259081196581193|37.022035256410255|-40.764652014652015
2026-01-29 04:28:12.103187+00:00|31.089592063408645|34.64065480258762|36.32709653385854|31.093496134673615|33.97671518345055|-0.7431640625|0.53564453125|-0.332763671875|-3.47900390625|3.509521484375|-1.15966796875|-1.4103632478632477|39.49017094017094|-41.10435744810745
2026-01-29 04:28:12.162244+00:00|31.077880085646314|34.64065480258762|36.331094305319255|31.089592063408645|33.97671518345055|-0.74072265625|0.535400390625|-0.332763671875|-0.823974609375|2.01416015625|-0.06103515625|-1.4103632478632477|38.4323985042735|-40.42494658119658
2026-01-29 04:28:12.221150+00:00|31.073976171582785|34.628779176889395|36.31910129865713|31.0856880315132|33.95698808508263|-0.73828125|0.53759765625|-0.341064453125|-1.03759765625|2.38037109375|0.579833984375|-2.1155448717948717|38.4323985042735|-39.74553571428571
2026-01-29 04:28:12.280161+00:00|31.077880085646314|34.62482079830926|36.31110647341478|31.073976171582785|33.96093335758377|-0.74365234375|0.53369140625|-0.34375|-1.190185546875|2.227783203125|0.30517578125|-1.4103632478632477|38.78498931623931|-39.74553571428571
2026-01-29 04:28:12.339119+00:00|31.081784038941066|34.63273763709702|36.31910129865713|31.07007229670444|33.93726282399268|-0.7392578125|0.533203125|-0.345703125|-0.885009765625|2.44140625|0.213623046875|-0.17629540598290597|39.313875534188035|-42.29332646520146
2026-01-29 04:28:12.398080+00:00|31.073976171582785|34.62482079830926|36.323098864987855|31.089592063408645|33.95304288607264|-0.743408203125|0.538818359375|-0.343505859375|-0.06103515625|1.678466796875|1.03759765625|-1.5866586538461538|38.256103098290595|-39.915388431013426
2026-01-29 04:28:12.457435+00:00|31.077880085646314|34.62482079830926|36.323098864987855|31.073976171582785|33.95304288607264|-0.7314453125|0.5390625|-0.34716796875|-0.701904296875|1.983642578125|0.457763671875|-0.5288862179487179|38.256103098290595|-39.57568299755799
2026-01-29 04:28:12.516445+00:00|31.066168460965116|34.620862501308466|36.315103834816114|31.073976171582785|33.94909776050628|-0.738525390625|0.5390625|-0.339111328125|-1.068115234375|2.13623046875|0.1220703125|1.5866586538461538|38.608693910256406|-41.27421016483516
2026-01-29 04:28:12.575469+00:00|31.06226466431889|34.620862501308466|36.315103834816114|31.07007229670444|33.92542854675884|-0.741943359375|0.531005859375|-0.333984375|-1.5869140625|2.44140625|0.396728515625|-0.35259081196581193|38.4323985042735|-41.10435744810745
2026-01-29 04:28:12.634316+00:00|31.06226466431889|34.60898809930063|36.30311205773086|31.06226466431889|33.92148393396553|-0.733154296875|0.541259765625|-0.34130859375|-2.25830078125|2.716064453125|0.0|-0.7051816239316239|38.78498931623931|-40.764652014652015
2026-01-29 04:28:12.693249+00:00|31.06226466431889|34.60503012813575|36.29112120124995|31.0466498677427|33.92542854675884|-0.740966796875|0.536865234375|-0.338134765625|-2.471923828125|3.204345703125|-0.6103515625|-0.17629540598290597|39.313875534188035|-42.29332646520146
2026-01-29 04:28:12.752230+00:00|31.054457188121205|34.620862501308466|36.299115003347936|31.0466498677427|33.88992965789919|-0.73583984375|0.546142578125|-0.344970703125|-1.800537109375|2.777099609375|-0.30517578125|-1.7629540598290598|37.022035256410255|-40.764652014652015
2026-01-29 04:28:12.811737+00:00|31.0466498677427|34.60898809930063|36.299115003347936|31.054457188121205|33.92542854675884|-0.7373046875|0.535888671875|-0.34375|-2.197265625|3.47900390625|-0.54931640625|0.17629540598290597|36.84573985042735|-41.613915598290596
2026-01-29 04:28:12.871420+00:00|31.05055350847755|34.61294615185233|36.29511805120433|31.054457188121205|33.89387368751841|-0.738525390625|0.542724609375|-0.33740234375|-0.457763671875|1.922607421875|0.823974609375|0.35259081196581193|39.49017094017094|-40.764652014652015
2026-01-29 04:28:12.930240+00:00|31.05055350847755|34.60503012813575|36.29112120124995|31.0466498677427|33.91753939423546|-0.74609375|0.529296875|-0.342041015625|-1.556396484375|2.50244140625|-0.213623046875|-0.8814770299145299|38.608693910256406|-40.5947992979243
2026-01-29 04:28:12.989417+00:00|31.038842702814975|34.60107223830937|36.28712445343473|31.038842702814975|33.88992965789919|-0.740966796875|0.544921875|-0.349853515625|-1.03759765625|1.922607421875|1.373291015625|-0.8814770299145299|37.55092147435897|-40.25509386446887
2026-01-29 04:28:13.048128+00:00|31.031035692969283|34.60107223830937|36.28712445343473|31.038842702814975|33.89387368751841|-0.739501953125|0.54150390625|-0.3427734375|-1.5869140625|2.685546875|1.15966796875|-1.0577724358974359|39.13758012820512|-40.764652014652015
2026-01-29 04:28:13.106793+00:00|31.02713224608715|34.58919905638032|36.27113848256363|31.02322883783728|33.89387368751841|-0.737060546875|0.535400390625|-0.341552734375|-0.701904296875|1.708984375|1.708984375|-0.7051816239316239|38.78498931623931|-40.764652014652015
2026-01-29 04:28:13.165723+00:00|31.034939178529896|34.597114429773455|36.26714224469299|31.02322883783728|33.862323483025705|-0.736572265625|0.54150390625|-0.332763671875|-0.213623046875|1.495361328125|1.251220703125|0.0|37.022035256410255|-40.42494658119658
2026-01-29 04:28:13.224855+00:00|31.031035692969283|34.597114429773455|36.28312780770858|31.02322883783728|33.882041816662024|-0.733642578125|0.53759765625|-0.336181640625|-1.708984375|2.38037109375|0.06103515625|0.17629540598290597|39.313875534188035|-39.57568299755799
2026-01-29 04:28:13.283695+00:00|31.02713224608715|34.59315670247986|36.27913126402126|31.034939178529896|33.88598570096292|-0.738037109375|0.5380859375|-0.339111328125|-1.373291015625|2.777099609375|0.06103515625|-0.17629540598290597|38.608693910256406|-40.25509386446887
2026-01-29 04:28:13.342399+00:00|31.034939178529896|34.58919905638032|36.27113848256363|31.02713224608715|33.85838003353956|-0.736328125|0.535888671875|-0.337890625|0.396728515625|1.52587890625|0.3662109375|-1.0577724358974359|37.72721688034188|-40.42494658119658
2026-01-29 04:28:13.401054+00:00|31.00371237446103|34.57732660476563|36.27113848256363|31.01932546817369|33.87415426577638|-0.73583984375|0.541015625|-0.334716796875|-1.068115234375|1.922607421875|0.274658203125|-0.17629540598290597|38.96128472222222|-39.57568299755799
2026-01-29 04:28:13.459732+00:00|31.00371237446103|34.573369282961494|36.25915007441802|31.01542213705045|33.87415426577638|-0.735107421875|0.5478515625|-0.334228515625|-4.608154296875|4.364013671875|-2.13623046875|-1.234067841880342|38.96128472222222|-40.93450473137973
2026-01-29 04:28:13.518549+00:00|31.00761559024005|34.573369282961494|36.255154141913636|30.999809197037848|33.85443665635631|-0.735595703125|0.538818359375|-0.341796875|-1.220703125|2.716064453125|-0.213623046875|-1.4103632478632477|36.669444444444444|-40.08524114774115
2026-01-29 04:28:13.577326+00:00|31.00761559024005|34.56545488216574|36.25915007441802|31.01151884442112|33.834720853321244|-0.734619140625|0.54150390625|-0.349853515625|-1.068115234375|1.953125|0.274658203125|-1.5866586538461538|38.96128472222222|-39.915388431013426
2026-01-29 04:28:13.635977+00:00|31.00371237446103|34.56545488216574|36.25115831109781|31.00761559024005|33.822892236096095|-0.73095703125|0.538330078125|-0.34423828125|-0.518798828125|2.410888671875|0.8544921875|-0.35259081196581193|39.13758012820512|-41.44406288156288
2026-01-29 04:28:13.694691+00:00|30.999809197037848|34.56149780307783|36.255154141913636|30.999809197037848|33.83077790895811|-0.73193359375|0.536865234375|-0.339599609375|0.18310546875|1.8310546875|1.190185546875|-1.4103632478632477|38.78498931623931|-40.42494658119658
2026-01-29 04:28:13.753280+00:00|30.99200295707527|34.54567029433713|36.247162581920804|31.00761559024005|33.811064265751554|-0.740234375|0.54052734375|-0.33056640625|-0.67138671875|2.3193359375|0.946044921875|-1.234067841880342|37.90351228632478|-40.5947992979243
2026-01-29 04:28:13.811969+00:00|30.99200295707527|34.54567029433713|36.239171428282305|30.984196869983975|33.811064265751554|-0.736083984375|0.54541015625|-0.3369140625|-1.8310546875|2.593994140625|1.495361328125|-0.17629540598290597|38.608693910256406|-40.93450473137973
2026-01-29 04:28:13.870679+00:00|30.99200295707527|34.54567029433713|36.239171428282305|30.976390935395216|33.795294642669376|-0.73095703125|0.541015625|-0.34130859375|-2.25830078125|2.838134765625|1.5869140625|0.17629540598290597|37.19833066239316|-38.89627213064713
2026-01-29 04:28:13.929500+00:00|30.99200295707527|34.537757023860024|36.24316695433225|30.995906057924685|33.78741026057895|-0.734130859375|0.53759765625|-0.343505859375|-1.495361328125|1.953125|1.40380859375|0.0|38.78498931623931|-40.764652014652015
2026-01-29 04:28:13.988498+00:00|30.988099894443735|34.53380050942644|36.239171428282305|30.984196869983975|33.79135241587613|-0.727783203125|0.5439453125|-0.343505859375|-1.28173828125|2.044677734375|0.18310546875|-1.9392494658119657|39.313875534188035|-40.25509386446887
2026-01-29 04:28:14.047313+00:00|30.98029388364978|34.525887721928825|36.235176003720994|30.988099894443735|33.80317931093384|-0.72900390625|0.544189453125|-0.3408203125|-1.28173828125|2.288818359375|0.518798828125|0.0|38.78498931623931|-40.764652014652015
2026-01-29 04:28:14.106191+00:00|30.976390935395216|34.514019143385326|36.2311806805983|30.972488025174357|33.759817171402744|-0.7373046875|0.536376953125|-0.34375|-0.67138671875|1.922607421875|1.15966796875|-1.5866586538461538|38.608693910256406|-40.25509386446887
2026-01-29 04:28:14.165128+00:00|30.964682318648954|34.50610715893072|36.22319033846861|30.972488025174357|33.759817171402744|-0.739013671875|0.543701171875|-0.334716796875|-0.8544921875|1.953125|0.823974609375|-1.5866586538461538|38.256103098290595|-40.5947992979243
2026-01-29 04:28:14.223942+00:00|30.968585152940875|34.51006311106596|36.21120558481374|30.960779522252437|33.75193407239914|-0.72802734375|0.55029296875|-0.342041015625|-1.251220703125|2.3193359375|0.396728515625|-0.35259081196581193|38.07980769230769|-40.42494658119658
2026-01-29 04:28:14.283040+00:00|30.968585152940875|34.502151286931564|36.22319033846861|30.960779522252437|33.744051257482795|-0.7294921875|0.56005859375|-0.326171875|-1.312255859375|2.3193359375|0.213623046875|-1.4103632478632477|38.4323985042735|-40.764652014652015
2026-01-29 04:28:14.341964+00:00|30.968585152940875|34.49028415127026|36.215200401493405|30.968585152940875|33.724345460585255|-0.731201171875|0.554931640625|-0.326904296875|-1.800537109375|2.593994140625|-0.18310546875|-0.35259081196581193|37.72721688034188|-40.42494658119658
2026-01-29 04:28:14.400856+00:00|30.956876763705225|34.49028415127026|36.21120558481374|30.960779522252437|33.724345460585255|-0.73583984375|0.552490234375|-0.341064453125|-1.861572265625|2.349853515625|-0.06103515625|-1.4103632478632477|38.4323985042735|-40.08524114774115
2026-01-29 04:28:14.459784+00:00|30.94516871469932|34.486328599335025|36.21120558481374|30.968585152940875|33.72040451346555|-0.727294921875|0.5478515625|-0.34716796875|-1.373291015625|2.349853515625|0.152587890625|-0.7051816239316239|38.4323985042735|-41.44406288156288
2026-01-29 04:28:14.518663+00:00|30.94907135997471|34.4705071900724|36.20321625482035|30.956876763705225|33.716463636988465|-0.72998046875|0.54248046875|-0.346435546875|-0.6103515625|2.0751953125|0.9765625|0.0|39.13758012820512|-42.463179181929185
2026-01-29 04:28:14.578084+00:00|30.95297404296133|34.46655203713624|36.195227328982014|30.94516871469932|33.68493916262304|-0.732666015625|0.539306640625|-0.3349609375|-1.007080078125|2.532958984375|0.06103515625|-1.5866586538461538|37.90351228632478|-40.93450473137973
2026-01-29 04:28:14.636820+00:00|30.95297404296133|34.46655203713624|36.195227328982014|30.941266107089007|33.69281985896896|-0.73291015625|0.546875|-0.341064453125|-0.946044921875|2.44140625|0.8544921875|-1.5866586538461538|37.55092147435897|-40.93450473137973
2026-01-29 04:28:14.695492+00:00|30.94907135997471|34.45864197018301|36.19922174140686|30.94907135997471|33.66917861214904|-0.73095703125|0.546630859375|-0.33642578125|-1.3427734375|2.471923828125|0.274658203125|-1.4103632478632477|38.07980769230769|-41.44406288156288
2026-01-29 04:28:14.754326+00:00|30.94907135997471|34.45073222146874|36.19922174140686|30.94516871469932|33.66129875726324|-0.7373046875|0.55908203125|-0.3251953125|-1.983642578125|2.9296875|-0.3662109375|-1.4103632478632477|38.07980769230769|-40.764652014652015
2026-01-29 04:28:14.813273+00:00|30.93736353709795|34.44677746633113|36.195227328982014|30.93736353709795|33.65341918210669|-0.73291015625|0.555908203125|-0.33740234375|-2.105712890625|2.960205078125|-0.152587890625|-0.35259081196581193|37.37462606837607|-41.44406288156288
2026-01-29 04:28:14.872178+00:00|30.929558509788876|34.42700488091913|36.195227328982014|30.941266107089007|33.64553988630075|-0.725830078125|0.553955078125|-0.34765625|-1.190185546875|2.50244140625|0.48828125|-0.8814770299145299|37.55092147435897|-41.27421016483516
2026-01-29 04:28:14.931044+00:00|30.933461004679884|34.41909640132059|36.17925068817175|30.93736353709795|33.62978213122625|-0.731689453125|0.543701171875|-0.34033203125|-0.640869140625|1.953125|0.54931640625|-1.4103632478632477|37.37462606837607|-40.08524114774115
2026-01-29 04:28:14.990154+00:00|30.93736353709795|34.423050601555985|36.175256779941776|30.929558509788876|33.61008650198704|-0.73583984375|0.5390625|-0.338623046875|-1.434326171875|2.197265625|0.762939453125|-1.5866586538461538|36.49314903846154|-39.57568299755799
2026-01-29 04:28:15.048812+00:00|30.921753632403636|34.41909640132059|36.18723880689902|30.925656052378827|33.606147584279995|-0.721435546875|0.552978515625|-0.341064453125|-1.52587890625|2.197265625|0.79345703125|-0.35259081196581193|37.022035256410255|-40.08524114774115
2026-01-29 04:28:15.107749+00:00|30.913948904574056|34.411188238041234|36.17126297240094|30.925656052378827|33.606147584279995|-0.729736328125|0.551025390625|-0.328125|-1.15966796875|2.685546875|0.640869140625|-0.17629540598290597|36.84573985042735|-40.93450473137973
2026-01-29 04:28:15.166501+00:00|30.913948904574056|34.411188238041234|36.167269265499215|30.91785124981743|33.59039260567795|-0.73388671875|0.5517578125|-0.3330078125|-1.373291015625|2.685546875|0.213623046875|-1.234067841880342|37.55092147435897|-40.5947992979243
2026-01-29 04:28:15.225385+00:00|30.902242092440474|34.39932658538157|36.167269265499215|30.910046596627467|33.58251553105072|-0.722900390625|0.558837890625|-0.334716796875|-1.800537109375|2.74658203125|-0.640869140625|-2.2918402777777778|37.90351228632478|-41.613915598290596
2026-01-29 04:28:15.284198+00:00|30.89833989610804|34.383512152038236|36.15928215341398|30.90614432593162|33.5746387323681|-0.7265625|0.556396484375|-0.335205078125|-1.708984375|2.655029296875|-0.579833984375|-0.7051816239316239|37.72721688034188|-41.10435744810745
2026-01-29 04:28:15.342894+00:00|30.913948904574056|34.38746564228188|36.1512954432867|30.89833989610804|33.558885961324734|-0.73095703125|0.557861328125|-0.34423828125|-0.823974609375|2.166748046875|0.030517578125|-0.8814770299145299|37.55092147435897|-40.93450473137973
2026-01-29 04:28:15.402310+00:00|30.902242092440474|34.383512152038236|36.15928215341398|30.902242092440474|33.52344624097168|-0.727294921875|0.5498046875|-0.344970703125|-1.739501953125|2.62451171875|0.152587890625|-0.7051816239316239|39.13758012820512|-41.783768315018314
2026-01-29 04:28:15.461350+00:00|30.89833989610804|34.3795587404428|36.1512954432867|30.89443773688828|33.535258864892285|-0.7265625|0.5478515625|-0.345458984375|-1.0986328125|2.227783203125|0.18310546875|-0.17629540598290597|38.608693910256406|-41.27421016483516
2026-01-29 04:28:15.520163+00:00|30.89443773688828|34.37165215300496|36.1552887481306|30.902242092440474|33.503759899355146|-0.7333984375|0.54638671875|-0.32666015625|-1.220703125|2.197265625|0.3662109375|-0.7051816239316239|38.07980769230769|-41.44406288156288
2026-01-29 04:28:15.579102+00:00|30.886633529602364|34.36769897706648|36.1512954432867|30.89443773688828|33.511634231547475|-0.730224609375|0.5634765625|-0.325439453125|-2.105712890625|2.655029296875|0.0|-1.0577724358974359|38.07980769230769|-40.764652014652015
2026-01-29 04:28:15.638515+00:00|30.87882947021461|34.35583991979854|36.14730223883254|30.882731481444296|33.511634231547475|-0.72265625|0.555908203125|-0.33740234375|-2.044677734375|2.777099609375|-0.79345703125|-0.5288862179487179|37.19833066239316|-40.5947992979243
2026-01-29 04:28:15.697369+00:00|30.87882947021461|34.347934273263434|36.13532322730953|30.89443773688828|33.49588583932797|-0.736328125|0.569580078125|-0.340576171875|-2.0751953125|3.11279296875|-0.640869140625|0.0|38.07980769230769|-40.764652014652015
2026-01-29 04:28:15.756153+00:00|30.886633529602364|34.35583991979854|36.12733772066156|30.871025558356678|33.46832876707907|-0.729248046875|0.550048828125|-0.34326171875|-0.762939453125|1.8310546875|0.335693359375|0.0|38.07980769230769|-41.44406288156288
2026-01-29 04:28:15.815086+00:00|30.882731481444296|34.347934273263434|36.13532322730953|30.87882947021461|33.44864717348037|-0.7236328125|0.544921875|-0.345458984375|-0.579833984375|1.617431640625|0.67138671875|-1.4103632478632477|38.07980769230769|-39.40583028083028
2026-01-29 04:28:15.874089+00:00|30.882731481444296|34.34398156734528|36.12733772066156|30.871025558356678|33.46832876707907|-0.73095703125|0.54296875|-0.33837890625|-1.28173828125|2.5634765625|0.274658203125|-1.5866586538461538|37.90351228632478|-39.915388431013426
2026-01-29 04:28:15.933635+00:00|30.87492749586744|34.34002893959598|36.13133042391536|30.87492749586744|33.440775008034564|-0.737548828125|0.552001953125|-0.328857421875|-1.251220703125|2.3193359375|0.1220703125|-0.5288862179487179|38.256103098290595|-40.25509386446887
2026-01-29 04:28:15.992210+00:00|30.871025558356678|34.33607638996796|36.12334511749822|30.871025558356678|33.43683902626441|-0.728515625|0.564697265625|-0.3349609375|-1.617431640625|2.532958984375|-0.274658203125|-0.8814770299145299|38.96128472222222|-41.27421016483516
2026-01-29 04:28:16.050427+00:00|30.85931996638243|34.32026697170852|36.11935261437543|30.863221793660216|33.42503148419894|-0.728515625|0.559326171875|-0.328369140625|-2.227783203125|2.777099609375|-0.762939453125|0.17629540598290597|37.90351228632478|-40.93450473137973
2026-01-29 04:28:16.110005+00:00|30.871025558356678|34.316314811967516|36.10737570475197|30.85151642173787|33.42109577110165|-0.727294921875|0.556396484375|-0.345947265625|-0.91552734375|2.105712890625|-0.18310546875|-1.5866586538461538|37.55092147435897|-41.27421016483516
2026-01-29 04:28:16.169177+00:00|30.863221793660216|34.32817152488337|36.1113679080521|30.855418175756995|33.389612476172545|-0.7294921875|0.54931640625|-0.351806640625|-1.007080078125|1.922607421875|0.42724609375|-1.4103632478632477|38.78498931623931|-39.40583028083028
2026-01-29 04:28:16.228498+00:00|30.855418175756995|34.32026697170852|36.11935261437543|30.85931996638243|33.37780734197696|-0.7265625|0.544921875|-0.3427734375|-0.579833984375|2.44140625|0.18310546875|0.0|36.31685363247863|-40.08524114774115
2026-01-29 04:28:16.287545+00:00|30.85151642173787|34.30841072593893|36.10737570475197|30.847614704278783|33.389612476172545|-0.728271484375|0.552734375|-0.335205078125|-1.77001953125|2.410888671875|-0.640869140625|0.0|38.78498931623931|-40.764652014652015
2026-01-29 04:28:16.346422+00:00|30.847614704278783|34.316314811967516|36.1113679080521|30.85151642173787|33.373872430371364|-0.732666015625|0.555908203125|-0.34912109375|-0.640869140625|2.01416015625|0.396728515625|-1.0577724358974359|38.78498931623931|-41.44406288156288
2026-01-29 04:28:16.405644+00:00|30.83981137885729|34.300506950862314|36.10338360129305|30.84371302333392|33.3541988686697|-0.729736328125|0.54931640625|-0.335693359375|-0.67138671875|2.44140625|0.335693359375|-0.35259081196581193|38.07980769230769|-41.10435744810745
2026-01-29 04:28:16.464793+00:00|30.828106663775827|34.29655517981149|36.095399693699505|30.847614704278783|33.314856708053014|-0.728515625|0.551513671875|-0.341064453125|-1.495361328125|2.166748046875|0.335693359375|-1.5866586538461538|37.90351228632478|-40.25509386446887
2026-01-29 04:28:16.524060+00:00|30.828106663775827|34.28470033203382|36.0834245798726|30.828106663775827|33.326658663426315|-0.736328125|0.54638671875|-0.333984375|-0.48828125|1.800537109375|0.48828125|-1.4103632478632477|37.37462606837607|-40.764652014652015
2026-01-29 04:28:16.583203+00:00|30.832008199124232|34.28470033203382|36.0834245798726|30.824205164711543|33.314856708053014|-0.728515625|0.546875|-0.345947265625|-0.3662109375|1.89208984375|0.762939453125|-0.7051816239316239|37.37462606837607|-40.08524114774115
2026-01-29 04:28:16.642166+00:00|30.828106663775827|34.2807488710734|36.07943307441445|30.816402275250823|33.29518809736345|-0.72509765625|0.550048828125|-0.3369140625|-0.79345703125|2.38037109375|0.335693359375|-0.35259081196581193|38.4323985042735|-40.08524114774115
2026-01-29 04:28:16.701132+00:00|30.816402275250823|34.2807488710734|36.0834245798726|30.828106663775827|33.28338771783774|-0.736083984375|0.55126953125|-0.3271484375|-1.0986328125|2.532958984375|-0.1220703125|-2.468135683760684|39.13758012820512|-40.42494658119658
2026-01-29 04:28:16.759915+00:00|30.820303701885223|34.268894952418975|36.07943307441445|30.820303701885223|33.29912168822784|-0.730224609375|0.563720703125|-0.331298828125|-1.068115234375|2.50244140625|0.091552734375|-0.5288862179487179|38.96128472222222|-39.915388431013426
2026-01-29 04:28:16.819042+00:00|30.808599530373954|34.268894952418975|36.075441668449|30.816402275250823|33.27552112523949|-0.7275390625|0.5537109375|-0.344970703125|-1.52587890625|2.349853515625|0.1220703125|-1.0577724358974359|38.07980769230769|-41.783768315018314
2026-01-29 04:28:16.877964+00:00|30.80469821203934|34.2530908089559|36.075441668449|30.808599530373954|33.25192291331393|-0.726806640625|0.553955078125|-0.339599609375|-1.46484375|2.349853515625|0.091552734375|-0.5288862179487179|37.19833066239316|-41.27421016483516
2026-01-29 04:28:16.937096+00:00|30.80469821203934|34.245189199824665|36.05548612926606|30.808599530373954|33.24799010585491|-0.734375|0.547607421875|-0.3330078125|-0.579833984375|2.3193359375|0.48828125|-1.5866586538461538|37.90351228632478|-41.953621031746025
2026-01-29 04:28:16.996572+00:00|30.80469821203934|34.260992726359746|36.05149531920995|30.80469821203934|33.22439462399166|-0.728759765625|0.555419921875|-0.336181640625|-0.579833984375|2.105712890625|0.518798828125|-2.1155448717948717|37.72721688034188|-40.764652014652015
2026-01-29 04:28:17.057981+00:00|30.808599530373954|34.25704172909985|36.06346804700945|30.80469821203934|33.23619207315744|-0.73388671875|0.55615234375|-0.328125|-1.3427734375|2.593994140625|0.06103515625|-1.9392494658119657|36.84573985042735|-39.57568299755799
2026-01-29 04:28:17.116601+00:00|30.800796929712646|34.245189199824665|36.047504608297686|30.796895683347884|33.20080147117608|-0.72802734375|0.55859375|-0.330078125|-1.28173828125|2.471923828125|-0.3662109375|-0.7051816239316239|38.78498931623931|-41.10435744810745
2026-01-29 04:28:17.174257+00:00|30.800796929712646|34.237287898583475|36.05548612926606|30.789093298319756|33.21652998143833|-0.725830078125|0.5556640625|-0.336181640625|-1.52587890625|2.62451171875|-0.213623046875|-1.0577724358974359|37.72721688034188|-40.764652014652015
2026-01-29 04:28:17.231797+00:00|30.789093298319756|34.237287898583475|36.04351399647982|30.796895683347884|33.196869504762276|-0.72314453125|0.55517578125|-0.34375|-2.01416015625|2.655029296875|0.06103515625|0.17629540598290597|37.19833066239316|-38.89627213064713
2026-01-29 04:28:17.289236+00:00|30.781291056586724|34.22148621824175|36.03553306992785|30.792994472898897|33.17721063725298|-0.72705078125|0.550048828125|-0.338134765625|-1.46484375|2.410888671875|-0.244140625|-1.0577724358974359|38.78498931623931|-40.764652014652015
2026-01-29 04:28:17.346683+00:00|30.777389989340918|34.2254365231791|36.04351399647982|30.777389989340918|33.165416086703374|-0.729248046875|0.55029296875|-0.3349609375|-1.77001953125|2.50244140625|-0.06103515625|-0.17629540598290597|39.313875534188035|-40.93450473137973
2026-01-29 04:28:17.404080+00:00|30.781291056586724|34.22938690485|36.03952348370649|30.78519215956436|33.17327905633408|-0.726806640625|0.54736328125|-0.3369140625|-1.708984375|2.44140625|-0.335693359375|0.0|38.78498931623931|-40.42494658119658
2026-01-29 04:28:17.461427+00:00|30.773488957780728|34.21753598998998|36.03553306992785|30.78519215956436|33.161484697897606|-0.727783203125|0.5595703125|-0.33935546875|-1.64794921875|2.655029296875|-0.244140625|-0.8814770299145299|36.84573985042735|-40.5947992979243
2026-01-29 04:28:17.518914+00:00|30.769587961860395|34.22148621824175|36.02356242206298|30.769587961860395|33.1339667640504|-0.73486328125|0.554931640625|-0.33056640625|-1.52587890625|2.349853515625|-0.244140625|-1.234067841880342|37.19833066239316|-40.93450473137973
2026-01-29 04:28:17.576345+00:00|30.765687001533593|34.2254365231791|36.02755253915586|30.773488957780728|33.12217431899319|-0.724853515625|0.55419921875|-0.34375|-1.64794921875|2.410888671875|-0.152587890625|-0.5288862179487179|38.608693910256406|-41.953621031746025
2026-01-29 04:28:17.633793+00:00|30.76178607675456|34.20963576335254|36.02755253915586|30.769587961860395|33.12610507047566|-0.722900390625|0.55712890625|-0.345947265625|-1.678466796875|2.74658203125|0.0|-2.1155448717948717|38.78498931623931|-39.40583028083028
2026-01-29 04:28:17.691307+00:00|30.76178607675456|34.1977859973444|36.003613317541294|30.757885187477257|33.10645194733422|-0.728515625|0.550537109375|-0.3271484375|-0.732421875|2.197265625|0.1220703125|-0.35259081196581193|37.72721688034188|-40.764652014652015
2026-01-29 04:28:17.748687+00:00|30.76178607675456|34.20568576487119|36.01159266336032|30.76178607675456|33.13003588547912|-0.72607421875|0.5537109375|-0.336181640625|-1.0986328125|2.01416015625|0.244140625|-1.5866586538461538|37.55092147435897|-40.93450473137973
2026-01-29 04:28:17.806125+00:00|30.757885187477257|34.20173584288443|36.003613317541294|30.753984333655467|33.09073058825487|-0.7275390625|0.537841796875|-0.3447265625|-1.03759765625|2.227783203125|0.244140625|-0.8814770299145299|37.90351228632478|-40.93450473137973
2026-01-29 04:28:17.863542+00:00|30.750083515243375|34.18988653541351|35.99962379247745|30.753984333655467|33.07501023875085|-0.72607421875|0.559326171875|-0.3408203125|-1.495361328125|2.3193359375|-0.1220703125|-2.2918402777777778|38.608693910256406|-40.25509386446887
2026-01-29 04:28:17.921290+00:00|30.750083515243375|34.20173584288443|36.01159266336032|30.750083515243375|33.06715044165094|-0.72900390625|0.553955078125|-0.3369140625|-0.91552734375|2.44140625|0.274658203125|-0.17629540598290597|38.608693910256406|-40.93450473137973
2026-01-29 04:28:17.978649+00:00|30.750083515243375|34.1977859973444|36.003613317541294|30.750083515243375|33.06322063734973|-0.73046875|0.552978515625|-0.338623046875|-0.732421875|2.471923828125|0.42724609375|-1.234067841880342|38.256103098290595|-42.29332646520146
2026-01-29 04:28:18.035984+00:00|30.738381272004688|34.17803791467372|35.99962379247745|30.742281984464|33.04357255645505|-0.729248046875|0.54931640625|-0.342529296875|-1.220703125|2.288818359375|0.244140625|-0.35259081196581193|37.37462606837607|-39.40583028083028
2026-01-29 04:28:18.093627+00:00|30.742281984464|34.1977859973444|35.98366667670035|30.73057995271671|33.03178445871822|-0.7294921875|0.552001953125|-0.344482421875|-0.518798828125|1.983642578125|0.1220703125|-1.7629540598290598|36.669444444444444|-41.44406288156288
2026-01-29 04:28:18.151012+00:00|30.738381272004688|34.185936918927155|35.99563436591109|30.742281984464|33.03178445871822|-0.73193359375|0.54931640625|-0.337646484375|-0.701904296875|1.77001953125|0.213623046875|-1.0577724358974359|38.07980769230769|-40.08524114774115
2026-01-29 04:28:18.208381+00:00|30.73057995271671|34.18988653541351|35.98366667670035|30.7344805947709|33.02785521765793|-0.724609375|0.55859375|-0.342529296875|-0.335693359375|2.166748046875|0.518798828125|-0.8814770299145299|36.49314903846154|-40.25509386446887
2026-01-29 04:28:18.265723+00:00|30.72667934579607|34.17803791467372|35.96771113370369|30.722778773962943|33.02392603894543|-0.727783203125|0.552978515625|-0.32861328125|-0.823974609375|2.105712890625|0.335693359375|-1.4103632478632477|37.72721688034188|-41.783768315018314
2026-01-29 04:28:18.323088+00:00|30.72667934579607|34.17803791467372|35.979677643627156|30.73057995271671|33.004281078958456|-0.736328125|0.56103515625|-0.31103515625|-1.861572265625|2.838134765625|-0.579833984375|0.0|38.4323985042735|-39.74553571428571
2026-01-29 04:28:18.380460+00:00|30.722778773962943|34.181987378696476|35.97568870880315|30.722778773962943|33.019996922533835|-0.72607421875|0.55615234375|-0.33642578125|-0.54931640625|2.288818359375|0.640869140625|-0.7051816239316239|38.4323985042735|-40.764652014652015
2026-01-29 04:28:18.437942+00:00|30.71107726852864|34.17013921506111|35.96771113370369|30.718878237171282|32.98856622844653|-0.73095703125|0.548095703125|-0.335205078125|-0.79345703125|1.953125|0.42724609375|-1.0577724358974359|37.72721688034188|-39.74553571428571
2026-01-29 04:28:18.495304+00:00|30.714977735375157|34.181987378696476|35.971699872178476|30.70717683658546|32.957139494613045|-0.731201171875|0.546875|-0.33935546875|-0.9765625|2.0751953125|-0.06103515625|-1.0577724358974359|37.37462606837607|-41.10435744810745
2026-01-29 04:28:18.552719+00:00|30.71107726852864|34.17013921506111|35.971699872178476|30.71107726852864|32.98856622844653|-0.727783203125|0.54736328125|-0.336181640625|-0.457763671875|1.983642578125|0.396728515625|-0.17629540598290597|37.19833066239316|-40.93450473137973
2026-01-29 04:28:18.609984+00:00|30.699376077225565|34.17013921506111|35.96771113370369|30.70717683658546|32.957139494613045|-0.72509765625|0.54345703125|-0.345703125|-1.312255859375|2.227783203125|0.1220703125|-0.5288862179487179|36.84573985042735|-39.23597756410256
2026-01-29 04:28:18.667356+00:00|30.71107726852864|34.174088526811204|35.95973395100458|30.69157545692758|32.925716697039775|-0.726806640625|0.5556640625|-0.338134765625|-0.946044921875|2.13623046875|0.213623046875|-2.2918402777777778|38.256103098290595|-41.27421016483516
2026-01-29 04:28:18.724795+00:00|30.69157545692758|34.17013921506111|35.955745506680955|30.69157545692758|32.941427605293086|-0.73193359375|0.551025390625|-0.330078125|-1.068115234375|2.50244140625|0.030517578125|0.17629540598290597|37.19833066239316|-40.93450473137973
2026-01-29 04:28:18.782190+00:00|30.69157545692758|34.16224081970705|35.955745506680955|30.695475749716877|32.93357202872039|-0.7265625|0.555419921875|-0.340087890625|-0.9765625|2.0751953125|0.06103515625|-1.4103632478632477|38.4323985042735|-39.74553571428571
2026-01-29 04:28:18.839496+00:00|30.69157545692758|34.16224081970705|35.939792708402024|30.687675198811803|32.92178912291678|-0.7314453125|0.55322265625|-0.341552734375|-1.190185546875|2.349853515625|0.030517578125|-1.0577724358974359|38.4323985042735|-40.08524114774115
2026-01-29 04:28:18.896858+00:00|30.679874786416462|34.166189979375645|35.94378076121882|30.687675198811803|32.9374997863718|-0.728271484375|0.551513671875|-0.329833984375|-2.105712890625|2.593994140625|-0.30517578125|-1.4103632478632477|38.78498931623931|-40.42494658119658
2026-01-29 04:28:18.954539+00:00|30.675974632044927|34.166189979375645|35.947768911837784|30.679874786416462|32.89822495927194|-0.72705078125|0.550048828125|-0.34521484375|-1.28173828125|2.44140625|0.274658203125|-2.1155448717948717|38.4323985042735|-41.44406288156288
2026-01-29 04:28:19.012214+00:00|30.664274375682737|34.14249615994726|35.93580475333795|30.672074512162737|32.87466298448231|-0.727294921875|0.55322265625|-0.33837890625|-1.03759765625|2.227783203125|0.18310546875|-0.8814770299145299|38.256103098290595|-39.915388431013426
2026-01-29 04:28:19.069822+00:00|30.668174426724022|34.15434272822972|35.939792708402024|30.664274375682737|32.87073620077945|-0.727783203125|0.5517578125|-0.338134765625|-1.220703125|2.227783203125|-0.213623046875|-1.0577724358974359|38.07980769230769|-39.066124847374844
2026-01-29 04:28:19.127552+00:00|30.664274375682737|34.15434272822972|35.931816895976795|30.664274375682737|32.85502967023865|-0.7275390625|0.546875|-0.333984375|-0.946044921875|2.288818359375|0.1220703125|-1.4103632478632477|38.07980769230769|-39.40583028083028
2026-01-29 04:28:19.185241+00:00|30.652574428483376|34.14644494024719|35.931816895976795|30.660374358992954|32.85502967023865|-0.7333984375|0.552001953125|-0.338623046875|-1.0986328125|2.38037109375|-0.152587890625|-0.8814770299145299|37.90351228632478|-39.915388431013426
2026-01-29 04:28:19.242921+00:00|30.664274375682737|34.14249615994726|35.91985390961531|30.652574428483376|32.8589562123268|-0.7314453125|0.560546875|-0.33447265625|-1.251220703125|2.288818359375|-0.3662109375|-1.4103632478632477|38.07980769230769|-41.10435744810745
2026-01-29 04:28:19.300643+00:00|30.656474376608458|34.14249615994726|35.923841474165044|30.656474376608458|32.85502967023865|-0.731689453125|0.548828125|-0.328857421875|-1.251220703125|2.25830078125|0.244140625|-0.5288862179487179|36.49314903846154|-40.25509386446887
2026-01-29 04:28:19.358248+00:00|30.656474376608458|34.14644494024719|35.923841474165044|30.656474376608458|32.84717676687552|-0.73046875|0.55615234375|-0.34228515625|-1.15966796875|2.3193359375|0.152587890625|-0.35259081196581193|38.78498931623931|-40.42494658119658
2026-01-29 04:28:19.415966+00:00|30.640874789204418|34.1345988264909|35.91586644257018|30.648674514571724|32.8628828147485|-0.724609375|0.554931640625|-0.342041015625|-1.28173828125|2.38037109375|-0.30517578125|-0.17629540598290597|36.14055822649572|-40.5947992979243
2026-01-29 04:28:19.473773+00:00|30.652574428483376|34.13854745537765|35.91187907297996|30.640874789204418|32.811841675896744|-0.725830078125|0.55126953125|-0.32958984375|-1.190185546875|2.471923828125|0.18310546875|-1.4103632478632477|38.07980769230769|-40.764652014652015
2026-01-29 04:28:19.531552+00:00|30.644774634827286|34.1345988264909|35.91187907297996|30.648674514571724|32.82754556102833|-0.730712890625|0.5478515625|-0.3359375|-1.15966796875|2.38037109375|0.213623046875|-1.0577724358974359|36.669444444444444|-39.40583028083028
2026-01-29 04:28:19.589242+00:00|30.63697497765702|34.1345988264909|35.907891800795085|30.648674514571724|32.80791585416114|-0.72900390625|0.549560546875|-0.34619140625|-1.251220703125|2.349853515625|0.18310546875|-1.0577724358974359|37.022035256410255|-40.764652014652015
2026-01-29 04:28:19.647033+00:00|30.633075200138876|34.12275339345018|35.89991754844323|30.633075200138876|32.80791585416114|-0.731689453125|0.55224609375|-0.3408203125|-1.28173828125|2.166748046875|0.244140625|-1.7629540598290598|37.72721688034188|-41.10435744810745
2026-01-29 04:28:19.704830+00:00|30.63697497765702|34.13065027323921|35.89991754844323|30.633075200138876|32.78436217634294|-0.733154296875|0.556396484375|-0.327392578125|-1.312255859375|2.593994140625|-0.213623046875|-1.0577724358974359|39.84276175213675|-41.44406288156288
2026-01-29 04:28:19.762668+00:00|30.633075200138876|34.12670179557489|35.891943685117894|30.640874789204418|32.79613874711913|-0.727783203125|0.552978515625|-0.339111328125|-1.495361328125|2.349853515625|-0.06103515625|-1.7629540598290598|38.07980769230769|-40.764652014652015
2026-01-29 04:28:19.820385+00:00|30.629175456604116|34.12670179557489|35.887956899216306|30.640874789204418|32.768660913983695|-0.724609375|0.556396484375|-0.343505859375|-1.068115234375|2.3193359375|-0.030517578125|-1.7629540598290598|36.669444444444444|-41.44406288156288
2026-01-29 04:28:19.878163+00:00|30.629175456604116|34.106960539393526|35.88397021042266|30.629175456604116|32.768660913983695|-0.73486328125|0.552734375|-0.333984375|-1.28173828125|2.349853515625|-0.030517578125|-1.234067841880342|36.84573985042735|-40.5947992979243
2026-01-29 04:28:19.935533+00:00|30.63697497765702|34.12275339345018|35.887956899216306|30.629175456604116|32.76081063853803|-0.7275390625|0.5517578125|-0.328857421875|-1.434326171875|2.410888671875|-0.030517578125|-1.5866586538461538|36.84573985042735|-40.25509386446887
2026-01-29 04:28:19.993383+00:00|30.629175456604116|34.1148568156288|35.87998361868739|30.62527574700681|32.75688558958507|-0.723876953125|0.55322265625|-0.3466796875|-1.312255859375|2.227783203125|0.0|-1.5866586538461538|36.84573985042735|-39.915388431013426
2026-01-29 04:28:20.051104+00:00|30.61747642944033|34.106960539393526|35.8759971239611|30.633075200138876|32.733336535701596|-0.730712890625|0.550048828125|-0.332763671875|-1.03759765625|2.25830078125|-0.1220703125|-2.1155448717948717|38.07980769230769|-40.764652014652015
2026-01-29 04:28:20.108795+00:00|30.62527574700681|34.11090863983674|35.86802442533667|30.613576821379297|32.733336535701596|-0.73291015625|0.549560546875|-0.329345703125|-0.946044921875|2.13623046875|-0.274658203125|-0.8814770299145299|37.55092147435897|-40.5947992979243
2026-01-29 04:28:20.166487+00:00|30.62137607130086|34.106960539393526|35.87201072619399|30.633075200138876|32.74118598448206|-0.726318359375|0.55322265625|-0.342529296875|-1.373291015625|2.3193359375|0.091552734375|-1.4103632478632477|37.022035256410255|-40.764652014652015
2026-01-29 04:28:20.224166+00:00|30.63697497765702|34.11880506681746|35.8759971239611|30.62137607130086|32.72156280369347|-0.722900390625|0.554443359375|-0.341552734375|-1.373291015625|2.38037109375|-0.091552734375|-0.8814770299145299|37.90351228632478|-40.25509386446887
2026-01-29 04:28:20.281851+00:00|30.613576821379297|34.09511668967963|35.86005211415312|30.62527574700681|32.717638343813974|-0.733642578125|0.55224609375|-0.335693359375|-1.15966796875|2.44140625|0.1220703125|-1.5866586538461538|38.256103098290595|-40.25509386446887
2026-01-29 04:28:20.339665+00:00|30.62527574700681|34.10301251425136|35.86802442533667|30.62137607130086|32.70586531589055|-0.731201171875|0.552978515625|-0.34375|-1.28173828125|2.25830078125|0.213623046875|-1.234067841880342|38.608693910256406|-40.25509386446887
2026-01-29 04:28:20.397221+00:00|30.61747642944033|34.106960539393526|35.86005211415312|30.62527574700681|32.70586531589055|-0.724609375|0.549560546875|-0.343994140625|-1.220703125|2.410888671875|0.06103515625|-1.4103632478632477|38.4323985042735|-40.08524114774115
2026-01-29 04:28:20.455044+00:00|30.613576821379297|34.09906456436266|35.85606610372787|30.62137607130086|32.69801692323745|-0.725830078125|0.5537109375|-0.34130859375|-1.251220703125|2.38037109375|-0.274658203125|-0.35259081196581193|37.72721688034188|-39.74553571428571
2026-01-29 04:28:20.512704+00:00|30.61747642944033|34.091168890154734|35.852080190014306|30.62137607130086|32.690168764251666|-0.73486328125|0.55712890625|-0.33837890625|-1.3427734375|2.349853515625|0.030517578125|-0.7051816239316239|37.37462606837607|-40.08524114774115
2026-01-29 04:28:20.570310+00:00|30.62137607130086|34.10301251425136|35.86005211415312|30.62527574700681|32.67839696308221|-0.728759765625|0.551025390625|-0.33544921875|-1.190185546875|2.44140625|0.274658203125|-1.4103632478632477|38.78498931623931|-40.764652014652015
2026-01-29 04:28:20.628028+00:00|30.613576821379297|34.09511668967963|35.84809437296286|30.62137607130086|32.69801692323745|-0.727783203125|0.5537109375|-0.33740234375|-1.312255859375|2.105712890625|0.274658203125|-0.17629540598290597|37.55092147435897|-41.27421016483516
2026-01-29 04:28:20.685779+00:00|30.62137607130086|34.091168890154734|35.84012302864829|30.62527574700681|32.67839696308221|-0.7333984375|0.551025390625|-0.33056640625|-1.0986328125|2.197265625|0.091552734375|-1.234067841880342|38.256103098290595|-40.93450473137973
2026-01-29 04:28:20.743439+00:00|30.61747642944033|34.10301251425136|35.836137501286146|30.62137607130086|32.65877845751106|-0.73095703125|0.552734375|-0.33642578125|-1.0986328125|2.227783203125|0.3662109375|-1.9392494658119657|37.19833066239316|-41.27421016483516
2026-01-29 04:28:20.801057+00:00|30.62137607130086|34.09511668967963|35.836137501286146|30.61747642944033|32.66270204253868|-0.7294921875|0.55224609375|-0.334228515625|-1.434326171875|2.166748046875|0.091552734375|-0.7051816239316239|37.022035256410255|-40.764652014652015
2026-01-29 04:28:20.858667+00:00|30.62137607130086|34.09511668967963|35.8281667359048|30.613576821379297|32.66270204253868|-0.73193359375|0.55517578125|-0.3369140625|-1.312255859375|2.5634765625|-0.244140625|-0.8814770299145299|37.55092147435897|-41.27421016483516
2026-01-29 04:28:20.916398+00:00|30.609677247071545|34.091168890154734|35.82418149778658|30.613576821379297|32.666625685562906|-0.732421875|0.552001953125|-0.333251953125|-1.46484375|2.50244140625|0.0|-1.0577724358974359|38.07980769230769|-41.10435744810745
2026-01-29 04:28:20.974111+00:00|30.62137607130086|34.09511668967963|35.8281667359048|30.61747642944033|32.63916140068835|-0.7314453125|0.55419921875|-0.345703125|-1.007080078125|2.197265625|0.3662109375|-1.4103632478632477|38.07980769230769|-39.74553571428571
2026-01-29 04:28:21.031697+00:00|30.61747642944033|34.09906456436266|35.82418149778658|30.61747642944033|32.61954578677995|-0.731201171875|0.556396484375|-0.33544921875|-1.190185546875|2.25830078125|0.0|-1.4103632478632477|38.07980769230769|-41.44406288156288
2026-01-29 04:28:21.089147+00:00|30.6057777064712|34.0832735163882|35.82019635598397|30.62137607130086|32.64308469643311|-0.734375|0.55126953125|-0.33837890625|-1.190185546875|2.410888671875|0.18310546875|-0.17629540598290597|38.256103098290595|-39.915388431013426
2026-01-29 04:28:21.146661+00:00|30.61747642944033|34.08722116574012|35.8122263611279|30.6057777064712|32.61562283663454|-0.72900390625|0.555419921875|-0.3408203125|-1.495361328125|2.3193359375|0.244140625|-1.0577724358974359|38.07980769230769|-41.44406288156288
2026-01-29 04:28:21.204308+00:00|30.613576821379297|34.091168890154734|35.8122263611279|30.62137607130086|32.61562283663454|-0.7255859375|0.551513671875|-0.34423828125|-1.220703125|2.3193359375|0.0|-1.9392494658119657|38.256103098290595|-40.93450473137973
2026-01-29 04:28:21.261838+00:00|30.613576821379297|34.091168890154734|35.8122263611279|30.609677247071545|32.6273918595669|-0.7333984375|0.554443359375|-0.332763671875|-1.40380859375|2.25830078125|0.18310546875|-1.7629540598290598|37.022035256410255|-40.08524114774115
2026-01-29 04:28:21.319383+00:00|30.6057777064712|34.07932594205141|35.8002720899745|30.609677247071545|32.61169994392583|-0.7265625|0.559326171875|-0.33984375|-1.312255859375|2.38037109375|0.152587890625|-1.4103632478632477|38.07980769230769|-39.066124847374844
2026-01-29 04:28:21.376972+00:00|30.61747642944033|34.09511668967963|35.8122263611279|30.61747642944033|32.60777710860708|-0.728759765625|0.55419921875|-0.34033203125|-1.312255859375|2.288818359375|0.244140625|-1.7629540598290598|37.72721688034188|-39.74553571428571
2026-01-29 04:28:21.434607+00:00|30.62137607130086|34.091168890154734|35.8002720899745|30.613576821379297|32.58816379122925|-0.7265625|0.551025390625|-0.33203125|-1.129150390625|2.38037109375|0.030517578125|-0.7051816239316239|37.72721688034188|-41.44406288156288
2026-01-29 04:28:21.492445+00:00|30.59797872620885|34.075378442681824|35.796287525027026|30.61747642944033|32.61169994392583|-0.730712890625|0.5517578125|-0.342041015625|-1.251220703125|2.471923828125|0.0|-3.3496127136752136|38.256103098290595|-40.93450473137973
2026-01-29 04:28:21.550047+00:00|30.61747642944033|34.0832735163882|35.784334405803406|30.613576821379297|32.576396486496265|-0.72314453125|0.5556640625|-0.33642578125|-1.40380859375|2.50244140625|0.06103515625|0.17629540598290597|37.90351228632478|-41.613915598290596
2026-01-29 04:28:21.607555+00:00|30.61747642944033|34.091168890154734|35.796287525027026|30.61747642944033|32.58031886437499|-0.72509765625|0.5576171875|-0.33447265625|-0.946044921875|2.410888671875|0.152587890625|0.17629540598290597|37.55092147435897|-40.5947992979243
2026-01-29 04:28:21.665058+00:00|30.609677247071545|34.08722116574012|35.788318682990905|30.62137607130086|32.584241299270445|-0.734619140625|0.555419921875|-0.336181640625|-0.9765625|2.38037109375|-0.06103515625|-0.5288862179487179|37.55092147435897|-42.29332646520146
2026-01-29 04:28:21.722620+00:00|30.59797872620885|34.07932594205141|35.772382148969825|30.609677247071545|32.58031886437499|-0.72705078125|0.55419921875|-0.33837890625|-1.52587890625|2.227783203125|-0.152587890625|-0.35259081196581193|39.13758012820512|-40.42494658119658
2026-01-29 04:28:21.780126+00:00|30.613576821379297|34.0832735163882|35.780350224437086|30.62137607130086|32.55286341396493|-0.724365234375|0.552734375|-0.347412109375|-1.03759765625|2.410888671875|0.30517578125|-1.234067841880342|38.256103098290595|-39.915388431013426
2026-01-29 04:28:21.837684+00:00|30.609677247071545|34.08722116574012|35.77636613884232|30.61747642944033|32.564629694494556|-0.7333984375|0.549072265625|-0.342041015625|-0.91552734375|2.227783203125|-0.244140625|-0.8814770299145299|38.608693910256406|-40.5947992979243
2026-01-29 04:28:21.895185+00:00|30.59797872620885|34.075378442681824|35.77636613884232|30.62137607130086|32.560707544216655|-0.733154296875|0.551025390625|-0.33447265625|-1.556396484375|2.227783203125|-0.030517578125|-2.1155448717948717|38.07980769230769|-42.12347374847374
2026-01-29 04:28:21.952821+00:00|30.609677247071545|34.0832735163882|35.76839825477026|30.6057777064712|32.548941433897824|-0.72607421875|0.55029296875|-0.337158203125|-1.007080078125|2.288818359375|0.030517578125|-1.5866586538461538|37.19833066239316|-40.5947992979243
2026-01-29 04:28:22.010297+00:00|30.61747642944033|34.0832735163882|35.76839825477026|30.62137607130086|32.55286341396493|-0.727783203125|0.549072265625|-0.335205078125|-1.15966796875|2.349853515625|-0.152587890625|-1.9392494658119657|37.90351228632478|-39.23597756410256
2026-01-29 04:28:22.067865+00:00|30.609677247071545|34.07932594205141|35.76839825477026|30.609677247071545|32.54109764364847|-0.732421875|0.551025390625|-0.333984375|-1.312255859375|2.50244140625|-0.030517578125|-2.468135683760684|38.07980769230769|-39.74553571428571
2026-01-29 04:28:22.126826+00:00|30.6057777064712|34.075378442681824|35.76043075319188|30.62137607130086|32.53717583337283|-0.7265625|0.552734375|-0.332763671875|-1.373291015625|2.44140625|0.54931640625|-0.8814770299145299|37.19833066239316|-40.25509386446887
2026-01-29 04:28:22.185937+00:00|30.613576821379297|34.075378442681824|35.75644714571439|30.6057777064712|32.53717583337283|-0.7265625|0.556884765625|-0.342041015625|-0.762939453125|2.166748046875|0.396728515625|-0.8814770299145299|37.55092147435897|-40.25509386446887
2026-01-29 04:28:22.244868+00:00|30.609677247071545|34.075378442681824|35.76043075319188|30.601878199532337|32.517567628620384|-0.73291015625|0.5517578125|-0.33740234375|-1.64794921875|2.3193359375|-0.18310546875|-1.0577724358974359|36.669444444444444|-39.40583028083028
2026-01-29 04:28:22.303359+00:00|30.6057777064712|34.07143101823192|35.75644714571439|30.609677247071545|32.52933238228644|-0.728515625|0.552490234375|-0.331787109375|-1.251220703125|2.62451171875|-0.091552734375|-1.7629540598290598|37.37462606837607|-40.764652014652015
2026-01-29 04:28:22.362306+00:00|30.6057777064712|34.07143101823192|35.75246363371201|30.601878199532337|32.501882077973164|-0.720947265625|0.554443359375|-0.340576171875|-1.40380859375|2.44140625|0.091552734375|-1.5866586538461538|37.90351228632478|-40.25509386446887
2026-01-29 04:28:22.421917+00:00|30.601878199532337|34.067483668654006|35.75246363371201|30.609677247071545|32.505803381391786|-0.730224609375|0.554931640625|-0.337890625|-1.220703125|2.349853515625|-0.213623046875|-0.7051816239316239|39.49017094017094|-41.10435744810745
2026-01-29 04:28:22.480940+00:00|30.59797872620885|34.05958919392356|35.74449689593541|30.609677247071545|32.505803381391786|-0.72900390625|0.552001953125|-0.32958984375|-1.251220703125|2.3193359375|-0.18310546875|-1.234067841880342|37.19833066239316|-39.23597756410256
2026-01-29 04:28:22.539892+00:00|30.6057777064712|34.05564206867575|35.7285645639119|30.6057777064712|32.513646156668756|-0.723876953125|0.554931640625|-0.34228515625|-1.220703125|2.25830078125|-0.030517578125|-1.9392494658119657|38.608693910256406|-41.27421016483516
2026-01-29 04:28:22.598782+00:00|30.6057777064712|34.06353639390045|35.73254750410001|30.609677247071545|32.49011850403724|-0.7236328125|0.553466796875|-0.329345703125|-1.220703125|2.532958984375|0.18310546875|-1.4103632478632477|39.13758012820512|-40.42494658119658
2026-01-29 04:28:22.657756+00:00|30.6057777064712|34.05958919392356|35.73653053946708|30.6057777064712|32.482276401214335|-0.73046875|0.554443359375|-0.335205078125|-0.9765625|2.197265625|0.030517578125|-0.35259081196581193|37.37462606837607|-39.74553571428571
2026-01-29 04:28:22.716693+00:00|30.609677247071545|34.05564206867575|35.7285645639119|30.601878199532337|32.501882077973164|-0.726806640625|0.5556640625|-0.34033203125|-1.312255859375|2.3193359375|0.030517578125|-0.5288862179487179|38.256103098290595|-40.25509386446887
2026-01-29 04:28:22.775671+00:00|30.6057777064712|34.05958919392356|35.7245817188533|30.609677247071545|32.49011850403724|-0.7255859375|0.551513671875|-0.339111328125|-1.068115234375|2.471923828125|0.213623046875|-1.5866586538461538|37.90351228632478|-40.93450473137973
2026-01-29 04:28:22.834530+00:00|30.59797872620885|34.05564206867575|35.7245817188533|30.601878199532337|32.49011850403724|-0.73681640625|0.5517578125|-0.330322265625|-1.068115234375|2.25830078125|-0.30517578125|-0.7051816239316239|38.4323985042735|-40.42494658119658
2026-01-29 04:28:22.893449+00:00|30.59797872620885|34.03590756170394|35.71263375396131|30.6057777064712|32.466592865413475|-0.724853515625|0.5498046875|-0.3388671875|-1.617431640625|2.655029296875|-0.18310546875|-1.5866586538461538|39.313875534188035|-40.5947992979243
2026-01-29 04:28:22.952463+00:00|30.6057777064712|34.03590756170394|35.7086512889274|30.59797872620885|32.44306923073509|-0.724609375|0.551025390625|-0.343994140625|-1.5869140625|2.349853515625|0.091552734375|-0.7051816239316239|36.31685363247863|-40.764652014652015
2026-01-29 04:28:23.011390+00:00|30.609677247071545|34.04774804217641|35.716616313927375|30.59797872620885|32.44306923073509|-0.7314453125|0.54931640625|-0.338134765625|-1.068115234375|2.50244140625|-0.030517578125|-1.9392494658119657|38.256103098290595|-40.25509386446887
2026-01-29 04:28:23.070027+00:00|30.6057777064712|34.0398543140214|35.71263375396131|30.613576821379297|32.466592865413475|-0.732421875|0.555908203125|-0.33837890625|-1.068115234375|2.44140625|-0.152587890625|-0.5288862179487179|35.787967414529916|-40.5947992979243
2026-01-29 04:28:23.128832+00:00|30.6057777064712|34.03196088382958|35.71263375396131|30.6057777064712|32.45483079820991|-0.72265625|0.55517578125|-0.337158203125|-1.373291015625|2.62451171875|0.06103515625|-0.8814770299145299|38.256103098290595|-40.5947992979243
2026-01-29 04:28:23.187485+00:00|30.601878199532337|34.03590756170394|35.7086512889274|30.609677247071545|32.45875143169019|-0.72998046875|0.55224609375|-0.32958984375|-1.068115234375|2.197265625|0.30517578125|-0.35259081196581193|37.37462606837607|-39.74553571428571
2026-01-29 04:28:23.246377+00:00|30.59797872620885|34.02406775121972|35.6967044629252|30.609677247071545|32.45091022025497|-0.731689453125|0.55712890625|-0.32861328125|-1.373291015625|2.288818359375|-0.396728515625|-1.9392494658119657|38.96128472222222|-41.27421016483516
2026-01-29 04:28:23.305127+00:00|30.6057777064712|34.01617491581095|35.688740386013365|30.59797872620885|32.435228462758005|-0.728759765625|0.55322265625|-0.3359375|-1.251220703125|2.166748046875|0.213623046875|0.17629540598290597|37.90351228632478|-41.953621031746025
2026-01-29 04:28:23.363846+00:00|30.59797872620885|34.03196088382958|35.6967044629252|30.601878199532337|32.42346772537053|-0.730224609375|0.558349609375|-0.33349609375|-1.28173828125|2.349853515625|0.1220703125|-0.8814770299145299|38.256103098290595|-40.25509386446887
2026-01-29 04:28:23.422635+00:00|30.601878199532337|34.02012129638905|35.6967044629252|30.601878199532337|32.41562750962089|-0.735595703125|0.555908203125|-0.3251953125|-1.190185546875|2.38037109375|-0.30517578125|-0.7051816239316239|38.78498931623931|-41.10435744810745
2026-01-29 04:28:23.481443+00:00|30.609677247071545|34.0122286094379|35.688740386013365|30.609677247071545|32.45091022025497|-0.732177734375|0.553955078125|-0.34130859375|-1.40380859375|2.655029296875|-0.091552734375|-0.7051816239316239|38.78498931623931|-40.42494658119658
2026-01-29 04:28:23.540223+00:00|30.601878199532337|34.0122286094379|35.688740386013365|30.6057777064712|32.42346772537053|-0.72705078125|0.553466796875|-0.34326171875|-1.739501953125|2.716064453125|-0.274658203125|-1.4103632478632477|37.72721688034188|-40.42494658119658
2026-01-29 04:28:23.598926+00:00|30.601878199532337|34.0043362191164|35.68077668764613|30.613576821379297|32.435228462758005|-0.73388671875|0.5517578125|-0.330322265625|-1.220703125|2.532958984375|-0.06103515625|-1.234067841880342|37.19833066239316|-38.89627213064713
2026-01-29 04:28:23.657776+00:00|30.609677247071545|33.99644412504364|35.672813367429114|30.601878199532337|32.388188486437116|-0.731689453125|0.548828125|-0.333740234375|-1.3427734375|2.685546875|0.1220703125|0.8814770299145299|38.256103098290595|-40.93450473137973
2026-01-29 04:28:23.716549+00:00|30.6057777064712|34.00039013507268|35.68077668764613|30.601878199532337|32.40386759882864|-0.729736328125|0.558837890625|-0.34228515625|-1.556396484375|2.38037109375|0.1220703125|0.35259081196581193|36.669444444444444|-40.42494658119658
2026-01-29 04:28:23.775251+00:00|30.6057777064712|33.992498188981415|35.68077668764613|30.609677247071545|32.41170748435911|-0.727783203125|0.556884765625|-0.338134765625|-0.579833984375|1.8310546875|0.244140625|-2.1155448717948717|36.31685363247863|-40.08524114774115
2026-01-29 04:28:23.833949+00:00|30.6057777064712|34.00039013507268|35.676794980293494|30.613576821379297|32.399947738466835|-0.729736328125|0.553466796875|-0.33447265625|-1.129150390625|2.25830078125|0.030517578125|-1.234067841880342|36.84573985042735|-40.5947992979243
2026-01-29 04:28:23.892813+00:00|30.594079286454757|33.98855232683866|35.672813367429114|30.6057777064712|32.399947738466835|-0.72705078125|0.5546875|-0.341064453125|-1.28173828125|2.3193359375|0.3662109375|-1.9392494658119657|38.256103098290595|-40.5947992979243
2026-01-29 04:28:23.951434+00:00|30.594079286454757|33.97671518345055|35.660869095272574|30.609677247071545|32.38426884529048|-0.7236328125|0.551513671875|-0.335205078125|-1.251220703125|2.349853515625|0.274658203125|-1.234067841880342|36.14055822649572|-39.915388431013426
2026-01-29 04:28:24.010161+00:00|30.609677247071545|33.972769616509254|35.65290671870571|30.601878199532337|32.399947738466835|-0.7333984375|0.552734375|-0.3388671875|-1.556396484375|2.13623046875|-0.30517578125|-0.8814770299145299|37.55092147435897|-41.613915598290596
2026-01-29 04:28:24.069066+00:00|30.613576821379297|33.97671518345055|35.66883184900365|30.59797872620885|32.37642972701309|-0.73193359375|0.553955078125|-0.34130859375|-1.434326171875|2.8076171875|0.0|-2.2918402777777778|37.19833066239316|-40.93450473137973
2026-01-29 04:28:24.128027+00:00|30.613576821379297|33.972769616509254|35.66485042496794|30.613576821379297|32.39602793297877|-0.724609375|0.55615234375|-0.3359375|-1.312255859375|2.3193359375|-0.030517578125|-0.8814770299145299|38.256103098290595|-40.25509386446887
2026-01-29 04:28:24.187312+00:00|30.609677247071545|33.97671518345055|35.660869095272574|30.613576821379297|32.3921081823176|-0.7265625|0.54736328125|-0.33642578125|-0.9765625|2.197265625|-0.030517578125|-1.4103632478632477|38.07980769230769|-41.10435744810745
2026-01-29 04:28:24.246290+00:00|30.613576821379297|33.96093335758377|35.65290671870571|30.609677247071545|32.3803492588313|-0.732421875|0.552001953125|-0.3408203125|-1.15966796875|2.288818359375|-0.18310546875|-1.5866586538461538|36.84573985042735|-40.5947992979243
2026-01-29 04:28:24.305250+00:00|30.6057777064712|33.94909776050628|35.65290671870571|30.609677247071545|32.3646714589384|-0.729736328125|0.5537109375|-0.3369140625|-1.190185546875|2.5634765625|0.396728515625|-2.9970219017094015|38.608693910256406|-40.5947992979243
2026-01-29 04:28:24.363916+00:00|30.601878199532337|33.94120772951385|35.64096386017616|30.6057777064712|32.37251024978917|-0.731689453125|0.5517578125|-0.334228515625|-1.068115234375|2.349853515625|0.42724609375|-1.7629540598290598|37.37462606837607|-41.10435744810745
2026-01-29 04:28:24.423327+00:00|30.609677247071545|33.94909776050628|35.63698309548812|30.59797872620885|32.360752145218385|-0.7314453125|0.552734375|-0.337646484375|-1.190185546875|2.44140625|0.0|-2.2918402777777778|37.90351228632478|-39.57568299755799
2026-01-29 04:28:24.482129+00:00|30.6057777064712|33.94909776050628|35.64494471890896|30.59797872620885|32.348994530321875|-0.7236328125|0.557373046875|-0.338623046875|-1.129150390625|1.922607421875|0.30517578125|-1.9392494658119657|37.90351228632478|-40.93450473137973
2026-01-29 04:28:24.541079+00:00|30.609677247071545|33.933317991724834|35.64096386017616|30.61747642944033|32.35683288590667|-0.730224609375|0.553466796875|-0.331787109375|-1.312255859375|2.5634765625|0.213623046875|-0.7051816239316239|38.4323985042735|-41.10435744810745
2026-01-29 04:28:24.600487+00:00|30.613576821379297|33.929373232662726|35.63300242479562|30.609677247071545|32.3921081823176|-0.72705078125|0.55078125|-0.33984375|-1.46484375|2.38037109375|-0.335693359375|-2.64443108974359|38.608693910256406|-39.915388431013426
2026-01-29 04:28:24.659233+00:00|30.613576821379297|33.93726282399268|35.63300242479562|30.609677247071545|32.35683288590667|-0.73486328125|0.56005859375|-0.333740234375|-1.40380859375|2.9296875|-0.18310546875|-1.7629540598290598|38.4323985042735|-40.764652014652015
2026-01-29 04:28:24.718150+00:00|30.594079286454757|33.91753939423546|35.62902184804932|30.6057777064712|32.348994530321875|-0.732421875|0.549072265625|-0.3349609375|-1.678466796875|2.50244140625|-0.1220703125|-1.0577724358974359|38.4323985042735|-39.40583028083028
2026-01-29 04:28:24.777001+00:00|30.59797872620885|33.91753939423546|35.62106097619835|30.609677247071545|32.34115639181181|-0.725830078125|0.552978515625|-0.3349609375|-1.40380859375|2.44140625|-0.152587890625|-0.5288862179487179|38.256103098290595|-39.915388431013426
2026-01-29 04:28:24.836334+00:00|30.609677247071545|33.909650533774425|35.62106097619835|30.609677247071545|32.321561992796376|-0.733154296875|0.55126953125|-0.339599609375|-1.495361328125|2.166748046875|-0.030517578125|-0.7051816239316239|38.07980769230769|-39.40583028083028
2026-01-29 04:28:24.895796+00:00|30.6057777064712|33.90570621294847|35.62106097619835|30.613576821379297|32.31372461111732|-0.7236328125|0.54541015625|-0.344970703125|-1.03759765625|2.166748046875|0.3662109375|-0.8814770299145299|37.90351228632478|-40.5947992979243
2026-01-29 04:28:24.955174+00:00|30.613576821379297|33.901761964995444|35.62106097619835|30.609677247071545|32.32939959024765|-0.73095703125|0.54443359375|-0.34912109375|-0.48828125|1.922607421875|0.640869140625|-1.9392494658119657|37.90351228632478|-40.93450473137973
2026-01-29 04:28:25.014158+00:00|30.6057777064712|33.901761964995444|35.60912037178758|30.609677247071545|32.33723740384346|-0.735107421875|0.555908203125|-0.31494140625|-1.64794921875|2.655029296875|0.0|-1.4103632478632477|37.022035256410255|-40.08524114774115
2026-01-29 04:28:25.073901+00:00|30.609677247071545|33.89387368751841|35.61310047954146|30.609677247071545|32.33723740384346|-0.725830078125|0.551025390625|-0.347900390625|-2.197265625|2.227783203125|0.0|-0.5288862179487179|37.55092147435897|-39.915388431013426
2026-01-29 04:28:25.133515+00:00|30.6057777064712|33.88992965789919|35.60912037178758|30.613576821379297|32.35683288590667|-0.72412109375|0.553466796875|-0.343994140625|-0.67138671875|2.13623046875|0.06103515625|-1.9392494658119657|36.84573985042735|-40.5947992979243
2026-01-29 04:28:25.193024+00:00|30.59797872620885|33.88992965789919|35.60514035768455|30.609677247071545|32.34115639181181|-0.728271484375|0.547119140625|-0.341796875|-0.48828125|1.739501953125|0.42724609375|0.0|37.022035256410255|-39.40583028083028
2026-01-29 04:28:25.251932+00:00|30.59797872620885|33.870210599096595|35.60116043718318|30.6057777064712|32.325480764527185|-0.73388671875|0.552734375|-0.337158203125|-1.495361328125|2.593994140625|-0.1220703125|-1.0577724358974359|39.13758012820512|-40.42494658119658
2026-01-29 04:28:25.310814+00:00|30.609677247071545|33.862323483025705|35.589221236796504|30.6057777064712|32.33331847000426|-0.728515625|0.555419921875|-0.33935546875|-1.434326171875|2.593994140625|0.18310546875|-2.8207264957264955|37.022035256410255|-41.44406288156288
2026-01-29 04:28:25.369568+00:00|30.609677247071545|33.862323483025705|35.589221236796504|30.6057777064712|32.298050493588335|-0.726318359375|0.55322265625|-0.3291015625|-1.312255859375|2.655029296875|0.091552734375|-1.5866586538461538|37.55092147435897|-39.915388431013426
2026-01-29 04:28:25.428858+00:00|30.601878199532337|33.862323483025705|35.59320087678833|30.613576821379297|32.30980600107614|-0.734130859375|0.555908203125|-0.337890625|-1.251220703125|2.44140625|-0.091552734375|0.7051816239316239|36.669444444444444|-41.44406288156288
2026-01-29 04:28:25.487926+00:00|30.609677247071545|33.85443665635631|35.59320087678833|30.609677247071545|32.325480764527185|-0.73291015625|0.547119140625|-0.33837890625|-1.129150390625|2.227783203125|0.335693359375|-0.5288862179487179|37.90351228632478|-40.5947992979243
2026-01-29 04:28:25.546759+00:00|30.613576821379297|33.85443665635631|35.589221236796504|30.613576821379297|32.33331847000426|-0.72509765625|0.551513671875|-0.340087890625|-0.8544921875|2.349853515625|0.457763671875|-1.0577724358974359|38.78498931623931|-41.44406288156288
2026-01-29 04:28:25.605596+00:00|30.6057777064712|33.85049335142838|35.59320087678833|30.613576821379297|32.31372461111732|-0.729248046875|0.55517578125|-0.333251953125|-1.312255859375|2.288818359375|0.06103515625|-1.5866586538461538|37.90351228632478|-40.93450473137973
2026-01-29 04:28:25.664414+00:00|30.59797872620885|33.834720853321244|35.57728287705282|30.62137607130086|32.3019689423582|-0.732177734375|0.552001953125|-0.34033203125|-1.77001953125|2.62451171875|-0.274658203125|-1.5866586538461538|37.90351228632478|-40.5947992979243
2026-01-29 04:28:25.723302+00:00|30.6057777064712|33.82683503656557|35.573303610384926|30.609677247071545|32.3019689423582|-0.72705078125|0.556640625|-0.349365234375|-1.312255859375|2.227783203125|0.030517578125|-0.17629540598290597|38.256103098290595|-41.27421016483516
2026-01-29 04:28:25.782741+00:00|30.609677247071545|33.82683503656557|35.58126223697798|30.609677247071545|32.28237723468453|-0.729736328125|0.54833984375|-0.339599609375|-0.885009765625|1.922607421875|0.48828125|-1.234067841880342|38.608693910256406|-39.915388431013426
2026-01-29 04:28:25.841519+00:00|30.609677247071545|33.822892236096095|35.58126223697798|30.613576821379297|32.28629546907706|-0.732421875|0.550048828125|-0.334716796875|-1.0986328125|2.532958984375|-0.030517578125|-0.8814770299145299|36.84573985042735|-40.93450473137973
2026-01-29 04:28:25.900163+00:00|30.613576821379297|33.81500685073661|35.569324436925|30.62137607130086|32.305887444838675|-0.727783203125|0.560546875|-0.33642578125|-1.52587890625|2.838134765625|-0.3662109375|-1.0577724358974359|38.78498931623931|-40.764652014652015
2026-01-29 04:28:25.959024+00:00|30.6057777064712|33.81500685073661|35.57728287705282|30.613576821379297|32.294132098482464|-0.727783203125|0.558349609375|-0.332275390625|-1.220703125|2.50244140625|-0.152587890625|-1.5866586538461538|37.90351228632478|-40.25509386446887
2026-01-29 04:28:26.018454+00:00|30.6057777064712|33.79923694100614|35.569324436925|30.62137607130086|32.28629546907706|-0.7314453125|0.55224609375|-0.337158203125|-1.28173828125|2.349853515625|0.091552734375|-0.35259081196581193|38.07980769230769|-40.764652014652015
2026-01-29 04:28:26.077644+00:00|30.6057777064712|33.795294642669376|35.557387475301766|30.62527574700681|32.278459053770064|-0.725341796875|0.555419921875|-0.34033203125|-0.518798828125|2.105712890625|0.274658203125|-0.17629540598290597|37.19833066239316|-40.5947992979243
2026-01-29 04:28:26.136878+00:00|30.62137607130086|33.795294642669376|35.54942996602489|30.61747642944033|32.290213756994206|-0.728515625|0.5537109375|-0.335205078125|-1.373291015625|2.44140625|-0.030517578125|-1.0577724358974359|36.669444444444444|-39.74553571428571
2026-01-29 04:28:26.195992+00:00|30.62137607130086|33.79135241587613|35.54942996602489|30.609677247071545|32.262786863963754|-0.734130859375|0.5498046875|-0.3310546875|-1.5869140625|2.44140625|-0.091552734375|-0.7051816239316239|37.37462606837607|-40.42494658119658
2026-01-29 04:28:26.254967+00:00|30.61747642944033|33.78346817673025|35.54942996602489|30.61747642944033|32.26670483143056|-0.7255859375|0.548583984375|-0.3388671875|-1.739501953125|2.288818359375|-0.1220703125|-1.5866586538461538|38.256103098290595|-41.613915598290596
2026-01-29 04:28:26.314182+00:00|30.62137607130086|33.78741026057895|35.553408674182265|30.62527574700681|32.28237723468453|-0.7255859375|0.549072265625|-0.346923828125|-1.3427734375|2.410888671875|0.274658203125|-1.0577724358974359|38.4323985042735|-41.10435744810745
2026-01-29 04:28:26.373526+00:00|30.62137607130086|33.779526164282856|35.553408674182265|30.62137607130086|32.278459053770064|-0.72705078125|0.545166015625|-0.34716796875|-0.30517578125|2.13623046875|0.213623046875|-0.8814770299145299|37.19833066239316|-41.27421016483516
2026-01-29 04:28:26.432707+00:00|30.62137607130086|33.77164235340149|35.54942996602489|30.61747642944033|32.26670483143056|-0.736083984375|0.553955078125|-0.333251953125|-1.434326171875|2.960205078125|-0.457763671875|-2.468135683760684|37.72721688034188|-41.10435744810745
2026-01-29 04:28:26.491778+00:00|30.613576821379297|33.75193407239914|35.5374943988345|30.62137607130086|32.28237723468453|-0.73046875|0.555419921875|-0.32861328125|-1.28173828125|2.62451171875|0.213623046875|-0.7051816239316239|36.669444444444444|-41.44406288156288
2026-01-29 04:28:26.550721+00:00|30.613576821379297|33.75193407239914|35.53351606203444|30.613576821379297|32.247115526088464|-0.7275390625|0.553466796875|-0.334716796875|-1.373291015625|2.38037109375|0.1220703125|-1.9392494658119657|38.608693910256406|-39.23597756410256
2026-01-29 04:28:26.609473+00:00|30.62137607130086|33.759817171402744|35.529537817950825|30.613576821379297|32.26670483143056|-0.731689453125|0.55859375|-0.326171875|-1.3427734375|2.838134765625|-0.3662109375|-2.64443108974359|39.313875534188035|-40.25509386446887
2026-01-29 04:28:26.668499+00:00|30.61747642944033|33.75193407239914|35.5374943988345|30.62527574700681|32.2510332808514|-0.73046875|0.5595703125|-0.326171875|-0.54931640625|2.38037109375|0.06103515625|-0.8814770299145299|37.19833066239316|-39.57568299755799
2026-01-29 04:28:26.726887+00:00|30.62527574700681|33.744051257482795|35.53351606203444|30.62527574700681|32.25886894974252|-0.723876953125|0.556884765625|-0.339111328125|-1.251220703125|2.5634765625|0.274658203125|-1.4103632478632477|38.4323985042735|-39.74553571428571
2026-01-29 04:28:26.785896+00:00|30.62527574700681|33.732227566942356|35.53351606203444|30.629175456604116|32.247115526088464|-0.732421875|0.552978515625|-0.319580078125|-1.617431640625|2.62451171875|-0.396728515625|-0.8814770299145299|37.19833066239316|-39.57568299755799
2026-01-29 04:28:26.845155+00:00|30.61747642944033|33.728286478395034|35.525559666534605|30.633075200138876|32.2510332808514|-0.72705078125|0.546875|-0.354248046875|-1.556396484375|2.166748046875|0.1220703125|-1.5866586538461538|36.49314903846154|-40.5947992979243
2026-01-29 04:28:26.904380+00:00|30.61747642944033|33.70858209577267|35.51362576779866|30.633075200138876|32.247115526088464|-0.72265625|0.54931640625|-0.349853515625|-0.701904296875|2.044677734375|0.396728515625|-0.7051816239316239|38.78498931623931|-40.08524114774115
2026-01-29 04:28:26.963583+00:00|30.62137607130086|33.71252283110658|35.51760364150755|30.61747642944033|32.2510332808514|-0.729248046875|0.547119140625|-0.34130859375|-1.190185546875|2.105712890625|-0.030517578125|-0.5288862179487179|35.787967414529916|-39.915388431013426
2026-01-29 04:28:27.022849+00:00|30.629175456604116|33.72040451346555|35.50964798656054|30.62137607130086|32.23144503717003|-0.742431640625|0.560791015625|-0.30712890625|-1.617431640625|3.448486328125|-0.396728515625|-1.9392494658119657|37.55092147435897|-40.25509386446887
2026-01-29 04:28:27.081868+00:00|30.62137607130086|33.70858209577267|35.51760364150755|30.629175456604116|32.23928017569557|-0.72998046875|0.560302734375|-0.329833984375|-2.01416015625|2.685546875|-0.213623046875|-1.7629540598290598|38.07980769230769|-41.44406288156288
2026-01-29 04:28:27.140818+00:00|30.633075200138876|33.69676031258484|35.50964798656054|30.629175456604116|32.25495108872059|-0.72314453125|0.555419921875|-0.3505859375|-1.251220703125|2.288818359375|0.091552734375|-1.4103632478632477|37.72721688034188|-41.10435744810745
2026-01-29 04:28:27.199695+00:00|30.633075200138876|33.70070083655918|35.51362576779866|30.633075200138876|32.243197824385334|-0.72705078125|0.55322265625|-0.330810546875|-1.03759765625|2.288818359375|-0.030517578125|-1.234067841880342|37.19833066239316|-41.27421016483516
2026-01-29 04:28:27.258679+00:00|30.62137607130086|33.69676031258484|35.50964798656054|30.633075200138876|32.219692725819925|-0.72412109375|0.551025390625|-0.342529296875|-0.9765625|2.0751953125|0.274658203125|-1.0577724358974359|38.07980769230769|-40.764652014652015
2026-01-29 04:28:27.317791+00:00|30.629175456604116|33.680998919798355|35.50169270130044|30.629175456604116|32.2157753942343|-0.72607421875|0.548828125|-0.335205078125|-1.28173828125|2.5634765625|0.06103515625|-1.5866586538461538|38.608693910256406|-40.5947992979243
2026-01-29 04:28:27.376833+00:00|30.62527574700681|33.67311864460862|35.48578323827036|30.629175456604116|32.22361011014016|-0.729736328125|0.54443359375|-0.34619140625|-1.617431640625|2.288818359375|-0.213623046875|-1.0577724358974359|37.37462606837607|-40.08524114774115
2026-01-29 04:28:27.435859+00:00|30.629175456604116|33.67705874714267|35.493737785334645|30.629175456604116|32.2157753942343|-0.735107421875|0.55712890625|-0.3232421875|-1.312255859375|2.716064453125|-0.457763671875|-0.7051816239316239|37.37462606837607|-39.74553571428571
2026-01-29 04:28:27.494967+00:00|30.633075200138876|33.67705874714267|35.493737785334645|30.633075200138876|32.2157753942343|-0.728759765625|0.557373046875|-0.324951171875|-0.823974609375|2.5634765625|0.3662109375|-1.4103632478632477|37.37462606837607|-38.38671398046398
2026-01-29 04:28:27.554039+00:00|30.63697497765702|33.67705874714267|35.493737785334645|30.640874789204418|32.21185811533667|-0.72998046875|0.550048828125|-0.3330078125|-0.91552734375|2.716064453125|0.030517578125|-0.8814770299145299|37.90351228632478|-40.25509386446887
2026-01-29 04:28:27.613064+00:00|30.629175456604116|33.66523864971623|35.48578323827036|30.633075200138876|32.22361011014016|-0.730224609375|0.55126953125|-0.32861328125|-1.953125|2.532958984375|0.091552734375|-1.9392494658119657|36.84573985042735|-40.5947992979243
2026-01-29 04:28:27.672122+00:00|30.629175456604116|33.66523864971623|35.48976046571437|30.63697497765702|32.23536257997256|-0.726318359375|0.552490234375|-0.33349609375|-1.922607421875|2.50244140625|0.0|-0.7051816239316239|38.78498931623931|-42.463179181929185
2026-01-29 04:28:27.731041+00:00|30.629175456604116|33.6376608694668|35.48180610295367|30.63697497765702|32.20402371541991|-0.72119140625|0.54833984375|-0.35498046875|-0.6103515625|1.708984375|0.732421875|-1.234067841880342|38.608693910256406|-41.613915598290596
2026-01-29 04:28:27.790144+00:00|30.633075200138876|33.633721465546046|35.4698752492759|30.629175456604116|32.20402371541991|-0.731201171875|0.542236328125|-0.344970703125|-0.54931640625|1.64794921875|0.335693359375|-1.0577724358974359|36.669444444444444|-41.10435744810745
2026-01-29 04:28:27.849150+00:00|30.629175456604116|33.64553988630075|35.46589848197732|30.633075200138876|32.1883555457992|-0.736328125|0.5556640625|-0.3251953125|-0.946044921875|2.50244140625|-0.030517578125|-1.4103632478632477|38.07980769230769|-40.08524114774115
2026-01-29 04:28:27.908176+00:00|30.63697497765702|33.633721465546046|35.47782905971502|30.633075200138876|32.19227250954384|-0.72705078125|0.557373046875|-0.337158203125|-2.01416015625|2.8076171875|-0.06103515625|-0.17629540598290597|38.256103098290595|-40.25509386446887
2026-01-29 04:28:27.967168+00:00|30.629175456604116|33.62584286646023|35.4698752492759|30.633075200138876|32.20794088908059|-0.72900390625|0.54443359375|-0.35205078125|-0.823974609375|1.739501953125|0.48828125|-0.8814770299145299|38.608693910256406|-40.93450473137973
2026-01-29 04:28:28.026282+00:00|30.629175456604116|33.62584286646023|35.4698752492759|30.63697497765702|32.1883555457992|-0.725830078125|0.553955078125|-0.34619140625|-1.251220703125|2.410888671875|0.152587890625|-1.0577724358974359|38.78498931623931|-40.764652014652015
2026-01-29 04:28:28.085391+00:00|30.633075200138876|33.621903671200585|35.4698752492759|30.63697497765702|32.1883555457992|-0.734619140625|0.556884765625|-0.330322265625|-0.946044921875|2.62451171875|0.091552734375|-1.5866586538461538|36.84573985042735|-40.93450473137973
2026-01-29 04:28:28.144445+00:00|30.633075200138876|33.60220873584291|35.46192180656061|30.63697497765702|32.18443863441746|-0.728271484375|0.55029296875|-0.3310546875|-1.40380859375|2.74658203125|-0.091552734375|0.8814770299145299|38.256103098290595|-40.93450473137973
2026-01-29 04:28:28.203532+00:00|30.62527574700681|33.59826995662843|35.449992331111275|30.629175456604116|32.20794088908059|-0.729736328125|0.544189453125|-0.343017578125|-1.861572265625|2.13623046875|0.152587890625|-2.1155448717948717|37.72721688034188|-40.764652014652015
2026-01-29 04:28:28.262254+00:00|30.63697497765702|33.60220873584291|35.44601602273161|30.62527574700681|32.18443863441746|-0.7265625|0.549072265625|-0.352783203125|-1.15966796875|2.01416015625|0.091552734375|-0.8814770299145299|37.90351228632478|-41.27421016483516
2026-01-29 04:28:28.321395+00:00|30.633075200138876|33.59039260567795|35.457945222976775|30.63697497765702|32.16877151159076|-0.721923828125|0.552490234375|-0.3525390625|-0.30517578125|2.0751953125|0.1220703125|-0.8814770299145299|36.49314903846154|-40.25509386446887
2026-01-29 04:28:28.380047+00:00|30.63697497765702|33.59039260567795|35.457945222976775|30.640874789204418|32.19227250954384|-0.7353515625|0.548583984375|-0.336181640625|-1.190185546875|2.44140625|0.030517578125|-1.0577724358974359|38.07980769230769|-41.10435744810745
2026-01-29 04:28:28.438925+00:00|30.644774634827286|33.58645403384759|35.44601602273161|30.640874789204418|32.19227250954384|-0.73681640625|0.5439453125|-0.32666015625|-1.28173828125|2.655029296875|-0.18310546875|-0.7051816239316239|38.4323985042735|-39.74553571428571
2026-01-29 04:28:28.497708+00:00|30.629175456604116|33.578577097239986|35.449992331111275|30.644774634827286|32.1883555457992|-0.726318359375|0.55712890625|-0.340576171875|-1.678466796875|2.8076171875|-0.091552734375|0.0|37.37462606837607|-40.764652014652015
2026-01-29 04:28:28.556536+00:00|30.62527574700681|33.5746387323681|35.4340876472167|30.648674514571724|32.18052177535213|-0.72802734375|0.55517578125|-0.3359375|-1.800537109375|2.74658203125|-0.244140625|-1.234067841880342|38.256103098290595|-40.5947992979243
2026-01-29 04:28:28.615235+00:00|30.644774634827286|33.5746387323681|35.4340876472167|30.63697497765702|32.16093826314744|-0.7333984375|0.5634765625|-0.330322265625|-0.48828125|2.105712890625|-0.030517578125|-1.4103632478632477|38.4323985042735|-41.10435744810745
2026-01-29 04:28:28.674080+00:00|30.640874789204418|33.56282405091355|35.43806368083341|30.640874789204418|32.153105222855515|-0.7353515625|0.561279296875|-0.31884765625|-1.28173828125|3.021240234375|0.030517578125|-2.64443108974359|37.55092147435897|-41.27421016483516
2026-01-29 04:28:28.732841+00:00|30.640874789204418|33.55100998820751|35.42613585440313|30.644774634827286|32.17268821398528|-0.726806640625|0.545654296875|-0.334716796875|-1.495361328125|2.349853515625|0.091552734375|-0.5288862179487179|37.90351228632478|-40.5947992979243
2026-01-29 04:28:28.792027+00:00|30.644774634827286|33.55494794043847|35.42613585440313|30.644774634827286|32.15702171700576|-0.72412109375|0.5458984375|-0.35009765625|-1.678466796875|1.861572265625|0.1220703125|-1.234067841880342|38.608693910256406|-39.915388431013426
2026-01-29 04:28:28.850757+00:00|30.640874789204418|33.55494794043847|35.42613585440313|30.652574428483376|32.153105222855515|-0.730224609375|0.557861328125|-0.345947265625|-0.946044921875|2.25830078125|-0.06103515625|-1.234067841880342|37.90351228632478|-39.915388431013426
2026-01-29 04:28:28.909640+00:00|30.629175456604116|33.53132125522927|35.41818442715595|30.648674514571724|32.16877151159076|-0.731201171875|0.55419921875|-0.33837890625|-0.30517578125|2.593994140625|0.18310546875|-0.8814770299145299|38.256103098290595|-40.25509386446887
2026-01-29 04:28:28.968473+00:00|30.648674514571724|33.52738371393821|35.410233365082945|30.648674514571724|32.145272390343564|-0.731201171875|0.553955078125|-0.31982421875|-0.885009765625|2.38037109375|0.18310546875|-0.7051816239316239|38.78498931623931|-41.10435744810745
2026-01-29 04:28:29.027109+00:00|30.644774634827286|33.53132125522927|35.42613585440313|30.644774634827286|32.15702171700576|-0.734130859375|0.550048828125|-0.329833984375|-2.38037109375|2.716064453125|-0.335693359375|-1.234067841880342|37.55092147435897|-40.5947992979243
2026-01-29 04:28:29.086057+00:00|30.652574428483376|33.535258864892285|35.41818442715595|30.652574428483376|32.13352353035049|-0.7294921875|0.5625|-0.33203125|-1.8310546875|2.777099609375|-0.06103515625|0.17629540598290597|37.90351228632478|-40.5947992979243
2026-01-29 04:28:29.144822+00:00|30.652574428483376|33.53132125522927|35.41818442715595|30.656474376608458|32.153105222855515|-0.723388671875|0.54931640625|-0.3525390625|-0.518798828125|1.495361328125|0.640869140625|-0.8814770299145299|38.608693910256406|-40.25509386446887
2026-01-29 04:28:29.203715+00:00|30.648674514571724|33.51950883628251|35.414208850497175|30.660374358992954|32.14918878065026|-0.72900390625|0.553466796875|-0.35009765625|0.06103515625|1.556396484375|0.762939453125|-1.0577724358974359|37.37462606837607|-39.066124847374844
2026-01-29 04:28:29.262503+00:00|30.648674514571724|33.511634231547475|35.410233365082945|30.652574428483376|32.153105222855515|-0.730224609375|0.55224609375|-0.327880859375|-0.946044921875|2.655029296875|0.030517578125|-0.7051816239316239|37.022035256410255|-41.44406288156288
2026-01-29 04:28:29.321392+00:00|30.656474376608458|33.49982283534456|35.40228266779229|30.652574428483376|32.1296073471737|-0.728515625|0.55517578125|-0.336181640625|-2.197265625|2.349853515625|-0.396728515625|-1.234067841880342|37.55092147435897|-40.93450473137973
2026-01-29 04:28:29.380477+00:00|30.656474376608458|33.507697031407076|35.40625797086432|30.648674514571724|32.12177513577319|-0.734375|0.545654296875|-0.3359375|-1.617431640625|2.01416015625|0.18310546875|-0.7051816239316239|38.78498931623931|-39.74553571428571
2026-01-29 04:28:29.439450+00:00|30.652574428483376|33.49588583932797|35.40625797086432|30.660374358992954|32.12177513577319|-0.724609375|0.560791015625|-0.3447265625|-0.640869140625|1.739501953125|0.48828125|-0.5288862179487179|37.90351228632478|-42.6330318986569
2026-01-29 04:28:29.498842+00:00|30.656474376608458|33.49194891125819|35.39433233489211|30.672074512162737|32.11785910745641|-0.726318359375|0.553955078125|-0.340087890625|-0.9765625|2.716064453125|-0.06103515625|-1.0577724358974359|38.07980769230769|-40.764652014652015
2026-01-29 04:28:29.558165+00:00|30.656474376608458|33.48801205108799|35.39830745581793|30.664274375682737|32.13352353035049|-0.732666015625|0.542724609375|-0.32470703125|-2.044677734375|2.74658203125|-0.640869140625|-0.8814770299145299|37.19833066239316|-40.93450473137973
2026-01-29 04:28:29.618066+00:00|30.660374358992954|33.48801205108799|35.39433233489211|30.664274375682737|32.12177513577319|-0.724853515625|0.55224609375|-0.346923828125|-1.220703125|1.739501953125|0.213623046875|-1.5866586538461538|37.90351228632478|-41.27421016483516
2026-01-29 04:28:29.677302+00:00|30.656474376608458|33.48801205108799|35.39035730496602|30.668174426724022|32.1296073471737|-0.730224609375|0.555419921875|-0.339599609375|-0.030517578125|2.471923828125|0.335693359375|-0.35259081196581193|37.72721688034188|-40.764652014652015
2026-01-29 04:28:29.736502+00:00|30.656474376608458|33.46439231331527|35.39433233489211|30.660374358992954|32.12177513577319|-0.721435546875|0.568115234375|-0.33544921875|-1.0986328125|2.410888671875|-0.213623046875|0.0|38.78498931623931|-41.10435744810745
2026-01-29 04:28:29.795631+00:00|30.660374358992954|33.460455927120734|35.37445809427868|30.660374358992954|32.12569121566344|-0.736083984375|0.550537109375|-0.322021484375|-2.197265625|2.685546875|-0.335693359375|0.0|39.13758012820512|-40.42494658119658
2026-01-29 04:28:29.854904+00:00|30.664274375682737|33.45651960844816|35.37048351861631|30.656474376608458|32.12177513577319|-0.725830078125|0.55322265625|-0.344482421875|-1.40380859375|2.0751953125|0.091552734375|-1.4103632478632477|37.37462606837607|-41.10435744810745
2026-01-29 04:28:29.914029+00:00|30.660374358992954|33.460455927120734|35.37843276069583|30.652574428483376|32.11002720535822|-0.7197265625|0.557373046875|-0.3603515625|-0.18310546875|2.0751953125|0.18310546875|-1.7629540598290598|36.31685363247863|-40.08524114774115
2026-01-29 04:28:29.973501+00:00|30.652574428483376|33.45258335725043|35.37843276069583|30.664274375682737|32.12569121566344|-0.72998046875|0.553466796875|-0.3349609375|-1.40380859375|2.655029296875|-0.091552734375|-0.7051816239316239|37.37462606837607|-41.10435744810745
2026-01-29 04:28:30.032848+00:00|30.664274375682737|33.45258335725043|35.37843276069583|30.664274375682737|32.11394313066694|-0.73583984375|0.541748046875|-0.33251953125|-1.89208984375|2.74658203125|0.06103515625|-1.234067841880342|36.84573985042735|-39.23597756410256
2026-01-29 04:28:30.091955+00:00|30.660374358992954|33.4447110570909|35.37048351861631|30.664274375682737|32.11394313066694|-0.727783203125|0.552734375|-0.337890625|-1.15966796875|1.983642578125|0.244140625|-1.7629540598290598|36.669444444444444|-40.764652014652015
2026-01-29 04:28:30.151775+00:00|30.668174426724022|33.440775008034564|35.362534639360376|30.668174426724022|32.08653273200338|-0.735107421875|0.562255859375|-0.334228515625|0.091552734375|2.50244140625|0.1220703125|-2.1155448717948717|37.37462606837607|-41.10435744810745
2026-01-29 04:28:30.210878+00:00|30.656474376608458|33.4329031117332|35.36650903365984|30.668174426724022|32.102195508997454|-0.73779296875|0.56787109375|-0.313232421875|-0.79345703125|2.655029296875|-0.18310546875|-1.9392494658119657|36.49314903846154|-39.915388431013426
2026-01-29 04:28:30.270141+00:00|30.660374358992954|33.42109577110165|35.35856033566898|30.672074512162737|32.090448349401925|-0.72900390625|0.552001953125|-0.332275390625|-2.471923828125|2.655029296875|-0.091552734375|-1.4103632478632477|37.72721688034188|-40.764652014652015
2026-01-29 04:28:30.329918+00:00|30.660374358992954|33.41322454601067|35.346637967753395|30.668174426724022|32.07870165062752|-0.724853515625|0.55615234375|-0.350341796875|-1.068115234375|1.77001953125|0.579833984375|-2.64443108974359|37.55092147435897|-39.915388431013426
2026-01-29 04:28:30.388415+00:00|30.664274375682737|33.42109577110165|35.3386901746195|30.668174426724022|32.08653273200338|-0.72509765625|0.542236328125|-0.343505859375|-0.946044921875|2.197265625|0.335693359375|-1.7629540598290598|38.78498931623931|-40.764652014652015
2026-01-29 04:28:30.447486+00:00|30.668174426724022|33.41716012505452|35.362534639360376|30.660374358992954|32.07870165062752|-0.734375|0.559814453125|-0.318359375|-1.28173828125|3.0517578125|-0.091552734375|-1.234067841880342|38.608693910256406|-40.25509386446887
2026-01-29 04:28:30.506721+00:00|30.672074512162737|33.40928903392279|35.35061199991435|30.675974632044927|32.08261716576067|-0.72998046875|0.55712890625|-0.3369140625|-2.655029296875|2.899169921875|-0.06103515625|1.0577724358974359|37.72721688034188|-40.08524114774115
2026-01-29 04:28:30.565244+00:00|30.668174426724022|33.40928903392279|35.35061199991435|30.664274375682737|32.09827973785269|-0.7275390625|0.545166015625|-0.34521484375|-1.739501953125|2.044677734375|0.18310546875|-0.17629540598290597|37.19833066239316|-40.5947992979243
2026-01-29 04:28:30.623639+00:00|30.660374358992954|33.401418210426186|35.34266402600474|30.679874786416462|32.07870165062752|-0.725830078125|0.554931640625|-0.347412109375|-0.762939453125|1.953125|0.244140625|-1.7629540598290598|38.07980769230769|-40.08524114774115
2026-01-29 04:28:30.682496+00:00|30.668174426724022|33.393547654187785|35.33471641354873|30.683774975323388|32.07870165062752|-0.71875|0.55126953125|-0.352294921875|-0.579833984375|2.471923828125|0.335693359375|-1.234067841880342|38.256103098290595|-39.915388431013426
2026-01-29 04:28:30.741430+00:00|30.675974632044927|33.39748289892333|35.330742742743496|30.668174426724022|32.0747861865575|-0.73388671875|0.553955078125|-0.3193359375|-1.922607421875|3.23486328125|-0.18310546875|-1.5866586538461538|37.90351228632478|-41.27421016483516
2026-01-29 04:28:30.800349+00:00|30.672074512162737|33.393547654187785|35.3386901746195|30.675974632044927|32.0552096305305|-0.725830078125|0.54345703125|-0.34375|-1.922607421875|1.77001953125|0.457763671875|-2.1155448717948717|37.72721688034188|-42.12347374847374
2026-01-29 04:28:30.859307+00:00|30.675974632044927|33.38567736483043|35.330742742743496|30.683774975323388|32.06304010026224|-0.732666015625|0.559326171875|-0.3388671875|-0.91552734375|2.62451171875|0.213623046875|-1.0577724358974359|38.78498931623931|-40.08524114774115
2026-01-29 04:28:30.918305+00:00|30.679874786416462|33.381742320114256|35.32676916215485|30.679874786416462|32.06304010026224|-0.73291015625|0.558837890625|-0.332763671875|-0.518798828125|2.655029296875|-0.152587890625|-0.7051816239316239|38.07980769230769|-40.08524114774115
2026-01-29 04:28:30.977286+00:00|30.668174426724022|33.37780734197696|35.330742742743496|30.675974632044927|32.051294471865106|-0.72998046875|0.5498046875|-0.327392578125|-1.617431640625|2.777099609375|-0.30517578125|-0.7051816239316239|38.07980769230769|-40.08524114774115
2026-01-29 04:28:31.036818+00:00|30.668174426724022|33.3581334483236|35.32676916215485|30.69157545692758|32.05912483998077|-0.72509765625|0.54736328125|-0.359130859375|-1.708984375|1.8310546875|0.396728515625|-0.8814770299145299|37.19833066239316|-40.25509386446887
2026-01-29 04:28:31.096375+00:00|30.675974632044927|33.3541988686697|35.31484896120031|30.687675198811803|32.047379363938035|-0.72119140625|0.5517578125|-0.353515625|-0.457763671875|2.01416015625|0.1220703125|-0.8814770299145299|39.313875534188035|-40.5947992979243
2026-01-29 04:28:31.155614+00:00|30.675974632044927|33.3581334483236|35.30690261075074|30.672074512162737|32.06304010026224|-0.73583984375|0.55810546875|-0.3203125|-1.220703125|2.8076171875|-0.1220703125|-1.7629540598290598|38.4323985042735|-41.10435744810745
2026-01-29 04:28:31.214035+00:00|30.683774975323388|33.3581334483236|35.31087574098939|30.675974632044927|32.04346430670296|-0.736328125|0.541259765625|-0.3232421875|-1.312255859375|2.838134765625|-0.152587890625|-1.4103632478632477|38.07980769230769|-39.40583028083028
2026-01-29 04:28:31.273158+00:00|30.679874786416462|33.34632990806182|35.31087574098939|30.679874786416462|32.047379363938035|-0.735107421875|0.5595703125|-0.3330078125|-2.01416015625|2.532958984375|0.152587890625|-0.5288862179487179|37.90351228632478|-40.5947992979243
2026-01-29 04:28:31.331593+00:00|30.679874786416462|33.34632990806182|35.31484896120031|30.679874786416462|32.051294471865106|-0.7255859375|0.55322265625|-0.360107421875|-0.42724609375|1.617431640625|0.54931640625|-0.17629540598290597|38.256103098290595|-40.93450473137973
2026-01-29 04:28:31.390534+00:00|30.679874786416462|33.338461212073014|35.31087574098939|30.683774975323388|32.04346430670296|-0.728515625|0.544677734375|-0.340576171875|-0.946044921875|2.0751953125|0.1220703125|-0.8814770299145299|37.90351228632478|-40.25509386446887
2026-01-29 04:28:31.449431+00:00|30.672074512162737|33.32272461244543|35.30292957043554|30.683774975323388|32.047379363938035|-0.72705078125|0.5439453125|-0.3359375|-1.495361328125|2.471923828125|0.1220703125|-2.1155448717948717|38.07980769230769|-40.42494658119658
2026-01-29 04:28:31.508486+00:00|30.683774975323388|33.31879062733668|35.29498375937965|30.675974632044927|32.03171943868614|-0.731689453125|0.5546875|-0.332763671875|-1.617431640625|2.44140625|-0.18310546875|-1.7629540598290598|37.37462606837607|-41.10435744810745
2026-01-29 04:28:31.567784+00:00|30.679874786416462|33.326658663426315|35.29101098854113|30.675974632044927|32.039549300113606|-0.725830078125|0.553955078125|-0.343017578125|-0.823974609375|1.953125|0.06103515625|-0.7051816239316239|38.07980769230769|-40.764652014652015
2026-01-29 04:28:31.626869+00:00|30.683774975323388|33.314856708053014|35.29895661999478|30.683774975323388|32.016060321538134|-0.7197265625|0.54638671875|-0.35302734375|-0.67138671875|1.89208984375|0.244140625|-0.5288862179487179|38.608693910256406|-41.27421016483516
2026-01-29 04:28:31.685872+00:00|30.679874786416462|33.314856708053014|35.29498375937965|30.683774975323388|32.02780458375531|-0.73046875|0.5400390625|-0.3427734375|-1.617431640625|2.105712890625|0.48828125|-1.7629540598290598|38.78498931623931|-41.10435744810745
2026-01-29 04:28:31.744922+00:00|30.683774975323388|33.30698906677276|35.29101098854113|30.687675198811803|32.02388977928467|-0.732666015625|0.557861328125|-0.331298828125|-1.495361328125|2.349853515625|-0.30517578125|-2.1155448717948717|37.72721688034188|-41.10435744810745
2026-01-29 04:28:31.804228+00:00|30.679874786416462|33.30698906677276|35.29498375937965|30.69157545692758|32.012145668169524|-0.7255859375|0.568603515625|-0.337158203125|-1.5869140625|2.227783203125|-0.335693359375|-0.7051816239316239|38.07980769230769|-40.08524114774115
2026-01-29 04:28:31.863439+00:00|30.675974632044927|33.29125457204168|35.29101098854113|30.69157545692758|32.039549300113606|-0.734619140625|0.555908203125|-0.3193359375|-0.9765625|2.838134765625|0.091552734375|-1.5866586538461538|37.19833066239316|-40.93450473137973
2026-01-29 04:28:31.922573+00:00|30.675974632044927|33.27945438886144|35.275120801977664|30.687675198811803|32.008231065075506|-0.730712890625|0.543212890625|-0.341552734375|-1.77001953125|2.74658203125|0.091552734375|-1.0577724358974359|38.07980769230769|-39.40583028083028
2026-01-29 04:28:31.981389+00:00|30.683774975323388|33.27945438886144|35.26717624608608|30.683774975323388|32.019975025227666|-0.726318359375|0.552978515625|-0.349609375|-1.64794921875|2.25830078125|0.1220703125|-0.7051816239316239|37.72721688034188|-40.42494658119658
2026-01-29 04:28:32.040024+00:00|30.687675198811803|33.28338771783774|35.2790932141977|30.675974632044927|32.008231065075506|-0.722412109375|0.55224609375|-0.35888671875|-0.274658203125|1.77001953125|0.54931640625|-0.5288862179487179|37.55092147435897|-39.57568299755799
2026-01-29 04:28:32.098980+00:00|30.69157545692758|33.27945438886144|35.275120801977664|30.69157545692758|31.992573154518652|-0.728271484375|0.557373046875|-0.33251953125|-0.54931640625|2.5634765625|-0.030517578125|-0.35259081196581193|38.4323985042735|-40.764652014652015
2026-01-29 04:28:32.157993+00:00|30.687675198811803|33.27158792692478|35.27114847928999|30.695475749716877|31.992573154518652|-0.727294921875|0.539306640625|-0.33935546875|-1.861572265625|2.5634765625|-0.244140625|-1.5866586538461538|36.84573985042735|-40.5947992979243
2026-01-29 04:28:32.216429+00:00|30.683774975323388|33.27158792692478|35.275120801977664|30.687675198811803|31.98474449968245|-0.732421875|0.560302734375|-0.32763671875|-2.166748046875|2.532958984375|0.030517578125|-0.7051816239316239|38.4323985042735|-40.764652014652015
2026-01-29 04:28:32.275408+00:00|30.679874786416462|33.24799010585491|35.26320410231705|30.695475749716877|31.996487556977797|-0.71484375|0.5498046875|-0.3681640625|-1.03759765625|1.40380859375|0.579833984375|-1.234067841880342|37.55092147435897|-40.93450473137973
2026-01-29 04:28:32.334497+00:00|30.683774975323388|33.25978872335395|35.25526008288813|30.687675198811803|31.98474449968245|-0.734619140625|0.55859375|-0.32470703125|-0.213623046875|2.8076171875|-0.1220703125|0.17629540598290597|36.49314903846154|-40.5947992979243
2026-01-29 04:28:32.393572+00:00|30.69157545692758|33.255855785797905|35.25923204793406|30.679874786416462|31.992573154518652|-0.739990234375|0.558837890625|-0.304443359375|-1.068115234375|3.021240234375|-0.274658203125|-1.7629540598290598|38.07980769230769|-40.764652014652015
2026-01-29 04:28:32.451890+00:00|30.687675198811803|33.24799010585491|35.26717624608608|30.695475749716877|31.992573154518652|-0.728515625|0.55029296875|-0.33251953125|-2.685546875|2.62451171875|-0.030517578125|-1.0577724358974359|38.07980769230769|-39.74553571428571
2026-01-29 04:28:32.510737+00:00|30.695475749716877|33.24012468582373|35.25923204793406|30.695475749716877|31.980830247212623|-0.719482421875|0.547119140625|-0.358154296875|-0.91552734375|1.861572265625|0.42724609375|-1.0577724358974359|38.4323985042735|-40.42494658119658
2026-01-29 04:28:32.569849+00:00|30.683774975323388|33.24012468582373|35.25526008288813|30.695475749716877|31.976916044646543|-0.72265625|0.555908203125|-0.36181640625|-0.152587890625|1.5869140625|0.335693359375|-0.35259081196581193|38.07980769230769|-40.42494658119658
2026-01-29 04:28:32.628785+00:00|30.679874786416462|33.22439462399166|35.24731642061249|30.703276439499746|31.97300189193794|-0.7333984375|0.5634765625|-0.312744140625|-1.251220703125|3.204345703125|-0.48828125|0.5288862179487179|38.256103098290595|-39.57568299755799
2026-01-29 04:28:32.687740+00:00|30.69157545692758|33.220462270390556|35.239373115099795|30.69157545692758|31.976916044646543|-0.729248046875|0.55712890625|-0.324462890625|-2.288818359375|3.021240234375|-0.396728515625|-1.7629540598290598|37.72721688034188|-41.10435744810745
2026-01-29 04:28:32.746692+00:00|30.69157545692758|33.22439462399166|35.239373115099795|30.69157545692758|31.953431874632713|-0.726806640625|0.548583984375|-0.3544921875|-1.068115234375|1.922607421875|0.335693359375|-1.7629540598290598|39.13758012820512|-40.764652014652015
2026-01-29 04:28:32.805703+00:00|30.69157545692758|33.21259775708768|35.24731642061249|30.69157545692758|31.969087789040316|-0.7255859375|0.5498046875|-0.3466796875|-0.06103515625|2.044677734375|0.335693359375|-1.7629540598290598|38.4323985042735|-40.764652014652015
2026-01-29 04:28:32.864751+00:00|30.69157545692758|33.20866559729177|35.24334472328519|30.699376077225565|31.976916044646543|-0.722900390625|0.559814453125|-0.327880859375|-1.373291015625|2.777099609375|-0.06103515625|-1.7629540598290598|38.78498931623931|-41.10435744810745
2026-01-29 04:28:32.923737+00:00|30.699376077225565|33.20080147117608|35.23143016595958|30.695475749716877|31.965173735907285|-0.73291015625|0.54833984375|-0.3291015625|-2.44140625|2.838134765625|-0.091552734375|-0.7051816239316239|37.72721688034188|-40.42494658119658
2026-01-29 04:28:32.982678+00:00|30.683774975323388|33.20080147117608|35.239373115099795|30.699376077225565|31.97300189193794|-0.72802734375|0.549560546875|-0.353759765625|-1.40380859375|1.922607421875|0.213623046875|-1.4103632478632477|36.669444444444444|-40.764652014652015
2026-01-29 04:28:33.041061+00:00|30.683774975323388|33.1811422823036|35.23143016595958|30.683774975323388|31.957345778749755|-0.72802734375|0.5576171875|-0.34619140625|-0.213623046875|2.044677734375|0.30517578125|-0.7051816239316239|37.022035256410255|-40.08524114774115
2026-01-29 04:28:33.099879+00:00|30.69157545692758|33.1811422823036|35.21951640959378|30.69157545692758|31.933863096809432|-0.73681640625|0.556640625|-0.315673828125|-1.0986328125|2.9296875|-0.396728515625|-1.4103632478632477|37.72721688034188|-39.40583028083028
2026-01-29 04:28:33.158870+00:00|30.69157545692758|33.1811422823036|35.23143016595958|30.69157545692758|31.9495180200949|-0.733642578125|0.540771484375|-0.32373046875|-1.861572265625|2.99072265625|-0.30517578125|-0.8814770299145299|37.90351228632478|-40.93450473137973
2026-01-29 04:28:33.217700+00:00|30.683774975323388|33.17327905633408|35.21951640959378|30.69157545692758|31.929949489472847|-0.728515625|0.55126953125|-0.349853515625|-2.227783203125|2.0751953125|0.213623046875|-0.35259081196581193|38.07980769230769|-39.40583028083028
2026-01-29 04:28:33.276608+00:00|30.695475749716877|33.17327905633408|35.21951640959378|30.69157545692758|31.953431874632713|-0.72119140625|0.55517578125|-0.35546875|-0.946044921875|1.434326171875|0.579833984375|-0.5288862179487179|36.84573985042735|-39.57568299755799
2026-01-29 04:28:33.335227+00:00|30.683774975323388|33.165416086703374|35.21554533523516|30.683774975323388|31.933863096809432|-0.731689453125|0.556640625|-0.328857421875|0.0|2.593994140625|-0.1220703125|1.234067841880342|37.19833066239316|-40.5947992979243
2026-01-29 04:28:33.394022+00:00|30.683774975323388|33.15362211207025|35.20363264476674|30.699376077225565|31.9495180200949|-0.73876953125|0.546630859375|-0.323974609375|-1.52587890625|3.326416015625|-0.30517578125|-1.234067841880342|37.55092147435897|-39.915388431013426
2026-01-29 04:28:33.454335+00:00|30.699376077225565|33.1457597816418|35.19966192531717|30.695475749716877|31.941690459571646|-0.7314453125|0.559814453125|-0.332763671875|-1.617431640625|2.044677734375|0.091552734375|-1.9392494658119657|37.90351228632478|-40.25509386446887
2026-01-29 04:28:33.512884+00:00|30.699376077225565|33.137897706236686|35.19966192531717|30.695475749716877|31.933863096809432|-0.72119140625|0.5537109375|-0.35498046875|-0.152587890625|1.495361328125|0.732421875|-0.8814770299145299|37.90351228632478|-41.27421016483516
2026-01-29 04:28:33.571717+00:00|30.695475749716877|33.1457597816418|35.20363264476674|30.69157545692758|31.910382191381643|-0.73291015625|0.541748046875|-0.33740234375|-0.762939453125|2.166748046875|0.18310546875|-1.4103632478632477|38.07980769230769|-40.08524114774115
2026-01-29 04:28:33.630562+00:00|30.69157545692758|33.13003588547912|35.19966192531717|30.695475749716877|31.92212242265697|-0.731201171875|0.552001953125|-0.331298828125|-1.89208984375|2.99072265625|-0.18310546875|-1.7629540598290598|37.37462606837607|-40.42494658119658
2026-01-29 04:28:33.689497+00:00|30.69157545692758|33.13003588547912|35.19172075218523|30.699376077225565|31.926035931437525|-0.731689453125|0.55859375|-0.33935546875|-1.77001953125|2.349853515625|0.1220703125|-1.5866586538461538|38.256103098290595|-41.27421016483516
2026-01-29 04:28:33.748807+00:00|30.683774975323388|33.13003588547912|35.19966192531717|30.695475749716877|31.926035931437525|-0.737548828125|0.558349609375|-0.32666015625|-1.617431640625|2.44140625|-0.3662109375|-1.7629540598290598|37.72721688034188|-40.764652014652015
2026-01-29 04:28:33.807955+00:00|30.683774975323388|33.11038244520222|35.19569129447291|30.695475749716877|31.914295552675412|-0.726318359375|0.54833984375|-0.33984375|-1.5869140625|2.716064453125|-0.06103515625|0.35259081196581193|37.72721688034188|-41.10435744810745
2026-01-29 04:28:33.866792+00:00|30.687675198811803|33.11038244520222|35.17980965617426|30.699376077225565|31.90255561595643|-0.7216796875|0.534423828125|-0.343017578125|-1.708984375|1.983642578125|0.579833984375|-1.4103632478632477|39.13758012820512|-41.10435744810745
2026-01-29 04:28:33.925861+00:00|30.699376077225565|33.102521512752446|35.17583946762545|30.687675198811803|31.886903052458422|-0.729736328125|0.550048828125|-0.3388671875|-1.77001953125|2.349853515625|0.091552734375|-2.468135683760684|37.72721688034188|-40.08524114774115
2026-01-29 04:28:33.984790+00:00|30.69157545692758|33.102521512752446|35.19172075218523|30.695475749716877|31.89864240173233|-0.74267578125|0.563720703125|-0.31591796875|-1.220703125|2.44140625|-0.274658203125|0.0|37.72721688034188|-40.42494658119658
2026-01-29 04:28:34.043934+00:00|30.699376077225565|33.098591141409884|35.17980965617426|30.70717683658546|31.910382191381643|-0.729248046875|0.552001953125|-0.32470703125|-1.28173828125|2.62451171875|0.06103515625|0.35259081196581193|37.37462606837607|-40.42494658119658
2026-01-29 04:28:34.102844+00:00|30.699376077225565|33.09073058825487|35.18377993308468|30.687675198811803|31.90255561595643|-0.72412109375|0.5322265625|-0.350341796875|-1.922607421875|2.0751953125|0.18310546875|-0.7051816239316239|37.37462606837607|-40.764652014652015
2026-01-29 04:28:34.161769+00:00|30.683774975323388|33.0789402316434|35.17583946762545|30.69157545692758|31.871251269626555|-0.72314453125|0.54052734375|-0.365478515625|-1.220703125|1.52587890625|0.396728515625|-0.35259081196581193|37.022035256410255|-40.08524114774115
2026-01-29 04:28:34.220663+00:00|30.679874786416462|33.06322063734973|35.167899355417774|30.695475749716877|31.90255561595643|-0.725830078125|0.569091796875|-0.339599609375|-0.3662109375|2.197265625|0.1220703125|-1.234067841880342|38.96128472222222|-40.5947992979243
2026-01-29 04:28:34.279777+00:00|30.69157545692758|33.05929089581849|35.155989848600086|30.699376077225565|31.90255561595643|-0.738037109375|0.5556640625|-0.31396484375|-1.15966796875|2.655029296875|-0.091552734375|-1.0577724358974359|38.4323985042735|-41.10435744810745
2026-01-29 04:28:34.338680+00:00|30.69157545692758|33.05929089581849|35.155989848600086|30.69157545692758|31.871251269626555|-0.732421875|0.54638671875|-0.328857421875|-2.3193359375|2.410888671875|-0.335693359375|-1.0577724358974359|37.022035256410255|-41.10435744810745
2026-01-29 04:28:34.398093+00:00|30.687675198811803|33.05929089581849|35.163929431661415|30.69157545692758|31.88299003367888|-0.730224609375|0.541015625|-0.345458984375|-1.312255859375|2.410888671875|0.1220703125|-1.234067841880342|37.19833066239316|-39.915388431013426
2026-01-29 04:28:34.457210+00:00|30.695475749716877|33.051431600878345|35.163929431661415|30.699376077225565|31.847775052643613|-0.723388671875|0.5556640625|-0.35498046875|-0.48828125|2.288818359375|0.640869140625|-0.8814770299145299|37.90351228632478|-40.25509386446887
2026-01-29 04:28:34.515907+00:00|30.695475749716877|33.04357255645505|35.155989848600086|30.703276439499746|31.886903052458422|-0.727294921875|0.54638671875|-0.333251953125|-1.373291015625|2.410888671875|0.030517578125|-1.5866586538461538|37.90351228632478|-40.25509386446887
2026-01-29 04:28:34.574796+00:00|30.687675198811803|33.03571376217326|35.152020189197685|30.69157545692758|31.886903052458422|-0.732177734375|0.55517578125|-0.33544921875|-2.3193359375|2.685546875|-0.1220703125|-0.8814770299145299|38.96128472222222|-39.915388431013426
2026-01-29 04:28:34.633571+00:00|30.687675198811803|33.02785521765793|35.1480506178159|30.70717683658546|31.879077063644445|-0.731201171875|0.554443359375|-0.340576171875|0.091552734375|1.617431640625|0.6103515625|-0.8814770299145299|37.55092147435897|-40.25509386446887
2026-01-29 04:28:34.692452+00:00|30.695475749716877|33.01213887642564|35.13614243130684|30.695475749716877|31.890816120029626|-0.734130859375|0.564697265625|-0.31298828125|-0.091552734375|2.74658203125|0.396728515625|-2.468135683760684|39.84276175213675|-41.783768315018314
2026-01-29 04:28:34.751292+00:00|30.703276439499746|33.02392603894543|35.14011173891913|30.69157545692758|31.871251269626555|-0.72216796875|0.56201171875|-0.33984375|0.30517578125|1.953125|0.67138671875|-1.5866586538461538|38.96128472222222|-41.613915598290596
2026-01-29 04:28:34.810315+00:00|30.70717683658546|33.019996922533835|35.144081134405894|30.70717683658546|31.859512943031632|-0.73193359375|0.56298828125|-0.33056640625|-1.251220703125|2.410888671875|-0.3662109375|-2.468135683760684|39.13758012820512|-41.44406288156288
2026-01-29 04:28:34.869404+00:00|30.695475749716877|33.00820994663536|35.1480506178159|30.699376077225565|31.871251269626555|-0.7294921875|0.558349609375|-0.3408203125|-1.556396484375|2.74658203125|-0.18310546875|-1.4103632478632477|38.4323985042735|-42.12347374847374
2026-01-29 04:28:34.928875+00:00|30.695475749716877|33.00820994663536|35.144081134405894|30.70717683658546|31.87516414230919|-0.73193359375|0.558349609375|-0.3251953125|-0.8544921875|2.685546875|-0.091552734375|-1.5866586538461538|38.256103098290595|-40.25509386446887
2026-01-29 04:28:34.987848+00:00|30.699376077225565|32.996423529757124|35.13614243130684|30.70717683658546|31.863425670034076|-0.736572265625|0.56103515625|-0.326904296875|-2.13623046875|3.082275390625|-0.06103515625|-1.4103632478632477|38.07980769230769|-40.764652014652015
2026-01-29 04:28:35.047013+00:00|30.69157545692758|32.984637670633106|35.13217321152041|30.703276439499746|31.879077063644445|-0.7197265625|0.556640625|-0.343994140625|-2.349853515625|2.8076171875|-1.3427734375|0.0|38.07980769230769|-39.74553571428571
2026-01-29 04:28:35.105873+00:00|30.699376077225565|32.97678074045564|35.12026607862873|30.699376077225565|31.855600264496616|-0.736572265625|0.5458984375|-0.3271484375|-1.373291015625|2.5634765625|-0.06103515625|-1.4103632478632477|39.13758012820512|-40.42494658119658
2026-01-29 04:28:35.164849+00:00|30.703276439499746|32.984637670633106|35.11629720965857|30.69157545692758|31.843862519233028|-0.729248046875|0.5576171875|-0.33544921875|-0.06103515625|1.556396484375|0.67138671875|-0.17629540598290597|36.84573985042735|-38.5565666971917
2026-01-29 04:28:35.223689+00:00|30.695475749716877|32.97678074045564|35.12820407951102|30.703276439499746|31.828212867949844|-0.72900390625|0.544677734375|-0.35107421875|-1.068115234375|2.410888671875|0.0|-1.7629540598290598|37.022035256410255|-40.42494658119658
2026-01-29 04:28:35.282679+00:00|30.703276439499746|32.96892405723162|35.12820407951102|30.70717683658546|31.855600264496616|-0.726806640625|0.54736328125|-0.337890625|-2.13623046875|2.899169921875|-0.6103515625|-1.0577724358974359|38.07980769230769|-41.44406288156288
2026-01-29 04:28:35.342011+00:00|30.703276439499746|32.96499580811002|35.11629720965857|30.703276439499746|31.843862519233028|-0.726318359375|0.560302734375|-0.338134765625|-1.434326171875|2.86865234375|-0.396728515625|-1.0577724358974359|38.4323985042735|-40.42494658119658
2026-01-29 04:28:35.400837+00:00|30.69157545692758|32.96106762058599|35.12026607862873|30.703276439499746|31.8516876343827|-0.725341796875|0.5498046875|-0.3408203125|-1.617431640625|2.25830078125|-0.06103515625|-0.7051816239316239|38.07980769230769|-41.10435744810745
2026-01-29 04:28:35.459754+00:00|30.695475749716877|32.94928342713234|35.10439112804795|30.703276439499746|31.83212520850941|-0.72802734375|0.5439453125|-0.360107421875|-0.701904296875|1.89208984375|0.3662109375|-1.7629540598290598|38.78498931623931|-40.42494658119658
2026-01-29 04:28:35.519183+00:00|30.699376077225565|32.9374997863718|35.100422609115355|30.695475749716877|31.843862519233028|-0.72998046875|0.548583984375|-0.338623046875|-0.732421875|2.227783203125|0.06103515625|-0.35259081196581193|38.78498931623931|-39.74553571428571
2026-01-29 04:28:35.577372+00:00|30.699376077225565|32.9374997863718|35.108359734416865|30.69157545692758|31.836037597212226|-0.72265625|0.567138671875|-0.30517578125|-2.166748046875|2.86865234375|-0.3662109375|-0.7051816239316239|38.4323985042735|-40.08524114774115
2026-01-29 04:28:35.635511+00:00|30.703276439499746|32.92964433229207|35.108359734416865|30.71107726852864|31.828212867949844|-0.72802734375|0.5341796875|-0.338134765625|-2.166748046875|2.227783203125|0.1220703125|-1.4103632478632477|37.72721688034188|-40.764652014652015
2026-01-29 04:28:35.694256+00:00|30.703276439499746|32.92178912291678|35.108359734416865|30.703276439499746|31.83212520850941|-0.7275390625|0.55126953125|-0.348876953125|-0.3662109375|1.5869140625|0.946044921875|-1.234067841880342|37.90351228632478|-40.93450473137973
2026-01-29 04:28:35.753237+00:00|30.687675198811803|32.91000676685536|35.100422609115355|30.695475749716877|31.839950034104675|-0.72802734375|0.551025390625|-0.337890625|-0.030517578125|1.64794921875|0.701904296875|-1.0577724358974359|38.78498931623931|-40.08524114774115
2026-01-29 04:28:35.812146+00:00|30.69157545692758|32.894297811742945|35.084549406776546|30.703276439499746|31.843862519233028|-0.72998046875|0.560302734375|-0.32568359375|-2.655029296875|2.960205078125|-0.42724609375|-1.4103632478632477|37.72721688034188|-39.74553571428571
2026-01-29 04:28:35.871002+00:00|30.69157545692758|32.88644369890221|35.080581324296475|30.695475749716877|31.828212867949844|-0.71435546875|0.578857421875|-0.3369140625|-1.434326171875|2.044677734375|0.030517578125|0.35259081196581193|38.78498931623931|-41.10435744810745
2026-01-29 04:28:35.929902+00:00|30.695475749716877|32.88644369890221|35.092485833365004|30.69157545692758|31.82038833107555|-0.733642578125|0.5361328125|-0.3388671875|-1.251220703125|2.105712890625|0.06103515625|-1.234067841880342|37.19833066239316|-39.57568299755799
2026-01-29 04:28:35.988826+00:00|30.69157545692758|32.87858982870591|35.080581324296475|30.695475749716877|31.83212520850941|-0.734130859375|0.549560546875|-0.340087890625|-0.213623046875|1.8310546875|0.823974609375|-0.7051816239316239|38.78498931623931|-41.44406288156288
2026-01-29 04:28:36.047793+00:00|30.69157545692758|32.87073620077945|35.084549406776546|30.687675198811803|31.824300575487314|-0.730712890625|0.547607421875|-0.333251953125|-1.129150390625|2.44140625|0.0|-0.5288862179487179|38.96128472222222|-40.5947992979243
2026-01-29 04:28:36.107426+00:00|30.687675198811803|32.8589562123268|35.07661332896089|30.695475749716877|31.808651885681456|-0.729736328125|0.54638671875|-0.343017578125|-1.953125|2.166748046875|-0.213623046875|-1.9392494658119657|37.55092147435897|-40.25509386446887
2026-01-29 04:28:36.166689+00:00|30.679874786416462|32.84717676687552|35.080581324296475|30.69157545692758|31.83212520850941|-0.728515625|0.548095703125|-0.352294921875|-0.42724609375|1.373291015625|1.129150390625|-0.35259081196581193|38.4323985042735|-40.08524114774115
2026-01-29 04:28:36.225811+00:00|30.683774975323388|32.83539786316214|35.06470986533566|30.69157545692758|31.81256398621889|-0.718505859375|0.547607421875|-0.353759765625|-0.091552734375|2.13623046875|0.30517578125|-0.7051816239316239|37.37462606837607|-39.74553571428571
2026-01-29 04:28:36.285125+00:00|30.687675198811803|32.81969349873117|35.06470986533566|30.672074512162737|31.808651885681456|-0.72998046875|0.56396484375|-0.32861328125|-2.044677734375|2.899169921875|-0.640869140625|-2.468135683760684|38.07980769230769|-40.08524114774115
2026-01-29 04:28:36.344599+00:00|30.679874786416462|32.81576755740457|35.05677465775034|30.672074512162737|31.800827828157026|-0.732666015625|0.553955078125|-0.33251953125|-1.0986328125|2.25830078125|-0.152587890625|-0.5288862179487179|37.55092147435897|-39.915388431013426
2026-01-29 04:28:36.403811+00:00|30.679874786416462|32.81576755740457|35.06074221809223|30.679874786416462|31.78909210005196|-0.726806640625|0.5439453125|-0.347900390625|-0.244140625|2.410888671875|0.579833984375|-1.5866586538461538|38.608693910256406|-41.953621031746025
2026-01-29 04:28:36.467027+00:00|30.679874786416462|32.79221316400441|35.048839797576534|30.672074512162737|31.800827828157026|-0.732666015625|0.540283203125|-0.338134765625|-1.495361328125|2.410888671875|0.06103515625|-1.234067841880342|37.90351228632478|-41.953621031746025
2026-01-29 04:28:36.525694+00:00|30.679874786416462|32.79613874711913|35.048839797576534|30.660374358992954|31.79691587107743|-0.733642578125|0.55126953125|-0.33642578125|-1.15966796875|2.01416015625|0.42724609375|-2.8207264957264955|39.49017094017094|-41.10435744810745
2026-01-29 04:28:36.584816+00:00|30.675974632044927|32.78436217634294|35.05280718426127|30.672074512162737|31.78909210005196|-0.726806640625|0.559814453125|-0.32470703125|-1.129150390625|2.5634765625|0.396728515625|-1.0577724358974359|39.13758012820512|-40.764652014652015
2026-01-29 04:28:36.643360+00:00|30.668174426724022|32.780436771702796|35.05280718426127|30.675974632044927|31.808651885681456|-0.724853515625|0.5556640625|-0.34033203125|-2.288818359375|2.9296875|-0.640869140625|-0.5288862179487179|37.55092147435897|-40.5947992979243
2026-01-29 04:28:36.702301+00:00|30.672074512162737|32.76473574665533|35.048839797576534|30.672074512162737|31.79691587107743|-0.73681640625|0.55126953125|-0.332763671875|-1.46484375|2.38037109375|-0.244140625|-0.35259081196581193|38.78498931623931|-41.10435744810745
2026-01-29 04:28:36.761324+00:00|30.652574428483376|32.752960599749656|35.044872497647475|30.672074512162737|31.78909210005196|-0.729248046875|0.539306640625|-0.339111328125|-0.42724609375|2.044677734375|0.48828125|-1.9392494658119657|37.55092147435897|-40.25509386446887
2026-01-29 04:28:36.820720+00:00|30.664274375682737|32.74118598448206|35.03297111790852|30.668174426724022|31.800827828157026|-0.728515625|0.54638671875|-0.339111328125|-1.495361328125|2.655029296875|-0.091552734375|-1.234067841880342|37.55092147435897|-39.23597756410256
2026-01-29 04:28:36.879778+00:00|30.664274375682737|32.729411899590616|35.03297111790852|30.652574428483376|31.793003961724423|-0.7353515625|0.544189453125|-0.33203125|-1.8310546875|2.44140625|-0.06103515625|-0.8814770299145299|39.313875534188035|-40.25509386446887
2026-01-29 04:28:36.938815+00:00|30.660374358992954|32.72548732227017|35.03297111790852|30.656474376608458|31.79691587107743|-0.739501953125|0.54443359375|-0.332763671875|-1.3427734375|2.410888671875|0.18310546875|-1.234067841880342|38.608693910256406|-40.93450473137973
2026-01-29 04:28:36.997913+00:00|30.656474376608458|32.72156280369347|35.03297111790852|30.660374358992954|31.7734451292402|-0.727294921875|0.569091796875|-0.31884765625|-1.0986328125|3.021240234375|-0.06103515625|-1.9392494658119657|37.55092147435897|-40.93450473137973
2026-01-29 04:28:37.057046+00:00|30.656474376608458|32.71371394258466|35.029004164516266|30.656474376608458|31.781268519562957|-0.737060546875|0.56103515625|-0.3212890625|-1.89208984375|3.082275390625|-0.823974609375|-0.35259081196581193|38.4323985042735|-40.764652014652015
2026-01-29 04:28:37.116014+00:00|30.652574428483376|32.70194109033224|35.02107051722169|30.656474376608458|31.793003961724423|-0.735595703125|0.545654296875|-0.3408203125|-1.556396484375|1.922607421875|0.06103515625|-1.4103632478632477|38.78498931623931|-41.10435744810745
2026-01-29 04:28:37.174915+00:00|30.644774634827286|32.6940928145595|35.01710382322216|30.644774634827286|31.800827828157026|-0.728271484375|0.5556640625|-0.343017578125|-0.274658203125|2.105712890625|0.823974609375|-1.9392494658119657|37.90351228632478|-41.953621031746025
2026-01-29 04:28:37.233939+00:00|30.63697497765702|32.670549386630455|35.01710382322216|30.648674514571724|31.79691587107743|-0.724853515625|0.562744140625|-0.335693359375|0.030517578125|2.50244140625|0.457763671875|-1.0577724358974359|37.37462606837607|-40.764652014652015
2026-01-29 04:28:37.292867+00:00|30.656474376608458|32.666625685562906|35.005204259231505|30.644774634827286|31.800827828157026|-0.737548828125|0.546630859375|-0.32373046875|-1.739501953125|2.716064453125|-0.396728515625|-1.0577724358974359|37.72721688034188|-40.764652014652015
2026-01-29 04:28:37.351887+00:00|30.644774634827286|32.666625685562906|35.00123791040892|30.629175456604116|31.765621928713472|-0.73291015625|0.5419921875|-0.33740234375|-2.25830078125|2.044677734375|0.18310546875|-1.0577724358974359|38.07980769230769|-41.10435744810745
2026-01-29 04:28:37.410822+00:00|30.648674514571724|32.65877845751106|35.005204259231505|30.640874789204418|31.781268519562957|-0.724853515625|0.539306640625|-0.35693359375|-0.091552734375|1.556396484375|1.129150390625|-0.5288862179487179|37.90351228632478|-41.27421016483516
2026-01-29 04:28:37.469801+00:00|30.640874789204418|32.65093146125895|35.013137215589666|30.63697497765702|31.800827828157026|-0.731201171875|0.551513671875|-0.326904296875|-1.251220703125|2.777099609375|-0.6103515625|-0.17629540598290597|38.96128472222222|-40.93450473137973
2026-01-29 04:28:37.528723+00:00|30.633075200138876|32.64700804994101|34.99727164775902|30.633075200138876|31.78909210005196|-0.734130859375|0.541259765625|-0.3466796875|-1.129150390625|1.77001953125|0.885009765625|-0.7051816239316239|37.37462606837607|-39.066124847374844
2026-01-29 04:28:37.587958+00:00|30.62137607130086|32.6273918595669|35.00123791040892|30.633075200138876|31.78909210005196|-0.718017578125|0.5517578125|-0.355712890625|-0.30517578125|1.52587890625|1.03759765625|0.0|37.37462606837607|-40.764652014652015
2026-01-29 04:28:37.646988+00:00|30.613576821379297|32.61954578677995|34.989339380783804|30.629175456604116|31.79691587107743|-0.72900390625|0.547607421875|-0.3310546875|-1.15966796875|2.471923828125|-0.762939453125|-1.234067841880342|38.96128472222222|-39.57568299755799
2026-01-29 04:28:37.705878+00:00|30.62137607130086|32.60777710860708|34.98140745791761|30.61747642944033|31.78909210005196|-0.737548828125|0.550048828125|-0.324951171875|-1.617431640625|2.44140625|-0.335693359375|-1.4103632478632477|38.07980769230769|-39.74553571428571
2026-01-29 04:28:37.764807+00:00|30.62137607130086|32.60777710860708|34.989339380783804|30.613576821379297|31.777356800653877|-0.7265625|0.543212890625|-0.359619140625|0.3662109375|1.03759765625|1.52587890625|-1.5866586538461538|35.787967414529916|-40.5947992979243
2026-01-29 04:28:37.823879+00:00|30.613576821379297|32.59600894652374|34.989339380783804|30.613576821379297|31.777356800653877|-0.718017578125|0.554931640625|-0.35400390625|-0.18310546875|2.105712890625|0.3662109375|-1.7629540598290598|38.4323985042735|-40.08524114774115
2026-01-29 04:28:37.882871+00:00|30.609677247071545|32.58816379122925|34.98140745791761|30.61747642944033|31.781268519562957|-0.734619140625|0.559326171875|-0.314453125|-1.0986328125|2.62451171875|-0.152587890625|-0.35259081196581193|38.4323985042735|-41.783768315018314
2026-01-29 04:28:37.942067+00:00|30.613576821379297|32.58816379122925|34.97744162540397|30.613576821379297|31.777356800653877|-0.736572265625|0.54833984375|-0.32958984375|-2.44140625|2.838134765625|-0.06103515625|-0.7051816239316239|36.669444444444444|-40.764652014652015
2026-01-29 04:28:38.000947+00:00|30.59797872620885|32.564629694494556|34.97744162540397|30.609677247071545|31.79691587107743|-0.72607421875|0.541259765625|-0.3525390625|-2.838134765625|2.288818359375|0.335693359375|-2.1155448717948717|37.022035256410255|-40.42494658119658
2026-01-29 04:28:38.060025+00:00|30.601878199532337|32.55678545072226|34.96157915368127|30.6057777064712|31.793003961724423|-0.72119140625|0.54931640625|-0.350341796875|0.213623046875|1.89208984375|0.18310546875|-1.7629540598290598|38.4323985042735|-40.42494658119658
2026-01-29 04:28:38.119153+00:00|30.601878199532337|32.55286341396493|34.96157915368127|30.590179880224127|31.7734451292402|-0.733154296875|0.5458984375|-0.34228515625|-1.64794921875|2.593994140625|-0.244140625|-0.35259081196581193|38.07980769230769|-40.08524114774115
2026-01-29 04:28:38.178018+00:00|30.59797872620885|32.548941433897824|34.96554464295923|30.58238116814914|31.76953350527549|-0.728271484375|0.5439453125|-0.336181640625|-2.01416015625|2.25830078125|0.732421875|-0.17629540598290597|37.90351228632478|-40.25509386446887
2026-01-29 04:28:38.236838+00:00|30.590179880224127|32.55286341396493|34.96157915368127|30.594079286454757|31.75779891761249|-0.719970703125|0.558349609375|-0.342041015625|-0.9765625|2.227783203125|-0.091552734375|-2.468135683760684|38.07980769230769|-40.42494658119658
2026-01-29 04:28:38.295549+00:00|30.590179880224127|32.52933238228644|34.95761375009084|30.58238116814914|31.78909210005196|-0.732666015625|0.56396484375|-0.32421875|-1.03759765625|2.62451171875|-0.42724609375|-1.234067841880342|37.19833066239316|-40.5947992979243
2026-01-29 04:28:38.354348+00:00|30.57848186221281|32.52933238228644|34.95761375009084|30.57848186221281|31.7734451292402|-0.732421875|0.548095703125|-0.339599609375|-1.373291015625|2.25830078125|0.457763671875|-0.17629540598290597|38.96128472222222|-39.915388431013426
2026-01-29 04:28:38.413159+00:00|30.57068335031238|32.505803381391786|34.94571805296039|30.58238116814914|31.793003961724423|-0.730712890625|0.556640625|-0.345947265625|-0.823974609375|1.861572265625|0.1220703125|-1.9392494658119657|37.19833066239316|-40.93450473137973
2026-01-29 04:28:38.471918+00:00|30.57068335031238|32.501882077973164|34.937788015755814|30.5628849714019|31.785180286013542|-0.728515625|0.552001953125|-0.333740234375|-1.3427734375|2.471923828125|-0.06103515625|-1.234067841880342|37.90351228632478|-40.93450473137973
2026-01-29 04:28:38.530532+00:00|30.57068335031238|32.501882077973164|34.94571805296039|30.5628849714019|31.749976095567263|-0.72412109375|0.54736328125|-0.344482421875|0.91552734375|1.373291015625|1.068115234375|-1.4103632478632477|38.07980769230769|-40.08524114774115
2026-01-29 04:28:38.589430+00:00|30.5628849714019|32.49796083063882|34.9417529916355|30.55898583170284|31.7734451292402|-0.734619140625|0.550537109375|-0.327880859375|-1.678466796875|2.74658203125|-0.06103515625|-2.1155448717948717|37.37462606837607|-40.08524114774115
2026-01-29 04:28:38.648115+00:00|30.55898583170284|32.482276401214335|34.933823125272625|30.55118765158727|31.7734451292402|-0.730224609375|0.538818359375|-0.33544921875|-2.838134765625|2.38037109375|-0.213623046875|-1.234067841880342|38.608693910256406|-41.27421016483516
2026-01-29 04:28:38.706822+00:00|30.54728861107867|32.474434521797264|34.933823125272625|30.555086725113256|31.781268519562957|-0.733642578125|0.553466796875|-0.336669921875|-0.42724609375|2.3193359375|0.244140625|-1.7629540598290598|38.78498931623931|-40.764652014652015
2026-01-29 04:28:38.765651+00:00|30.54338960354164|32.45483079820991|34.92192896571885|30.55118765158727|31.800827828157026|-0.728515625|0.56103515625|-0.333984375|-0.67138671875|2.50244140625|-0.18310546875|-0.35259081196581193|37.72721688034188|-41.10435744810745
2026-01-29 04:28:38.824451+00:00|30.55118765158727|32.45091022025497|34.92192896571885|30.53559168719812|31.76953350527549|-0.729736328125|0.5400390625|-0.357177734375|-1.5869140625|1.861572265625|0.1220703125|0.0|37.37462606837607|-40.08524114774115
2026-01-29 04:28:38.883238+00:00|30.54338960354164|32.44698969777892|34.92589360030274|30.52779390218882|31.7734451292402|-0.733642578125|0.5478515625|-0.3388671875|-1.46484375|2.349853515625|0.244140625|-1.234067841880342|36.49314903846154|-40.25509386446887
2026-01-29 04:28:38.941953+00:00|30.53559168719812|32.44306923073509|34.917964416337725|30.53559168719812|31.765621928713472|-0.7255859375|0.56591796875|-0.323486328125|-2.044677734375|2.716064453125|-0.91552734375|-1.9392494658119657|37.55092147435897|-39.23597756410256
2026-01-29 04:28:39.000604+00:00|30.52389505881945|32.435228462758005|34.917964416337725|30.531692778299714|31.765621928713472|-0.727783203125|0.56005859375|-0.3466796875|-2.38037109375|2.655029296875|-0.152587890625|-1.7629540598290598|39.84276175213675|-40.764652014652015
2026-01-29 04:28:39.059408+00:00|30.50830001183823|32.41954758994257|34.913999952111|30.52779390218882|31.76953350527549|-0.732421875|0.544677734375|-0.34375|-0.762939453125|2.288818359375|0.396728515625|-1.4103632478632477|38.07980769230769|-41.44406288156288
2026-01-29 04:28:39.118268+00:00|30.50830001183823|32.40778751411051|34.90607127892662|30.51219872470108|31.7734451292402|-0.72509765625|0.549560546875|-0.328857421875|-1.678466796875|2.5634765625|-0.48828125|-1.0577724358974359|37.72721688034188|-40.08524114774115
2026-01-29 04:28:39.177284+00:00|30.50830001183823|32.40386759882864|34.89814294577832|30.504401331486918|31.761710399507876|-0.729736328125|0.541748046875|-0.330810546875|-1.373291015625|2.960205078125|-0.3662109375|-0.5288862179487179|37.90351228632478|-41.953621031746025
2026-01-29 04:28:39.236134+00:00|30.504401331486918|32.40386759882864|34.90607127892662|30.492705485043075|31.76953350527549|-0.73193359375|0.55126953125|-0.342041015625|-0.823974609375|1.861572265625|0.396728515625|-1.234067841880342|38.96128472222222|-40.5947992979243
2026-01-29 04:28:39.295043+00:00|30.496604068135298|32.39602793297877|34.89814294577832|30.500502683601326|31.781268519562957|-0.732421875|0.5517578125|-0.33251953125|-1.40380859375|2.349853515625|0.06103515625|-1.7629540598290598|37.37462606837607|-39.066124847374844
2026-01-29 04:28:39.354161+00:00|30.492705485043075|32.38426884529048|34.89814294577832|30.4888069342785|31.777356800653877|-0.724609375|0.558349609375|-0.338623046875|-0.8544921875|2.50244140625|0.1220703125|-2.64443108974359|37.19833066239316|-39.57568299755799
2026-01-29 04:28:39.413031+00:00|30.48100992954852|32.38426884529048|34.89021495227831|30.484908415795644|31.781268519562957|-0.72900390625|0.556884765625|-0.33740234375|-1.251220703125|2.227783203125|0.244140625|-1.5866586538461538|37.55092147435897|-42.29332646520146
2026-01-29 04:28:39.471913+00:00|30.47321305357741|32.3646714589384|34.89021495227831|30.48100992954852|31.785180286013542|-0.73388671875|0.5498046875|-0.328125|-1.220703125|2.3193359375|-0.030517578125|-2.2918402777777778|37.55092147435897|-40.5947992979243
2026-01-29 04:28:39.530897+00:00|30.47711147549097|32.35683288590667|34.88228729803916|30.47321305357741|31.7734451292402|-0.729736328125|0.552490234375|-0.333740234375|-0.91552734375|2.410888671875|-0.18310546875|-1.5866586538461538|38.256103098290595|-42.6330318986569
2026-01-29 04:28:39.589906+00:00|30.47321305357741|32.3646714589384|34.87039645194727|30.465416305997508|31.777356800653877|-0.721435546875|0.55078125|-0.34326171875|-0.9765625|2.44140625|0.213623046875|-1.0577724358974359|38.78498931623931|-40.08524114774115
2026-01-29 04:28:39.649572+00:00|30.465416305997508|32.35291368095665|34.87832359802138|30.457619686440808|31.765621928713472|-0.734375|0.55322265625|-0.334716796875|-1.312255859375|2.471923828125|0.18310546875|-0.7051816239316239|38.78498931623931|-40.08524114774115
2026-01-29 04:28:39.708342+00:00|30.457619686440808|32.34115639181181|34.87435998267358|30.457619686440808|31.777356800653877|-0.73046875|0.5498046875|-0.326904296875|-1.40380859375|2.410888671875|-0.213623046875|-0.5288862179487179|37.55092147435897|-40.25509386446887
2026-01-29 04:28:39.768100+00:00|30.45372142455625|32.34507543395574|34.87039645194727|30.45372142455625|31.78909210005196|-0.728515625|0.548095703125|-0.343017578125|-1.373291015625|2.349853515625|0.396728515625|-1.5866586538461538|37.90351228632478|-39.915388431013426
2026-01-29 04:28:39.827046+00:00|30.45372142455625|32.32939959024765|34.87039645194727|30.44982319453959|31.765621928713472|-0.728759765625|0.54736328125|-0.3388671875|-1.068115234375|2.50244140625|0.0|-0.5288862179487179|37.19833066239316|-39.915388431013426
2026-01-29 04:28:39.885870+00:00|30.44202682992585|32.32939959024765|34.87039645194727|30.44202682992585|31.781268519562957|-0.731689453125|0.553466796875|-0.335693359375|-0.91552734375|2.38037109375|0.213623046875|-1.5866586538461538|38.256103098290595|-41.27421016483516
2026-01-29 04:28:39.944701+00:00|30.438128695236855|32.31372461111732|34.854543174289404|30.44202682992585|31.7734451292402|-0.72412109375|0.55322265625|-0.337890625|-0.8544921875|2.105712890625|-0.1220703125|-1.234067841880342|36.84573985042735|-40.93450473137973
2026-01-29 04:28:40.003739+00:00|30.434230592231756|32.30980600107614|34.85058006594471|30.426434481089586|31.765621928713472|-0.726806640625|0.552490234375|-0.334716796875|-0.946044921875|2.50244140625|0.091552734375|-0.7051816239316239|37.72721688034188|-41.10435744810745
2026-01-29 04:28:40.062567+00:00|30.438128695236855|32.305887444838675|34.85850636701355|30.434230592231756|31.76953350527549|-0.736328125|0.558349609375|-0.324951171875|-1.28173828125|2.3193359375|-0.54931640625|-0.8814770299145299|37.19833066239316|-40.25509386446887
2026-01-29 04:28:40.121550+00:00|30.43033252086468|32.3019689423582|34.85058006594471|30.43033252086468|31.76953350527549|-0.7265625|0.552490234375|-0.354736328125|-0.885009765625|2.74658203125|-0.91552734375|-1.234067841880342|38.256103098290595|-41.27421016483516
2026-01-29 04:28:40.180470+00:00|30.426434481089586|32.294132098482464|34.846617041931154|30.422536472860543|31.75779891761249|-0.732421875|0.546875|-0.35009765625|-1.434326171875|2.655029296875|-0.335693359375|-0.35259081196581193|38.4323985042735|-40.764652014652015
2026-01-29 04:28:40.239428+00:00|30.41084263698957|32.294132098482464|34.85058006594471|30.418638496131507|31.777356800653877|-0.73681640625|0.550537109375|-0.33349609375|-2.01416015625|2.50244140625|0.030517578125|-1.5866586538461538|39.66646634615385|-39.57568299755799
2026-01-29 04:28:40.298290+00:00|30.414740550856493|32.274540926287216|34.83869124670389|30.414740550856493|31.765621928713472|-0.734619140625|0.55078125|-0.331787109375|-1.220703125|2.655029296875|0.30517578125|-0.5288862179487179|37.19833066239316|-39.915388431013426
2026-01-29 04:28:40.357228+00:00|30.406944754484698|32.270622852189604|34.83472847539343|30.41084263698957|31.781268519562957|-0.724853515625|0.55419921875|-0.34716796875|-1.617431640625|2.471923828125|0.396728515625|-0.35259081196581193|37.72721688034188|-40.08524114774115
2026-01-29 04:28:40.419026+00:00|30.414740550856493|32.278459053770064|34.82680318513695|30.403046903296|31.7538874829811|-0.731689453125|0.550048828125|-0.338623046875|-0.732421875|2.3193359375|0.213623046875|-1.9392494658119657|37.19833066239316|-41.27421016483516
2026-01-29 04:28:40.478004+00:00|30.403046903296|32.262786863963754|34.82680318513695|30.39914908337755|31.76953350527549|-0.731201171875|0.552978515625|-0.336669921875|-1.03759765625|2.50244140625|-0.18310546875|0.0|36.669444444444444|-40.42494658119658
2026-01-29 04:28:40.537542+00:00|30.403046903296|32.26670483143056|34.81887823104398|30.39914908337755|31.749976095567263|-0.7275390625|0.56201171875|-0.330322265625|-0.18310546875|2.0751953125|0.732421875|-2.1155448717948717|38.07980769230769|-39.40583028083028
2026-01-29 04:28:40.596951+00:00|30.403046903296|32.25886894974252|34.82680318513695|30.395251294683078|31.726508760063837|-0.731201171875|0.543212890625|-0.337158203125|-3.96728515625|3.0517578125|-1.251220703125|-1.4103632478632477|36.669444444444444|-40.42494658119658
2026-01-29 04:28:40.656044+00:00|30.403046903296|32.25495108872059|34.82284066609424|30.39914908337755|31.761710399507876|-0.748779296875|0.5341796875|-0.32861328125|-5.92041015625|5.126953125|-3.35693359375|-2.1155448717948717|37.37462606837607|-40.764652014652015
2026-01-29 04:28:40.714900+00:00|30.395251294683078|32.25495108872059|34.81887823104398|30.39135353716688|31.746064755324824|-0.729736328125|0.502197265625|-0.363525390625|-0.823974609375|2.0751953125|0.42724609375|-1.234067841880342|37.19833066239316|-40.93450473137973
2026-01-29 04:28:40.774523+00:00|30.387455810782853|32.2510332808514|34.81095361272759|30.387455810782853|31.7538874829811|-0.712890625|0.57568359375|-0.3486328125|-0.274658203125|1.52587890625|0.396728515625|-0.8814770299145299|37.19833066239316|-40.93450473137973
2026-01-29 04:28:40.833758+00:00|30.37966045122755|32.243197824385334|34.81491587993793|30.387455810782853|31.749976095567263|-0.72802734375|0.552490234375|-0.34423828125|-2.62451171875|2.62451171875|-0.640869140625|-1.4103632478632477|37.37462606837607|-41.10435744810745
2026-01-29 04:28:40.893313+00:00|30.36407010368066|32.227527547241266|34.81491587993793|30.375762817964358|31.75779891761249|-0.732421875|0.536376953125|-0.343505859375|-0.3662109375|2.3193359375|0.54931640625|-1.7629540598290598|37.37462606837607|-41.10435744810745
2026-01-29 04:28:40.952939+00:00|30.3679676442369|32.22361011014016|34.795105381877306|30.371865215649393|31.75779891761249|-0.727783203125|0.548828125|-0.33251953125|-0.30517578125|1.922607421875|0.9765625|-0.35259081196581193|37.37462606837607|-39.74553571428571
2026-01-29 04:28:41.012103+00:00|30.36407010368066|32.22361011014016|34.795105381877306|30.371865215649393|31.761710399507876|-0.7294921875|0.572998046875|-0.31298828125|-0.885009765625|2.410888671875|-0.091552734375|-1.9392494658119657|38.256103098290595|-40.25509386446887
2026-01-29 04:28:41.070927+00:00|30.3679676442369|32.227527547241266|34.799067313987905|30.36407010368066|31.761710399507876|-0.72021484375|0.5380859375|-0.355712890625|-0.67138671875|1.708984375|0.30517578125|-1.0577724358974359|38.4323985042735|-40.42494658119658
2026-01-29 04:28:41.130239+00:00|30.360172593934806|32.219692725819925|34.80302932980095|30.371865215649393|31.746064755324824|-0.749755859375|0.52587890625|-0.318359375|-3.662109375|4.974365234375|-2.105712890625|-1.7629540598290598|36.669444444444444|-39.40583028083028
2026-01-29 04:28:41.189480+00:00|30.35627511495335|32.219692725819925|34.79114353342078|30.36407010368066|31.76953350527549|-0.680419921875|0.614990234375|-0.391845703125|-1.800537109375|1.739501953125|-0.244140625|-0.5288862179487179|37.90351228632478|-41.613915598290596
2026-01-29 04:28:41.248599+00:00|30.360172593934806|32.219692725819925|34.79114353342078|30.35627511495335|31.76953350527549|-0.735107421875|0.5390625|-0.344482421875|-0.518798828125|2.349853515625|0.152587890625|-1.234067841880342|36.84573985042735|-40.5947992979243
2026-01-29 04:28:41.307906+00:00|30.34848024909985|32.21185811533667|34.78718176856995|30.352377666690415|31.75779891761249|-0.737060546875|0.553955078125|-0.303466796875|-2.0751953125|2.99072265625|-0.335693359375|-0.17629540598290597|38.608693910256406|-40.25509386446887
2026-01-29 04:28:41.366943+00:00|30.340685505752333|32.20402371541991|34.78718176856995|30.35627511495335|31.7538874829811|-0.737548828125|0.561279296875|-0.335205078125|-2.9296875|3.143310546875|-1.15966796875|-0.8814770299145299|38.256103098290595|-41.27421016483516
2026-01-29 04:28:41.425426+00:00|30.340685505752333|32.19618952569789|34.77529697516883|30.340685505752333|31.761710399507876|-0.730224609375|0.55810546875|-0.323486328125|-1.800537109375|2.716064453125|-0.67138671875|-1.7629540598290598|38.07980769230769|-40.764652014652015
2026-01-29 04:28:41.484497+00:00|30.336788179903408|32.19227250954384|34.771335544257795|30.33289088454302|31.7538874829811|-0.73974609375|0.516845703125|-0.337646484375|-0.54931640625|1.983642578125|0.91552734375|0.5288862179487179|38.256103098290595|-40.93450473137973
2026-01-29 04:28:41.542886+00:00|30.340685505752333|32.1883555457992|34.77529697516883|30.340685505752333|31.749976095567263|-0.729736328125|0.55615234375|-0.3359375|-1.64794921875|2.74658203125|-0.18310546875|-0.5288862179487179|38.96128472222222|-39.57568299755799
2026-01-29 04:28:41.602193+00:00|30.325096385104075|32.18052177535213|34.76737419671082|30.336788179903408|31.761710399507876|-0.731201171875|0.566162109375|-0.334716796875|-2.01416015625|3.021240234375|-0.9765625|-0.8814770299145299|38.256103098290595|-40.93450473137973
2026-01-29 04:28:41.661200+00:00|30.33289088454302|32.18443863441746|34.76737419671082|30.328993619625123|31.761710399507876|-0.727783203125|0.53515625|-0.35400390625|0.579833984375|1.708984375|0.91552734375|-0.5288862179487179|37.19833066239316|-41.27421016483516
2026-01-29 04:28:41.719920+00:00|30.325096385104075|32.17660496855689|34.76341293247975|30.325096385104075|31.777356800653877|-0.73193359375|0.558349609375|-0.322509765625|-0.213623046875|2.105712890625|0.885009765625|0.17629540598290597|37.90351228632478|-40.5947992979243
2026-01-29 04:28:41.778865+00:00|30.313404863460505|32.17268821398528|34.751529639198566|30.328993619625123|31.761710399507876|-0.72119140625|0.578369140625|-0.330078125|-3.35693359375|3.387451171875|-1.007080078125|-1.7629540598290598|38.07980769230769|-40.08524114774115
2026-01-29 04:28:41.837366+00:00|30.325096385104075|32.16877151159076|34.74756870774786|30.317302007067667|31.73433101716296|-0.72412109375|0.548583984375|-0.3564453125|-0.946044921875|1.77001953125|0.213623046875|0.0|37.37462606837607|-40.764652014652015
2026-01-29 04:28:41.896386+00:00|30.321199180933434|32.16877151159076|34.75549065377197|30.313404863460505|31.73041986514329|-0.724365234375|0.54052734375|-0.358154296875|0.91552734375|1.3427734375|0.946044921875|-1.5866586538461538|38.96128472222222|-40.5947992979243
2026-01-29 04:28:41.955804+00:00|30.328993619625123|32.164854861326944|34.74756870774786|30.321199180933434|31.761710399507876|-0.7275390625|0.547119140625|-0.33251953125|-2.50244140625|2.838134765625|-0.457763671875|-0.8814770299145299|37.90351228632478|-40.5947992979243
2026-01-29 04:28:42.014824+00:00|30.313404863460505|32.16093826314744|34.74756870774786|30.313404863460505|31.761710399507876|-0.736083984375|0.55810546875|-0.3359375|-2.8076171875|2.716064453125|-0.9765625|-1.4103632478632477|38.4323985042735|-40.764652014652015
2026-01-29 04:28:42.074078+00:00|30.305610666838504|32.14918878065026|34.751529639198566|30.309507750066132|31.749976095567263|-0.727783203125|0.53857421875|-0.346923828125|1.312255859375|1.617431640625|1.373291015625|-0.7051816239316239|37.022035256410255|-39.74553571428571
2026-01-29 04:28:42.133352+00:00|30.305610666838504|32.14135605188898|34.74360785937154|30.309507750066132|31.75779891761249|-0.73388671875|0.552978515625|-0.317138671875|-2.5634765625|3.173828125|-0.06103515625|-1.234067841880342|38.256103098290595|-39.23597756410256
2026-01-29 04:28:42.192254+00:00|30.29781659069971|32.13352353035049|34.727765295644076|30.309507750066132|31.76953350527549|-0.728759765625|0.553466796875|-0.343994140625|-1.983642578125|2.74658203125|-0.396728515625|-0.8814770299145299|37.55092147435897|-40.93450473137973
2026-01-29 04:28:42.251244+00:00|30.29781659069971|32.13352353035049|34.727765295644076|30.286125701592994|31.7538874829811|-0.727294921875|0.53759765625|-0.36767578125|0.091552734375|1.708984375|0.244140625|-0.8814770299145299|38.608693910256406|-41.27421016483516
2026-01-29 04:28:42.309776+00:00|30.29781659069971|32.13743976524006|34.727765295644076|30.293919597696572|31.75779891761249|-0.73876953125|0.54736328125|-0.318603515625|-0.213623046875|1.953125|0.42724609375|-1.0577724358974359|37.022035256410255|-40.42494658119658
2026-01-29 04:28:42.368795+00:00|30.301713613731692|32.1296073471737|34.73172581220581|30.293919597696572|31.765621928713472|-0.730224609375|0.573486328125|-0.283447265625|-3.570556640625|3.082275390625|-1.0986328125|-0.7051816239316239|37.37462606837607|-41.10435744810745
2026-01-29 04:28:42.427345+00:00|30.293919597696572|32.12569121566344|34.73172581220581|30.293919597696572|31.75779891761249|-0.729736328125|0.571044921875|-0.329345703125|-2.01416015625|2.50244140625|-0.579833984375|-0.35259081196581193|37.72721688034188|-40.42494658119658
2026-01-29 04:28:42.486291+00:00|30.286125701592994|32.12177513577319|34.72380486191531|30.293919597696572|31.765621928713472|-0.708251953125|0.580078125|-0.366943359375|-0.518798828125|1.220703125|0.3662109375|-1.5866586538461538|38.96128472222222|-39.915388431013426
2026-01-29 04:28:42.545285+00:00|30.282228798400638|32.10611133148387|34.71588424276371|30.290022634676404|31.7734451292402|-0.716796875|0.54638671875|-0.357177734375|-2.288818359375|2.777099609375|-0.79345703125|-0.35259081196581193|37.72721688034188|-40.08524114774115
2026-01-29 04:28:42.604256+00:00|30.282228798400638|32.09827973785269|34.70004399633285|30.278331925053237|31.777356800653877|-0.717041015625|0.5390625|-0.337646484375|-6.16455078125|3.96728515625|-3.265380859375|-1.234067841880342|37.55092147435897|-40.5947992979243
2026-01-29 04:28:42.662939+00:00|30.282228798400638|32.10611133148387|34.70796395436486|30.270538267709526|31.761710399507876|-0.7490234375|0.607666015625|-0.3017578125|1.89208984375|1.434326171875|0.946044921875|-0.35259081196581193|38.07980769230769|-39.74553571428571
2026-01-29 04:28:42.722162+00:00|30.282228798400638|32.11002720535822|34.70400393407715|30.282228798400638|31.781268519562957|-0.729248046875|0.546630859375|-0.343017578125|0.030517578125|1.922607421875|1.129150390625|-0.17629540598290597|36.49314903846154|-40.25509386446887
2026-01-29 04:28:42.781234+00:00|30.282228798400638|32.09827973785269|34.70400393407715|30.286125701592994|31.76953350527549|-0.733642578125|0.5439453125|-0.3447265625|0.030517578125|1.617431640625|0.79345703125|-1.4103632478632477|37.72721688034188|-40.764652014652015
2026-01-29 04:28:42.840174+00:00|30.270538267709526|32.09436401800292|34.70004399633285|30.274435081504862|31.765621928713472|-0.731201171875|0.547119140625|-0.333740234375|-1.64794921875|2.5634765625|-0.152587890625|-0.17629540598290597|37.55092147435897|-40.25509386446887
2026-01-29 04:28:42.899264+00:00|30.266641483621186|32.090448349401925|34.70004399633285|30.274435081504862|31.78909210005196|-0.7314453125|0.5498046875|-0.3330078125|-0.9765625|2.349853515625|0.152587890625|-0.7051816239316239|38.07980769230769|-39.40583028083028
2026-01-29 04:28:42.958368+00:00|30.266641483621186|32.07870165062752|34.69212436828161|30.266641483621186|31.785180286013542|-0.732421875|0.54736328125|-0.343017578125|-1.52587890625|1.953125|0.030517578125|-2.2918402777777778|38.256103098290595|-39.23597756410256
2026-01-29 04:28:43.017405+00:00|30.266641483621186|32.07087077350428|34.68024554407481|30.258848004381946|31.781268519562957|-0.73095703125|0.550537109375|-0.332763671875|-1.373291015625|2.38037109375|-0.396728515625|-0.7051816239316239|38.07980769230769|-41.10435744810745
2026-01-29 04:28:43.076535+00:00|30.262744729194026|32.08653273200338|34.684205069825396|30.247158007176836|31.7734451292402|-0.727294921875|0.550048828125|-0.340087890625|-1.312255859375|2.471923828125|-0.1220703125|-1.5866586538461538|38.608693910256406|-40.93450473137973
2026-01-29 04:28:43.135617+00:00|30.258848004381946|32.0747861865575|34.684205069825396|30.254951309139074|31.785180286013542|-0.736083984375|0.54931640625|-0.336669921875|-1.190185546875|2.5634765625|-0.244140625|-0.8814770299145299|37.90351228632478|-41.953621031746025
2026-01-29 04:28:43.194399+00:00|30.251054643419366|32.0747861865575|34.68024554407481|30.254951309139074|31.80473983300959|-0.73095703125|0.546630859375|-0.335693359375|-1.15966796875|2.50244140625|-0.152587890625|-1.0577724358974359|38.07980769230769|-40.764652014652015
2026-01-29 04:28:43.253230+00:00|30.251054643419366|32.07087077350428|34.684205069825396|30.24326140036561|31.7734451292402|-0.73046875|0.54638671875|-0.342041015625|-0.8544921875|1.89208984375|0.30517578125|0.17629540598290597|36.84573985042735|-40.25509386446887
2026-01-29 04:28:43.312028+00:00|30.23157175605985|32.066955411421304|34.68024554407481|30.247158007176836|31.80473983300959|-0.734619140625|0.549560546875|-0.335205078125|-0.91552734375|2.410888671875|-0.091552734375|-0.7051816239316239|37.37462606837607|-39.74553571428571
2026-01-29 04:28:43.370790+00:00|30.23157175605985|32.05912483998077|34.66044914816848|30.227675266513984|31.777356800653877|-0.734619140625|0.54052734375|-0.336669921875|-1.068115234375|2.166748046875|0.030517578125|-0.17629540598290597|37.90351228632478|-40.25509386446887
2026-01-29 04:28:43.429962+00:00|30.2198823749805|32.06304010026224|34.66044914816848|30.2198823749805|31.785180286013542|-0.73388671875|0.548095703125|-0.339599609375|-1.190185546875|2.166748046875|-0.030517578125|-1.5866586538461538|37.55092147435897|-41.953621031746025
2026-01-29 04:28:43.488759+00:00|30.223778806169435|32.066955411421304|34.66836746015451|30.215985972900967|31.785180286013542|-0.728759765625|0.55712890625|-0.334716796875|-1.40380859375|2.197265625|-0.18310546875|-2.2918402777777778|38.96128472222222|-40.25509386446887
2026-01-29 04:28:43.547392+00:00|30.223778806169435|32.05912483998077|34.66836746015451|30.215985972900967|31.824300575487314|-0.731201171875|0.544189453125|-0.3408203125|-0.885009765625|2.0751953125|0.396728515625|-0.5288862179487179|38.256103098290595|-40.25509386446887
2026-01-29 04:28:43.606077+00:00|30.208193255886556|32.05912483998077|34.66440826313095|30.21208959988502|31.785180286013542|-0.736572265625|0.5498046875|-0.333984375|-1.556396484375|2.288818359375|-0.06103515625|-1.234067841880342|36.84573985042735|-39.915388431013426
2026-01-29 04:28:43.664860+00:00|30.200400654758482|32.051294471865106|34.66044914816848|30.21208959988502|31.81256398621889|-0.732666015625|0.55078125|-0.33544921875|-1.46484375|2.5634765625|-0.06103515625|-0.8814770299145299|38.608693910256406|-41.613915598290596
2026-01-29 04:28:43.723144+00:00|30.18871196954865|32.047379363938035|34.64857229516656|30.204296940859592|31.808651885681456|-0.72998046875|0.545166015625|-0.34619140625|-1.190185546875|2.13623046875|0.244140625|-3.1733173076923076|37.72721688034188|-40.08524114774115
2026-01-29 04:28:43.781984+00:00|30.200400654758482|32.05912483998077|34.64461350796705|30.196504397536785|31.793003961724423|-0.732666015625|0.552001953125|-0.339111328125|-1.220703125|2.471923828125|-0.48828125|-0.8814770299145299|38.608693910256406|-40.93450473137973
2026-01-29 04:28:43.840828+00:00|30.184815798690238|32.05912483998077|34.65253116423446|30.200400654758482|31.800827828157026|-0.73486328125|0.546875|-0.32958984375|-0.91552734375|2.349853515625|-0.213623046875|-0.5288862179487179|37.55092147435897|-41.27421016483516
2026-01-29 04:28:43.899674+00:00|30.18871196954865|32.04346430670296|34.64461350796705|30.18871196954865|31.79691587107743|-0.733642578125|0.551025390625|-0.328369140625|-1.190185546875|2.410888671875|-0.335693359375|0.0|37.37462606837607|-42.12347374847374
2026-01-29 04:28:43.958391+00:00|30.18091965652758|32.051294471865106|34.64857229516656|30.19260816914897|31.808651885681456|-0.73681640625|0.546142578125|-0.33984375|-1.40380859375|2.62451171875|0.18310546875|-2.1155448717948717|38.4323985042735|-40.42494658119658
2026-01-29 04:28:44.017136+00:00|30.16533537391541|32.04346430670296|34.64461350796705|30.184815798690238|31.80473983300959|-0.739501953125|0.546630859375|-0.3369140625|-1.434326171875|2.288818359375|0.274658203125|-0.17629540598290597|37.19833066239316|-40.5947992979243
2026-01-29 04:28:44.075979+00:00|30.16533537391541|32.035634344123366|34.6366961789804|30.173127458105796|31.78909210005196|-0.7294921875|0.550537109375|-0.342529296875|-1.617431640625|2.44140625|-0.274658203125|-0.35259081196581193|38.4323985042735|-41.783768315018314
2026-01-29 04:28:44.134441+00:00|30.16533537391541|32.04346430670296|34.62482079830926|30.161439374542283|31.80473983300959|-0.727783203125|0.55419921875|-0.340087890625|-1.28173828125|2.50244140625|0.030517578125|-1.0577724358974359|38.07980769230769|-41.783768315018314
2026-01-29 04:28:44.193496+00:00|30.1692314017547|32.0552096305305|34.6366961789804|30.1692314017547|31.800827828157026|-0.728271484375|0.544921875|-0.3310546875|-1.556396484375|2.166748046875|0.1220703125|-1.0577724358974359|36.669444444444444|-40.42494658119658
2026-01-29 04:28:44.252384+00:00|30.157543403589045|32.047379363938035|34.628779176889395|30.1692314017547|31.824300575487314|-0.7294921875|0.554931640625|-0.3349609375|-0.885009765625|2.288818359375|-0.06103515625|-0.7051816239316239|37.72721688034188|-40.764652014652015
2026-01-29 04:28:44.311783+00:00|30.153647461009825|32.047379363938035|34.628779176889395|30.16533537391541|31.800827828157026|-0.730712890625|0.548828125|-0.343994140625|-1.495361328125|2.410888671875|0.1220703125|-0.7051816239316239|37.37462606837607|-41.783768315018314
2026-01-29 04:28:44.370664+00:00|30.138063973513965|32.04346430670296|34.62482079830926|30.145855660789607|31.824300575487314|-0.73486328125|0.55126953125|-0.32958984375|-0.946044921875|2.471923828125|0.335693359375|-0.8814770299145299|37.90351228632478|-40.93450473137973
2026-01-29 04:28:44.429449+00:00|30.130272398815066|32.03171943868614|34.60503012813575|30.145855660789607|31.82038833107555|-0.72705078125|0.55029296875|-0.337158203125|-0.8544921875|2.197265625|-0.091552734375|-1.234067841880342|38.256103098290595|-40.93450473137973
2026-01-29 04:28:44.488296+00:00|30.141959803056693|32.035634344123366|34.60503012813575|30.134168172115437|31.83212520850941|-0.732666015625|0.553955078125|-0.338623046875|-1.312255859375|2.227783203125|0.152587890625|-1.234067841880342|36.84573985042735|-40.25509386446887
2026-01-29 04:28:44.547132+00:00|30.138063973513965|32.047379363938035|34.61294615185233|30.122480936325303|31.808651885681456|-0.729736328125|0.55126953125|-0.3291015625|-1.434326171875|2.532958984375|-0.213623046875|0.0|38.07980769230769|-41.10435744810745
2026-01-29 04:28:44.606059+00:00|30.126376653567092|32.047379363938035|34.61294615185233|30.130272398815066|31.82038833107555|-0.73291015625|0.54638671875|-0.3349609375|-1.28173828125|2.044677734375|-0.244140625|-0.7051816239316239|38.4323985042735|-40.42494658119658
2026-01-29 04:28:44.665402+00:00|30.130272398815066|32.047379363938035|34.60503012813575|30.126376653567092|31.824300575487314|-0.737060546875|0.54736328125|-0.336181640625|-0.732421875|2.227783203125|-0.3662109375|-1.7629540598290598|37.022035256410255|-41.10435744810745
2026-01-29 04:28:44.724095+00:00|30.122480936325303|32.04346430670296|34.60503012813575|30.122480936325303|31.855600264496616|-0.7119140625|0.561279296875|-0.344970703125|-1.28173828125|2.288818359375|-1.190185546875|-1.234067841880342|38.608693910256406|-41.27421016483516
2026-01-29 04:28:44.783027+00:00|30.106898346502135|32.035634344123366|34.597114429773455|30.1146895856769|31.824300575487314|-0.703125|0.52685546875|-0.3603515625|-1.434326171875|3.631591796875|-5.37109375|-0.7051816239316239|37.37462606837607|-42.12347374847374
2026-01-29 04:28:44.842037+00:00|30.099107218433346|32.039549300113606|34.58919905638032|30.110793952178255|31.843862519233028|-0.669921875|0.540771484375|-0.351806640625|-7.4462890625|5.55419921875|-15.13671875|-1.5866586538461538|36.84573985042735|-41.27421016483516
2026-01-29 04:28:44.900944+00:00|30.106898346502135|32.051294471865106|34.585241491426984|30.103002768602437|31.839950034104675|-0.677490234375|0.4677734375|-0.26318359375|-1.861572265625|-2.74658203125|-6.805419921875|-1.234067841880342|39.313875534188035|-40.25509386446887
2026-01-29 04:28:44.959854+00:00|30.099107218433346|32.051294471865106|34.597114429773455|30.095211695948706|31.82038833107555|-0.733154296875|0.57080078125|-0.404296875|-8.48388671875|7.6904296875|6.28662109375|-1.0577724358974359|39.13758012820512|-41.10435744810745
2026-01-29 04:28:45.018716+00:00|30.087420733849285|32.04346430670296|34.58919905638032|30.0913162011027|31.859512943031632|-0.756591796875|0.54248046875|-0.35302734375|-0.91552734375|0.701904296875|-2.777099609375|-1.0577724358974359|39.13758012820512|-40.08524114774115
2026-01-29 04:28:45.077595+00:00|30.095211695948706|32.0552096305305|34.58919905638032|30.0913162011027|31.836037597212226|-0.748291015625|0.529052734375|-0.348388671875|-0.335693359375|2.960205078125|1.77001953125|-0.8814770299145299|38.608693910256406|-40.5947992979243
2026-01-29 04:28:45.136550+00:00|30.075734497185294|32.051294471865106|34.585241491426984|30.083525294142476|31.847775052643613|-0.7412109375|0.532958984375|-0.34130859375|-2.105712890625|2.8076171875|-0.946044921875|-1.5866586538461538|37.19833066239316|-40.5947992979243
2026-01-29 04:28:45.195413+00:00|30.067943809862925|32.047379363938035|34.57732660476563|30.083525294142476|31.871251269626555|-0.745361328125|0.538818359375|-0.338623046875|-0.54931640625|2.0751953125|0.213623046875|-0.35259081196581193|39.13758012820512|-40.764652014652015
2026-01-29 04:28:45.254427+00:00|30.079629881936512|32.047379363938035|34.56545488216574|30.067943809862925|31.859512943031632|-0.7421875|0.534912109375|-0.336181640625|-1.28173828125|2.349853515625|0.30517578125|-0.8814770299145299|37.55092147435897|-42.29332646520146
2026-01-29 04:28:45.313607+00:00|30.075734497185294|32.0552096305305|34.573369282961494|30.05236276265282|31.843862519233028|-0.74462890625|0.53125|-0.337158203125|-0.8544921875|2.50244140625|0.457763671875|-1.234067841880342|38.256103098290595|-40.93450473137973
2026-01-29 04:28:45.372797+00:00|30.064048507200084|32.0552096305305|34.573369282961494|30.056257983640933|31.871251269626555|-0.744873046875|0.5302734375|-0.3330078125|-1.312255859375|2.3193359375|-0.213623046875|-0.17629540598290597|38.608693910256406|-40.93450473137973
2026-01-29 04:28:45.432152+00:00|30.056257983640933|32.06304010026224|34.569412042110855|30.0601532318081|31.863425670034076|-0.743896484375|0.530517578125|-0.33837890625|-1.46484375|2.166748046875|0.0|0.0|38.4323985042735|-40.42494658119658
2026-01-29 04:28:45.491969+00:00|30.056257983640933|32.051294471865106|34.569412042110855|30.05236276265282|31.859512943031632|-0.742431640625|0.535400390625|-0.34228515625|-1.190185546875|2.13623046875|0.06103515625|-0.35259081196581193|38.78498931623931|-40.764652014652015
2026-01-29 04:28:45.551007+00:00|30.05236276265282|32.066955411421304|34.56149780307783|30.05236276265282|31.859512943031632|-0.743408203125|0.537841796875|-0.3310546875|-1.15966796875|2.227783203125|-0.030517578125|0.8814770299145299|38.256103098290595|-39.915388431013426
2026-01-29 04:28:45.609891+00:00|30.040677262302324|32.066955411421304|34.56545488216574|30.048467568797605|31.863425670034076|-0.739501953125|0.5322265625|-0.33203125|-1.068115234375|2.471923828125|0.30517578125|0.0|38.07980769230769|-41.10435744810745
2026-01-29 04:28:45.668728+00:00|30.036782149570342|32.05912483998077|34.549627050476886|30.048467568797605|31.87516414230919|-0.73876953125|0.5302734375|-0.336181640625|-1.40380859375|2.655029296875|0.18310546875|0.35259081196581193|38.07980769230769|-41.783768315018314
2026-01-29 04:28:45.727422+00:00|30.040677262302324|32.06304010026224|34.54567029433713|30.036782149570342|31.87516414230919|-0.740966796875|0.535400390625|-0.339111328125|-1.28173828125|2.532958984375|-0.030517578125|-0.8814770299145299|38.256103098290595|-40.5947992979243
2026-01-29 04:28:45.786364+00:00|30.040677262302324|32.066955411421304|34.55358388728149|30.036782149570342|31.847775052643613|-0.739501953125|0.534912109375|-0.331298828125|-1.46484375|2.74658203125|-0.091552734375|-0.5288862179487179|38.608693910256406|-40.93450473137973
2026-01-29 04:28:45.845324+00:00|30.036782149570342|32.07870165062752|34.549627050476886|30.040677262302324|31.879077063644445|-0.744384765625|0.53759765625|-0.3330078125|-1.28173828125|2.593994140625|-0.18310546875|-0.5288862179487179|37.55092147435897|-40.5947992979243
2026-01-29 04:28:45.904059+00:00|30.036782149570342|32.07870165062752|34.55358388728149|30.032887063787484|31.890816120029626|-0.745849609375|0.5341796875|-0.3515625|-0.9765625|2.166748046875|0.091552734375|-0.17629540598290597|39.313875534188035|-40.93450473137973
2026-01-29 04:28:45.962927+00:00|30.017306989227848|32.07870165062752|34.541713618814185|30.036782149570342|31.87516414230919|-0.744140625|0.536376953125|-0.33642578125|-1.220703125|2.3193359375|0.1220703125|-0.7051816239316239|38.78498931623931|-40.08524114774115
2026-01-29 04:28:46.021955+00:00|30.025096972885194|32.07870165062752|34.53380050942644|30.036782149570342|31.894729236438877|-0.7451171875|0.5302734375|-0.333251953125|-1.251220703125|2.532958984375|0.1220703125|-0.35259081196581193|39.49017094017094|-41.10435744810745
2026-01-29 04:28:46.081518+00:00|30.032887063787484|32.0747861865575|34.529844075465405|30.025096972885194|31.88299003367888|-0.736572265625|0.52685546875|-0.34765625|-1.03759765625|2.471923828125|0.274658203125|-1.0577724358974359|38.07980769230769|-40.42494658119658
2026-01-29 04:28:46.140330+00:00|30.028992004907707|32.090448349401925|34.521931448768726|30.021201967673903|31.879077063644445|-0.740234375|0.5234375|-0.349365234375|-1.15966796875|2.13623046875|0.3662109375|-1.4103632478632477|39.13758012820512|-40.42494658119658
2026-01-29 04:28:46.199293+00:00|30.036782149570342|32.08653273200338|34.537757023860024|30.028992004907707|31.879077063644445|-0.74072265625|0.53271484375|-0.33056640625|-1.220703125|2.25830078125|0.30517578125|0.17629540598290597|38.608693910256406|-39.23597756410256
2026-01-29 04:28:46.258436+00:00|30.028992004907707|32.09436401800292|34.529844075465405|30.036782149570342|31.894729236438877|-0.7412109375|0.52880859375|-0.3408203125|-1.28173828125|2.410888671875|0.1220703125|-1.234067841880342|39.66646634615385|-40.5947992979243
2026-01-29 04:28:46.317263+00:00|30.028992004907707|32.09436401800292|34.525887721928825|30.032887063787484|31.89864240173233|-0.741455078125|0.534912109375|-0.338623046875|-1.28173828125|2.197265625|0.152587890625|0.0|38.07980769230769|-40.42494658119658
2026-01-29 04:28:46.376195+00:00|30.025096972885194|32.102195508997454|34.525887721928825|30.025096972885194|31.910382191381643|-0.744384765625|0.5302734375|-0.3408203125|-1.129150390625|2.288818359375|-0.091552734375|0.5288862179487179|38.96128472222222|-40.5947992979243
2026-01-29 04:28:46.435247+00:00|30.017306989227848|32.102195508997454|34.51797525593685|30.032887063787484|31.91820896308502|-0.742431640625|0.53125|-0.336181640625|-1.251220703125|2.3193359375|0.091552734375|0.0|38.4323985042735|-40.08524114774115
2026-01-29 04:28:46.494404+00:00|30.032887063787484|32.09827973785269|34.514019143385326|30.028992004907707|31.91820896308502|-0.73681640625|0.53857421875|-0.338134765625|-1.40380859375|2.44140625|-0.1220703125|0.17629540598290597|39.313875534188035|-40.25509386446887
2026-01-29 04:28:46.553307+00:00|30.028992004907707|32.11002720535822|34.51006311106596|30.021201967673903|31.90255561595643|-0.743896484375|0.53369140625|-0.336669921875|-1.0986328125|2.38037109375|-0.1220703125|-0.7051816239316239|39.49017094017094|-41.10435744810745
2026-01-29 04:28:46.612249+00:00|30.025096972885194|32.11785910745641|34.51006311106596|30.032887063787484|31.910382191381643|-0.74267578125|0.53466796875|-0.33984375|-1.03759765625|2.50244140625|0.091552734375|0.35259081196581193|39.13758012820512|-41.10435744810745
2026-01-29 04:28:46.671035+00:00|30.032887063787484|32.11785910745641|34.51006311106596|30.036782149570342|31.89864240173233|-0.740234375|0.53515625|-0.3388671875|-1.129150390625|2.471923828125|0.213623046875|-0.8814770299145299|37.19833066239316|-41.27421016483516
2026-01-29 04:28:46.730306+00:00|30.040677262302324|32.12569121566344|34.514019143385326|30.032887063787484|31.914295552675412|-0.743408203125|0.53515625|-0.333984375|-1.03759765625|2.5634765625|0.244140625|-0.7051816239316239|39.13758012820512|-39.74553571428571
2026-01-29 04:28:46.789714+00:00|30.021201967673903|32.12569121566344|34.502151286931564|30.036782149570342|31.910382191381643|-0.7490234375|0.531005859375|-0.334228515625|-1.0986328125|2.50244140625|0.335693359375|0.35259081196581193|38.07980769230769|-41.783768315018314
2026-01-29 04:28:46.848491+00:00|30.028992004907707|32.12177513577319|34.50610715893072|30.044572402029416|31.910382191381643|-0.74169921875|0.532958984375|-0.337158203125|-1.28173828125|2.62451171875|0.0|-1.0577724358974359|38.4323985042735|-40.42494658119658
2026-01-29 04:28:46.907681+00:00|30.036782149570342|32.11785910745641|34.49423978314945|30.032887063787484|31.910382191381643|-0.73876953125|0.534423828125|-0.34130859375|-1.251220703125|2.532958984375|0.06103515625|-1.234067841880342|37.55092147435897|-40.93450473137973
2026-01-29 04:28:46.966259+00:00|30.044572402029416|32.13743976524006|34.486328599335025|30.032887063787484|31.906468879157387|-0.74169921875|0.533935546875|-0.327880859375|-1.15966796875|2.410888671875|0.0|-1.4103632478632477|39.49017094017094|-40.42494658119658
2026-01-29 04:28:47.025372+00:00|30.040677262302324|32.14135605188898|34.49028415127026|30.044572402029416|31.926035931437525|-0.7431640625|0.5322265625|-0.336669921875|-1.312255859375|2.38037109375|0.0|0.0|39.13758012820512|-39.74553571428571
2026-01-29 04:28:47.084743+00:00|30.040677262302324|32.145272390343564|34.49423978314945|30.048467568797605|31.929949489472847|-0.737060546875|0.533935546875|-0.33740234375|-1.251220703125|2.593994140625|0.030517578125|-0.8814770299145299|38.608693910256406|-39.915388431013426
2026-01-29 04:28:47.143864+00:00|30.040677262302324|32.145272390343564|34.48237312729566|30.05236276265282|31.93777675349361|-0.74560546875|0.537841796875|-0.335693359375|-1.220703125|2.349853515625|0.030517578125|0.7051816239316239|38.4323985042735|-40.08524114774115
2026-01-29 04:28:47.202888+00:00|30.036782149570342|32.153105222855515|34.486328599335025|30.044572402029416|31.933863096809432|-0.74609375|0.535888671875|-0.33935546875|-1.190185546875|2.44140625|0.244140625|-0.35259081196581193|38.07980769230769|-39.74553571428571
2026-01-29 04:28:47.261924+00:00|30.040677262302324|32.14135605188898|34.478417735104074|30.048467568797605|31.9495180200949|-0.739013671875|0.53515625|-0.34033203125|-1.03759765625|2.50244140625|0.0|-0.8814770299145299|38.96128472222222|-40.25509386446887
2026-01-29 04:28:47.320798+00:00|30.048467568797605|32.153105222855515|34.4705071900724|30.044572402029416|31.945604215090043|-0.742919921875|0.5390625|-0.332763671875|-1.251220703125|2.288818359375|0.091552734375|-1.5866586538461538|38.96128472222222|-40.93450473137973
2026-01-29 04:28:47.379840+00:00|30.048467568797605|32.16093826314744|34.4705071900724|30.048467568797605|31.926035931437525|-0.740478515625|0.533447265625|-0.3330078125|-1.220703125|2.166748046875|0.244140625|-0.35259081196581193|39.13758012820512|-40.08524114774115
2026-01-29 04:28:47.438983+00:00|30.048467568797605|32.16877151159076|34.4705071900724|30.05236276265282|31.929949489472847|-0.745361328125|0.5361328125|-0.3369140625|-1.434326171875|2.62451171875|0.213623046875|0.0|37.72721688034188|-41.783768315018314
2026-01-29 04:28:47.498032+00:00|30.05236276265282|32.164854861326944|34.47446242271235|30.067943809862925|31.9495180200949|-0.73876953125|0.534423828125|-0.345458984375|-1.3427734375|2.349853515625|-0.030517578125|-0.35259081196581193|38.07980769230769|-40.42494658119658
2026-01-29 04:28:47.557036+00:00|30.056257983640933|32.16877151159076|34.4705071900724|30.064048507200084|31.957345778749755|-0.747802734375|0.5361328125|-0.33935546875|-1.3427734375|2.197265625|-0.091552734375|-0.35259081196581193|38.07980769230769|-40.42494658119658
2026-01-29 04:28:47.616026+00:00|30.048467568797605|32.17660496855689|34.46259696385579|30.0601532318081|31.957345778749755|-0.743896484375|0.531982421875|-0.33642578125|-1.64794921875|2.349853515625|-0.030517578125|0.0|38.07980769230769|-39.74553571428571
2026-01-29 04:28:47.674996+00:00|30.05236276265282|32.16877151159076|34.45468705607004|30.067943809862925|31.965173735907285|-0.738037109375|0.5302734375|-0.34228515625|-1.52587890625|2.471923828125|0.030517578125|-0.5288862179487179|38.256103098290595|-40.5947992979243
2026-01-29 04:28:47.733896+00:00|30.0601532318081|32.17268821398528|34.44677746633113|30.0601532318081|31.953431874632713|-0.742431640625|0.534912109375|-0.330322265625|-1.068115234375|2.349853515625|0.06103515625|0.17629540598290597|38.608693910256406|-38.5565666971917
2026-01-29 04:28:47.792947+00:00|30.064048507200084|32.18443863441746|34.45073222146874|30.0601532318081|31.941690459571646|-0.74267578125|0.53125|-0.3359375|-1.15966796875|2.471923828125|0.06103515625|1.234067841880342|40.01905715811966|-40.25509386446887
2026-01-29 04:28:47.851974+00:00|30.075734497185294|32.1883555457992|34.46259696385579|30.067943809862925|31.953431874632713|-0.73828125|0.532958984375|-0.337890625|-1.3427734375|2.197265625|0.030517578125|-0.35259081196581193|39.84276175213675|-40.42494658119658
2026-01-29 04:28:47.911357+00:00|30.071839139842666|32.19618952569789|34.45468705607004|30.079629881936512|31.980830247212623|-0.736083984375|0.53564453125|-0.335205078125|-1.373291015625|2.410888671875|0.152587890625|-1.5866586538461538|39.313875534188035|-40.93450473137973
2026-01-29 04:28:47.970467+00:00|30.079629881936512|32.20010659430773|34.45073222146874|30.083525294142476|31.965173735907285|-0.744384765625|0.53466796875|-0.339111328125|-0.9765625|2.532958984375|0.152587890625|0.0|38.07980769230769|-41.10435744810745
2026-01-29 04:28:48.029534+00:00|30.075734497185294|32.20402371541991|34.45468705607004|30.083525294142476|31.965173735907285|-0.74169921875|0.530029296875|-0.338623046875|-1.15966796875|2.655029296875|0.091552734375|-1.234067841880342|37.90351228632478|-40.93450473137973
2026-01-29 04:28:48.088414+00:00|30.075734497185294|32.20010659430773|34.43886819425512|30.083525294142476|31.965173735907285|-0.74072265625|0.533447265625|-0.343505859375|-1.3427734375|2.410888671875|0.06103515625|-0.8814770299145299|38.608693910256406|-41.27421016483516
2026-01-29 04:28:48.147300+00:00|30.083525294142476|32.20402371541991|34.43095923945805|30.083525294142476|31.965173735907285|-0.7451171875|0.531494140625|-0.3349609375|-1.190185546875|2.166748046875|-0.30517578125|-1.0577724358974359|39.49017094017094|-41.10435744810745
2026-01-29 04:28:48.206221+00:00|30.0913162011027|32.2157753942343|34.43095923945805|30.087420733849285|31.97300189193794|-0.742919921875|0.532958984375|-0.33544921875|-1.220703125|2.655029296875|0.030517578125|-0.5288862179487179|37.19833066239316|-40.5947992979243
2026-01-29 04:28:48.265138+00:00|30.087420733849285|32.219692725819925|34.43886819425512|30.099107218433346|31.961259732492522|-0.740966796875|0.532470703125|-0.34423828125|-1.312255859375|2.471923828125|0.274658203125|0.0|38.4323985042735|-40.764652014652015
2026-01-29 04:28:48.323858+00:00|30.095211695948706|32.227527547241266|34.43886819425512|30.103002768602437|31.976916044646543|-0.74169921875|0.534912109375|-0.326416015625|-1.15966796875|2.25830078125|0.213623046875|-1.234067841880342|38.608693910256406|-41.613915598290596
2026-01-29 04:28:48.382766+00:00|30.099107218433346|32.23536257997256|34.43095923945805|30.103002768602437|31.98474449968245|-0.744384765625|0.533935546875|-0.33056640625|-1.40380859375|2.62451171875|0.1220703125|-0.5288862179487179|37.90351228632478|-39.23597756410256
2026-01-29 04:28:48.441808+00:00|30.0913162011027|32.23144503717003|34.43491367722072|30.1146895856769|31.980830247212623|-0.7421875|0.531982421875|-0.33056640625|-1.678466796875|2.62451171875|0.48828125|-1.0577724358974359|37.37462606837607|-40.764652014652015
2026-01-29 04:28:48.500591+00:00|30.099107218433346|32.23144503717003|34.41909640132059|30.110793952178255|31.988658802102293|-0.74267578125|0.54052734375|-0.3447265625|-1.52587890625|2.685546875|0.42724609375|0.8814770299145299|39.66646634615385|-39.915388431013426
2026-01-29 04:28:48.559381+00:00|30.110793952178255|32.247115526088464|34.41909640132059|30.110793952178255|31.988658802102293|-0.74462890625|0.52490234375|-0.33642578125|-1.3427734375|2.685546875|-0.06103515625|0.17629540598290597|39.66646634615385|-40.25509386446887
2026-01-29 04:28:48.618239+00:00|30.1146895856769|32.25495108872059|34.43095923945805|30.1146895856769|31.965173735907285|-0.73974609375|0.535888671875|-0.3349609375|-1.800537109375|3.448486328125|1.3427734375|-0.7051816239316239|38.78498931623931|-41.10435744810745
2026-01-29 04:28:48.677064+00:00|30.106898346502135|32.2510332808514|34.41909640132059|30.122480936325303|32.012145668169524|-0.69580078125|0.551025390625|-0.3662109375|-4.425048828125|7.4462890625|3.23486328125|-1.4103632478632477|38.4323985042735|-40.08524114774115
2026-01-29 04:28:48.735847+00:00|30.122480936325303|32.262786863963754|34.41909640132059|30.11858524704394|31.976916044646543|-0.768798828125|0.579345703125|-0.367919921875|-0.8544921875|2.01416015625|-0.18310546875|-0.5288862179487179|37.90351228632478|-41.27421016483516
2026-01-29 04:28:48.794697+00:00|30.110793952178255|32.262786863963754|34.41909640132059|30.122480936325303|31.988658802102293|-0.73681640625|0.545166015625|-0.330078125|-1.617431640625|2.38037109375|-0.274658203125|-1.234067841880342|38.96128472222222|-40.5947992979243
2026-01-29 04:28:48.853565+00:00|30.11858524704394|32.26670483143056|34.40723427490144|30.130272398815066|32.008231065075506|-0.734130859375|0.53759765625|-0.34521484375|-0.91552734375|2.0751953125|0.54931640625|-0.8814770299145299|38.256103098290595|-40.5947992979243
2026-01-29 04:28:48.912520+00:00|30.126376653567092|32.26670483143056|34.403280390697546|30.106898346502135|32.00431651220981|-0.74169921875|0.540283203125|-0.333984375|-1.617431640625|2.62451171875|-0.30517578125|-0.35259081196581193|37.72721688034188|-40.764652014652015
2026-01-29 04:28:48.971368+00:00|30.122480936325303|32.290213756994206|34.415142280165014|30.11858524704394|31.988658802102293|-0.745849609375|0.531494140625|-0.338134765625|-2.044677734375|2.777099609375|-0.091552734375|0.8814770299145299|38.608693910256406|-39.915388431013426
2026-01-29 04:28:49.030107+00:00|30.11858524704394|32.28629546907706|34.411188238041234|30.1146895856769|32.008231065075506|-0.73779296875|0.537353515625|-0.341064453125|-1.8310546875|2.593994140625|-0.152587890625|0.7051816239316239|37.72721688034188|-40.42494658119658
2026-01-29 04:28:49.088956+00:00|30.122480936325303|32.28629546907706|34.40723427490144|30.126376653567092|32.008231065075506|-0.74072265625|0.53564453125|-0.34033203125|-0.823974609375|2.349853515625|0.274658203125|0.0|37.37462606837607|-41.10435744810745
2026-01-29 04:28:49.147792+00:00|30.11858524704394|32.298050493588335|34.411188238041234|30.122480936325303|32.008231065075506|-0.73876953125|0.53955078125|-0.3359375|-1.03759765625|2.3193359375|0.244140625|-0.8814770299145299|37.90351228632478|-40.93450473137973
2026-01-29 04:28:49.206559+00:00|30.103002768602437|32.294132098482464|34.39932658538157|30.1146895856769|32.019975025227666|-0.7333984375|0.537109375|-0.332763671875|-0.885009765625|2.227783203125|0.91552734375|-1.9392494658119657|37.90351228632478|-40.5947992979243
2026-01-29 04:28:49.266000+00:00|30.1146895856769|32.294132098482464|34.38746564228188|30.106898346502135|32.00431651220981|-0.740234375|0.533203125|-0.341796875|-1.220703125|2.44140625|0.030517578125|-1.5866586538461538|37.90351228632478|-41.27421016483516
2026-01-29 04:28:49.324798+00:00|30.106898346502135|32.30980600107614|34.39141921122172|30.103002768602437|31.996487556977797|-0.73388671875|0.532958984375|-0.33935546875|-1.3427734375|2.288818359375|0.274658203125|0.35259081196581193|39.13758012820512|-41.10435744810745
2026-01-29 04:28:49.383715+00:00|30.103002768602437|32.30980600107614|34.39932658538157|30.106898346502135|32.000402009526|-0.740234375|0.538330078125|-0.3330078125|-0.823974609375|2.38037109375|0.3662109375|-0.17629540598290597|39.313875534188035|-40.93450473137973
2026-01-29 04:28:49.443169+00:00|30.103002768602437|32.31372461111732|34.3953728589056|30.103002768602437|32.02780458375531|-0.73583984375|0.536865234375|-0.341064453125|-1.861572265625|2.471923828125|-0.457763671875|-1.4103632478632477|39.49017094017094|-41.44406288156288
2026-01-29 04:28:49.502058+00:00|30.099107218433346|32.321561992796376|34.3953728589056|30.099107218433346|32.008231065075506|-0.733642578125|0.53857421875|-0.345703125|-1.251220703125|2.38037109375|0.274658203125|-0.5288862179487179|37.55092147435897|-41.953621031746025
2026-01-29 04:28:49.561524+00:00|30.095211695948706|32.31764327500861|34.39141921122172|30.099107218433346|32.02388977928467|-0.743408203125|0.538818359375|-0.334228515625|-1.3427734375|2.5634765625|0.274658203125|-1.234067841880342|38.608693910256406|-40.5947992979243
2026-01-29 04:28:49.620834+00:00|30.075734497185294|32.31372461111732|34.38746564228188|30.099107218433346|32.02388977928467|-0.736572265625|0.5380859375|-0.3486328125|-1.739501953125|2.3193359375|0.30517578125|1.234067841880342|37.90351228632478|-40.5947992979243
2026-01-29 04:28:49.680151+00:00|30.087420733849285|32.31764327500861|34.37560540744772|30.087420733849285|32.016060321538134|-0.740966796875|0.5400390625|-0.338623046875|-1.556396484375|2.716064453125|-0.3662109375|-0.8814770299145299|38.256103098290595|-40.5947992979243
2026-01-29 04:28:49.739034+00:00|30.087420733849285|32.321561992796376|34.37560540744772|30.071839139842666|32.000402009526|-0.739501953125|0.531494140625|-0.333984375|-1.190185546875|2.50244140625|0.3662109375|-0.8814770299145299|38.608693910256406|-39.915388431013426
2026-01-29 04:28:49.797884+00:00|30.083525294142476|32.32939959024765|34.3795587404428|30.079629881936512|32.019975025227666|-0.736328125|0.5361328125|-0.33251953125|-1.617431640625|2.532958984375|-0.213623046875|0.5288862179487179|38.256103098290595|-41.613915598290596
2026-01-29 04:28:49.857356+00:00|30.079629881936512|32.32939959024765|34.383512152038236|30.071839139842666|32.03171943868614|-0.73486328125|0.53515625|-0.345703125|-1.28173828125|2.3193359375|0.0|-1.9392494658119657|37.90351228632478|-39.57568299755799
2026-01-29 04:28:49.916113+00:00|30.071839139842666|32.33723740384346|34.37560540744772|30.071839139842666|32.035634344123366|-0.737548828125|0.541015625|-0.342529296875|-1.03759765625|2.38037109375|0.18310546875|-0.5288862179487179|38.256103098290595|-39.23597756410256
2026-01-29 04:28:49.974912+00:00|30.0601532318081|32.34507543395574|34.383512152038236|30.075734497185294|32.04346430670296|-0.734619140625|0.533935546875|-0.34521484375|-1.068115234375|2.38037109375|0.213623046875|-1.7629540598290598|39.13758012820512|-40.764652014652015
2026-01-29 04:28:50.033830+00:00|30.056257983640933|32.33723740384346|34.37560540744772|30.0601532318081|32.02388977928467|-0.7373046875|0.540283203125|-0.334228515625|-1.068115234375|2.288818359375|0.06103515625|0.0|38.78498931623931|-40.764652014652015
2026-01-29 04:28:50.092614+00:00|30.0601532318081|32.33723740384346|34.36769897706648|30.064048507200084|32.019975025227666|-0.73583984375|0.538818359375|-0.342529296875|-1.312255859375|2.349853515625|0.274658203125|-1.234067841880342|38.96128472222222|-41.613915598290596
2026-01-29 04:28:50.151483+00:00|30.05236276265282|32.35291368095665|34.35583991979854|30.056257983640933|32.012145668169524|-0.73828125|0.53857421875|-0.336669921875|-1.03759765625|2.349853515625|0.518798828125|-1.7629540598290598|37.72721688034188|-40.08524114774115
2026-01-29 04:28:50.210883+00:00|30.056257983640933|32.360752145218385|34.37165215300496|30.05236276265282|32.02388977928467|-0.736328125|0.536865234375|-0.341064453125|-1.52587890625|2.38037109375|0.06103515625|-0.8814770299145299|38.256103098290595|-41.953621031746025
2026-01-29 04:28:50.270530+00:00|30.040677262302324|32.35683288590667|34.36769897706648|30.05236276265282|32.02780458375531|-0.7392578125|0.539306640625|-0.34033203125|-1.52587890625|2.471923828125|-0.213623046875|-1.0577724358974359|38.4323985042735|-41.10435744810745
2026-01-29 04:28:50.330006+00:00|30.048467568797605|32.360752145218385|34.363745879584656|30.036782149570342|32.0552096305305|-0.740478515625|0.537841796875|-0.334716796875|-1.15966796875|2.5634765625|0.0|-0.7051816239316239|37.37462606837607|-41.10435744810745
2026-01-29 04:28:50.388742+00:00|30.032887063787484|32.360752145218385|34.35979286051122|30.032887063787484|32.02388977928467|-0.735107421875|0.53271484375|-0.3388671875|-1.46484375|2.410888671875|0.091552734375|0.35259081196581193|37.022035256410255|-41.10435744810745
2026-01-29 04:28:50.447283+00:00|30.028992004907707|32.3646714589384|34.363745879584656|30.028992004907707|32.03171943868614|-0.73779296875|0.53857421875|-0.34521484375|-0.885009765625|2.288818359375|0.1220703125|-0.35259081196581193|37.72721688034188|-41.10435744810745
2026-01-29 04:28:50.506103+00:00|30.025096972885194|32.35683288590667|34.351887057398585|30.025096972885194|32.019975025227666|-0.7353515625|0.5380859375|-0.336181640625|-1.068115234375|2.716064453125|0.06103515625|-0.5288862179487179|37.90351228632478|-40.5947992979243
2026-01-29 04:28:50.565485+00:00|30.021201967673903|32.3646714589384|34.34398156734528|30.013412037501155|32.02780458375531|-0.743896484375|0.5380859375|-0.33349609375|-1.220703125|2.197265625|0.0|-0.17629540598290597|37.90351228632478|-40.25509386446887
2026-01-29 04:28:50.624828+00:00|30.005622214021685|32.36859082711317|34.35979286051122|30.005622214021685|32.02780458375531|-0.734619140625|0.537841796875|-0.34130859375|-1.312255859375|2.0751953125|0.030517578125|-0.35259081196581193|39.13758012820512|-40.764652014652015
2026-01-29 04:28:50.684334+00:00|30.009517112447725|32.37251024978917|34.35583991979854|30.009517112447725|32.035634344123366|-0.732177734375|0.541748046875|-0.341552734375|-1.251220703125|2.349853515625|0.30517578125|-0.17629540598290597|38.608693910256406|-40.5947992979243
2026-01-29 04:28:50.744373+00:00|30.00172734217705|32.37251024978917|34.351887057398585|29.99393767804827|32.03171943868614|-0.739501953125|0.533447265625|-0.343505859375|-1.46484375|2.349853515625|0.0|-0.35259081196581193|39.13758012820512|-41.44406288156288
2026-01-29 04:28:50.803489+00:00|29.990042885672153|32.36859082711317|34.351887057398585|29.990042885672153|32.02780458375531|-0.73974609375|0.53759765625|-0.34326171875|-1.46484375|2.410888671875|-0.030517578125|0.17629540598290597|38.256103098290595|-40.25509386446887
2026-01-29 04:28:50.863180+00:00|29.986148119693496|32.37251024978917|34.351887057398585|29.986148119693496|32.02388977928467|-0.73583984375|0.534423828125|-0.342041015625|-1.312255859375|2.3193359375|0.091552734375|-0.5288862179487179|38.96128472222222|-41.27421016483516
2026-01-29 04:28:50.922529+00:00|29.97446397968332|32.37251024978917|34.34398156734528|29.97446397968332|32.03171943868614|-0.7412109375|0.53955078125|-0.337158203125|-1.40380859375|2.288818359375|0.274658203125|-1.234067841880342|38.96128472222222|-40.25509386446887
2026-01-29 04:28:50.981982+00:00|29.97446397968332|32.36859082711317|34.34398156734528|29.962780075596413|32.019975025227666|-0.734619140625|0.537841796875|-0.3330078125|-1.129150390625|2.349853515625|0.48828125|-0.7051816239316239|38.07980769230769|-40.764652014652015
2026-01-29 04:28:51.040760+00:00|29.966674684154953|32.35683288590667|34.33607638996796|29.97446397968332|32.019975025227666|-0.735595703125|0.537841796875|-0.34130859375|-1.068115234375|2.197265625|0.213623046875|-0.7051816239316239|38.07980769230769|-42.12347374847374
2026-01-29 04:28:51.099467+00:00|29.954990936660693|32.36859082711317|34.332123918413004|29.947201901660492|32.019975025227666|-0.7373046875|0.53955078125|-0.33154296875|-0.762939453125|2.166748046875|-0.67138671875|0.8814770299145299|38.256103098290595|-40.25509386446887
2026-01-29 04:28:51.158243+00:00|29.954990936660693|32.3803492588313|34.34002893959598|29.943307423021224|32.02780458375531|-0.742919921875|0.533203125|-0.331787109375|-0.946044921875|2.62451171875|-1.617431640625|0.0|37.022035256410255|-41.44406288156288
2026-01-29 04:28:51.217641+00:00|29.947201901660492|32.3803492588313|34.33607638996796|29.951096406191652|32.016060321538134|-0.756591796875|0.560791015625|-0.302490234375|-0.79345703125|1.77001953125|-1.251220703125|-0.35259081196581193|38.07980769230769|-41.783768315018314
2026-01-29 04:28:51.276585+00:00|29.947201901660492|32.37642972701309|34.34002893959598|29.93551854323465|32.047379363938035|-0.739990234375|0.542724609375|-0.332763671875|-1.52587890625|3.082275390625|0.42724609375|-0.17629540598290597|38.256103098290595|-41.27421016483516
2026-01-29 04:28:51.335697+00:00|29.93551854323465|32.37642972701309|34.332123918413004|29.931624141995542|32.02388977928467|-0.7490234375|0.523681640625|-0.344482421875|-1.678466796875|2.471923828125|-0.640869140625|-1.4103632478632477|38.07980769230769|-39.74553571428571
2026-01-29 04:28:51.394931+00:00|29.923835416595296|32.37642972701309|34.332123918413004|29.923835416595296|32.02780458375531|-0.737548828125|0.536376953125|-0.333740234375|-1.251220703125|2.5634765625|-0.091552734375|0.35259081196581193|38.4323985042735|-41.10435744810745
2026-01-29 04:28:51.453573+00:00|29.916046793659746|32.3646714589384|34.324219209331204|29.923835416595296|32.03171943868614|-0.7392578125|0.5341796875|-0.344970703125|-0.732421875|2.349853515625|0.335693359375|-0.5288862179487179|38.608693910256406|-42.29332646520146
2026-01-29 04:28:51.513093+00:00|29.912152520501195|32.37251024978917|34.32026697170852|29.896575682189905|32.019975025227666|-0.740478515625|0.5341796875|-0.341552734375|-0.762939453125|2.25830078125|0.152587890625|-1.4103632478632477|40.900534188034186|-41.10435744810745
2026-01-29 04:28:51.572352+00:00|29.90046985371123|32.37642972701309|34.316314811967516|29.892681535962936|32.012145668169524|-0.73486328125|0.527587890625|-0.369384765625|-0.54931640625|2.227783203125|0.213623046875|-0.5288862179487179|38.96128472222222|-41.613915598290596
2026-01-29 04:28:51.631277+00:00|29.904364050572894|32.37642972701309|34.32817152488337|29.896575682189905|32.008231065075506|-0.7421875|0.54052734375|-0.34228515625|-1.678466796875|2.471923828125|0.06103515625|0.7051816239316239|39.49017094017094|-40.08524114774115
2026-01-29 04:28:51.690260+00:00|29.892681535962936|32.37642972701309|34.324219209331204|29.892681535962936|32.019975025227666|-0.744140625|0.53759765625|-0.346923828125|-1.220703125|2.288818359375|0.244140625|-1.0577724358974359|39.49017094017094|-41.10435744810745
2026-01-29 04:28:51.749249+00:00|29.88878741498428|32.38426884529048|34.324219209331204|29.884893319208174|32.012145668169524|-0.740478515625|0.531982421875|-0.330810546875|-1.129150390625|2.288818359375|-0.274658203125|-1.234067841880342|37.90351228632478|-41.27421016483516
2026-01-29 04:28:51.808318+00:00|29.869317187208708|32.38426884529048|34.32026697170852|29.88878741498428|32.039549300113606|-0.74072265625|0.542236328125|-0.343994140625|-1.373291015625|2.50244140625|0.213623046875|0.35259081196581193|39.49017094017094|-40.764652014652015
2026-01-29 04:28:51.867438+00:00|29.86542321675529|32.3646714589384|34.312362730060215|29.873211182634748|32.035634344123366|-0.736572265625|0.535888671875|-0.350830078125|-1.220703125|2.38037109375|0.274658203125|-0.8814770299145299|37.90351228632478|-41.27421016483516
2026-01-29 04:28:51.926743+00:00|29.869317187208708|32.37642972701309|34.30445879955556|29.86542321675529|32.000402009526|-0.744384765625|0.530517578125|-0.3330078125|-1.251220703125|2.13623046875|-0.213623046875|-0.17629540598290597|38.96128472222222|-40.93450473137973
2026-01-29 04:28:51.985866+00:00|29.861529271228505|32.38426884529048|34.300506950862314|29.853741454770898|32.008231065075506|-0.7373046875|0.531982421875|-0.3359375|-1.373291015625|2.655029296875|0.030517578125|-0.17629540598290597|37.90351228632478|-41.27421016483516
2026-01-29 04:28:52.044763+00:00|29.857635350582314|32.37642972701309|34.312362730060215|29.861529271228505|31.996487556977797|-0.737548828125|0.5341796875|-0.34375|-1.312255859375|2.471923828125|0.091552734375|-0.7051816239316239|38.4323985042735|-41.783768315018314
2026-01-29 04:28:52.103873+00:00|29.853741454770898|32.38426884529048|34.30841072593893|29.853741454770898|32.02780458375531|-0.743408203125|0.535888671875|-0.3310546875|-1.129150390625|2.105712890625|-0.18310546875|-1.0577724358974359|37.72721688034188|-41.10435744810745
2026-01-29 04:28:52.162449+00:00|29.853741454770898|32.388188486437116|34.30841072593893|29.849847583748215|32.03171943868614|-0.739990234375|0.533203125|-0.33544921875|-1.46484375|2.25830078125|0.244140625|-1.5866586538461538|38.96128472222222|-41.613915598290596
2026-01-29 04:28:52.221807+00:00|29.834272346625312|32.38426884529048|34.312362730060215|29.849847583748215|32.008231065075506|-0.73681640625|0.540283203125|-0.345947265625|-1.312255859375|2.716064453125|0.396728515625|-1.4103632478632477|38.07980769230769|-40.764652014652015
2026-01-29 04:28:52.280813+00:00|29.83037859885667|32.3803492588313|34.30445879955556|29.84205991588516|32.00431651220981|-0.73779296875|0.5380859375|-0.34716796875|-0.9765625|2.197265625|0.18310546875|-1.234067841880342|38.256103098290595|-41.27421016483516
2026-01-29 04:28:52.339778+00:00|29.838166118952756|32.3803492588313|34.300506950862314|29.83037859885667|32.000402009526|-0.73876953125|0.532958984375|-0.3369140625|-0.885009765625|2.349853515625|0.091552734375|-0.17629540598290597|39.313875534188035|-40.93450473137973
2026-01-29 04:28:52.398739+00:00|29.84205991588516|32.3921081823176|34.29655517981149|29.822591176812296|32.000402009526|-0.7373046875|0.534912109375|-0.33544921875|-1.495361328125|2.716064453125|0.213623046875|1.0577724358974359|38.07980769230769|-40.42494658119658
2026-01-29 04:28:52.457786+00:00|29.834272346625312|32.3921081823176|34.29655517981149|29.838166118952756|31.988658802102293|-0.737548828125|0.52978515625|-0.345703125|-0.9765625|2.166748046875|0.091552734375|-0.35259081196581193|38.07980769230769|-41.44406288156288
2026-01-29 04:28:52.516822+00:00|29.822591176812296|32.39602793297877|34.30445879955556|29.826484875600954|32.008231065075506|-0.744873046875|0.535400390625|-0.330810546875|-1.40380859375|2.227783203125|-0.396728515625|-0.5288862179487179|38.608693910256406|-40.25509386446887
2026-01-29 04:28:52.575886+00:00|29.826484875600954|32.3921081823176|34.288651870444994|29.826484875600954|31.996487556977797|-0.739501953125|0.533447265625|-0.342041015625|-1.251220703125|2.777099609375|0.06103515625|-1.4103632478632477|37.37462606837607|-39.74553571428571
2026-01-29 04:28:52.634775+00:00|29.818697502444365|32.399947738466835|34.29655517981149|29.826484875600954|32.000402009526|-0.736328125|0.5322265625|-0.338134765625|-1.3427734375|2.532958984375|0.0|-0.17629540598290597|38.256103098290595|-39.23597756410256
2026-01-29 04:28:52.693836+00:00|29.81480385245169|32.3921081823176|34.28470033203382|29.818697502444365|32.00431651220981|-0.7392578125|0.535888671875|-0.340576171875|-1.03759765625|2.105712890625|0.0|-1.5866586538461538|36.84573985042735|-41.27421016483516
2026-01-29 04:28:52.752792+00:00|29.81480385245169|32.39602793297877|34.2807488710734|29.81480385245169|32.012145668169524|-0.740234375|0.532958984375|-0.32958984375|-1.220703125|2.532958984375|0.06103515625|-1.5866586538461538|37.55092147435897|-41.953621031746025
2026-01-29 04:28:52.811690+00:00|29.810910226787882|32.40778751411051|34.2807488710734|29.810910226787882|31.996487556977797|-0.73828125|0.539794921875|-0.34765625|-1.190185546875|2.471923828125|0.091552734375|-0.8814770299145299|37.90351228632478|-40.93450473137973
2026-01-29 04:28:52.870683+00:00|29.81480385245169|32.399947738466835|34.28470033203382|29.81480385245169|31.98474449968245|-0.734619140625|0.537353515625|-0.334228515625|-1.15966796875|2.227783203125|-0.1220703125|-0.17629540598290597|37.90351228632478|-40.25509386446887
2026-01-29 04:28:52.929789+00:00|29.81480385245169|32.40778751411051|34.28470033203382|29.810910226787882|32.000402009526|-0.742431640625|0.52880859375|-0.33203125|-1.129150390625|2.349853515625|0.1220703125|-1.4103632478632477|40.547943376068375|-41.10435744810745
2026-01-29 04:28:52.988738+00:00|29.81480385245169|32.40778751411051|34.288651870444994|29.81480385245169|32.019975025227666|-0.73828125|0.53125|-0.34423828125|-1.28173828125|2.532958984375|0.0|-0.8814770299145299|38.608693910256406|-40.25509386446887
2026-01-29 04:28:53.047728+00:00|29.80312304826367|32.41562750962089|34.28470033203382|29.810910226787882|32.00431651220981|-0.73486328125|0.535888671875|-0.33984375|-1.373291015625|2.0751953125|-0.213623046875|-1.5866586538461538|38.256103098290595|-41.27421016483516
2026-01-29 04:28:53.106704+00:00|29.810910226787882|32.40778751411051|34.27679748751609|29.81480385245169|32.02780458375531|-0.743896484375|0.533447265625|-0.338134765625|-1.220703125|2.349853515625|0.0|-0.7051816239316239|40.19535256410256|-40.764652014652015
2026-01-29 04:28:53.165702+00:00|29.807016625407186|32.41562750962089|34.268894952418975|29.810910226787882|31.996487556977797|-0.73681640625|0.537353515625|-0.3427734375|-1.556396484375|2.410888671875|0.091552734375|-1.0577724358974359|39.13758012820512|-40.42494658119658
2026-01-29 04:28:53.224808+00:00|29.810910226787882|32.41954758994257|34.27284618131387|29.80312304826367|32.000402009526|-0.73828125|0.53369140625|-0.344970703125|-1.312255859375|2.3193359375|-0.091552734375|-0.17629540598290597|37.90351228632478|-41.27421016483516
2026-01-29 04:28:53.283524+00:00|29.807016625407186|32.41954758994257|34.27679748751609|29.810910226787882|32.02388977928467|-0.740966796875|0.53564453125|-0.330322265625|-1.007080078125|2.166748046875|0.0|0.0|38.4323985042735|-40.42494658119658
2026-01-29 04:28:53.342319+00:00|29.810910226787882|32.41562750962089|34.268894952418975|29.81480385245169|32.02388977928467|-0.742919921875|0.53466796875|-0.334228515625|-1.129150390625|2.3193359375|0.06103515625|-0.7051816239316239|39.13758012820512|-40.42494658119658
2026-01-29 04:28:53.401100+00:00|29.818697502444365|32.42738791595133|34.27284618131387|29.818697502444365|32.008231065075506|-0.736572265625|0.537353515625|-0.344970703125|-1.15966796875|2.50244140625|0.213623046875|-0.7051816239316239|38.07980769230769|-40.42494658119658
2026-01-29 04:28:53.459894+00:00|29.81480385245169|32.42346772537053|34.26494380078361|29.818697502444365|32.008231065075506|-0.739501953125|0.536376953125|-0.3466796875|-1.129150390625|2.166748046875|0.091552734375|-0.8814770299145299|38.96128472222222|-40.5947992979243
2026-01-29 04:28:53.518571+00:00|29.807016625407186|32.42346772537053|34.25704172909985|29.80312304826367|32.019975025227666|-0.742919921875|0.533935546875|-0.335205078125|-0.946044921875|2.3193359375|0.06103515625|0.17629540598290597|39.66646634615385|-39.915388431013426
2026-01-29 04:28:53.577466+00:00|29.810910226787882|32.435228462758005|34.27284618131387|29.807016625407186|32.016060321538134|-0.740234375|0.53564453125|-0.3408203125|-1.15966796875|2.3193359375|0.030517578125|0.35259081196581193|38.78498931623931|-40.764652014652015
2026-01-29 04:28:53.636114+00:00|29.81480385245169|32.44306923073509|34.26494380078361|29.826484875600954|32.02780458375531|-0.739501953125|0.537353515625|-0.3388671875|-1.28173828125|2.349853515625|-0.244140625|-1.9392494658119657|38.608693910256406|-40.5947992979243
2026-01-29 04:28:53.694855+00:00|29.818697502444365|32.44698969777892|34.260992726359746|29.826484875600954|32.02780458375531|-0.742431640625|0.53369140625|-0.33056640625|-0.946044921875|2.410888671875|-0.244140625|-1.5866586538461538|38.96128472222222|-40.25509386446887
2026-01-29 04:28:53.753496+00:00|29.810910226787882|32.44698969777892|34.26494380078361|29.826484875600954|32.02780458375531|-0.743408203125|0.536376953125|-0.340576171875|-1.5869140625|2.349853515625|-0.091552734375|-0.7051816239316239|38.07980769230769|-41.10435744810745
2026-01-29 04:28:53.812301+00:00|29.810910226787882|32.435228462758005|34.2530908089559|29.826484875600954|32.035634344123366|-0.73681640625|0.534912109375|-0.3447265625|-1.3427734375|2.166748046875|-0.1220703125|0.7051816239316239|38.07980769230769|-43.14259004884005
2026-01-29 04:28:53.871000+00:00|29.822591176812296|32.44698969777892|34.24913996588015|29.81480385245169|32.016060321538134|-0.741455078125|0.535400390625|-0.333740234375|-1.15966796875|2.166748046875|0.1220703125|1.0577724358974359|38.4323985042735|-39.74553571428571
2026-01-29 04:28:53.929766+00:00|29.826484875600954|32.44698969777892|34.25704172909985|29.826484875600954|32.03171943868614|-0.739013671875|0.533447265625|-0.34423828125|-1.52587890625|2.532958984375|0.06103515625|-0.17629540598290597|38.608693910256406|-40.5947992979243
2026-01-29 04:28:53.988448+00:00|29.834272346625312|32.45875143169019|34.260992726359746|29.834272346625312|32.039549300113606|-0.736328125|0.5361328125|-0.342529296875|-1.129150390625|2.288818359375|0.091552734375|-1.0577724358974359|37.37462606837607|-40.764652014652015
2026-01-29 04:28:54.047226+00:00|29.834272346625312|32.46267212074264|34.25704172909985|29.838166118952756|32.0552096305305|-0.736328125|0.540771484375|-0.343505859375|-1.220703125|2.410888671875|0.06103515625|0.35259081196581193|39.13758012820512|-40.764652014652015
2026-01-29 04:28:54.105987+00:00|29.826484875600954|32.46267212074264|34.260992726359746|29.834272346625312|32.04346430670296|-0.741455078125|0.53271484375|-0.3369140625|-1.15966796875|2.288818359375|0.274658203125|-0.8814770299145299|38.96128472222222|-41.613915598290596
2026-01-29 04:28:54.164749+00:00|29.822591176812296|32.45483079820991|34.24123851074171|29.84205991588516|32.0552096305305|-0.738525390625|0.53564453125|-0.3466796875|-1.46484375|2.532958984375|-0.1220703125|-0.7051816239316239|37.37462606837607|-41.44406288156288
2026-01-29 04:28:54.223828+00:00|29.838166118952756|32.466592865413475|34.24123851074171|29.83037859885667|32.051294471865106|-0.740478515625|0.53857421875|-0.343505859375|-1.251220703125|2.3193359375|0.0|-1.234067841880342|36.84573985042735|-40.25509386446887
2026-01-29 04:28:54.282804+00:00|29.838166118952756|32.474434521797264|34.24913996588015|29.834272346625312|32.039549300113606|-0.745361328125|0.52880859375|-0.33740234375|-1.312255859375|2.62451171875|0.091552734375|-0.35259081196581193|38.4323985042735|-41.10435744810745
2026-01-29 04:28:54.341593+00:00|29.838166118952756|32.474434521797264|34.245189199824665|29.849847583748215|32.03171943868614|-0.74072265625|0.537109375|-0.33203125|-1.617431640625|2.593994140625|-0.152587890625|-0.17629540598290597|37.90351228632478|-40.25509386446887
2026-01-29 04:28:54.400622+00:00|29.849847583748215|32.478355433603326|34.245189199824665|29.84595373746822|32.04346430670296|-0.734375|0.536376953125|-0.345458984375|-1.068115234375|2.50244140625|-0.091552734375|-0.35259081196581193|38.4323985042735|-41.10435744810745
2026-01-29 04:28:54.459513+00:00|29.838166118952756|32.474434521797264|34.245189199824665|29.849847583748215|32.047379363938035|-0.740234375|0.5361328125|-0.339599609375|-1.190185546875|2.105712890625|0.244140625|-0.17629540598290597|38.256103098290595|-41.27421016483516
2026-01-29 04:28:54.518273+00:00|29.84205991588516|32.470513665749536|34.237287898583475|29.853741454770898|32.06304010026224|-0.743896484375|0.53662109375|-0.33642578125|-1.190185546875|2.197265625|-0.030517578125|0.7051816239316239|38.78498931623931|-42.12347374847374
2026-01-29 04:28:54.577136+00:00|29.849847583748215|32.478355433603326|34.2254365231791|29.84595373746822|32.08261716576067|-0.73583984375|0.5390625|-0.344970703125|-1.15966796875|2.288818359375|0.091552734375|-0.17629540598290597|37.19833066239316|-40.5947992979243
2026-01-29 04:28:54.636511+00:00|29.849847583748215|32.48619742467679|34.23333736330227|29.84595373746822|32.066955411421304|-0.73095703125|0.539306640625|-0.343017578125|-1.0986328125|2.3193359375|0.0|0.7051816239316239|38.4323985042735|-40.08524114774115
2026-01-29 04:28:54.695297+00:00|29.84595373746822|32.48619742467679|34.237287898583475|29.857635350582314|32.07087077350428|-0.742919921875|0.53076171875|-0.3310546875|-1.129150390625|2.5634765625|0.152587890625|-1.7629540598290598|37.72721688034188|-39.74553571428571
2026-01-29 04:28:54.754043+00:00|29.861529271228505|32.49011850403724|34.23333736330227|29.869317187208708|32.08653273200338|-0.73828125|0.5341796875|-0.335693359375|-1.556396484375|2.593994140625|-0.18310546875|0.5288862179487179|37.55092147435897|-39.915388431013426
2026-01-29 04:28:54.813363+00:00|29.853741454770898|32.49011850403724|34.24123851074171|29.869317187208708|32.0747861865575|-0.7392578125|0.53955078125|-0.351318359375|-1.220703125|2.410888671875|0.152587890625|0.17629540598290597|37.90351228632478|-40.5947992979243
2026-01-29 04:28:54.872058+00:00|29.853741454770898|32.49403963934242|34.22938690485|29.869317187208708|32.0747861865575|-0.74609375|0.533447265625|-0.33349609375|-1.220703125|2.44140625|-0.030517578125|-1.234067841880342|37.55092147435897|-40.25509386446887
2026-01-29 04:28:54.930997+00:00|29.849847583748215|32.49011850403724|34.2254365231791|29.869317187208708|32.05912483998077|-0.740966796875|0.53515625|-0.333740234375|-1.434326171875|2.471923828125|0.06103515625|-0.17629540598290597|38.608693910256406|-40.5947992979243
2026-01-29 04:28:54.989909+00:00|29.861529271228505|32.49796083063882|34.21358583837616|29.861529271228505|32.0747861865575|-0.7333984375|0.537353515625|-0.336181640625|-1.0986328125|2.38037109375|-0.030517578125|-0.7051816239316239|39.13758012820512|-41.783768315018314
2026-01-29 04:28:55.048750+00:00|29.873211182634748|32.501882077973164|34.23333736330227|29.861529271228505|32.0747861865575|-0.740234375|0.53271484375|-0.337646484375|-1.0986328125|2.3193359375|0.213623046875|-1.7629540598290598|38.07980769230769|-39.74553571428571
2026-01-29 04:28:55.107606+00:00|29.869317187208708|32.501882077973164|34.2254365231791|29.880999248588523|32.08261716576067|-0.743896484375|0.533447265625|-0.3408203125|-0.91552734375|2.288818359375|0.457763671875|-0.8814770299145299|39.313875534188035|-40.5947992979243
2026-01-29 04:28:55.166337+00:00|29.877105203079395|32.501882077973164|34.22148621824175|29.877105203079395|32.08261716576067|-0.7373046875|0.5341796875|-0.341552734375|-1.251220703125|2.410888671875|-0.091552734375|-0.7051816239316239|38.07980769230769|-40.08524114774115
2026-01-29 04:28:55.225509+00:00|29.873211182634748|32.505803381391786|34.22148621824175|29.880999248588523|32.090448349401925|-0.737060546875|0.537841796875|-0.337890625|-1.3427734375|2.227783203125|0.091552734375|-0.35259081196581193|38.78498931623931|-41.783768315018314
2026-01-29 04:28:55.284833+00:00|29.873211182634748|32.501882077973164|34.22148621824175|29.892681535962936|32.09436401800292|-0.743408203125|0.535400390625|-0.33642578125|-1.251220703125|2.166748046875|0.06103515625|-0.17629540598290597|38.256103098290595|-40.93450473137973
2026-01-29 04:28:55.343729+00:00|29.880999248588523|32.50972474094152|34.20963576335254|29.892681535962936|32.102195508997454|-0.74072265625|0.533203125|-0.34619140625|-1.52587890625|2.410888671875|-0.030517578125|0.17629540598290597|38.608693910256406|-41.27421016483516
2026-01-29 04:28:55.402689+00:00|29.88878741498428|32.52148915684279|34.20963576335254|29.88878741498428|32.08653273200338|-0.740234375|0.53515625|-0.3447265625|-1.251220703125|2.25830078125|-0.30517578125|-0.8814770299145299|38.96128472222222|-41.27421016483516
2026-01-29 04:28:55.461598+00:00|29.884893319208174|32.52148915684279|34.22148621824175|29.88878741498428|32.09827973785269|-0.741943359375|0.540771484375|-0.333984375|-1.15966796875|2.410888671875|0.18310546875|-1.4103632478632477|38.07980769230769|-41.10435744810745
2026-01-29 04:28:55.520375+00:00|29.892681535962936|32.52148915684279|34.21753598998998|29.90046985371123|32.10611133148387|-0.740478515625|0.53564453125|-0.3330078125|-1.129150390625|2.288818359375|0.274658203125|-0.8814770299145299|38.256103098290595|-40.25509386446887
2026-01-29 04:28:55.579283+00:00|29.896575682189905|32.52933238228644|34.21358583837616|29.904364050572894|32.10611133148387|-0.73583984375|0.53759765625|-0.341064453125|-1.3427734375|2.5634765625|0.1220703125|-0.35259081196581193|39.13758012820512|-41.10435744810745
2026-01-29 04:28:55.638803+00:00|29.892681535962936|32.52541074138264|34.21753598998998|29.904364050572894|32.13352353035049|-0.73876953125|0.541748046875|-0.3388671875|-0.885009765625|2.044677734375|0.213623046875|-1.9392494658119657|38.96128472222222|-39.57568299755799
2026-01-29 04:28:55.698129+00:00|29.88878741498428|32.52541074138264|34.20963576335254|29.904364050572894|32.11002720535822|-0.74169921875|0.533203125|-0.334716796875|-1.40380859375|2.593994140625|0.030517578125|-0.17629540598290597|37.90351228632478|-40.93450473137973
2026-01-29 04:28:55.757057+00:00|29.90046985371123|32.52933238228644|34.20173584288443|29.908258272820888|32.11002720535822|-0.732666015625|0.53857421875|-0.33935546875|-1.3427734375|2.410888671875|0.06103515625|-0.7051816239316239|37.37462606837607|-41.10435744810745
2026-01-29 04:28:55.815962+00:00|29.912152520501195|32.54501951047462|34.1977859973444|29.904364050572894|32.090448349401925|-0.73388671875|0.537841796875|-0.3388671875|-0.9765625|2.25830078125|0.030517578125|0.0|38.78498931623931|-41.10435744810745
2026-01-29 04:28:55.874778+00:00|29.916046793659746|32.55286341396493|34.21358583837616|29.916046793659746|32.10611133148387|-0.745361328125|0.5341796875|-0.333984375|-1.373291015625|2.38037109375|-0.1220703125|-0.7051816239316239|38.07980769230769|-41.10435744810745
2026-01-29 04:28:55.933567+00:00|29.916046793659746|32.548941433897824|34.20568576487119|29.916046793659746|32.11785910745641|-0.73681640625|0.533935546875|-0.342041015625|-1.64794921875|2.471923828125|0.030517578125|-0.8814770299145299|38.256103098290595|-41.27421016483516
2026-01-29 04:28:55.992484+00:00|29.916046793659746|32.548941433897824|34.20568576487119|29.923835416595296|32.12177513577319|-0.73583984375|0.5380859375|-0.345458984375|-1.46484375|2.197265625|-0.06103515625|0.17629540598290597|38.608693910256406|-41.27421016483516
2026-01-29 04:28:56.051356+00:00|29.912152520501195|32.55286341396493|34.21358583837616|29.92772976646438|32.13352353035049|-0.740234375|0.534423828125|-0.333984375|-1.129150390625|2.349853515625|-0.335693359375|-0.17629540598290597|37.90351228632478|-40.93450473137973
2026-01-29 04:28:56.110724+00:00|29.923835416595296|32.548941433897824|34.18988653541351|29.931624141995542|32.145272390343564|-0.739013671875|0.534423828125|-0.33837890625|-0.946044921875|2.471923828125|0.30517578125|-1.234067841880342|39.66646634615385|-40.5947992979243
2026-01-29 04:28:56.169665+00:00|29.92772976646438|32.55286341396493|34.19383622820328|29.931624141995542|32.12177513577319|-0.73193359375|0.538330078125|-0.3447265625|-1.312255859375|2.227783203125|0.274658203125|-1.0577724358974359|38.07980769230769|-39.74553571428571
2026-01-29 04:28:56.228933+00:00|29.939412970227977|32.564629694494556|34.1977859973444|29.92772976646438|32.11785910745641|-0.742431640625|0.53759765625|-0.336669921875|-1.251220703125|2.38037109375|0.06103515625|-0.7051816239316239|39.49017094017094|-41.10435744810745
2026-01-29 04:28:56.288337+00:00|29.939412970227977|32.57247416558778|34.1977859973444|29.93551854323465|32.11785910745641|-0.740966796875|0.52978515625|-0.334716796875|-1.15966796875|2.655029296875|0.152587890625|-0.5288862179487179|38.96128472222222|-40.93450473137973
2026-01-29 04:28:56.347702+00:00|29.947201901660492|32.58031886437499|34.20173584288443|29.947201901660492|32.12177513577319|-0.73486328125|0.53662109375|-0.338623046875|-1.46484375|2.532958984375|0.48828125|-1.234067841880342|38.96128472222222|-40.93450473137973
2026-01-29 04:28:56.406890+00:00|29.951096406191652|32.576396486496265|34.1977859973444|29.947201901660492|32.15702171700576|-0.736328125|0.5341796875|-0.34423828125|-1.190185546875|2.471923828125|-0.1220703125|-1.234067841880342|37.55092147435897|-41.27421016483516
2026-01-29 04:28:56.466252+00:00|29.947201901660492|32.584241299270445|34.1977859973444|29.951096406191652|32.14135605188898|-0.74609375|0.53515625|-0.34130859375|-1.15966796875|2.3193359375|0.06103515625|-0.35259081196581193|38.4323985042735|-40.42494658119658
2026-01-29 04:28:56.525482+00:00|29.943307423021224|32.584241299270445|34.1977859973444|29.951096406191652|32.153105222855515|-0.736328125|0.534423828125|-0.33935546875|-1.46484375|2.50244140625|0.091552734375|-1.4103632478632477|39.13758012820512|-39.066124847374844
2026-01-29 04:28:56.584541+00:00|29.951096406191652|32.58031886437499|34.18988653541351|29.958885493113655|32.14135605188898|-0.73681640625|0.5380859375|-0.349365234375|-1.220703125|2.3193359375|0.06103515625|0.35259081196581193|38.78498931623931|-41.10435744810745
2026-01-29 04:28:56.643594+00:00|29.958885493113655|32.584241299270445|34.17803791467372|29.954990936660693|32.13743976524006|-0.742431640625|0.534423828125|-0.34033203125|-1.3427734375|2.13623046875|-0.030517578125|-1.5866586538461538|39.313875534188035|-40.5947992979243
2026-01-29 04:28:56.702700+00:00|29.966674684154953|32.599931609952705|34.181987378696476|29.958885493113655|32.13352353035049|-0.744384765625|0.53564453125|-0.332275390625|-1.0986328125|2.471923828125|0.06103515625|-0.5288862179487179|38.608693910256406|-41.27421016483516
2026-01-29 04:28:56.761922+00:00|29.966674684154953|32.599931609952705|34.185936918927155|29.978358666745123|32.11785910745641|-0.739501953125|0.536865234375|-0.350341796875|-1.068115234375|2.197265625|0.0|-0.8814770299145299|39.313875534188035|-40.25509386446887
2026-01-29 04:28:56.820818+00:00|29.978358666745123|32.599931609952705|34.185936918927155|29.986148119693496|32.153105222855515|-0.73486328125|0.537353515625|-0.342041015625|-0.946044921875|2.01416015625|0.152587890625|0.7051816239316239|38.07980769230769|-40.764652014652015
2026-01-29 04:28:56.879802+00:00|29.97446397968332|32.60385433063158|34.18988653541351|29.986148119693496|32.153105222855515|-0.7451171875|0.53466796875|-0.338134765625|-1.068115234375|2.50244140625|0.0|-1.0577724358974359|39.49017094017094|-41.783768315018314
2026-01-29 04:28:56.938447+00:00|29.98225338006648|32.60777710860708|34.185936918927155|29.990042885672153|32.15702171700576|-0.7421875|0.537841796875|-0.345458984375|-1.52587890625|2.62451171875|0.1220703125|0.0|39.49017094017094|-41.44406288156288
2026-01-29 04:28:56.997478+00:00|29.97056931883526|32.60385433063158|34.17013921506111|29.99393767804827|32.164854861326944|-0.7373046875|0.538330078125|-0.3408203125|-1.0986328125|2.38037109375|0.0|-1.5866586538461538|38.96128472222222|-40.5947992979243
2026-01-29 04:28:57.056599+00:00|29.990042885672153|32.61169994392583|34.174088526811204|29.990042885672153|32.145272390343564|-0.747314453125|0.534912109375|-0.33740234375|-1.373291015625|2.593994140625|0.152587890625|-0.17629540598290597|38.608693910256406|-39.23597756410256
2026-01-29 04:28:57.115829+00:00|29.997832496867943|32.61562283663454|34.174088526811204|29.990042885672153|32.17268821398528|-0.7412109375|0.53662109375|-0.3349609375|-1.434326171875|2.593994140625|-0.06103515625|-1.5866586538461538|37.90351228632478|-40.5947992979243
2026-01-29 04:28:57.174955+00:00|30.00172734217705|32.62346879440844|34.174088526811204|30.00172734217705|32.15702171700576|-0.738037109375|0.537109375|-0.345947265625|-1.03759765625|2.13623046875|0.1220703125|0.17629540598290597|38.256103098290595|-41.953621031746025
2026-01-29 04:28:57.233654+00:00|30.009517112447725|32.62346879440844|34.174088526811204|30.009517112447725|32.18052177535213|-0.74169921875|0.5380859375|-0.339111328125|-1.251220703125|2.38037109375|0.213623046875|-1.4103632478632477|39.49017094017094|-41.10435744810745
2026-01-29 04:28:57.292616+00:00|30.017306989227848|32.631314982301944|34.181987378696476|30.013412037501155|32.1883555457992|-0.740966796875|0.534912109375|-0.33154296875|-1.373291015625|2.410888671875|-0.091552734375|1.4103632478632477|37.022035256410255|-40.764652014652015
2026-01-29 04:28:57.351605+00:00|30.009517112447725|32.631314982301944|34.174088526811204|30.013412037501155|32.17660496855689|-0.73486328125|0.54052734375|-0.344482421875|-1.3427734375|2.349853515625|-0.06103515625|-0.7051816239316239|39.13758012820512|-40.42494658119658
2026-01-29 04:28:57.410500+00:00|30.013412037501155|32.631314982301944|34.16224081970705|30.025096972885194|32.17268821398528|-0.740234375|0.533447265625|-0.337890625|-1.220703125|2.197265625|-0.030517578125|-1.9392494658119657|38.608693910256406|-40.25509386446887
2026-01-29 04:28:57.469770+00:00|30.028992004907707|32.63916140068835|34.166189979375645|30.021201967673903|32.17268821398528|-0.742919921875|0.531982421875|-0.32861328125|-0.946044921875|2.410888671875|0.1220703125|-0.8814770299145299|38.256103098290595|-40.93450473137973
2026-01-29 04:28:57.529177+00:00|30.028992004907707|32.64308469643311|34.16224081970705|30.021201967673903|32.17268821398528|-0.736328125|0.537109375|-0.348876953125|-1.617431640625|2.410888671875|0.030517578125|-2.2918402777777778|38.256103098290595|-40.93450473137973
2026-01-29 04:28:57.588375+00:00|30.032887063787484|32.64308469643311|34.166189979375645|30.032887063787484|32.19227250954384|-0.735107421875|0.537841796875|-0.339111328125|-1.0986328125|2.349853515625|0.152587890625|-1.234067841880342|38.608693910256406|-40.93450473137973
2026-01-29 04:28:57.647182+00:00|30.032887063787484|32.65093146125895|34.166189979375645|30.036782149570342|32.20010659430773|-0.74609375|0.531982421875|-0.33203125|-1.190185546875|2.25830078125|0.030517578125|-1.0577724358974359|38.78498931623931|-42.12347374847374
2026-01-29 04:28:57.706134+00:00|30.032887063787484|32.64700804994101|34.166189979375645|30.036782149570342|32.20402371541991|-0.740966796875|0.537353515625|-0.34033203125|-1.5869140625|2.593994140625|0.1220703125|0.17629540598290597|38.608693910256406|-41.27421016483516
2026-01-29 04:28:57.765146+00:00|30.028992004907707|32.65877845751106|34.17013921506111|30.05236276265282|32.20794088908059|-0.738037109375|0.534423828125|-0.338623046875|-1.220703125|2.349853515625|0.0|-0.8814770299145299|38.256103098290595|-40.5947992979243
2026-01-29 04:28:57.824225+00:00|30.040677262302324|32.65485493043337|34.15829173600764|30.056257983640933|32.19618952569789|-0.741455078125|0.53369140625|-0.34326171875|-1.15966796875|2.410888671875|-0.30517578125|-0.5288862179487179|37.90351228632478|-40.5947992979243
2026-01-29 04:28:57.883156+00:00|30.048467568797605|32.65485493043337|34.150393796325545|30.044572402029416|32.2157753942343|-0.7431640625|0.5341796875|-0.33203125|-1.3427734375|2.349853515625|0.1220703125|-0.17629540598290597|38.608693910256406|-42.29332646520146
2026-01-29 04:28:57.942266+00:00|30.056257983640933|32.666625685562906|34.15434272822972|30.056257983640933|32.20010659430773|-0.73486328125|0.53759765625|-0.34326171875|-1.312255859375|2.25830078125|0.1220703125|-0.35259081196581193|38.07980769230769|-39.74553571428571
2026-01-29 04:28:58.001363+00:00|30.0601532318081|32.670549386630455|34.16224081970705|30.067943809862925|32.20794088908059|-0.73876953125|0.53271484375|-0.334716796875|-1.15966796875|2.166748046875|0.030517578125|-0.35259081196581193|38.07980769230769|-40.764652014652015
2026-01-29 04:28:58.060706+00:00|30.067943809862925|32.67839696308221|34.15829173600764|30.079629881936512|32.21185811533667|-0.744140625|0.53125|-0.32666015625|-1.129150390625|2.410888671875|0.06103515625|-0.17629540598290597|37.55092147435897|-40.93450473137973
2026-01-29 04:28:58.119543+00:00|30.067943809862925|32.68232083855975|34.15434272822972|30.075734497185294|32.2157753942343|-0.73388671875|0.53759765625|-0.34326171875|-1.251220703125|2.410888671875|0.152587890625|-1.0577724358974359|38.78498931623931|-41.44406288156288
2026-01-29 04:28:58.178415+00:00|30.067943809862925|32.690168764251666|34.16224081970705|30.075734497185294|32.21185811533667|-0.737548828125|0.539794921875|-0.341552734375|-1.28173828125|2.227783203125|0.1220703125|0.17629540598290597|37.55092147435897|-39.23597756410256
2026-01-29 04:28:58.237020+00:00|30.067943809862925|32.67839696308221|34.150393796325545|30.087420733849285|32.23536257997256|-0.7431640625|0.534423828125|-0.330322265625|-0.9765625|2.44140625|0.244140625|-0.35259081196581193|38.78498931623931|-40.764652014652015
2026-01-29 04:28:58.295317+00:00|30.079629881936512|32.690168764251666|34.14644494024719|30.079629881936512|32.20794088908059|-0.73779296875|0.5390625|-0.341552734375|-1.312255859375|2.50244140625|0.213623046875|0.5288862179487179|37.55092147435897|-41.27421016483516
2026-01-29 04:28:58.354055+00:00|30.0913162011027|32.690168764251666|34.15829173600764|30.099107218433346|32.23928017569557|-0.7373046875|0.538818359375|-0.340576171875|-1.3427734375|2.5634765625|-0.091552734375|-0.8814770299145299|37.90351228632478|-40.25509386446887
2026-01-29 04:28:58.412996+00:00|30.095211695948706|32.69801692323745|34.15434272822972|30.099107218433346|32.227527547241266|-0.743408203125|0.530517578125|-0.330810546875|-1.15966796875|2.01416015625|0.213623046875|0.17629540598290597|38.96128472222222|-41.27421016483516
2026-01-29 04:28:58.471616+00:00|30.106898346502135|32.69801692323745|34.15434272822972|30.103002768602437|32.243197824385334|-0.73974609375|0.538330078125|-0.34033203125|-1.52587890625|2.471923828125|-0.06103515625|-1.0577724358974359|39.13758012820512|-40.764652014652015
2026-01-29 04:28:58.531259+00:00|30.103002768602437|32.69801692323745|34.15829173600764|30.110793952178255|32.23536257997256|-0.7333984375|0.53515625|-0.35595703125|-1.251220703125|2.25830078125|0.152587890625|-1.0577724358974359|38.07980769230769|-41.10435744810745
2026-01-29 04:28:58.590883+00:00|30.095211695948706|32.69801692323745|34.14644494024719|30.110793952178255|32.2510332808514|-0.74169921875|0.535400390625|-0.33642578125|-1.15966796875|2.50244140625|0.0|-1.0577724358974359|38.4323985042735|-40.764652014652015
2026-01-29 04:28:58.649621+00:00|30.106898346502135|32.70586531589055|34.13854745537765|30.106898346502135|32.247115526088464|-0.7412109375|0.532958984375|-0.3388671875|-1.15966796875|2.44140625|-0.091552734375|-2.1155448717948717|38.4323985042735|-40.42494658119658
2026-01-29 04:28:58.708439+00:00|30.11858524704394|32.70978959995921|34.14249615994726|30.122480936325303|32.23144503717003|-0.733642578125|0.539306640625|-0.34912109375|-1.3427734375|2.44140625|0.1220703125|-0.7051816239316239|38.78498931623931|-41.10435744810745
2026-01-29 04:28:58.767232+00:00|30.126376653567092|32.717638343813974|34.15434272822972|30.130272398815066|32.262786863963754|-0.73779296875|0.53515625|-0.34423828125|-1.220703125|2.532958984375|0.152587890625|0.17629540598290597|37.55092147435897|-41.27421016483516
2026-01-29 04:28:58.826067+00:00|30.130272398815066|32.717638343813974|34.150393796325545|30.130272398815066|32.25886894974252|-0.742431640625|0.532958984375|-0.336669921875|-1.46484375|2.288818359375|0.0|-0.17629540598290597|39.66646634615385|-40.5947992979243
2026-01-29 04:28:58.884917+00:00|30.134168172115437|32.729411899590616|34.14644494024719|30.141959803056693|32.247115526088464|-0.733642578125|0.538330078125|-0.33837890625|-1.495361328125|2.349853515625|0.152587890625|0.8814770299145299|38.256103098290595|-40.93450473137973
2026-01-29 04:28:58.943618+00:00|30.134168172115437|32.72156280369347|34.14644494024719|30.145855660789607|32.2510332808514|-0.73583984375|0.5390625|-0.339111328125|-1.28173828125|2.227783203125|0.30517578125|-0.35259081196581193|37.022035256410255|-38.726419413919416
2026-01-29 04:28:59.002404+00:00|30.141959803056693|32.72548732227017|34.1345988264909|30.145855660789607|32.262786863963754|-0.7431640625|0.533447265625|-0.332275390625|-1.220703125|2.166748046875|0.0|-0.8814770299145299|37.90351228632478|-39.915388431013426
2026-01-29 04:28:59.060792+00:00|30.149751546758637|32.73726123064989|34.14249615994726|30.145855660789607|32.247115526088464|-0.741455078125|0.53662109375|-0.338623046875|-1.0986328125|2.50244140625|0.030517578125|0.35259081196581193|38.07980769230769|-41.44406288156288
2026-01-29 04:28:59.119576+00:00|30.153647461009825|32.73726123064989|34.14249615994726|30.161439374542283|32.26670483143056|-0.738037109375|0.537841796875|-0.348388671875|-1.312255859375|2.166748046875|-0.030517578125|-1.9392494658119657|37.55092147435897|-40.25509386446887
2026-01-29 04:28:59.178305+00:00|30.157543403589045|32.74118598448206|34.13854745537765|30.16533537391541|32.25886894974252|-0.742431640625|0.537353515625|-0.338623046875|-1.068115234375|2.25830078125|-0.3662109375|-1.7629540598290598|37.72721688034188|-40.08524114774115
2026-01-29 04:28:59.237176+00:00|30.153647461009825|32.74511079724499|34.13854745537765|30.1692314017547|32.262786863963754|-0.748046875|0.536376953125|-0.33056640625|-1.40380859375|2.44140625|0.06103515625|-0.17629540598290597|39.66646634615385|-41.27421016483516
2026-01-29 04:28:59.296086+00:00|30.161439374542283|32.74511079724499|34.13854745537765|30.1692314017547|32.28629546907706|-0.73046875|0.53759765625|-0.34375|-1.251220703125|2.655029296875|-0.1220703125|-1.4103632478632477|39.49017094017094|-40.764652014652015
2026-01-29 04:28:59.354891+00:00|30.1692314017547|32.74511079724499|34.13065027323921|30.1692314017547|32.262786863963754|-0.737548828125|0.536376953125|-0.336181640625|-1.28173828125|2.25830078125|0.06103515625|-0.7051816239316239|38.07980769230769|-40.08524114774115
2026-01-29 04:28:59.413678+00:00|30.18091965652758|32.75688558958507|34.1345988264909|30.173127458105796|32.278459053770064|-0.742919921875|0.531982421875|-0.331787109375|-1.312255859375|2.5634765625|0.335693359375|-0.35259081196581193|38.4323985042735|-41.10435744810745
2026-01-29 04:28:59.472637+00:00|30.18091965652758|32.76081063853803|34.13065027323921|30.18871196954865|32.290213756994206|-0.734619140625|0.539794921875|-0.342529296875|-1.3427734375|2.38037109375|-0.091552734375|-0.7051816239316239|38.4323985042735|-39.74553571428571
2026-01-29 04:28:59.531337+00:00|30.18871196954865|32.76473574665533|34.1345988264909|30.184815798690238|32.25495108872059|-0.73681640625|0.5361328125|-0.343017578125|-1.434326171875|2.471923828125|-0.030517578125|-0.35259081196581193|38.4323985042735|-41.44406288156288
2026-01-29 04:28:59.590178+00:00|30.184815798690238|32.768660913983695|34.1345988264909|30.196504397536785|32.262786863963754|-0.743408203125|0.5341796875|-0.330810546875|-1.15966796875|2.288818359375|0.3662109375|-0.8814770299145299|39.66646634615385|-39.915388431013426
2026-01-29 04:28:59.649746+00:00|30.184815798690238|32.76081063853803|34.12670179557489|30.196504397536785|32.294132098482464|-0.7392578125|0.537109375|-0.333984375|-1.40380859375|2.716064453125|0.42724609375|-0.17629540598290597|39.313875534188035|-41.953621031746025
2026-01-29 04:28:59.708509+00:00|30.196504397536785|32.76473574665533|34.12670179557489|30.21208959988502|32.290213756994206|-0.734130859375|0.537109375|-0.342529296875|-1.52587890625|2.197265625|0.030517578125|-0.5288862179487179|39.66646634615385|-43.312442765567766
2026-01-29 04:28:59.767491+00:00|30.208193255886556|32.780436771702796|34.12670179557489|30.208193255886556|32.305887444838675|-0.741943359375|0.53466796875|-0.3359375|-1.190185546875|2.288818359375|0.1220703125|-0.17629540598290597|38.608693910256406|-40.5947992979243
2026-01-29 04:28:59.827030+00:00|30.21208959988502|32.78436217634294|34.13065027323921|30.208193255886556|32.298050493588335|-0.739013671875|0.533203125|-0.334228515625|-1.28173828125|2.62451171875|-0.18310546875|0.5288862179487179|37.90351228632478|-41.27421016483516
2026-01-29 04:28:59.886246+00:00|30.21208959988502|32.78436217634294|34.1345988264909|30.227675266513984|32.305887444838675|-0.740966796875|0.534912109375|-0.347412109375|-1.220703125|2.44140625|0.0|0.17629540598290597|37.90351228632478|-40.25509386446887
2026-01-29 04:28:59.945077+00:00|30.223778806169435|32.79613874711913|34.1345988264909|30.23157175605985|32.305887444838675|-0.740234375|0.5341796875|-0.333984375|-1.0986328125|2.105712890625|0.152587890625|-0.35259081196581193|37.72721688034188|-40.764652014652015
2026-01-29 04:29:00.003923+00:00|30.227675266513984|32.79613874711913|34.1345988264909|30.235468274853133|32.31372461111732|-0.743896484375|0.53515625|-0.3359375|-1.129150390625|2.532958984375|0.1220703125|-0.35259081196581193|39.13758012820512|-40.42494658119658
2026-01-29 04:29:00.062825+00:00|30.223778806169435|32.788287640427825|34.13065027323921|30.239364822939763|32.3019689423582|-0.734130859375|0.53662109375|-0.344970703125|-1.251220703125|2.25830078125|0.091552734375|0.35259081196581193|39.84276175213675|-41.10435744810745
2026-01-29 04:29:00.122562+00:00|30.23157175605985|32.79613874711913|34.12275339345018|30.251054643419366|32.321561992796376|-0.73974609375|0.536376953125|-0.342529296875|-1.190185546875|2.349853515625|-0.030517578125|-0.7051816239316239|38.78498931623931|-39.74553571428571
2026-01-29 04:29:00.182008+00:00|30.247158007176836|32.80791585416114|34.11880506681746|30.247158007176836|32.325480764527185|-0.74658203125|0.5361328125|-0.333251953125|-1.03759765625|2.410888671875|0.030517578125|-0.35259081196581193|38.07980769230769|-41.44406288156288
2026-01-29 04:29:00.240827+00:00|30.254951309139074|32.81969349873117|34.11880506681746|30.247158007176836|32.305887444838675|-0.7333984375|0.535400390625|-0.349609375|-1.312255859375|2.50244140625|0.244140625|-1.234067841880342|38.256103098290595|-41.27421016483516
2026-01-29 04:29:00.299784+00:00|30.258848004381946|32.811841675896744|34.12670179557489|30.258848004381946|32.32939959024765|-0.736328125|0.5361328125|-0.33984375|-1.3427734375|2.13623046875|0.274658203125|-1.4103632478632477|39.49017094017094|-42.12347374847374
2026-01-29 04:29:00.359111+00:00|30.262744729194026|32.81969349873117|34.11880506681746|30.262744729194026|32.325480764527185|-0.7431640625|0.52978515625|-0.335693359375|-1.129150390625|2.197265625|0.244140625|-0.7051816239316239|39.13758012820512|-39.74553571428571
2026-01-29 04:29:00.418971+00:00|30.262744729194026|32.83539786316214|34.12275339345018|30.270538267709526|32.33331847000426|-0.74462890625|0.53466796875|-0.338134765625|-1.46484375|2.74658203125|0.274658203125|-0.7051816239316239|38.07980769230769|-39.40583028083028
2026-01-29 04:29:00.478467+00:00|30.270538267709526|32.83539786316214|34.13065027323921|30.278331925053237|32.33331847000426|-0.735595703125|0.534423828125|-0.342041015625|-1.220703125|2.38037109375|0.030517578125|-0.5288862179487179|37.55092147435897|-40.93450473137973
2026-01-29 04:29:00.537256+00:00|30.266641483621186|32.83147168209223|34.12275339345018|30.274435081504862|32.321561992796376|-0.744140625|0.531005859375|-0.3408203125|-1.3427734375|2.25830078125|0.06103515625|-0.8814770299145299|38.608693910256406|-40.93450473137973
2026-01-29 04:29:00.596061+00:00|30.270538267709526|32.82754556102833|34.106960539393526|30.286125701592994|32.348994530321875|-0.738037109375|0.5361328125|-0.33544921875|-1.28173828125|2.349853515625|0.0|0.0|38.78498931623931|-41.10435744810745
2026-01-29 04:29:00.654873+00:00|30.293919597696572|32.84325040550698|34.1148568156288|30.282228798400638|32.325480764527185|-0.734375|0.53662109375|-0.345703125|-1.129150390625|2.685546875|0.18310546875|-0.35259081196581193|38.4323985042735|-41.783768315018314
2026-01-29 04:29:00.714114+00:00|30.290022634676404|32.85110318843715|34.12275339345018|30.290022634676404|32.34507543395574|-0.73486328125|0.53759765625|-0.34521484375|-1.068115234375|1.953125|-0.06103515625|0.17629540598290597|38.96128472222222|-40.25509386446887
2026-01-29 04:29:00.772987+00:00|30.29781659069971|32.8589562123268|34.11880506681746|30.305610666838504|32.32939959024765|-0.74267578125|0.53662109375|-0.338623046875|-1.3427734375|2.349853515625|0.274658203125|-1.234067841880342|38.256103098290595|-40.5947992979243
2026-01-29 04:29:00.831820+00:00|30.29781659069971|32.85502967023865|34.1148568156288|30.301713613731692|32.348994530321875|-0.73876953125|0.5390625|-0.34423828125|-1.495361328125|2.471923828125|0.1220703125|0.0|38.07980769230769|-40.42494658119658
2026-01-29 04:29:00.890708+00:00|30.29781659069971|32.8589562123268|34.1148568156288|30.313404863460505|32.35683288590667|-0.73876953125|0.53564453125|-0.3388671875|-1.220703125|2.3193359375|-0.06103515625|-0.35259081196581193|39.13758012820512|-40.42494658119658
2026-01-29 04:29:00.949715+00:00|30.309507750066132|32.8628828147485|34.11880506681746|30.317302007067667|32.37642972701309|-0.744140625|0.537109375|-0.334716796875|-1.251220703125|2.44140625|0.030517578125|-0.7051816239316239|38.4323985042735|-40.08524114774115
2026-01-29 04:29:01.009275+00:00|30.317302007067667|32.8628828147485|34.11090863983674|30.317302007067667|32.360752145218385|-0.739013671875|0.5361328125|-0.339599609375|-1.373291015625|2.50244140625|-0.1220703125|-0.5288862179487179|37.55092147435897|-40.25509386446887
2026-01-29 04:29:01.068115+00:00|30.317302007067667|32.87073620077945|34.106960539393526|30.321199180933434|32.3803492588313|-0.740478515625|0.53173828125|-0.33984375|-1.190185546875|2.38037109375|0.06103515625|-0.17629540598290597|38.96128472222222|-41.27421016483516
2026-01-29 04:29:01.127017+00:00|30.328993619625123|32.88251673349697|34.11880506681746|30.325096385104075|32.35291368095665|-0.744873046875|0.5341796875|-0.332275390625|-1.312255859375|2.288818359375|0.244140625|-1.0577724358974359|38.78498931623931|-42.12347374847374
2026-01-29 04:29:01.185894+00:00|30.328993619625123|32.88644369890221|34.1148568156288|30.336788179903408|32.360752145218385|-0.741943359375|0.535888671875|-0.33837890625|-1.251220703125|2.25830078125|-0.1220703125|-1.234067841880342|39.66646634615385|-40.93450473137973
2026-01-29 04:29:01.244750+00:00|30.336788179903408|32.88644369890221|34.106960539393526|30.340685505752333|32.36859082711317|-0.739013671875|0.5400390625|-0.338134765625|-1.373291015625|2.349853515625|-0.18310546875|-0.17629540598290597|38.96128472222222|-40.5947992979243
2026-01-29 04:29:01.303457+00:00|30.340685505752333|32.88251673349697|34.11090863983674|30.34848024909985|32.36859082711317|-0.739013671875|0.535888671875|-0.345947265625|-1.15966796875|2.44140625|0.3662109375|0.5288862179487179|37.55092147435897|-40.5947992979243
2026-01-29 04:29:01.362403+00:00|30.336788179903408|32.88644369890221|34.09906456436266|30.34848024909985|32.38426884529048|-0.73779296875|0.5390625|-0.33984375|-1.40380859375|2.288818359375|0.06103515625|-0.7051816239316239|37.72721688034188|-41.783768315018314
2026-01-29 04:29:01.421660+00:00|30.344582862135894|32.88644369890221|34.106960539393526|30.344582862135894|32.3921081823176|-0.73681640625|0.5390625|-0.343505859375|-0.946044921875|2.197265625|0.152587890625|-0.5288862179487179|37.90351228632478|-40.5947992979243
2026-01-29 04:29:01.480980+00:00|30.35627511495335|32.90215216760248|34.09906456436266|30.35627511495335|32.36859082711317|-0.737060546875|0.537109375|-0.331298828125|-1.068115234375|2.3193359375|-0.06103515625|-1.7629540598290598|39.13758012820512|-40.42494658119658
2026-01-29 04:29:01.539901+00:00|30.3679676442369|32.91000676685536|34.1148568156288|30.375762817964358|32.37251024978917|-0.74755859375|0.5361328125|-0.32861328125|-1.03759765625|2.197265625|-0.091552734375|-0.7051816239316239|38.07980769230769|-40.42494658119658
2026-01-29 04:29:01.598939+00:00|30.3679676442369|32.91000676685536|34.106960539393526|30.371865215649393|32.39602793297877|-0.739013671875|0.53369140625|-0.349365234375|-1.77001953125|2.593994140625|0.0|-1.4103632478632477|37.72721688034188|-40.764652014652015
2026-01-29 04:29:01.658231+00:00|30.3679676442369|32.91393415787138|34.11090863983674|30.38355811548513|32.38426884529048|-0.7392578125|0.5341796875|-0.3388671875|-1.434326171875|2.685546875|-0.06103515625|-1.234067841880342|39.313875534188035|-40.25509386446887
2026-01-29 04:29:01.717783+00:00|30.375762817964358|32.917861609876354|34.106960539393526|30.37966045122755|32.39602793297877|-0.74072265625|0.533935546875|-0.335693359375|-1.0986328125|2.197265625|-0.030517578125|-0.35259081196581193|38.07980769230769|-41.44406288156288
2026-01-29 04:29:01.776728+00:00|30.371865215649393|32.92178912291678|34.106960539393526|30.39914908337755|32.39602793297877|-0.740966796875|0.535400390625|-0.3466796875|-1.28173828125|2.38037109375|-0.091552734375|-0.5288862179487179|38.256103098290595|-41.27421016483516
2026-01-29 04:29:01.835828+00:00|30.37966045122755|32.92178912291678|34.10301251425136|30.39135353716688|32.40386759882864|-0.735107421875|0.5400390625|-0.342041015625|-1.40380859375|2.227783203125|0.06103515625|-1.7629540598290598|39.13758012820512|-42.463179181929185
2026-01-29 04:29:01.895028+00:00|30.395251294683078|32.92964433229207|34.09906456436266|30.39135353716688|32.41562750962089|-0.7421875|0.536376953125|-0.33349609375|-1.0986328125|2.38037109375|0.06103515625|-1.0577724358974359|38.07980769230769|-40.764652014652015
2026-01-29 04:29:01.954348+00:00|30.403046903296|32.93357202872039|34.106960539393526|30.39135353716688|32.37642972701309|-0.7412109375|0.53173828125|-0.33544921875|-1.129150390625|2.3193359375|0.18310546875|-0.8814770299145299|38.96128472222222|-40.93450473137973
2026-01-29 04:29:02.013459+00:00|30.403046903296|32.9374997863718|34.10301251425136|30.414740550856493|32.40386759882864|-0.7373046875|0.535400390625|-0.33935546875|-1.251220703125|2.532958984375|-0.030517578125|-1.234067841880342|38.608693910256406|-41.953621031746025
2026-01-29 04:29:02.072509+00:00|30.403046903296|32.94535548553091|34.106960539393526|30.418638496131507|32.41170748435911|-0.739013671875|0.536865234375|-0.3388671875|-1.28173828125|2.349853515625|0.091552734375|0.0|38.07980769230769|-41.10435744810745
2026-01-29 04:29:02.131897+00:00|30.414740550856493|32.94928342713234|34.09906456436266|30.422536472860543|32.435228462758005|-0.73828125|0.531494140625|-0.33544921875|-1.129150390625|2.3193359375|0.152587890625|-0.35259081196581193|39.49017094017094|-39.74553571428571
2026-01-29 04:29:02.190706+00:00|30.414740550856493|32.95321143014411|34.106960539393526|30.426434481089586|32.41562750962089|-0.7373046875|0.534912109375|-0.341064453125|-1.678466796875|2.532958984375|0.18310546875|-1.0577724358974359|39.13758012820512|-40.08524114774115
2026-01-29 04:29:02.249697+00:00|30.414740550856493|32.94535548553091|34.10301251425136|30.43033252086468|32.40386759882864|-0.7373046875|0.53759765625|-0.3408203125|-1.220703125|2.349853515625|0.091552734375|-0.7051816239316239|38.07980769230769|-41.10435744810745
2026-01-29 04:29:02.308795+00:00|30.43033252086468|32.94928342713234|34.09511668967963|30.43033252086468|32.435228462758005|-0.744873046875|0.53173828125|-0.337646484375|-1.129150390625|2.38037109375|0.06103515625|-0.35259081196581193|38.78498931623931|-41.44406288156288
2026-01-29 04:29:02.367717+00:00|30.438128695236855|32.96499580811002|34.09511668967963|30.426434481089586|32.41170748435911|-0.74072265625|0.53466796875|-0.343017578125|-1.434326171875|2.471923828125|0.030517578125|-0.7051816239316239|38.78498931623931|-42.80288461538461
2026-01-29 04:29:02.426737+00:00|30.44202682992585|32.96892405723162|34.10301251425136|30.445924996344786|32.431308161731636|-0.73974609375|0.5380859375|-0.345947265625|-1.3427734375|2.25830078125|0.091552734375|-1.234067841880342|40.01905715811966|-40.25509386446887
2026-01-29 04:29:02.485968+00:00|30.44202682992585|32.96892405723162|34.09906456436266|30.445924996344786|32.45483079820991|-0.73876953125|0.5322265625|-0.3369140625|-1.190185546875|2.197265625|0.18310546875|0.17629540598290597|38.608693910256406|-40.93450473137973
2026-01-29 04:29:02.544810+00:00|30.45372142455625|32.972852367997916|34.106960539393526|30.457619686440808|32.45483079820991|-0.741455078125|0.540283203125|-0.33984375|-1.220703125|2.288818359375|0.213623046875|-1.9392494658119657|38.96128472222222|-41.27421016483516
2026-01-29 04:29:02.603885+00:00|30.44202682992585|32.97678074045564|34.106960539393526|30.46931466376151|32.45483079820991|-0.732666015625|0.5380859375|-0.338134765625|-0.91552734375|2.166748046875|0.30517578125|-0.5288862179487179|37.55092147435897|-40.25509386446887
2026-01-29 04:29:02.662838+00:00|30.44982319453959|32.972852367997916|34.09511668967963|30.465416305997508|32.44306923073509|-0.73828125|0.540283203125|-0.341552734375|-1.15966796875|2.50244140625|0.213623046875|-2.1155448717948717|39.13758012820512|-40.764652014652015
2026-01-29 04:29:02.721823+00:00|30.465416305997508|32.98070917465179|34.091168890154734|30.46151798023925|32.45483079820991|-0.7412109375|0.538330078125|-0.327392578125|-1.15966796875|2.44140625|0.30517578125|-0.5288862179487179|39.313875534188035|-40.93450473137973
2026-01-29 04:29:02.780861+00:00|30.46931466376151|32.992494848138904|34.09906456436266|30.47321305357741|32.45483079820991|-0.738037109375|0.53466796875|-0.34619140625|-1.251220703125|2.471923828125|0.06103515625|-1.234067841880342|37.55092147435897|-41.27421016483516
2026-01-29 04:29:02.839776+00:00|30.47321305357741|32.996423529757124|34.09906456436266|30.4888069342785|32.44698969777892|-0.7421875|0.53515625|-0.344482421875|-1.28173828125|2.44140625|-0.18310546875|-0.8814770299145299|38.96128472222222|-40.93450473137973
2026-01-29 04:29:02.898844+00:00|30.47321305357741|33.004281078958456|34.091168890154734|30.492705485043075|32.45483079820991|-0.739501953125|0.533935546875|-0.335205078125|-1.373291015625|2.44140625|-0.06103515625|-1.0577724358974359|38.78498931623931|-40.42494658119658
2026-01-29 04:29:02.957822+00:00|30.484908415795644|33.00035227334803|34.09511668967963|30.48100992954852|32.466592865413475|-0.7392578125|0.53564453125|-0.333251953125|-1.312255859375|2.716064453125|-0.274658203125|0.35259081196581193|39.49017094017094|-41.783768315018314
2026-01-29 04:29:03.016942+00:00|30.48100992954852|33.00035227334803|34.10301251425136|30.4888069342785|32.45875143169019|-0.737060546875|0.530029296875|-0.341552734375|-1.03759765625|2.3193359375|0.1220703125|0.0|38.78498931623931|-41.10435744810745
2026-01-29 04:29:03.075900+00:00|30.4888069342785|33.00820994663536|34.091168890154734|30.500502683601326|32.466592865413475|-0.742431640625|0.53662109375|-0.337158203125|-0.9765625|2.0751953125|0.1220703125|-0.8814770299145299|38.608693910256406|-40.93450473137973
2026-01-29 04:29:03.134876+00:00|30.500502683601326|33.01213887642564|34.07932594205141|30.496604068135298|32.45875143169019|-0.745361328125|0.53515625|-0.3349609375|-1.46484375|2.288818359375|-0.030517578125|-0.8814770299145299|37.90351228632478|-40.93450473137973
2026-01-29 04:29:03.193986+00:00|30.51219872470108|33.019996922533835|34.09511668967963|30.500502683601326|32.46267212074264|-0.736083984375|0.532958984375|-0.338134765625|-1.373291015625|2.349853515625|-0.091552734375|-0.7051816239316239|40.19535256410256|-40.08524114774115
2026-01-29 04:29:03.253039+00:00|30.504401331486918|33.019996922533835|34.09511668967963|30.504401331486918|32.478355433603326|-0.73681640625|0.535888671875|-0.339599609375|-1.190185546875|2.3193359375|0.091552734375|0.0|38.4323985042735|-41.783768315018314
2026-01-29 04:29:03.312059+00:00|30.51219872470108|33.02785521765793|34.091168890154734|30.52389505881945|32.478355433603326|-0.7451171875|0.535400390625|-0.335693359375|-1.0986328125|2.044677734375|-0.091552734375|-1.0577724358974359|38.78498931623931|-41.10435744810745
2026-01-29 04:29:03.370813+00:00|30.516097470121622|33.03178445871822|34.09511668967963|30.519996248145787|32.49011850403724|-0.736083984375|0.53515625|-0.34375|-1.46484375|2.38037109375|0.091552734375|-0.8814770299145299|36.84573985042735|-40.93450473137973
2026-01-29 04:29:03.429008+00:00|30.519996248145787|33.02392603894543|34.091168890154734|30.52389505881945|32.49796083063882|-0.736328125|0.5361328125|-0.34228515625|-1.28173828125|2.38037109375|-0.030517578125|-1.234067841880342|38.256103098290595|-39.915388431013426
2026-01-29 04:29:03.488049+00:00|30.52389505881945|33.02785521765793|34.0832735163882|30.52779390218882|32.482276401214335|-0.741455078125|0.533935546875|-0.339599609375|-1.312255859375|2.349853515625|0.030517578125|0.35259081196581193|39.84276175213675|-40.764652014652015
2026-01-29 04:29:03.546976+00:00|30.53559168719812|33.051431600878345|34.08722116574012|30.531692778299714|32.46267212074264|-0.735107421875|0.53662109375|-0.342041015625|-1.0986328125|2.471923828125|-0.18310546875|-1.234067841880342|38.256103098290595|-41.27421016483516
2026-01-29 04:29:03.606049+00:00|30.539490628930025|33.04750204737559|34.09511668967963|30.55118765158727|32.482276401214335|-0.733642578125|0.53515625|-0.347900390625|-1.0986328125|2.349853515625|0.18310546875|-0.35259081196581193|38.07980769230769|-40.764652014652015
2026-01-29 04:29:03.665111+00:00|30.54728861107867|33.04750204737559|34.091168890154734|30.555086725113256|32.49796083063882|-0.74072265625|0.534912109375|-0.33544921875|-1.617431640625|2.471923828125|0.244140625|-1.234067841880342|37.55092147435897|-39.915388431013426
2026-01-29 04:29:03.724213+00:00|30.54338960354164|33.05929089581849|34.091168890154734|30.55118765158727|32.505803381391786|-0.74267578125|0.53515625|-0.332763671875|-1.251220703125|2.532958984375|0.213623046875|-0.35259081196581193|39.49017094017094|-41.44406288156288
2026-01-29 04:29:03.783235+00:00|30.539490628930025|33.05929089581849|34.08722116574012|30.55898583170284|32.505803381391786|-0.73779296875|0.536376953125|-0.34619140625|-1.190185546875|2.471923828125|0.152587890625|0.0|37.72721688034188|-40.42494658119658
2026-01-29 04:29:03.842048+00:00|30.54728861107867|33.05929089581849|34.0832735163882|30.555086725113256|32.533254079600965|-0.737060546875|0.536865234375|-0.344482421875|-0.885009765625|1.89208984375|0.152587890625|-1.4103632478632477|37.37462606837607|-41.44406288156288
2026-01-29 04:29:03.900837+00:00|30.5628849714019|33.06715044165094|34.075378442681824|30.55898583170284|32.501882077973164|-0.7412109375|0.53125|-0.338134765625|-1.129150390625|2.62451171875|0.152587890625|-1.0577724358974359|38.4323985042735|-41.10435744810745
2026-01-29 04:29:03.959563+00:00|30.55898583170284|33.07501023875085|34.08722116574012|30.566784144256474|32.505803381391786|-0.73486328125|0.533203125|-0.33642578125|-1.220703125|2.349853515625|-0.030517578125|-0.8814770299145299|38.608693910256406|-40.93450473137973
2026-01-29 04:29:04.018313+00:00|30.57068335031238|33.07501023875085|34.08722116574012|30.57458258961583|32.501882077973164|-0.738525390625|0.5361328125|-0.344970703125|-1.373291015625|2.25830078125|0.030517578125|0.0|38.4323985042735|-40.42494658119658
2026-01-29 04:29:04.077036+00:00|30.57068335031238|33.0789402316434|34.07932594205141|30.57848186221281|32.517567628620384|-0.73876953125|0.5322265625|-0.336181640625|-1.28173828125|2.50244140625|0.152587890625|-1.4103632478632477|39.13758012820512|-41.44406288156288
2026-01-29 04:29:04.135612+00:00|30.57068335031238|33.08287028749368|34.0832735163882|30.586280507470917|32.52933238228644|-0.737060546875|0.53369140625|-0.3427734375|-1.312255859375|2.349853515625|-0.1220703125|-0.17629540598290597|39.313875534188035|-40.5947992979243
2026-01-29 04:29:04.194356+00:00|30.57068335031238|33.0789402316434|34.075378442681824|30.586280507470917|32.52541074138264|-0.73828125|0.53466796875|-0.343017578125|-1.251220703125|2.197265625|0.335693359375|0.7051816239316239|37.37462606837607|-41.44406288156288
2026-01-29 04:29:04.253160+00:00|30.58238116814914|33.09073058825487|34.07143101823192|30.57848186221281|32.513646156668756|-0.740234375|0.529296875|-0.340576171875|-0.79345703125|2.105712890625|0.213623046875|-0.35259081196581193|38.07980769230769|-40.08524114774115
2026-01-29 04:29:04.311904+00:00|30.590179880224127|33.094660833259695|34.08722116574012|30.59797872620885|32.50972474094152|-0.741455078125|0.54296875|-0.334716796875|-1.007080078125|2.38037109375|-0.152587890625|-1.5866586538461538|38.256103098290595|-39.57568299755799
2026-01-29 04:29:04.370701+00:00|30.59797872620885|33.094660833259695|34.07932594205141|30.613576821379297|32.517567628620384|-0.734619140625|0.537841796875|-0.34326171875|-1.15966796875|2.197265625|0.244140625|-1.5866586538461538|40.37164797008547|-41.613915598290596
2026-01-29 04:29:04.429710+00:00|30.601878199532337|33.098591141409884|34.07932594205141|30.6057777064712|32.52541074138264|-0.7412109375|0.5361328125|-0.342041015625|-1.434326171875|2.44140625|0.0|-0.17629540598290597|39.313875534188035|-40.25509386446887
2026-01-29 04:29:04.488674+00:00|30.601878199532337|33.102521512752446|34.08722116574012|30.613576821379297|32.548941433897824|-0.745361328125|0.53466796875|-0.34033203125|-0.946044921875|2.38037109375|0.091552734375|0.35259081196581193|39.13758012820512|-41.10435744810745
2026-01-29 04:29:04.547626+00:00|30.601878199532337|33.102521512752446|34.07932594205141|30.62137607130086|32.533254079600965|-0.732666015625|0.534912109375|-0.353271484375|-1.312255859375|2.288818359375|0.1220703125|-0.5288862179487179|37.90351228632478|-41.613915598290596
2026-01-29 04:29:04.606477+00:00|30.61747642944033|33.102521512752446|34.07143101823192|30.613576821379297|32.55678545072226|-0.73779296875|0.529541015625|-0.3515625|-0.885009765625|1.5869140625|0.701904296875|-1.0577724358974359|39.13758012820512|-42.12347374847374
2026-01-29 04:29:04.665251+00:00|30.62137607130086|33.114313006403506|34.0832735163882|30.613576821379297|32.55678545072226|-0.7421875|0.534912109375|-0.33935546875|-1.739501953125|2.62451171875|-0.274658203125|0.0|39.13758012820512|-41.10435744810745
2026-01-29 04:29:04.724209+00:00|30.629175456604116|33.114313006403506|34.0832735163882|30.629175456604116|32.548941433897824|-0.741943359375|0.529296875|-0.345703125|-0.79345703125|2.044677734375|0.640869140625|-0.8814770299145299|39.313875534188035|-41.27421016483516
2026-01-29 04:29:04.783030+00:00|30.629175456604116|33.12610507047566|34.0832735163882|30.629175456604116|32.53717583337283|-0.738037109375|0.531982421875|-0.3466796875|-0.42724609375|1.8310546875|0.396728515625|-0.35259081196581193|39.13758012820512|-40.42494658119658
2026-01-29 04:29:04.841891+00:00|30.629175456604116|33.13003588547912|34.0832735163882|30.640874789204418|32.560707544216655|-0.739501953125|0.53466796875|-0.33642578125|-0.640869140625|2.0751953125|0.335693359375|-0.17629540598290597|38.96128472222222|-41.27421016483516
2026-01-29 04:29:04.900643+00:00|30.633075200138876|33.12217431899319|34.07932594205141|30.644774634827286|32.55678545072226|-0.738525390625|0.534912109375|-0.33740234375|-1.312255859375|2.716064453125|-0.06103515625|-1.234067841880342|39.66646634615385|-40.25509386446887
2026-01-29 04:29:04.959478+00:00|30.640874789204418|33.1339667640504|34.07143101823192|30.63697497765702|32.56855190160269|-0.73779296875|0.544189453125|-0.333740234375|-4.5166015625|4.33349609375|-1.983642578125|-1.0577724358974359|39.13758012820512|-40.764652014652015
2026-01-29 04:29:05.018710+00:00|30.640874789204418|33.14182871208487|34.075378442681824|30.640874789204418|32.564629694494556|-0.73974609375|0.52783203125|-0.34619140625|-0.701904296875|2.197265625|0.48828125|-0.8814770299145299|39.66646634615385|-39.57568299755799
2026-01-29 04:29:05.078128+00:00|30.63697497765702|33.1457597816418|34.07932594205141|30.640874789204418|32.54501951047462|-0.7392578125|0.53271484375|-0.33203125|0.06103515625|1.46484375|1.3427734375|-0.5288862179487179|38.608693910256406|-40.25509386446887
2026-01-29 04:29:05.137589+00:00|30.640874789204418|33.15362211207025|34.075378442681824|30.652574428483376|32.564629694494556|-0.73681640625|0.526611328125|-0.35693359375|-0.762939453125|1.953125|0.54931640625|-0.8814770299145299|38.96128472222222|-41.613915598290596
2026-01-29 04:29:05.196564+00:00|30.652574428483376|33.15362211207025|34.07143101823192|30.660374358992954|32.57247416558778|-0.74169921875|0.533935546875|-0.3388671875|-1.0986328125|2.410888671875|0.3662109375|-1.7629540598290598|39.49017094017094|-41.783768315018314
2026-01-29 04:29:05.255507+00:00|30.644774634827286|33.15755337303557|34.06353639390045|30.656474376608458|32.560707544216655|-0.742919921875|0.53662109375|-0.33447265625|-4.669189453125|4.608154296875|-2.38037109375|-0.8814770299145299|38.256103098290595|-40.5947992979243
2026-01-29 04:29:05.314551+00:00|30.640874789204418|33.15362211207025|34.067483668654006|30.652574428483376|32.56855190160269|-0.74169921875|0.541015625|-0.32666015625|-7.049560546875|6.866455078125|-3.814697265625|-0.7051816239316239|39.84276175213675|-41.10435744810745
2026-01-29 04:29:05.373655+00:00|30.648674514571724|33.14969091495465|34.05958919392356|30.656474376608458|32.564629694494556|-0.72216796875|0.53369140625|-0.36328125|-0.8544921875|1.5869140625|0.18310546875|0.7051816239316239|39.13758012820512|-40.764652014652015
2026-01-29 04:29:05.433250+00:00|30.648674514571724|33.15755337303557|34.05169501810917|30.648674514571724|32.56855190160269|-0.739013671875|0.527587890625|-0.3486328125|9.796142578125|-6.2255859375|8.880615234375|-1.0577724358974359|40.19535256410256|-40.764652014652015
2026-01-29 04:29:05.491991+00:00|30.652574428483376|33.161484697897606|34.05958919392356|30.63697497765702|32.53717583337283|-0.740234375|0.533447265625|-0.333984375|-8.270263671875|6.439208984375|-3.96728515625|-1.0577724358974359|38.07980769230769|-40.42494658119658
2026-01-29 04:29:05.550738+00:00|30.648674514571724|33.161484697897606|34.05958919392356|30.652574428483376|32.54501951047462|-0.727783203125|0.5244140625|-0.336181640625|0.701904296875|0.9765625|1.708984375|-0.5288862179487179|37.90351228632478|-39.915388431013426
2026-01-29 04:29:05.609618+00:00|30.652574428483376|33.165416086703374|34.05958919392356|30.652574428483376|32.57247416558778|-0.736572265625|0.5283203125|-0.334716796875|-2.777099609375|3.90625|-0.701904296875|-1.0577724358974359|38.4323985042735|-41.44406288156288
2026-01-29 04:29:05.668511+00:00|30.644774634827286|33.165416086703374|34.05958919392356|30.652574428483376|32.533254079600965|-0.74072265625|0.535400390625|-0.3330078125|-7.843017578125|6.9580078125|-4.791259765625|0.17629540598290597|39.313875534188035|-39.915388431013426
2026-01-29 04:29:05.727293+00:00|30.63697497765702|33.15755337303557|34.05564206867575|30.652574428483376|32.57247416558778|-0.73974609375|0.542236328125|-0.3486328125|7.598876953125|-2.044677734375|5.462646484375|-2.468135683760684|39.13758012820512|-41.44406288156288
2026-01-29 04:29:05.786217+00:00|30.640874789204418|33.14969091495465|34.04774804217641|30.63697497765702|32.560707544216655|-0.736572265625|0.522705078125|-0.35546875|-2.716064453125|2.593994140625|0.18310546875|-1.5866586538461538|39.66646634615385|-41.27421016483516
2026-01-29 04:29:05.845265+00:00|30.644774634827286|33.16934753949994|34.04774804217641|30.640874789204418|32.533254079600965|-0.75|0.530029296875|-0.327392578125|0.42724609375|1.40380859375|1.40380859375|0.0|39.13758012820512|-40.42494658119658
2026-01-29 04:29:05.904078+00:00|30.640874789204418|33.161484697897606|34.05169501810917|30.644774634827286|32.54109764364847|-0.7275390625|0.520751953125|-0.343994140625|2.593994140625|-3.41796875|4.82177734375|-0.5288862179487179|38.256103098290595|-40.93450473137973
2026-01-29 04:29:05.962904+00:00|30.648674514571724|33.15755337303557|34.04774804217641|30.640874789204418|32.55678545072226|-0.742919921875|0.5380859375|-0.344482421875|-3.173828125|3.143310546875|-0.518798828125|-0.5288862179487179|38.256103098290595|-40.93450473137973
2026-01-29 04:29:06.022570+00:00|30.63697497765702|33.15755337303557|34.04774804217641|30.648674514571724|32.548941433897824|-0.7392578125|0.5390625|-0.33642578125|-2.410888671875|3.173828125|-0.640869140625|-1.7629540598290598|38.78498931623931|-41.10435744810745
2026-01-29 04:29:06.081598+00:00|30.629175456604116|33.165416086703374|34.04380114082966|30.63697497765702|32.533254079600965|-0.73828125|0.53271484375|-0.340087890625|-1.52587890625|2.655029296875|-0.457763671875|-1.0577724358974359|38.4323985042735|-40.42494658119658
2026-01-29 04:29:06.140504+00:00|30.62527574700681|33.14969091495465|34.04774804217641|30.63697497765702|32.548941433897824|-0.73779296875|0.537841796875|-0.346435546875|-1.739501953125|2.593994140625|-0.54931640625|-0.17629540598290597|38.608693910256406|-40.5947992979243
2026-01-29 04:29:06.199305+00:00|30.640874789204418|33.14969091495465|34.03196088382958|30.62527574700681|32.533254079600965|-0.7470703125|0.531982421875|-0.328369140625|-1.617431640625|2.960205078125|-1.3427734375|0.0|36.669444444444444|-40.42494658119658
2026-01-29 04:29:06.258285+00:00|30.633075200138876|33.15755337303557|34.0398543140214|30.62137607130086|32.517567628620384|-0.732666015625|0.52734375|-0.34375|-3.082275390625|3.11279296875|-0.823974609375|-0.5288862179487179|37.90351228632478|-40.5947992979243
2026-01-29 04:29:06.317961+00:00|30.633075200138876|33.15755337303557|34.04774804217641|30.63697497765702|32.505803381391786|-0.736572265625|0.536376953125|-0.34228515625|-3.0517578125|3.173828125|-0.54931640625|-0.7051816239316239|38.78498931623931|-40.764652014652015
2026-01-29 04:29:06.376957+00:00|30.629175456604116|33.15755337303557|34.0398543140214|30.629175456604116|32.53717583337283|-0.744140625|0.530517578125|-0.3408203125|-2.166748046875|3.082275390625|-0.732421875|-1.234067841880342|38.608693910256406|-40.25509386446887
2026-01-29 04:29:06.436043+00:00|30.633075200138876|33.15362211207025|34.04774804217641|30.633075200138876|32.533254079600965|-0.737548828125|0.5283203125|-0.33837890625|-3.662109375|3.35693359375|-1.129150390625|-1.4103632478632477|38.78498931623931|-40.08524114774115
2026-01-29 04:29:06.495172+00:00|30.629175456604116|33.161484697897606|34.04380114082966|30.629175456604116|32.517567628620384|-0.73583984375|0.533935546875|-0.340087890625|1.190185546875|0.885009765625|1.678466796875|0.17629540598290597|40.01905715811966|-40.93450473137973
2026-01-29 04:29:06.554221+00:00|30.61747642944033|33.1457597816418|34.0398543140214|30.62527574700681|32.52933238228644|-0.7314453125|0.541748046875|-0.349609375|3.875732421875|-1.46484375|4.21142578125|0.17629540598290597|38.96128472222222|-41.613915598290596
2026-01-29 04:29:06.613533+00:00|30.613576821379297|33.1457597816418|34.03196088382958|30.62527574700681|32.513646156668756|-0.741455078125|0.543212890625|-0.336669921875|-3.90625|3.84521484375|-1.46484375|-0.35259081196581193|39.13758012820512|-41.44406288156288
2026-01-29 04:29:06.672019+00:00|30.61747642944033|33.14969091495465|34.0280142803507|30.613576821379297|32.50972474094152|-0.748779296875|0.534912109375|-0.3505859375|-5.67626953125|5.950927734375|-2.685546875|0.17629540598290597|38.96128472222222|-39.915388431013426
2026-01-29 04:29:06.730957+00:00|30.61747642944033|33.14969091495465|34.0398543140214|30.61747642944033|32.49403963934242|-0.745849609375|0.544189453125|-0.323486328125|-3.2958984375|4.241943359375|-1.922607421875|-1.0577724358974359|40.547943376068375|-41.10435744810745
2026-01-29 04:29:06.789990+00:00|30.609677247071545|33.14969091495465|34.03590756170394|30.613576821379297|32.50972474094152|-0.7333984375|0.52001953125|-0.34765625|3.5400390625|-1.03759765625|3.0517578125|0.0|39.13758012820512|-40.42494658119658
2026-01-29 04:29:06.848942+00:00|30.601878199532337|33.15362211207025|34.0398543140214|30.6057777064712|32.49011850403724|-0.740478515625|0.538330078125|-0.333984375|-1.3427734375|2.197265625|0.3662109375|-1.0577724358974359|39.49017094017094|-41.783768315018314
2026-01-29 04:29:06.907841+00:00|30.59797872620885|33.14969091495465|34.0398543140214|30.59797872620885|32.49796083063882|-0.73681640625|0.5361328125|-0.34228515625|0.701904296875|1.617431640625|1.0986328125|0.8814770299145299|38.96128472222222|-42.29332646520146
2026-01-29 04:29:06.966883+00:00|30.58238116814914|33.137897706236686|34.0280142803507|30.586280507470917|32.501882077973164|-0.735595703125|0.53466796875|-0.342529296875|-1.40380859375|2.410888671875|0.274658203125|0.5288862179487179|38.256103098290595|-39.915388431013426
2026-01-29 04:29:07.025860+00:00|30.586280507470917|33.13003588547912|34.02012129638905|30.57068335031238|32.470513665749536|-0.744140625|0.541015625|-0.33984375|-1.495361328125|2.838134765625|-0.18310546875|-0.7051816239316239|39.84276175213675|-40.42494658119658
2026-01-29 04:29:07.084924+00:00|30.58238116814914|33.14182871208487|34.0280142803507|30.566784144256474|32.482276401214335|-0.7353515625|0.54150390625|-0.337646484375|-1.007080078125|2.227783203125|0.18310546875|-0.7051816239316239|39.13758012820512|-41.783768315018314
2026-01-29 04:29:07.144054+00:00|30.57068335031238|33.137897706236686|34.03590756170394|30.57458258961583|32.46267212074264|-0.738525390625|0.535888671875|-0.337646484375|-0.885009765625|1.922607421875|0.3662109375|-1.0577724358974359|38.4323985042735|-41.44406288156288
2026-01-29 04:29:07.203454+00:00|30.55898583170284|33.137897706236686|34.03196088382958|30.5628849714019|32.470513665749536|-0.743896484375|0.53271484375|-0.330810546875|-0.946044921875|2.227783203125|0.48828125|0.0|38.07980769230769|-41.10435744810745
2026-01-29 04:29:07.262703+00:00|30.555086725113256|33.137897706236686|34.04380114082966|30.555086725113256|32.478355433603326|-0.743896484375|0.538330078125|-0.337158203125|-1.46484375|2.227783203125|-0.274658203125|-1.0577724358974359|37.022035256410255|-41.10435744810745
2026-01-29 04:29:07.321375+00:00|30.54338960354164|33.14182871208487|34.03590756170394|30.54728861107867|32.466592865413475|-0.7392578125|0.543701171875|-0.342529296875|-3.0517578125|3.41796875|-1.3427734375|-0.7051816239316239|39.13758012820512|-41.10435744810745
2026-01-29 04:29:07.380285+00:00|30.531692778299714|33.13003588547912|34.0280142803507|30.54338960354164|32.466592865413475|-0.74072265625|0.53369140625|-0.337158203125|-0.42724609375|1.953125|0.30517578125|-0.17629540598290597|38.96128472222222|-40.5947992979243
2026-01-29 04:29:07.438851+00:00|30.531692778299714|33.12610507047566|34.02406775121972|30.519996248145787|32.46267212074264|-0.73974609375|0.543212890625|-0.335693359375|-2.410888671875|3.082275390625|-0.3662109375|-1.7629540598290598|37.72721688034188|-41.10435744810745
2026-01-29 04:29:07.497747+00:00|30.52779390218882|33.137897706236686|34.03196088382958|30.51219872470108|32.45091022025497|-0.7333984375|0.541259765625|-0.34814453125|3.570556640625|-0.274658203125|3.326416015625|-1.0577724358974359|39.49017094017094|-41.783768315018314
2026-01-29 04:29:07.556714+00:00|30.519996248145787|33.13003588547912|34.03196088382958|30.51219872470108|32.43914881907699|-0.737060546875|0.53564453125|-0.340087890625|-3.60107421875|3.509521484375|-1.129150390625|-0.5288862179487179|37.55092147435897|-39.915388431013426
2026-01-29 04:29:07.615776+00:00|30.51219872470108|33.13003588547912|34.03196088382958|30.504401331486918|32.435228462758005|-0.7333984375|0.52880859375|-0.34228515625|-0.1220703125|1.861572265625|0.518798828125|-0.8814770299145299|36.84573985042735|-41.27421016483516
2026-01-29 04:29:07.674705+00:00|30.500502683601326|33.13003588547912|34.03196088382958|30.500502683601326|32.435228462758005|-0.735107421875|0.5419921875|-0.33984375|-1.28173828125|2.44140625|-0.152587890625|0.17629540598290597|37.90351228632478|-41.27421016483516
2026-01-29 04:29:07.733654+00:00|30.484908415795644|33.12217431899319|34.0280142803507|30.492705485043075|32.46267212074264|-0.737060546875|0.537109375|-0.34326171875|-2.471923828125|2.74658203125|-0.213623046875|-1.0577724358974359|38.07980769230769|-40.08524114774115
2026-01-29 04:29:07.792726+00:00|30.47711147549097|33.11824363098475|34.0122286094379|30.4888069342785|32.431308161731636|-0.7412109375|0.536376953125|-0.327880859375|-1.0986328125|2.166748046875|0.244140625|-0.5288862179487179|39.313875534188035|-41.27421016483516
2026-01-29 04:29:07.851726+00:00|30.48100992954852|33.12610507047566|34.01617491581095|30.47321305357741|32.41562750962089|-0.738525390625|0.544921875|-0.328125|-1.373291015625|2.44140625|0.091552734375|-0.8814770299145299|39.66646634615385|-41.613915598290596
2026-01-29 04:29:07.910688+00:00|30.46151798023925|33.11824363098475|34.02406775121972|30.46151798023925|32.399947738466835|-0.73974609375|0.536865234375|-0.346435546875|-1.03759765625|2.38037109375|0.335693359375|-0.5288862179487179|38.96128472222222|-40.5947992979243
2026-01-29 04:29:07.969761+00:00|30.46151798023925|33.11824363098475|34.0280142803507|30.457619686440808|32.41170748435911|-0.746337890625|0.53662109375|-0.33642578125|-1.220703125|2.471923828125|0.0|-0.17629540598290597|39.313875534188035|-40.25509386446887
2026-01-29 04:29:08.028779+00:00|30.45372142455625|33.114313006403506|34.02012129638905|30.44982319453959|32.42346772537053|-0.741455078125|0.535888671875|-0.3427734375|-1.617431640625|2.410888671875|0.0|0.0|37.37462606837607|-40.42494658119658
2026-01-29 04:29:08.087676+00:00|30.44982319453959|33.11824363098475|34.0280142803507|30.45372142455625|32.42346772537053|-0.73193359375|0.537353515625|-0.343505859375|-0.9765625|2.593994140625|0.213623046875|-1.0577724358974359|38.78498931623931|-40.764652014652015
2026-01-29 04:29:08.146526+00:00|30.434230592231756|33.102521512752446|34.02012129638905|30.434230592231756|32.388188486437116|-0.739013671875|0.53271484375|-0.334716796875|-1.220703125|2.288818359375|0.091552734375|-0.35259081196581193|39.13758012820512|-40.764652014652015
2026-01-29 04:29:08.205502+00:00|30.426434481089586|33.098591141409884|34.0122286094379|30.426434481089586|32.40386759882864|-0.7421875|0.53173828125|-0.33349609375|-1.28173828125|2.50244140625|0.18310546875|-1.4103632478632477|39.49017094017094|-41.10435744810745
2026-01-29 04:29:08.263921+00:00|30.422536472860543|33.114313006403506|34.02012129638905|30.418638496131507|32.388188486437116|-0.737548828125|0.53466796875|-0.342041015625|-1.28173828125|2.532958984375|0.0|0.35259081196581193|38.07980769230769|-41.44406288156288
2026-01-29 04:29:08.323229+00:00|30.422536472860543|33.102521512752446|34.01617491581095|30.414740550856493|32.37642972701309|-0.737060546875|0.537109375|-0.3427734375|-1.0986328125|2.471923828125|0.18310546875|-0.17629540598290597|38.256103098290595|-40.25509386446887
2026-01-29 04:29:08.382133+00:00|30.403046903296|33.10645194733422|34.02012129638905|30.41084263698957|32.39602793297877|-0.742431640625|0.5400390625|-0.337890625|-1.40380859375|2.410888671875|0.213623046875|-2.2918402777777778|38.256103098290595|-40.25509386446887
2026-01-29 04:29:08.441556+00:00|30.403046903296|33.10645194733422|34.02406775121972|30.403046903296|32.38426884529048|-0.739013671875|0.53759765625|-0.3544921875|-1.190185546875|2.3193359375|0.79345703125|-0.7051816239316239|39.13758012820512|-41.44406288156288
2026-01-29 04:29:08.501196+00:00|30.395251294683078|33.098591141409884|34.02406775121972|30.395251294683078|32.37251024978917|-0.73779296875|0.538818359375|-0.34423828125|-1.15966796875|2.532958984375|-0.091552734375|-0.17629540598290597|38.256103098290595|-41.27421016483516
2026-01-29 04:29:08.559857+00:00|30.387455810782853|33.09073058825487|34.01617491581095|30.39135353716688|32.3646714589384|-0.742431640625|0.534423828125|-0.3330078125|-1.220703125|2.38037109375|-0.152587890625|0.0|39.49017094017094|-41.10435744810745
2026-01-29 04:29:08.618702+00:00|30.37966045122755|33.08287028749368|34.00828237722226|30.39135353716688|32.37642972701309|-0.737548828125|0.537353515625|-0.345458984375|-1.190185546875|2.288818359375|0.0|0.7051816239316239|36.669444444444444|-41.10435744810745
2026-01-29 04:29:08.677579+00:00|30.38355811548513|33.09073058825487|34.00039013507268|30.3679676442369|32.348994530321875|-0.731689453125|0.53759765625|-0.35009765625|-1.129150390625|2.38037109375|0.18310546875|-0.7051816239316239|38.07980769230769|-41.44406288156288
2026-01-29 04:29:08.736406+00:00|30.375762817964358|33.08287028749368|34.01617491581095|30.3679676442369|32.3646714589384|-0.741455078125|0.533447265625|-0.341064453125|-0.79345703125|2.50244140625|0.244140625|-0.8814770299145299|40.01905715811966|-40.25509386446887
2026-01-29 04:29:08.795201+00:00|30.3679676442369|33.08287028749368|34.0122286094379|30.3679676442369|32.3646714589384|-0.7431640625|0.53759765625|-0.333984375|-1.46484375|2.349853515625|0.06103515625|-0.8814770299145299|38.96128472222222|-40.5947992979243
2026-01-29 04:29:08.854060+00:00|30.360172593934806|33.07501023875085|34.00828237722226|30.360172593934806|32.348994530321875|-0.736083984375|0.539794921875|-0.340576171875|-0.9765625|2.44140625|0.152587890625|-0.8814770299145299|38.96128472222222|-40.25509386446887
2026-01-29 04:29:08.912962+00:00|30.34848024909985|33.06322063734973|34.01617491581095|30.35627511495335|32.348994530321875|-0.737548828125|0.538330078125|-0.341064453125|-1.220703125|2.166748046875|0.244140625|0.17629540598290597|38.608693910256406|-40.93450473137973
2026-01-29 04:29:08.971677+00:00|30.34848024909985|33.05536121701033|34.0043362191164|30.35627511495335|32.35291368095665|-0.7421875|0.535400390625|-0.33203125|-1.3427734375|2.44140625|0.06103515625|-0.5288862179487179|38.96128472222222|-41.27421016483516
2026-01-29 04:29:09.030686+00:00|30.34848024909985|33.05536121701033|34.00039013507268|30.340685505752333|32.325480764527185|-0.7373046875|0.53857421875|-0.342529296875|-1.52587890625|2.3193359375|0.030517578125|-0.8814770299145299|37.90351228632478|-41.613915598290596
2026-01-29 04:29:09.089394+00:00|30.344582862135894|33.05929089581849|34.0122286094379|30.336788179903408|32.31764327500861|-0.739013671875|0.53662109375|-0.34130859375|-1.15966796875|2.3193359375|0.152587890625|-0.17629540598290597|38.256103098290595|-41.613915598290596
2026-01-29 04:29:09.148236+00:00|30.340685505752333|33.05536121701033|34.0043362191164|30.34848024909985|32.32939959024765|-0.74169921875|0.535400390625|-0.337158203125|-1.068115234375|2.288818359375|-0.091552734375|-1.234067841880342|37.55092147435897|-39.57568299755799
2026-01-29 04:29:09.206900+00:00|30.340685505752333|33.04750204737559|34.00828237722226|30.325096385104075|32.31372461111732|-0.74169921875|0.5390625|-0.3408203125|-0.885009765625|2.105712890625|-0.152587890625|-0.35259081196581193|38.4323985042735|-41.10435744810745
2026-01-29 04:29:09.265701+00:00|30.317302007067667|33.03178445871822|34.0043362191164|30.328993619625123|32.31764327500861|-0.739013671875|0.535888671875|-0.34814453125|-1.068115234375|2.3193359375|0.091552734375|-1.4103632478632477|38.78498931623931|-41.10435744810745
2026-01-29 04:29:09.324139+00:00|30.313404863460505|33.02785521765793|33.992498188981415|30.325096385104075|32.305887444838675|-0.73779296875|0.538330078125|-0.33935546875|-1.129150390625|2.38037109375|0.213623046875|0.8814770299145299|37.90351228632478|-39.57568299755799
2026-01-29 04:29:09.383049+00:00|30.317302007067667|33.03571376217326|33.992498188981415|30.305610666838504|32.30980600107614|-0.73828125|0.533935546875|-0.3349609375|-1.46484375|2.38037109375|-0.030517578125|-0.5288862179487179|38.608693910256406|-40.5947992979243
2026-01-29 04:29:09.442124+00:00|30.309507750066132|33.02392603894543|34.00039013507268|30.305610666838504|32.290213756994206|-0.736328125|0.536376953125|-0.347412109375|-1.3427734375|2.410888671875|0.213623046875|-0.5288862179487179|38.256103098290595|-40.93450473137973
2026-01-29 04:29:09.501333+00:00|30.305610666838504|33.02392603894543|34.00039013507268|30.309507750066132|32.294132098482464|-0.7333984375|0.536865234375|-0.3408203125|-1.0986328125|2.532958984375|-0.1220703125|-1.5866586538461538|38.256103098290595|-41.27421016483516
2026-01-29 04:29:09.560235+00:00|30.301713613731692|33.01606786837618|34.00039013507268|30.301713613731692|32.30980600107614|-0.74560546875|0.53515625|-0.338134765625|-1.28173828125|2.471923828125|-0.06103515625|-0.7051816239316239|38.4323985042735|-40.08524114774115
2026-01-29 04:29:09.619016+00:00|30.293919597696572|33.00820994663536|33.99644412504364|30.29781659069971|32.305887444838675|-0.73583984375|0.5380859375|-0.3447265625|-1.28173828125|2.5634765625|-0.030517578125|-2.468135683760684|37.37462606837607|-41.44406288156288
2026-01-29 04:29:09.677920+00:00|30.278331925053237|32.992494848138904|33.992498188981415|30.286125701592994|32.298050493588335|-0.73828125|0.540283203125|-0.347900390625|-1.46484375|2.5634765625|0.1220703125|0.0|37.72721688034188|-41.44406288156288
2026-01-29 04:29:09.736812+00:00|30.290022634676404|32.984637670633106|33.97671518345055|30.282228798400638|32.294132098482464|-0.74169921875|0.533203125|-0.33837890625|-1.251220703125|2.227783203125|0.030517578125|-0.8814770299145299|38.256103098290595|-39.57568299755799
2026-01-29 04:29:09.795599+00:00|30.278331925053237|32.98856622844653|33.98855232683866|30.266641483621186|32.262786863963754|-0.739013671875|0.53369140625|-0.33642578125|-1.28173828125|2.349853515625|-0.030517578125|-0.7051816239316239|37.72721688034188|-40.42494658119658
2026-01-29 04:29:09.854472+00:00|30.278331925053237|32.98070917465179|33.992498188981415|30.266641483621186|32.278459053770064|-0.73583984375|0.537841796875|-0.3427734375|-1.03759765625|2.532958984375|0.0|-0.5288862179487179|38.256103098290595|-40.93450473137973
2026-01-29 04:29:09.913981+00:00|30.274435081504862|32.98070917465179|33.98855232683866|30.274435081504862|32.28237723468453|-0.735595703125|0.539306640625|-0.337158203125|-1.220703125|2.349853515625|0.42724609375|-0.35259081196581193|39.49017094017094|-41.783768315018314
2026-01-29 04:29:09.972845+00:00|30.258848004381946|32.96892405723162|33.98066082412083|30.266641483621186|32.294132098482464|-0.73974609375|0.540283203125|-0.3388671875|-1.3427734375|2.62451171875|0.030517578125|-1.0577724358974359|38.07980769230769|-39.40583028083028
2026-01-29 04:29:10.031750+00:00|30.254951309139074|32.96499580811002|33.98855232683866|30.262744729194026|32.26670483143056|-0.73388671875|0.533935546875|-0.337158203125|-1.068115234375|2.471923828125|-0.1220703125|0.17629540598290597|38.608693910256406|-40.25509386446887
2026-01-29 04:29:10.090729+00:00|30.247158007176836|32.94928342713234|33.98066082412083|30.254951309139074|32.270622852189604|-0.734619140625|0.536376953125|-0.339111328125|-1.0986328125|2.25830078125|0.091552734375|-0.8814770299145299|37.90351228632478|-41.27421016483516
2026-01-29 04:29:10.149559+00:00|30.247158007176836|32.95321143014411|33.97671518345055|30.24326140036561|32.25495108872059|-0.739990234375|0.539794921875|-0.3369140625|-0.91552734375|2.44140625|0.213623046875|0.17629540598290597|39.313875534188035|-40.25509386446887
2026-01-29 04:29:10.208684+00:00|30.239364822939763|32.95321143014411|33.98066082412083|30.24326140036561|32.25886894974252|-0.737060546875|0.537353515625|-0.34033203125|-1.52587890625|2.288818359375|0.152587890625|-0.7051816239316239|39.49017094017094|-40.42494658119658
2026-01-29 04:29:10.267477+00:00|30.235468274853133|32.941427605293086|33.97671518345055|30.239364822939763|32.23928017569557|-0.733642578125|0.538818359375|-0.343994140625|-1.15966796875|2.288818359375|0.1220703125|0.5288862179487179|37.90351228632478|-40.25509386446887
2026-01-29 04:29:10.326477+00:00|30.23157175605985|32.92964433229207|33.97671518345055|30.235468274853133|32.270622852189604|-0.73974609375|0.535888671875|-0.334716796875|-1.220703125|2.105712890625|0.274658203125|-0.5288862179487179|38.96128472222222|-40.5947992979243
2026-01-29 04:29:10.385299+00:00|30.23157175605985|32.93357202872039|33.97671518345055|30.23157175605985|32.25495108872059|-0.73828125|0.539306640625|-0.341064453125|-1.251220703125|2.532958984375|0.152587890625|-0.5288862179487179|38.256103098290595|-40.5947992979243
2026-01-29 04:29:10.446058+00:00|30.215985972900967|32.92178912291678|33.98066082412083|30.223778806169435|32.262786863963754|-0.736083984375|0.53759765625|-0.341064453125|-1.495361328125|2.471923828125|0.18310546875|-1.234067841880342|38.608693910256406|-40.93450473137973
2026-01-29 04:29:10.505593+00:00|30.208193255886556|32.91000676685536|33.972769616509254|30.2198823749805|32.25886894974252|-0.735595703125|0.53759765625|-0.344482421875|-1.3427734375|2.532958984375|0.06103515625|-0.17629540598290597|38.96128472222222|-41.953621031746025
2026-01-29 04:29:10.565442+00:00|30.208193255886556|32.89822495927194|33.972769616509254|30.21208959988502|32.243197824385334|-0.7412109375|0.540771484375|-0.33056640625|-1.312255859375|2.8076171875|-0.091552734375|-0.17629540598290597|37.90351228632478|-40.25509386446887
2026-01-29 04:29:10.625584+00:00|30.208193255886556|32.90215216760248|33.968824123249476|30.21208959988502|32.23928017569557|-0.73486328125|0.5390625|-0.34228515625|-1.007080078125|2.410888671875|0.18310546875|-0.5288862179487179|37.90351228632478|-40.25509386446887
2026-01-29 04:29:10.684819+00:00|30.200400654758482|32.89037072496865|33.96487870362341|30.208193255886556|32.227527547241266|-0.740478515625|0.53564453125|-0.343994140625|-1.220703125|2.593994140625|-0.06103515625|-0.5288862179487179|37.55092147435897|-41.27421016483516
2026-01-29 04:29:10.744097+00:00|30.21208959988502|32.89037072496865|33.96093335758377|30.200400654758482|32.2510332808514|-0.744384765625|0.53515625|-0.332275390625|-1.434326171875|2.3193359375|-0.244140625|0.0|39.13758012820512|-41.44406288156288
2026-01-29 04:29:10.803514+00:00|30.208193255886556|32.894297811742945|33.96093335758377|30.19260816914897|32.2157753942343|-0.739501953125|0.533935546875|-0.335205078125|-1.251220703125|2.410888671875|0.091552734375|-0.17629540598290597|38.256103098290595|-41.27421016483516
2026-01-29 04:29:10.862203+00:00|30.204296940859592|32.88644369890221|33.96487870362341|30.215985972900967|32.22361011014016|-0.7353515625|0.5380859375|-0.33935546875|-1.251220703125|2.349853515625|-0.152587890625|-1.4103632478632477|39.13758012820512|-41.10435744810745
2026-01-29 04:29:10.921295+00:00|30.200400654758482|32.87858982870591|33.96487870362341|30.204296940859592|32.23928017569557|-0.741943359375|0.537841796875|-0.338134765625|-1.0986328125|2.471923828125|-0.030517578125|-0.7051816239316239|38.4323985042735|-41.10435744810745
2026-01-29 04:29:10.980290+00:00|30.200400654758482|32.87858982870591|33.95698808508263|30.204296940859592|32.219692725819925|-0.73876953125|0.534423828125|-0.341064453125|-1.251220703125|2.410888671875|-0.152587890625|-0.8814770299145299|38.96128472222222|-41.27421016483516
2026-01-29 04:29:11.039076+00:00|30.19260816914897|32.87073620077945|33.96487870362341|30.19260816914897|32.23536257997256|-0.738525390625|0.538330078125|-0.34033203125|-1.190185546875|2.532958984375|0.1220703125|-0.5288862179487179|38.96128472222222|-40.5947992979243
2026-01-29 04:29:11.098707+00:00|30.196504397536785|32.866809477550476|33.95304288607264|30.200400654758482|32.243197824385334|-0.73486328125|0.537353515625|-0.344482421875|-1.312255859375|2.227783203125|0.152587890625|0.0|38.78498931623931|-41.44406288156288
2026-01-29 04:29:11.157959+00:00|30.200400654758482|32.866809477550476|33.94909776050628|30.200400654758482|32.219692725819925|-0.73828125|0.537109375|-0.33203125|-1.0986328125|2.50244140625|-0.06103515625|-0.7051816239316239|39.13758012820512|-41.10435744810745
2026-01-29 04:29:11.217533+00:00|30.208193255886556|32.87073620077945|33.94909776050628|30.196504397536785|32.219692725819925|-0.739990234375|0.538330078125|-0.343505859375|-1.495361328125|2.471923828125|-0.18310546875|-0.5288862179487179|39.313875534188035|-40.93450473137973
2026-01-29 04:29:11.276545+00:00|30.200400654758482|32.866809477550476|33.96093335758377|30.18871196954865|32.22361011014016|-0.73681640625|0.541015625|-0.338623046875|-1.312255859375|2.655029296875|0.091552734375|0.35259081196581193|38.07980769230769|-40.08524114774115
2026-01-29 04:29:11.336325+00:00|30.200400654758482|32.8628828147485|33.95698808508263|30.196504397536785|32.20794088908059|-0.735107421875|0.53662109375|-0.3359375|-0.946044921875|2.197265625|0.1220703125|-0.35259081196581193|38.4323985042735|-40.42494658119658
2026-01-29 04:29:11.395812+00:00|30.200400654758482|32.8628828147485|33.9451527083358|30.200400654758482|32.23144503717003|-0.74169921875|0.53662109375|-0.339599609375|-0.8544921875|2.227783203125|-0.06103515625|-0.5288862179487179|39.66646634615385|-40.25509386446887
2026-01-29 04:29:11.454989+00:00|30.19260816914897|32.866809477550476|33.94909776050628|30.196504397536785|32.23928017569557|-0.73974609375|0.538818359375|-0.3427734375|-1.190185546875|2.227783203125|0.030517578125|0.7051816239316239|38.78498931623931|-41.10435744810745
2026-01-29 04:29:11.513903+00:00|30.19260816914897|32.8589562123268|33.94909776050628|30.196504397536785|32.22361011014016|-0.734130859375|0.538330078125|-0.33740234375|-0.946044921875|2.50244140625|-0.213623046875|-0.8814770299145299|39.66646634615385|-41.27421016483516
2026-01-29 04:29:11.572921+00:00|30.18871196954865|32.85502967023865|33.94120772951385|30.204296940859592|32.22361011014016|-0.7412109375|0.535400390625|-0.33935546875|-1.220703125|2.471923828125|-0.18310546875|0.0|38.07980769230769|-41.44406288156288
2026-01-29 04:29:11.631968+00:00|30.19260816914897|32.84717676687552|33.933317991724834|30.196504397536785|32.22361011014016|-0.736572265625|0.537841796875|-0.33544921875|-1.220703125|2.471923828125|0.030517578125|0.0|38.07980769230769|-41.44406288156288
2026-01-29 04:29:11.691098+00:00|30.196504397536785|32.85502967023865|33.933317991724834|30.19260816914897|32.20794088908059|-0.735595703125|0.536865234375|-0.341064453125|-1.556396484375|2.50244140625|-0.152587890625|0.7051816239316239|37.72721688034188|-41.44406288156288
2026-01-29 04:29:11.750224+00:00|30.204296940859592|32.8628828147485|33.933317991724834|30.19260816914897|32.20010659430773|-0.739501953125|0.5341796875|-0.3330078125|-1.251220703125|2.25830078125|-0.091552734375|-0.35259081196581193|40.19535256410256|-41.783768315018314
2026-01-29 04:29:11.809409+00:00|30.204296940859592|32.8628828147485|33.93726282399268|30.208193255886556|32.22361011014016|-0.740234375|0.53564453125|-0.33935546875|-1.373291015625|2.471923828125|0.1220703125|-0.7051816239316239|38.07980769230769|-39.74553571428571
2026-01-29 04:29:11.868594+00:00|30.200400654758482|32.8628828147485|33.94120772951385|30.208193255886556|32.227527547241266|-0.730712890625|0.53955078125|-0.344970703125|-1.190185546875|2.532958984375|0.0|-1.0577724358974359|40.19535256410256|-40.42494658119658
2026-01-29 04:29:11.927732+00:00|30.208193255886556|32.8589562123268|33.929373232662726|30.21208959988502|32.23536257997256|-0.739501953125|0.5361328125|-0.3388671875|-0.946044921875|2.288818359375|0.06103515625|-0.17629540598290597|38.608693910256406|-40.93450473137973
2026-01-29 04:29:11.986636+00:00|30.196504397536785|32.8589562123268|33.929373232662726|30.215985972900967|32.23536257997256|-0.740234375|0.533447265625|-0.338134765625|-1.52587890625|2.166748046875|0.1220703125|0.0|38.78498931623931|-40.42494658119658
2026-01-29 04:29:12.045892+00:00|30.204296940859592|32.8589562123268|33.91753939423546|30.215985972900967|32.23536257997256|-0.736572265625|0.540771484375|-0.349365234375|-1.40380859375|2.3193359375|0.213623046875|-1.4103632478632477|38.4323985042735|-40.764652014652015
2026-01-29 04:29:12.105052+00:00|30.208193255886556|32.85502967023865|33.91753939423546|30.196504397536785|32.23144503717003|-0.73583984375|0.5361328125|-0.33544921875|-0.9765625|2.3193359375|0.152587890625|-0.17629540598290597|38.96128472222222|-39.915388431013426
2026-01-29 04:29:12.164431+00:00|30.21208959988502|32.8628828147485|33.91753939423546|30.21208959988502|32.2157753942343|-0.741455078125|0.537841796875|-0.343017578125|-1.15966796875|2.38037109375|0.1220703125|-0.8814770299145299|38.256103098290595|-41.27421016483516
2026-01-29 04:29:12.223466+00:00|30.208193255886556|32.85502967023865|33.92542854675884|30.208193255886556|32.2157753942343|-0.735107421875|0.531982421875|-0.3408203125|-1.190185546875|2.50244140625|-0.030517578125|0.17629540598290597|37.55092147435897|-40.25509386446887
2026-01-29 04:29:12.281933+00:00|30.2198823749805|32.8628828147485|33.91753939423546|30.2198823749805|32.219692725819925|-0.73876953125|0.5341796875|-0.340087890625|-1.312255859375|2.74658203125|-0.06103515625|-2.8207264957264955|37.37462606837607|-41.44406288156288
2026-01-29 04:29:12.341197+00:00|30.2198823749805|32.8628828147485|33.91359492752099|30.2198823749805|32.247115526088464|-0.7421875|0.5322265625|-0.334228515625|-1.3427734375|2.01416015625|0.06103515625|0.17629540598290597|39.66646634615385|-40.93450473137973
2026-01-29 04:29:12.400462+00:00|30.208193255886556|32.866809477550476|33.91359492752099|30.2198823749805|32.227527547241266|-0.7412109375|0.53662109375|-0.334228515625|-1.312255859375|2.349853515625|-0.18310546875|-0.5288862179487179|39.313875534188035|-41.27421016483516
2026-01-29 04:29:12.459591+00:00|30.204296940859592|32.8589562123268|33.92148393396553|30.215985972900967|32.22361011014016|-0.73681640625|0.536865234375|-0.344482421875|-1.251220703125|2.25830078125|0.0|-1.234067841880342|37.19833066239316|-41.27421016483516
2026-01-29 04:29:12.518498+00:00|30.21208959988502|32.8589562123268|33.909650533774425|30.223778806169435|32.247115526088464|-0.73779296875|0.53466796875|-0.337646484375|-0.946044921875|2.13623046875|0.18310546875|-0.5288862179487179|39.66646634615385|-40.93450473137973
2026-01-29 04:29:12.577727+00:00|30.223778806169435|32.87073620077945|33.90570621294847|30.2198823749805|32.227527547241266|-0.738037109375|0.53125|-0.339111328125|-1.068115234375|2.227783203125|0.244140625|0.7051816239316239|36.669444444444444|-40.764652014652015
2026-01-29 04:29:12.636640+00:00|30.227675266513984|32.87073620077945|33.909650533774425|30.227675266513984|32.219692725819925|-0.73779296875|0.539794921875|-0.34326171875|-1.40380859375|2.655029296875|0.091552734375|-0.35259081196581193|38.07980769230769|-40.42494658119658
2026-01-29 04:29:12.695881+00:00|30.23157175605985|32.87073620077945|33.909650533774425|30.227675266513984|32.23928017569557|-0.73486328125|0.537109375|-0.34228515625|-1.129150390625|2.227783203125|0.030517578125|0.0|38.78498931623931|-41.783768315018314
2026-01-29 04:29:12.754745+00:00|30.23157175605985|32.87073620077945|33.909650533774425|30.23157175605985|32.247115526088464|-0.74609375|0.53369140625|-0.3349609375|-1.373291015625|2.5634765625|0.06103515625|-0.17629540598290597|38.96128472222222|-41.613915598290596
2026-01-29 04:29:12.813827+00:00|30.23157175605985|32.87466298448231|33.89387368751841|30.227675266513984|32.23144503717003|-0.73193359375|0.537353515625|-0.340087890625|-1.251220703125|2.349853515625|0.0|-0.35259081196581193|39.13758012820512|-40.764652014652015
2026-01-29 04:29:12.872777+00:00|30.2198823749805|32.866809477550476|33.89781778986793|30.235468274853133|32.25495108872059|-0.736328125|0.5361328125|-0.344482421875|-1.373291015625|2.655029296875|0.213623046875|-0.17629540598290597|40.01905715811966|-40.25509386446887
2026-01-29 04:29:12.931809+00:00|30.235468274853133|32.8628828147485|33.882041816662024|30.23157175605985|32.262786863963754|-0.73974609375|0.534423828125|-0.334716796875|-1.0986328125|2.471923828125|-0.030517578125|-1.234067841880342|37.90351228632478|-41.613915598290596
2026-01-29 04:29:12.990689+00:00|30.23157175605985|32.87858982870591|33.88598570096292|30.227675266513984|32.23928017569557|-0.74365234375|0.534423828125|-0.339111328125|-1.190185546875|2.50244140625|0.06103515625|-0.8814770299145299|37.55092147435897|-40.93450473137973
2026-01-29 04:29:13.049746+00:00|30.23157175605985|32.87858982870591|33.88992965789919|30.24326140036561|32.2157753942343|-0.733154296875|0.537353515625|-0.34130859375|-1.129150390625|2.532958984375|0.06103515625|0.17629540598290597|38.608693910256406|-40.5947992979243
2026-01-29 04:29:13.108801+00:00|30.239364822939763|32.87858982870591|33.88992965789919|30.247158007176836|32.23536257997256|-0.736572265625|0.538818359375|-0.339599609375|-1.03759765625|2.105712890625|0.0|-0.17629540598290597|40.01905715811966|-41.613915598290596
2026-01-29 04:29:13.167748+00:00|30.247158007176836|32.88644369890221|33.88992965789919|30.247158007176836|32.2510332808514|-0.7373046875|0.533935546875|-0.3408203125|-1.251220703125|2.3193359375|0.06103515625|0.35259081196581193|37.37462606837607|-40.764652014652015
2026-01-29 04:29:13.226713+00:00|30.247158007176836|32.88251673349697|33.88992965789919|30.251054643419366|32.25495108872059|-0.73583984375|0.538818359375|-0.34375|-1.312255859375|2.532958984375|-0.213623046875|-0.17629540598290597|40.01905715811966|-40.5947992979243
2026-01-29 04:29:13.285712+00:00|30.239364822939763|32.88251673349697|33.87809800494898|30.235468274853133|32.247115526088464|-0.736572265625|0.53662109375|-0.34619140625|-1.28173828125|2.38037109375|-0.06103515625|0.0|38.78498931623931|-41.10435744810745
2026-01-29 04:29:13.344798+00:00|30.258848004381946|32.88251673349697|33.870210599096595|30.247158007176836|32.25495108872059|-0.743896484375|0.53759765625|-0.3369140625|-1.129150390625|2.166748046875|0.030517578125|-1.4103632478632477|38.78498931623931|-40.08524114774115
2026-01-29 04:29:13.403987+00:00|30.251054643419366|32.89037072496865|33.870210599096595|30.254951309139074|32.227527547241266|-0.73583984375|0.53662109375|-0.334228515625|-1.220703125|2.3193359375|-0.1220703125|0.17629540598290597|38.608693910256406|-39.915388431013426
2026-01-29 04:29:13.462757+00:00|30.262744729194026|32.894297811742945|33.87809800494898|30.266641483621186|32.23536257997256|-0.737548828125|0.53466796875|-0.34765625|-1.068115234375|2.593994140625|0.3662109375|-0.7051816239316239|39.49017094017094|-40.42494658119658
2026-01-29 04:29:13.521694+00:00|30.254951309139074|32.89822495927194|33.87415426577638|30.262744729194026|32.25495108872059|-0.735107421875|0.540283203125|-0.344482421875|-1.0986328125|2.25830078125|0.1220703125|0.0|38.4323985042735|-40.42494658119658
2026-01-29 04:29:13.580460+00:00|30.266641483621186|32.89822495927194|33.86626700486215|30.266641483621186|32.2510332808514|-0.7392578125|0.5322265625|-0.342529296875|-1.28173828125|2.44140625|-0.030517578125|-0.5288862179487179|38.256103098290595|-41.27421016483516
2026-01-29 04:29:13.639258+00:00|30.262744729194026|32.89822495927194|33.870210599096595|30.270538267709526|32.270622852189604|-0.740478515625|0.542236328125|-0.33935546875|-1.28173828125|2.74658203125|0.18310546875|-0.5288862179487179|38.608693910256406|-41.27421016483516
2026-01-29 04:29:13.698031+00:00|30.262744729194026|32.894297811742945|33.85443665635631|30.274435081504862|32.270622852189604|-0.734375|0.537109375|-0.340576171875|-1.068115234375|2.50244140625|0.1220703125|-0.35259081196581193|38.78498931623931|-41.44406288156288
2026-01-29 04:29:13.756852+00:00|30.270538267709526|32.90215216760248|33.85049335142838|30.258848004381946|32.243197824385334|-0.74609375|0.535400390625|-0.3359375|-1.251220703125|2.44140625|0.1220703125|0.0|40.19535256410256|-40.764652014652015
2026-01-29 04:29:13.815585+00:00|30.274435081504862|32.90607943678128|33.862323483025705|30.274435081504862|32.243197824385334|-0.740234375|0.53369140625|-0.33984375|-1.28173828125|2.3193359375|0.06103515625|-0.5288862179487179|38.96128472222222|-40.5947992979243
2026-01-29 04:29:13.874335+00:00|30.286125701592994|32.90607943678128|33.85838003353956|30.282228798400638|32.270622852189604|-0.735595703125|0.53955078125|-0.34326171875|-1.28173828125|2.25830078125|-0.18310546875|0.17629540598290597|39.66646634615385|-40.93450473137973
2026-01-29 04:29:13.933101+00:00|30.282228798400638|32.91000676685536|33.85443665635631|30.286125701592994|32.26670483143056|-0.740478515625|0.533203125|-0.341064453125|-1.007080078125|2.3193359375|0.091552734375|-1.9392494658119657|37.90351228632478|-40.93450473137973
2026-01-29 04:29:13.991846+00:00|30.274435081504862|32.89822495927194|33.85049335142838|30.290022634676404|32.25495108872059|-0.7412109375|0.534912109375|-0.3359375|-1.52587890625|2.532958984375|0.213623046875|-0.7051816239316239|38.78498931623931|-40.08524114774115
2026-01-29 04:29:14.051233+00:00|30.282228798400638|32.90215216760248|33.84260695814885|30.293919597696572|32.25886894974252|-0.73583984375|0.539306640625|-0.3369140625|-1.373291015625|2.532958984375|0.030517578125|-0.5288862179487179|38.256103098290595|-39.915388431013426
2026-01-29 04:29:14.110038+00:00|30.286125701592994|32.91000676685536|33.834720853321244|30.286125701592994|32.26670483143056|-0.73583984375|0.53857421875|-0.344970703125|-0.946044921875|2.349853515625|-0.030517578125|-1.5866586538461538|38.256103098290595|-41.613915598290596
2026-01-29 04:29:14.168788+00:00|30.290022634676404|32.917861609876354|33.85049335142838|30.278331925053237|32.270622852189604|-0.740478515625|0.53369140625|-0.33642578125|-1.190185546875|2.25830078125|-0.030517578125|-0.8814770299145299|39.313875534188035|-41.613915598290596
2026-01-29 04:29:14.227674+00:00|30.29781659069971|32.917861609876354|33.84260695814885|30.305610666838504|32.274540926287216|-0.7431640625|0.5380859375|-0.33740234375|-1.312255859375|2.349853515625|-0.030517578125|0.0|37.72721688034188|-40.08524114774115
2026-01-29 04:29:14.286381+00:00|30.29781659069971|32.925716697039775|33.84260695814885|30.305610666838504|32.278459053770064|-0.73681640625|0.5361328125|-0.344482421875|-1.5869140625|2.532958984375|0.030517578125|0.0|38.07980769230769|-40.42494658119658
2026-01-29 04:29:14.345403+00:00|30.29781659069971|32.925716697039775|33.838663869702316|30.309507750066132|32.274540926287216|-0.7451171875|0.538330078125|-0.337890625|-1.40380859375|2.44140625|0.0|-1.0577724358974359|38.78498931623931|-41.10435744810745
2026-01-29 04:29:14.404229+00:00|30.305610666838504|32.917861609876354|33.834720853321244|30.313404863460505|32.3019689423582|-0.74267578125|0.5361328125|-0.342041015625|-1.3427734375|2.349853515625|-0.06103515625|0.0|38.4323985042735|-41.44406288156288
2026-01-29 04:29:14.463127+00:00|30.313404863460505|32.92178912291678|33.83077790895811|30.317302007067667|32.278459053770064|-0.736572265625|0.5361328125|-0.347412109375|-1.28173828125|2.38037109375|0.030517578125|0.17629540598290597|38.608693910256406|-41.27421016483516
2026-01-29 04:29:14.524880+00:00|30.309507750066132|32.92178912291678|33.83077790895811|30.309507750066132|32.294132098482464|-0.739501953125|0.53662109375|-0.339599609375|-1.068115234375|2.3193359375|0.0|0.17629540598290597|38.96128472222222|-41.27421016483516
2026-01-29 04:29:14.583799+00:00|30.317302007067667|32.917861609876354|33.82683503656557|30.313404863460505|32.30980600107614|-0.744140625|0.533203125|-0.33544921875|-1.220703125|2.3193359375|-0.152587890625|-1.234067841880342|38.96128472222222|-41.613915598290596
2026-01-29 04:29:14.642577+00:00|30.321199180933434|32.93357202872039|33.818949507502225|30.317302007067667|32.274540926287216|-0.732421875|0.5380859375|-0.348388671875|-1.28173828125|1.953125|0.152587890625|-2.8207264957264955|38.4323985042735|-40.08524114774115
2026-01-29 04:29:14.701460+00:00|30.328993619625123|32.9374997863718|33.822892236096095|30.328993619625123|32.274540926287216|-0.736083984375|0.53759765625|-0.339111328125|-0.9765625|2.166748046875|0.213623046875|-1.5866586538461538|38.256103098290595|-40.5947992979243
2026-01-29 04:29:14.760119+00:00|30.33289088454302|32.9374997863718|33.82683503656557|30.33289088454302|32.305887444838675|-0.745849609375|0.53564453125|-0.334716796875|-1.251220703125|2.3193359375|-0.396728515625|-0.35259081196581193|38.4323985042735|-39.74553571428571
2026-01-29 04:29:14.819009+00:00|30.325096385104075|32.941427605293086|33.81500685073661|30.336788179903408|32.28237723468453|-0.712646484375|0.52685546875|-0.31396484375|1.007080078125|2.410888671875|0.701904296875|-0.35259081196581193|39.49017094017094|-41.783768315018314
2026-01-29 04:29:14.877866+00:00|30.325096385104075|32.9374997863718|33.81500685073661|30.344582862135894|32.294132098482464|-0.74169921875|0.5537109375|-0.36181640625|-1.800537109375|2.655029296875|-0.18310546875|0.35259081196581193|37.72721688034188|-40.764652014652015
2026-01-29 04:29:14.937036+00:00|30.336788179903408|32.93357202872039|33.811064265751554|30.336788179903408|32.30980600107614|-0.74072265625|0.52587890625|-0.335693359375|-1.068115234375|2.349853515625|0.18310546875|-1.0577724358974359|38.4323985042735|-40.42494658119658
2026-01-29 04:29:14.995857+00:00|30.344582862135894|32.94928342713234|33.80317931093384|30.340685505752333|32.290213756994206|-0.743896484375|0.532958984375|-0.33447265625|-1.068115234375|2.50244140625|-0.18310546875|-1.0577724358974359|38.07980769230769|-40.764652014652015
2026-01-29 04:29:15.054731+00:00|30.344582862135894|32.94928342713234|33.811064265751554|30.35627511495335|32.290213756994206|-0.728515625|0.5380859375|-0.345458984375|-1.556396484375|2.38037109375|-0.1220703125|0.17629540598290597|37.90351228632478|-40.93450473137973
2026-01-29 04:29:15.113758+00:00|30.352377666690415|32.95321143014411|33.80712175249977|30.352377666690415|32.321561992796376|-0.73876953125|0.53955078125|-0.3388671875|-1.190185546875|2.288818359375|0.06103515625|-1.0577724358974359|39.84276175213675|-41.783768315018314
2026-01-29 04:29:15.172604+00:00|30.35627511495335|32.96106762058599|33.80317931093384|30.36407010368066|32.31764327500861|-0.741943359375|0.540283203125|-0.332763671875|-1.3427734375|2.471923828125|-0.1220703125|0.0|38.78498931623931|-40.764652014652015
2026-01-29 04:29:15.231484+00:00|30.34848024909985|32.957139494613045|33.79923694100614|30.36407010368066|32.31764327500861|-0.73681640625|0.5390625|-0.34814453125|-1.40380859375|2.349853515625|-0.06103515625|-0.8814770299145299|38.96128472222222|-39.915388431013426
2026-01-29 04:29:15.290402+00:00|30.360172593934806|32.957139494613045|33.79135241587613|30.3679676442369|32.32939959024765|-0.735595703125|0.537353515625|-0.3388671875|-1.007080078125|2.197265625|-0.244140625|-0.5288862179487179|36.84573985042735|-40.93450473137973
2026-01-29 04:29:15.349270+00:00|30.3679676442369|32.96106762058599|33.78741026057895|30.360172593934806|32.321561992796376|-0.74658203125|0.537109375|-0.329345703125|-0.946044921875|2.3193359375|0.030517578125|-0.8814770299145299|38.96128472222222|-40.93450473137973
2026-01-29 04:29:15.407793+00:00|30.3679676442369|32.972852367997916|33.79923694100614|30.371865215649393|32.30980600107614|-0.738037109375|0.5380859375|-0.34423828125|-1.068115234375|2.532958984375|0.1220703125|-1.234067841880342|37.90351228632478|-41.27421016483516
2026-01-29 04:29:15.467024+00:00|30.371865215649393|32.96892405723162|33.79923694100614|30.38355811548513|32.33331847000426|-0.73779296875|0.541748046875|-0.351806640625|-1.15966796875|2.25830078125|0.274658203125|0.35259081196581193|39.13758012820512|-40.08524114774115
2026-01-29 04:29:15.526285+00:00|30.371865215649393|32.97678074045564|33.78741026057895|30.387455810782853|32.348994530321875|-0.746337890625|0.5341796875|-0.337646484375|-1.190185546875|2.471923828125|-0.213623046875|-1.0577724358974359|38.07980769230769|-42.12347374847374
2026-01-29 04:29:15.585552+00:00|30.38355811548513|32.972852367997916|33.78346817673025|30.395251294683078|32.33331847000426|-0.737548828125|0.53955078125|-0.343017578125|-1.495361328125|2.593994140625|0.42724609375|-0.8814770299145299|38.608693910256406|-40.5947992979243
2026-01-29 04:29:15.644688+00:00|30.37966045122755|32.98070917465179|33.78346817673025|30.39914908337755|32.325480764527185|-0.736572265625|0.5390625|-0.34814453125|-1.15966796875|2.0751953125|0.18310546875|-2.468135683760684|39.84276175213675|-40.42494658119658
2026-01-29 04:29:15.704096+00:00|30.387455810782853|32.97678074045564|33.77558422318896|30.395251294683078|32.348994530321875|-0.74609375|0.533447265625|-0.3349609375|-1.220703125|2.471923828125|0.030517578125|0.0|39.13758012820512|-41.44406288156288
2026-01-29 04:29:15.763482+00:00|30.39914908337755|32.97678074045564|33.77164235340149|30.387455810782853|32.33723740384346|-0.739013671875|0.53759765625|-0.343017578125|-1.373291015625|2.471923828125|-0.030517578125|0.17629540598290597|38.608693910256406|-40.93450473137973
2026-01-29 04:29:15.822684+00:00|30.403046903296|32.98856622844653|33.76770055487299|30.403046903296|32.33331847000426|-0.737060546875|0.538330078125|-0.34521484375|-0.91552734375|2.532958984375|0.18310546875|-1.0577724358974359|36.669444444444444|-41.783768315018314
2026-01-29 04:29:15.881981+00:00|30.414740550856493|32.98856622844653|33.77164235340149|30.406944754484698|32.348994530321875|-0.7412109375|0.533203125|-0.33642578125|-1.373291015625|2.25830078125|0.06103515625|-0.8814770299145299|37.90351228632478|-42.29332646520146
2026-01-29 04:29:15.941272+00:00|30.406944754484698|32.98856622844653|33.77164235340149|30.414740550856493|32.34115639181181|-0.74267578125|0.5380859375|-0.33251953125|-1.220703125|2.288818359375|-0.091552734375|0.35259081196581193|39.49017094017094|-40.08524114774115
2026-01-29 04:29:16.000423+00:00|30.41084263698957|33.00035227334803|33.76770055487299|30.41084263698957|32.360752145218385|-0.73095703125|0.541259765625|-0.35400390625|-1.5869140625|2.38037109375|0.06103515625|-0.7051816239316239|38.4323985042735|-39.74553571428571
2026-01-29 04:29:16.059797+00:00|30.414740550856493|32.992494848138904|33.759817171402744|30.422536472860543|32.34507543395574|-0.736572265625|0.53466796875|-0.3388671875|-1.190185546875|2.166748046875|-0.1220703125|-0.5288862179487179|38.256103098290595|-41.27421016483516
2026-01-29 04:29:16.119029+00:00|30.414740550856493|32.996423529757124|33.759817171402744|30.426434481089586|32.34507543395574|-0.744873046875|0.53125|-0.3388671875|-1.190185546875|2.288818359375|0.1220703125|0.35259081196581193|39.49017094017094|-40.42494658119658
2026-01-29 04:29:16.178294+00:00|30.414740550856493|32.98856622844653|33.75587558636636|30.434230592231756|32.35291368095665|-0.73681640625|0.537353515625|-0.349365234375|-1.46484375|2.62451171875|0.244140625|-0.7051816239316239|37.72721688034188|-41.44406288156288
2026-01-29 04:29:16.237627+00:00|30.426434481089586|32.992494848138904|33.73616872627446|30.43033252086468|32.35291368095665|-0.733642578125|0.53955078125|-0.345703125|-0.91552734375|2.410888671875|0.152587890625|0.17629540598290597|37.90351228632478|-40.5947992979243
2026-01-29 04:29:16.296706+00:00|30.43033252086468|33.004281078958456|33.744051257482795|30.43033252086468|32.37251024978917|-0.742431640625|0.53662109375|-0.33056640625|-0.9765625|2.410888671875|0.213623046875|1.0577724358974359|39.84276175213675|-41.10435744810745
2026-01-29 04:29:16.356107+00:00|30.434230592231756|33.004281078958456|33.744051257482795|30.434230592231756|32.348994530321875|-0.7431640625|0.53564453125|-0.34814453125|-1.46484375|2.532958984375|0.06103515625|1.0577724358974359|38.4323985042735|-40.764652014652015
2026-01-29 04:29:16.415483+00:00|30.44202682992585|33.01213887642564|33.74010995643886|30.445924996344786|32.37251024978917|-0.732421875|0.53564453125|-0.342041015625|-1.03759765625|2.38037109375|0.06103515625|-0.5288862179487179|38.608693910256406|-40.93450473137973
2026-01-29 04:29:16.475022+00:00|30.44202682992585|33.01213887642564|33.744051257482795|30.45372142455625|32.37251024978917|-0.745361328125|0.535400390625|-0.334228515625|-1.28173828125|2.38037109375|0.030517578125|-1.234067841880342|39.313875534188035|-40.5947992979243
2026-01-29 04:29:16.533780+00:00|30.445924996344786|33.01606786837618|33.74010995643886|30.45372142455625|32.3803492588313|-0.73583984375|0.5400390625|-0.3466796875|-1.28173828125|2.38037109375|0.030517578125|-0.35259081196581193|39.13758012820512|-39.74553571428571
2026-01-29 04:29:16.593049+00:00|30.445924996344786|33.01606786837618|33.74010995643886|30.46151798023925|32.3803492588313|-0.73779296875|0.53759765625|-0.35009765625|-1.190185546875|2.197265625|0.0|-0.7051816239316239|39.49017094017094|-40.08524114774115
2026-01-29 04:29:16.652116+00:00|30.445924996344786|33.01213887642564|33.732227566942356|30.46151798023925|32.38426884529048|-0.742431640625|0.5341796875|-0.329833984375|-1.251220703125|2.288818359375|0.091552734375|0.35259081196581193|37.72721688034188|-41.10435744810745
2026-01-29 04:29:16.711089+00:00|30.465416305997508|33.019996922533835|33.724345460585255|30.46151798023925|32.388188486437116|-0.74365234375|0.534912109375|-0.337890625|-1.434326171875|2.655029296875|0.274658203125|-0.35259081196581193|38.07980769230769|-39.40583028083028
2026-01-29 04:29:16.770320+00:00|30.46931466376151|33.03178445871822|33.716463636988465|30.46151798023925|32.36859082711317|-0.735107421875|0.541259765625|-0.345458984375|-1.0986328125|2.532958984375|0.274658203125|-0.5288862179487179|38.96128472222222|-41.27421016483516
2026-01-29 04:29:16.829418+00:00|30.46931466376151|33.03178445871822|33.724345460585255|30.46931466376151|32.3921081823176|-0.7373046875|0.54052734375|-0.333984375|-1.190185546875|2.471923828125|0.0|-1.9392494658119657|39.313875534188035|-40.93450473137973
2026-01-29 04:29:16.888292+00:00|30.46931466376151|33.02785521765793|33.716463636988465|30.484908415795644|32.40386759882864|-0.740478515625|0.5390625|-0.3349609375|-1.068115234375|2.349853515625|-0.030517578125|-0.8814770299145299|38.96128472222222|-41.953621031746025
2026-01-29 04:29:16.947396+00:00|30.47711147549097|33.03178445871822|33.72040451346555|30.48100992954852|32.399947738466835|-0.730712890625|0.535888671875|-0.337890625|-1.495361328125|2.410888671875|0.213623046875|0.17629540598290597|38.96128472222222|-41.953621031746025
2026-01-29 04:29:17.006326+00:00|30.47711147549097|33.03571376217326|33.72040451346555|30.492705485043075|32.41170748435911|-0.73974609375|0.538330078125|-0.340087890625|-1.15966796875|2.50244140625|-0.30517578125|-0.8814770299145299|39.313875534188035|-40.5947992979243
2026-01-29 04:29:17.065859+00:00|30.47711147549097|33.03178445871822|33.704641430939375|30.492705485043075|32.41170748435911|-0.739501953125|0.53369140625|-0.345947265625|-1.251220703125|2.44140625|-0.030517578125|0.35259081196581193|37.37462606837607|-41.44406288156288
2026-01-29 04:29:17.125091+00:00|30.48100992954852|33.02785521765793|33.69676031258484|30.492705485043075|32.40778751411051|-0.731689453125|0.5390625|-0.3447265625|-1.312255859375|2.288818359375|-0.091552734375|-1.0577724358974359|39.49017094017094|-40.42494658119658
2026-01-29 04:29:17.184143+00:00|30.4888069342785|33.03964312806988|33.68887947566418|30.4888069342785|32.40778751411051|-0.739013671875|0.53564453125|-0.343994140625|-0.1220703125|2.01416015625|0.48828125|-0.5288862179487179|38.608693910256406|-41.27421016483516
2026-01-29 04:29:17.243029+00:00|30.500502683601326|33.04750204737559|33.70070083655918|30.492705485043075|32.40386759882864|-0.740478515625|0.538330078125|-0.34130859375|-1.15966796875|2.5634765625|0.06103515625|-0.35259081196581193|39.49017094017094|-41.10435744810745
2026-01-29 04:29:17.302102+00:00|30.50830001183823|33.04750204737559|33.69281985896896|30.500502683601326|32.39602793297877|-0.73583984375|0.53759765625|-0.336181640625|-0.579833984375|1.89208984375|0.48828125|-1.234067841880342|39.313875534188035|-40.93450473137973
2026-01-29 04:29:17.361425+00:00|30.504401331486918|33.04750204737559|33.69676031258484|30.51219872470108|32.41170748435911|-0.740234375|0.531982421875|-0.342529296875|-1.251220703125|2.50244140625|-0.152587890625|0.17629540598290597|37.90351228632478|-40.25509386446887
2026-01-29 04:29:17.420786+00:00|30.516097470121622|33.05536121701033|33.68493916262304|30.51219872470108|32.399947738466835|-0.74169921875|0.540771484375|-0.339599609375|-1.3427734375|2.44140625|0.0|-0.17629540598290597|38.96128472222222|-40.93450473137973
2026-01-29 04:29:17.479312+00:00|30.500502683601326|33.051431600878345|33.680998919798355|30.51219872470108|32.42738791595133|-0.74072265625|0.539794921875|-0.3310546875|-2.471923828125|3.47900390625|-0.885009765625|-1.234067841880342|38.608693910256406|-40.5947992979243
2026-01-29 04:29:17.538372+00:00|30.50830001183823|33.051431600878345|33.66917861214904|30.519996248145787|32.41562750962089|-0.738525390625|0.535400390625|-0.345703125|-1.89208984375|2.9296875|-0.579833984375|-1.5866586538461538|40.37164797008547|-41.27421016483516
2026-01-29 04:29:17.597438+00:00|30.516097470121622|33.04750204737559|33.66917861214904|30.516097470121622|32.41562750962089|-0.7373046875|0.5478515625|-0.334716796875|-2.62451171875|3.326416015625|-1.007080078125|-0.17629540598290597|38.608693910256406|-40.25509386446887
2026-01-29 04:29:17.656465+00:00|30.52389505881945|33.05536121701033|33.67311864460862|30.516097470121622|32.41170748435911|-0.7421875|0.53515625|-0.333740234375|-1.373291015625|2.532958984375|-0.18310546875|-0.35259081196581193|38.78498931623931|-41.44406288156288
2026-01-29 04:29:17.715356+00:00|30.519996248145787|33.051431600878345|33.67705874714267|30.52779390218882|32.42738791595133|-0.746826171875|0.539794921875|-0.327392578125|-0.8544921875|2.410888671875|0.640869140625|-0.35259081196581193|38.78498931623931|-42.12347374847374
2026-01-29 04:29:17.774375+00:00|30.52389505881945|33.051431600878345|33.67311864460862|30.52779390218882|32.43914881907699|-0.734619140625|0.541015625|-0.345458984375|-0.06103515625|2.13623046875|0.152587890625|-0.17629540598290597|38.96128472222222|-41.27421016483516
2026-01-29 04:29:17.833419+00:00|30.52779390218882|33.05929089581849|33.66129875726324|30.539490628930025|32.41170748435911|-0.743408203125|0.530517578125|-0.331787109375|0.396728515625|1.190185546875|1.678466796875|-1.234067841880342|40.01905715811966|-40.93450473137973
2026-01-29 04:29:17.891854+00:00|30.516097470121622|33.051431600878345|33.66523864971623|30.531692778299714|32.431308161731636|-0.736328125|0.543212890625|-0.341796875|-1.0986328125|1.861572265625|0.335693359375|-1.4103632478632477|37.022035256410255|-41.10435744810745
2026-01-29 04:29:17.950813+00:00|30.52779390218882|33.04357255645505|33.64947949930854|30.52389505881945|32.41954758994257|-0.73828125|0.534423828125|-0.33837890625|-0.244140625|2.197265625|0.518798828125|-0.5288862179487179|38.256103098290595|-40.25509386446887
2026-01-29 04:29:18.009945+00:00|30.531692778299714|33.05536121701033|33.65735893474255|30.519996248145787|32.42346772537053|-0.741943359375|0.535400390625|-0.333740234375|-1.40380859375|2.44140625|0.18310546875|-0.5288862179487179|40.37164797008547|-40.25509386446887
2026-01-29 04:29:18.068847+00:00|30.52779390218882|33.05536121701033|33.66129875726324|30.52779390218882|32.42346772537053|-0.73876953125|0.53662109375|-0.336181640625|-1.15966796875|2.62451171875|0.06103515625|0.35259081196581193|38.4323985042735|-41.44406288156288
2026-01-29 04:29:18.127868+00:00|30.53559168719812|33.05929089581849|33.66129875726324|30.531692778299714|32.43914881907699|-0.73388671875|0.536865234375|-0.342041015625|-1.8310546875|2.471923828125|0.213623046875|-1.5866586538461538|38.608693910256406|-40.93450473137973
2026-01-29 04:29:18.187066+00:00|30.53559168719812|33.051431600878345|33.65341918210669|30.519996248145787|32.42738791595133|-0.7392578125|0.542236328125|-0.343505859375|-1.0986328125|2.13623046875|0.0|0.8814770299145299|37.90351228632478|-40.93450473137973
2026-01-29 04:29:18.245983+00:00|30.51219872470108|33.04750204737559|33.65341918210669|30.52389505881945|32.41562750962089|-0.74755859375|0.527587890625|-0.337158203125|-1.03759765625|2.532958984375|-0.030517578125|-1.7629540598290598|38.78498931623931|-40.08524114774115
2026-01-29 04:29:18.304909+00:00|30.516097470121622|33.04750204737559|33.64553988630075|30.516097470121622|32.41954758994257|-0.729736328125|0.53857421875|-0.34716796875|-1.190185546875|2.197265625|0.091552734375|-0.35259081196581193|38.78498931623931|-40.764652014652015
2026-01-29 04:29:18.364148+00:00|30.51219872470108|33.03964312806988|33.641600343035975|30.51219872470108|32.41954758994257|-0.736572265625|0.537353515625|-0.33544921875|-1.220703125|2.349853515625|0.274658203125|0.17629540598290597|38.96128472222222|-40.5947992979243
2026-01-29 04:29:18.423240+00:00|30.516097470121622|33.051431600878345|33.64553988630075|30.504401331486918|32.388188486437116|-0.740966796875|0.535888671875|-0.3427734375|-1.312255859375|2.0751953125|-0.06103515625|-1.234067841880342|38.608693910256406|-40.25509386446887
2026-01-29 04:29:18.482035+00:00|30.50830001183823|33.04357255645505|33.64553988630075|30.50830001183823|32.40778751411051|-0.736083984375|0.5390625|-0.34326171875|-1.5869140625|2.5634765625|-0.030517578125|-0.5288862179487179|39.313875534188035|-39.915388431013426
2026-01-29 04:29:18.540846+00:00|30.504401331486918|33.04750204737559|33.64553988630075|30.50830001183823|32.38426884529048|-0.740234375|0.530517578125|-0.34130859375|-0.8544921875|2.38037109375|0.1220703125|0.17629540598290597|38.256103098290595|-41.27421016483516
2026-01-29 04:29:18.599758+00:00|30.50830001183823|33.04357255645505|33.641600343035975|30.50830001183823|32.3921081823176|-0.737548828125|0.537841796875|-0.338623046875|-1.46484375|2.655029296875|-0.030517578125|-0.17629540598290597|38.608693910256406|-41.27421016483516
2026-01-29 04:29:18.658492+00:00|30.496604068135298|33.03964312806988|33.641600343035975|30.50830001183823|32.39602793297877|-0.73876953125|0.541259765625|-0.33935546875|-1.0986328125|2.410888671875|0.1220703125|-0.5288862179487179|39.66646634615385|-40.93450473137973
2026-01-29 04:29:18.717262+00:00|30.492705485043075|33.02392603894543|33.62584286646023|30.4888069342785|32.41562750962089|-0.73779296875|0.535400390625|-0.34521484375|-1.312255859375|2.50244140625|0.213623046875|-2.468135683760684|38.78498931623931|-40.42494658119658
2026-01-29 04:29:18.776023+00:00|30.500502683601326|33.03964312806988|33.62978213122625|30.4888069342785|32.388188486437116|-0.7421875|0.537109375|-0.34375|-0.9765625|2.25830078125|-0.091552734375|0.17629540598290597|37.19833066239316|-40.93450473137973
2026-01-29 04:29:18.834677+00:00|30.4888069342785|33.03178445871822|33.6376608694668|30.4888069342785|32.39602793297877|-0.740966796875|0.533203125|-0.3388671875|-1.129150390625|2.471923828125|-0.244140625|-0.5288862179487179|38.96128472222222|-40.5947992979243
2026-01-29 04:29:18.893421+00:00|30.484908415795644|33.02785521765793|33.633721465546046|30.4888069342785|32.40778751411051|-0.7421875|0.536865234375|-0.347900390625|-1.708984375|2.44140625|-0.06103515625|-1.0577724358974359|38.07980769230769|-40.08524114774115
2026-01-29 04:29:18.952259+00:00|30.4888069342785|33.03178445871822|33.62584286646023|30.484908415795644|32.37251024978917|-0.731689453125|0.53857421875|-0.341552734375|-0.9765625|2.288818359375|0.42724609375|-0.35259081196581193|38.07980769230769|-40.764652014652015
2026-01-29 04:29:19.011103+00:00|30.465416305997508|33.019996922533835|33.633721465546046|30.48100992954852|32.38426884529048|-0.740234375|0.53759765625|-0.34228515625|-1.28173828125|2.25830078125|0.274658203125|0.8814770299145299|38.608693910256406|-39.915388431013426
2026-01-29 04:29:19.069929+00:00|30.46931466376151|33.01213887642564|33.62584286646023|30.47321305357741|32.38426884529048|-0.734130859375|0.538818359375|-0.34423828125|-1.220703125|2.44140625|0.06103515625|-0.7051816239316239|39.13758012820512|-41.10435744810745
2026-01-29 04:29:19.128586+00:00|30.47321305357741|33.019996922533835|33.61796454540007|30.457619686440808|32.35683288590667|-0.74169921875|0.536865234375|-0.337890625|-1.190185546875|2.288818359375|-0.213623046875|-0.5288862179487179|38.96128472222222|-39.915388431013426
2026-01-29 04:29:19.187386+00:00|30.465416305997508|33.019996922533835|33.621903671200585|30.47321305357741|32.3646714589384|-0.739501953125|0.536865234375|-0.3359375|-1.03759765625|2.410888671875|0.30517578125|-0.17629540598290597|37.90351228632478|-41.953621031746025
2026-01-29 04:29:19.246144+00:00|30.46151798023925|33.019996922533835|33.621903671200585|30.46931466376151|32.36859082711317|-0.738525390625|0.53466796875|-0.3408203125|-1.15966796875|2.38037109375|0.213623046875|-0.7051816239316239|38.4323985042735|-41.10435744810745
2026-01-29 04:29:19.304933+00:00|30.457619686440808|33.019996922533835|33.621903671200585|30.465416305997508|32.35291368095665|-0.738037109375|0.537353515625|-0.34423828125|-1.190185546875|2.38037109375|0.030517578125|-1.5866586538461538|39.66646634615385|-40.93450473137973
2026-01-29 04:29:19.363704+00:00|30.44982319453959|33.004281078958456|33.621903671200585|30.46151798023925|32.34507543395574|-0.738525390625|0.540283203125|-0.340576171875|-0.885009765625|2.288818359375|0.0|0.35259081196581193|38.4323985042735|-40.764652014652015
2026-01-29 04:29:19.422977+00:00|30.45372142455625|33.00035227334803|33.61008650198704|30.44982319453959|32.348994530321875|-0.740966796875|0.53564453125|-0.3359375|-1.220703125|2.44140625|0.335693359375|-0.35259081196581193|38.78498931623931|-40.764652014652015
2026-01-29 04:29:19.481978+00:00|30.45372142455625|33.004281078958456|33.606147584279995|30.445924996344786|32.32939959024765|-0.735107421875|0.538818359375|-0.340576171875|-1.251220703125|2.25830078125|-0.1220703125|-0.7051816239316239|38.78498931623931|-40.764652014652015
2026-01-29 04:29:19.541575+00:00|30.45372142455625|33.00035227334803|33.61796454540007|30.434230592231756|32.34115639181181|-0.74072265625|0.53955078125|-0.33984375|-1.434326171875|2.288818359375|0.0|-0.5288862179487179|37.90351228632478|-39.915388431013426
2026-01-29 04:29:19.600486+00:00|30.44202682992585|32.996423529757124|33.61402548901134|30.434230592231756|32.32939959024765|-0.738525390625|0.535888671875|-0.343505859375|-1.40380859375|2.227783203125|0.213623046875|-1.0577724358974359|39.13758012820512|-42.12347374847374
2026-01-29 04:29:19.659279+00:00|30.44202682992585|32.992494848138904|33.61008650198704|30.434230592231756|32.34115639181181|-0.733154296875|0.5361328125|-0.341064453125|-1.251220703125|2.716064453125|-0.1220703125|-0.35259081196581193|37.72721688034188|-40.42494658119658
2026-01-29 04:29:19.718231+00:00|30.43033252086468|32.992494848138904|33.61796454540007|30.438128695236855|32.32939959024765|-0.73828125|0.533447265625|-0.3408203125|-1.64794921875|2.5634765625|-0.213623046875|0.17629540598290597|38.256103098290595|-39.57568299755799
2026-01-29 04:29:19.777297+00:00|30.414740550856493|32.98070917465179|33.606147584279995|30.426434481089586|32.325480764527185|-0.73876953125|0.536865234375|-0.3408203125|-1.556396484375|2.50244140625|-0.244140625|-0.7051816239316239|38.07980769230769|-40.764652014652015
2026-01-29 04:29:19.836098+00:00|30.414740550856493|32.972852367997916|33.606147584279995|30.418638496131507|32.321561992796376|-0.738525390625|0.531005859375|-0.343017578125|-1.28173828125|2.593994140625|0.18310546875|-1.0577724358974359|39.84276175213675|-41.44406288156288
2026-01-29 04:29:19.895522+00:00|30.422536472860543|32.97678074045564|33.59826995662843|30.414740550856493|32.290213756994206|-0.736083984375|0.537353515625|-0.3330078125|-1.8310546875|2.838134765625|0.030517578125|0.35259081196581193|37.37462606837607|-40.42494658119658
2026-01-29 04:29:19.954265+00:00|30.414740550856493|32.97678074045564|33.606147584279995|30.406944754484698|32.30980600107614|-0.739990234375|0.53564453125|-0.344482421875|-0.823974609375|2.349853515625|-0.030517578125|-1.0577724358974359|40.900534188034186|-40.42494658119658
2026-01-29 04:29:20.013770+00:00|30.41084263698957|32.972852367997916|33.61008650198704|30.41084263698957|32.290213756994206|-0.738037109375|0.539306640625|-0.332763671875|-1.52587890625|2.471923828125|0.0|-0.5288862179487179|38.608693910256406|-40.93450473137973
2026-01-29 04:29:20.072653+00:00|30.403046903296|32.96892405723162|33.606147584279995|30.406944754484698|32.290213756994206|-0.737060546875|0.54541015625|-0.339111328125|-2.044677734375|2.899169921875|-0.579833984375|-1.234067841880342|38.608693910256406|-41.27421016483516
2026-01-29 04:29:20.131502+00:00|30.403046903296|32.96499580811002|33.60220873584291|30.395251294683078|32.28237723468453|-0.74169921875|0.537841796875|-0.342041015625|-1.068115234375|2.50244140625|-0.18310546875|-0.7051816239316239|38.78498931623931|-40.764652014652015
2026-01-29 04:29:20.190907+00:00|30.39135353716688|32.95321143014411|33.60220873584291|30.39914908337755|32.278459053770064|-0.73681640625|0.543701171875|-0.3359375|-1.678466796875|2.349853515625|-0.091552734375|-0.5288862179487179|39.66646634615385|-39.915388431013426
2026-01-29 04:29:20.249790+00:00|30.387455810782853|32.94928342713234|33.59039260567795|30.39135353716688|32.278459053770064|-0.740234375|0.527099609375|-0.34521484375|0.1220703125|2.0751953125|0.79345703125|0.0|39.49017094017094|-40.42494658119658
2026-01-29 04:29:20.308724+00:00|30.395251294683078|32.957139494613045|33.58645403384759|30.37966045122755|32.278459053770064|-0.734375|0.538818359375|-0.3388671875|-1.007080078125|2.166748046875|0.213623046875|-1.4103632478632477|39.13758012820512|-41.783768315018314
2026-01-29 04:29:20.367695+00:00|30.38355811548513|32.957139494613045|33.59826995662843|30.3679676442369|32.25886894974252|-0.737548828125|0.546142578125|-0.334716796875|0.0|1.953125|0.30517578125|-0.35259081196581193|37.72721688034188|-39.74553571428571
2026-01-29 04:29:20.426908+00:00|30.371865215649393|32.95321143014411|33.59826995662843|30.375762817964358|32.262786863963754|-0.736083984375|0.537353515625|-0.333984375|-1.617431640625|2.716064453125|-0.06103515625|-1.0577724358974359|37.72721688034188|-39.40583028083028
2026-01-29 04:29:20.485919+00:00|30.36407010368066|32.941427605293086|33.59826995662843|30.360172593934806|32.23536257997256|-0.73681640625|0.539306640625|-0.341796875|-0.946044921875|2.44140625|0.06103515625|1.0577724358974359|38.4323985042735|-41.44406288156288
2026-01-29 04:29:20.544946+00:00|30.360172593934806|32.941427605293086|33.59826995662843|30.352377666690415|32.2510332808514|-0.738525390625|0.533203125|-0.325927734375|-1.64794921875|2.44140625|0.091552734375|-0.5288862179487179|38.256103098290595|-41.27421016483516
2026-01-29 04:29:20.603780+00:00|30.340685505752333|32.93357202872039|33.59826995662843|30.35627511495335|32.23928017569557|-0.73095703125|0.54736328125|-0.348876953125|-1.190185546875|2.288818359375|-0.091552734375|-0.8814770299145299|37.19833066239316|-41.27421016483516
2026-01-29 04:29:20.662714+00:00|30.336788179903408|32.92964433229207|33.594331246589206|30.344582862135894|32.23536257997256|-0.738525390625|0.530029296875|-0.335205078125|-1.007080078125|2.227783203125|0.30517578125|0.35259081196581193|38.78498931623931|-39.74553571428571
2026-01-29 04:29:20.721556+00:00|30.33289088454302|32.93357202872039|33.58645403384759|30.325096385104075|32.2157753942343|-0.7373046875|0.541015625|-0.342529296875|-2.166748046875|2.288818359375|-0.457763671875|-0.17629540598290597|38.96128472222222|-39.915388431013426
2026-01-29 04:29:20.780462+00:00|30.328993619625123|32.92964433229207|33.59826995662843|30.313404863460505|32.21185811533667|-0.738525390625|0.530517578125|-0.35009765625|0.823974609375|2.166748046875|0.762939453125|-1.4103632478632477|37.022035256410255|-40.08524114774115
2026-01-29 04:29:20.839345+00:00|30.309507750066132|32.925716697039775|33.58645403384759|30.309507750066132|32.19618952569789|-0.73583984375|0.53662109375|-0.328369140625|-2.593994140625|2.99072265625|0.091552734375|-0.7051816239316239|39.13758012820512|-40.42494658119658
2026-01-29 04:29:20.898719+00:00|30.305610666838504|32.925716697039775|33.59826995662843|30.301713613731692|32.23928017569557|-0.734130859375|0.547607421875|-0.351806640625|-0.54931640625|1.861572265625|0.274658203125|-0.17629540598290597|38.608693910256406|-40.5947992979243
2026-01-29 04:29:20.957662+00:00|30.293919597696572|32.925716697039775|33.59826995662843|30.29781659069971|32.219692725819925|-0.73974609375|0.522216796875|-0.330078125|-1.007080078125|2.3193359375|0.640869140625|-0.7051816239316239|38.78498931623931|-41.10435744810745
2026-01-29 04:29:21.016559+00:00|30.278331925053237|32.90607943678128|33.594331246589206|30.286125701592994|32.20010659430773|-0.73046875|0.537841796875|-0.351318359375|-1.15966796875|2.349853515625|0.213623046875|-0.8814770299145299|37.19833066239316|-40.25509386446887
2026-01-29 04:29:21.075381+00:00|30.278331925053237|32.89822495927194|33.58645403384759|30.274435081504862|32.1883555457992|-0.74169921875|0.531005859375|-0.337158203125|-0.67138671875|2.044677734375|0.3662109375|-0.5288862179487179|38.96128472222222|-39.57568299755799
2026-01-29 04:29:21.134157+00:00|30.266641483621186|32.917861609876354|33.58645403384759|30.266641483621186|32.19618952569789|-0.7373046875|0.543212890625|-0.326416015625|-1.739501953125|2.471923828125|-0.030517578125|0.8814770299145299|38.608693910256406|-40.93450473137973
2026-01-29 04:29:21.193054+00:00|30.254951309139074|32.90607943678128|33.59826995662843|30.251054643419366|32.17660496855689|-0.734130859375|0.541748046875|-0.349609375|-0.48828125|2.50244140625|0.3662109375|-1.0577724358974359|39.13758012820512|-41.44406288156288
2026-01-29 04:29:21.251892+00:00|30.24326140036561|32.89822495927194|33.59039260567795|30.24326140036561|32.18052177535213|-0.744873046875|0.533935546875|-0.330322265625|-2.3193359375|2.74658203125|-0.06103515625|0.0|38.78498931623931|-40.42494658119658
2026-01-29 04:29:21.311350+00:00|30.239364822939763|32.90607943678128|33.59039260567795|30.239364822939763|32.17268821398528|-0.73681640625|0.538330078125|-0.348876953125|-0.30517578125|1.922607421875|0.3662109375|1.0577724358974359|37.72721688034188|-41.44406288156288
2026-01-29 04:29:21.370161+00:00|30.2198823749805|32.90607943678128|33.58645403384759|30.2198823749805|32.19227250954384|-0.739501953125|0.521484375|-0.341796875|-0.335693359375|2.166748046875|0.67138671875|-0.17629540598290597|39.313875534188035|-41.613915598290596
2026-01-29 04:29:21.429735+00:00|30.208193255886556|32.89037072496865|33.578577097239986|30.215985972900967|32.164854861326944|-0.733154296875|0.533935546875|-0.354248046875|-1.373291015625|2.38037109375|-0.06103515625|-0.8814770299145299|39.313875534188035|-40.93450473137973
2026-01-29 04:29:21.489112+00:00|30.204296940859592|32.88251673349697|33.578577097239986|30.19260816914897|32.153105222855515|-0.7421875|0.529052734375|-0.33251953125|-0.3662109375|2.410888671875|0.42724609375|-1.234067841880342|38.256103098290595|-40.93450473137973
2026-01-29 04:29:21.548469+00:00|30.204296940859592|32.88644369890221|33.578577097239986|30.18871196954865|32.14135605188898|-0.73876953125|0.53955078125|-0.327880859375|-1.617431640625|2.74658203125|0.1220703125|-0.17629540598290597|38.608693910256406|-39.915388431013426
2026-01-29 04:29:21.607630+00:00|30.18871196954865|32.87858982870591|33.58645403384759|30.184815798690238|32.12177513577319|-0.74169921875|0.526123046875|-0.348876953125|-0.79345703125|2.197265625|0.152587890625|-0.5288862179487179|37.90351228632478|-41.27421016483516
2026-01-29 04:29:21.666956+00:00|30.18871196954865|32.89037072496865|33.59039260567795|30.184815798690238|32.14918878065026|-0.73681640625|0.543701171875|-0.33154296875|-1.5869140625|2.532958984375|-0.213623046875|-1.0577724358974359|39.13758012820512|-41.783768315018314
2026-01-29 04:29:21.726028+00:00|30.173127458105796|32.88644369890221|33.58645403384759|30.1692314017547|32.13743976524006|-0.737060546875|0.54345703125|-0.341552734375|-0.579833984375|2.288818359375|0.30517578125|-1.5866586538461538|38.608693910256406|-39.915388431013426
2026-01-29 04:29:21.785352+00:00|30.16533537391541|32.87858982870591|33.58645403384759|30.161439374542283|32.13352353035049|-0.73876953125|0.53515625|-0.3369140625|-1.434326171875|2.5634765625|0.06103515625|-0.7051816239316239|39.49017094017094|-40.764652014652015
2026-01-29 04:29:21.844996+00:00|30.149751546758637|32.87466298448231|33.578577097239986|30.153647461009825|32.13743976524006|-0.739013671875|0.534423828125|-0.34423828125|-1.312255859375|2.288818359375|-0.091552734375|0.17629540598290597|37.90351228632478|-41.27421016483516
2026-01-29 04:29:21.903557+00:00|30.134168172115437|32.8628828147485|33.578577097239986|30.134168172115437|32.11394313066694|-0.742919921875|0.532470703125|-0.34130859375|-1.007080078125|2.3193359375|0.18310546875|0.17629540598290597|38.608693910256406|-41.953621031746025
2026-01-29 04:29:21.962478+00:00|30.130272398815066|32.8589562123268|33.566762209252204|30.122480936325303|32.09436401800292|-0.73779296875|0.531982421875|-0.333984375|-1.007080078125|2.410888671875|0.946044921875|-2.1155448717948717|38.78498931623931|-40.42494658119658
2026-01-29 04:29:22.021330+00:00|30.134168172115437|32.8589562123268|33.57070043638794|30.1146895856769|32.09436401800292|-0.733642578125|0.532958984375|-0.33984375|-1.251220703125|2.3193359375|-0.1220703125|-0.17629540598290597|38.256103098290595|-41.613915598290596
2026-01-29 04:29:22.080508+00:00|30.122480936325303|32.8589562123268|33.578577097239986|30.126376653567092|32.07870165062752|-0.740966796875|0.54443359375|-0.337646484375|-2.0751953125|2.8076171875|-0.3662109375|-0.7051816239316239|38.07980769230769|-40.42494658119658
2026-01-29 04:29:22.139479+00:00|30.1146895856769|32.8589562123268|33.578577097239986|30.110793952178255|32.0747861865575|-0.736328125|0.5380859375|-0.342529296875|-0.48828125|2.13623046875|0.457763671875|-0.8814770299145299|38.256103098290595|-40.93450473137973
2026-01-29 04:29:22.198699+00:00|30.099107218433346|32.85110318843715|33.5746387323681|30.099107218433346|32.07870165062752|-0.7412109375|0.54052734375|-0.33984375|-1.312255859375|2.532958984375|0.396728515625|-0.17629540598290597|38.256103098290595|-41.613915598290596
2026-01-29 04:29:22.257938+00:00|30.079629881936512|32.85502967023865|33.5746387323681|30.095211695948706|32.07870165062752|-0.742919921875|0.539306640625|-0.34130859375|-1.678466796875|2.44140625|-0.18310546875|-1.9392494658119657|39.313875534188035|-40.5947992979243
2026-01-29 04:29:22.316989+00:00|30.083525294142476|32.83539786316214|33.578577097239986|30.087420733849285|32.07870165062752|-0.73583984375|0.54052734375|-0.33935546875|-1.52587890625|2.5634765625|-0.42724609375|0.17629540598290597|37.90351228632478|-40.5947992979243
2026-01-29 04:29:22.376260+00:00|30.071839139842666|32.83539786316214|33.57070043638794|30.075734497185294|32.06304010026224|-0.736328125|0.538818359375|-0.33935546875|-1.373291015625|2.44140625|0.244140625|-0.8814770299145299|38.608693910256406|-41.613915598290596
2026-01-29 04:29:22.435240+00:00|30.071839139842666|32.84325040550698|33.566762209252204|30.071839139842666|32.0552096305305|-0.73828125|0.53759765625|-0.337646484375|-1.03759765625|2.38037109375|-0.06103515625|0.5288862179487179|38.256103098290595|-42.6330318986569
2026-01-29 04:29:22.494202+00:00|30.0601532318081|32.83539786316214|33.5746387323681|30.067943809862925|32.035634344123366|-0.737548828125|0.5380859375|-0.34375|-1.007080078125|2.166748046875|-0.213623046875|0.7051816239316239|37.72721688034188|-42.80288461538461
2026-01-29 04:29:22.553204+00:00|30.064048507200084|32.83539786316214|33.578577097239986|30.067943809862925|32.047379363938035|-0.73095703125|0.536376953125|-0.342529296875|-0.9765625|2.44140625|0.244140625|0.35259081196581193|39.49017094017094|-41.44406288156288
2026-01-29 04:29:22.612325+00:00|30.056257983640933|32.83147168209223|33.57070043638794|30.048467568797605|32.039549300113606|-0.737548828125|0.537841796875|-0.340087890625|-0.946044921875|2.349853515625|-0.091552734375|0.5288862179487179|37.90351228632478|-41.613915598290596
2026-01-29 04:29:22.671266+00:00|30.044572402029416|32.82754556102833|33.57070043638794|30.048467568797605|32.035634344123366|-0.736572265625|0.53662109375|-0.346435546875|-1.03759765625|2.593994140625|0.30517578125|-0.17629540598290597|38.256103098290595|-41.27421016483516
2026-01-29 04:29:22.730098+00:00|30.036782149570342|32.81969349873117|33.5746387323681|30.044572402029416|32.03171943868614|-0.738037109375|0.537353515625|-0.33935546875|-1.28173828125|2.3193359375|0.091552734375|-1.0577724358974359|38.4323985042735|-40.764652014652015
2026-01-29 04:29:22.789033+00:00|30.028992004907707|32.8039900921508|33.558885961324734|30.032887063787484|32.02780458375531|-0.738037109375|0.53271484375|-0.34130859375|-1.15966796875|2.532958984375|-0.06103515625|0.5288862179487179|38.96128472222222|-39.915388431013426
2026-01-29 04:29:22.848048+00:00|30.032887063787484|32.81969349873117|33.56282405091355|30.017306989227848|31.988658802102293|-0.73779296875|0.53466796875|-0.338134765625|-0.823974609375|2.227783203125|-0.18310546875|-0.7051816239316239|38.78498931623931|-40.764652014652015
2026-01-29 04:29:22.907033+00:00|30.025096972885194|32.81576755740457|33.566762209252204|30.028992004907707|32.008231065075506|-0.736572265625|0.53466796875|-0.33740234375|-1.129150390625|2.3193359375|0.457763671875|0.0|39.49017094017094|-41.10435744810745
2026-01-29 04:29:22.966019+00:00|30.028992004907707|32.81969349873117|33.57070043638794|30.021201967673903|31.996487556977797|-0.736572265625|0.53076171875|-0.340087890625|-1.3427734375|2.62451171875|0.3662109375|-1.9392494658119657|37.90351228632478|-40.93450473137973
2026-01-29 04:29:23.024963+00:00|30.025096972885194|32.80791585416114|33.566762209252204|30.021201967673903|31.992573154518652|-0.74267578125|0.53564453125|-0.340576171875|-1.03759765625|2.197265625|0.335693359375|-1.5866586538461538|38.256103098290595|-40.5947992979243
2026-01-29 04:29:23.083905+00:00|30.00172734217705|32.81969349873117|33.56282405091355|30.013412037501155|31.992573154518652|-0.73388671875|0.533935546875|-0.3388671875|-1.15966796875|2.3193359375|0.1220703125|-1.0577724358974359|38.78498931623931|-40.764652014652015
2026-01-29 04:29:23.142882+00:00|30.00172734217705|32.79613874711913|33.56282405091355|30.013412037501155|31.988658802102293|-0.7392578125|0.538818359375|-0.341064453125|-0.732421875|2.349853515625|-0.1220703125|-0.17629540598290597|38.256103098290595|-40.5947992979243
2026-01-29 04:29:23.202017+00:00|30.005622214021685|32.788287640427825|33.55100998820751|29.99393767804827|31.992573154518652|-0.735107421875|0.53564453125|-0.34228515625|-1.251220703125|2.349853515625|0.1220703125|-1.0577724358974359|38.78498931623931|-40.08524114774115
2026-01-29 04:29:23.260927+00:00|30.005622214021685|32.8039900921508|33.55100998820751|29.997832496867943|31.97300189193794|-0.734619140625|0.53759765625|-0.337890625|-1.251220703125|2.349853515625|0.0|-0.35259081196581193|38.4323985042735|-40.08524114774115
2026-01-29 04:29:23.319405+00:00|30.00172734217705|32.80006438981911|33.558885961324734|30.005622214021685|31.976916044646543|-0.739990234375|0.53759765625|-0.33984375|-1.129150390625|2.288818359375|-0.091552734375|-0.7051816239316239|38.78498931623931|-40.42494658119658
2026-01-29 04:29:23.378510+00:00|30.005622214021685|32.8039900921508|33.558885961324734|30.005622214021685|31.980830247212623|-0.737060546875|0.534423828125|-0.33642578125|-2.227783203125|2.50244140625|-0.91552734375|-0.8814770299145299|39.66646634615385|-41.613915598290596
2026-01-29 04:29:23.437407+00:00|29.99393767804827|32.8039900921508|33.558885961324734|29.997832496867943|31.97300189193794|-0.740234375|0.52197265625|-0.346435546875|1.3427734375|0.701904296875|2.13623046875|-0.17629540598290597|39.313875534188035|-41.953621031746025
2026-01-29 04:29:23.496079+00:00|29.990042885672153|32.79613874711913|33.55494794043847|30.00172734217705|31.969087789040316|-0.733154296875|0.54345703125|-0.346923828125|-5.706787109375|4.608154296875|-2.227783203125|0.0|38.07980769230769|-40.08524114774115
2026-01-29 04:29:23.554705+00:00|29.990042885672153|32.788287640427825|33.543134289522754|29.990042885672153|31.980830247212623|-0.730224609375|0.512451171875|-0.35546875|-5.340576171875|4.302978515625|-1.46484375|-1.9392494658119657|40.01905715811966|-40.93450473137973
2026-01-29 04:29:23.613442+00:00|29.986148119693496|32.79613874711913|33.547072104584856|29.98225338006648|31.969087789040316|-0.746337890625|0.6015625|-0.270263671875|7.568359375|-1.495361328125|4.913330078125|-2.1155448717948717|37.37462606837607|-40.08524114774115
2026-01-29 04:29:23.672587+00:00|29.99393767804827|32.79221316400441|33.543134289522754|29.990042885672153|31.961259732492522|-0.747314453125|0.511474609375|-0.338134765625|-1.617431640625|2.899169921875|-0.3662109375|1.0577724358974359|38.07980769230769|-41.10435744810745
2026-01-29 04:29:23.731325+00:00|29.990042885672153|32.79613874711913|33.543134289522754|29.990042885672153|31.969087789040316|-0.724609375|0.554931640625|-0.36669921875|2.0751953125|1.556396484375|0.79345703125|-1.234067841880342|37.90351228632478|-40.93450473137973
2026-01-29 04:29:23.790126+00:00|29.98225338006648|32.80006438981911|33.547072104584856|29.986148119693496|31.9495180200949|-0.746337890625|0.514404296875|-0.34619140625|1.40380859375|0.8544921875|2.166748046875|-1.234067841880342|38.256103098290595|-39.915388431013426
2026-01-29 04:29:23.848944+00:00|29.97446397968332|32.780436771702796|33.547072104584856|29.986148119693496|31.961259732492522|-0.731689453125|0.533447265625|-0.35498046875|-2.25830078125|2.62451171875|0.0|0.0|40.19535256410256|-40.764652014652015
2026-01-29 04:29:23.907717+00:00|29.97446397968332|32.77651142646067|33.53132125522927|29.978358666745123|31.93777675349361|-0.746826171875|0.54248046875|-0.331298828125|-1.953125|2.74658203125|-0.06103515625|-0.7051816239316239|39.13758012820512|-41.44406288156288
2026-01-29 04:29:23.966409+00:00|29.978358666745123|32.788287640427825|33.53132125522927|29.958885493113655|31.953431874632713|-0.736572265625|0.527587890625|-0.351806640625|-1.15966796875|1.89208984375|0.579833984375|-1.234067841880342|37.90351228632478|-40.25509386446887
2026-01-29 04:29:24.025243+00:00|29.97056931883526|32.788287640427825|33.543134289522754|29.978358666745123|31.9495180200949|-0.740966796875|0.537841796875|-0.35595703125|-1.03759765625|1.953125|-0.30517578125|-0.8814770299145299|40.01905715811966|-39.915388431013426
2026-01-29 04:29:24.084068+00:00|29.97056931883526|32.780436771702796|33.53919654297442|29.962780075596413|31.945604215090043|-0.738525390625|0.533935546875|-0.3271484375|-0.91552734375|2.471923828125|-0.1220703125|-1.0577724358974359|39.84276175213675|-39.066124847374844
2026-01-29 04:29:24.142742+00:00|29.966674684154953|32.780436771702796|33.535258864892285|29.962780075596413|31.9495180200949|-0.742431640625|0.550048828125|-0.3486328125|-1.068115234375|2.410888671875|-0.152587890625|-0.8814770299145299|38.96128472222222|-40.93450473137973
2026-01-29 04:29:24.201467+00:00|29.951096406191652|32.768660913983695|33.543134289522754|29.958885493113655|31.953431874632713|-0.746337890625|0.51953125|-0.330078125|-1.46484375|2.50244140625|0.18310546875|-0.8814770299145299|38.608693910256406|-40.25509386446887
2026-01-29 04:29:24.260274+00:00|29.958885493113655|32.76473574665533|33.52344624097168|29.951096406191652|31.92212242265697|-0.727294921875|0.557861328125|-0.3427734375|-2.105712890625|2.8076171875|-0.152587890625|-0.5288862179487179|38.608693910256406|-40.25509386446887
2026-01-29 04:29:24.318719+00:00|29.954990936660693|32.7725861405699|33.52738371393821|29.943307423021224|31.910382191381643|-0.7333984375|0.53173828125|-0.34765625|0.67138671875|1.373291015625|0.91552734375|1.0577724358974359|38.07980769230769|-39.74553571428571
2026-01-29 04:29:24.377939+00:00|29.943307423021224|32.76081063853803|33.53132125522927|29.943307423021224|31.91820896308502|-0.741943359375|0.52978515625|-0.33642578125|-1.922607421875|2.044677734375|0.54931640625|-0.7051816239316239|38.4323985042735|-40.42494658119658
2026-01-29 04:29:24.436854+00:00|29.93551854323465|32.76081063853803|33.53132125522927|29.939412970227977|31.93777675349361|-0.7216796875|0.5302734375|-0.3759765625|-2.13623046875|2.288818359375|-0.9765625|0.0|38.78498931623931|-41.10435744810745
2026-01-29 04:29:24.495677+00:00|29.93551854323465|32.75688558958507|33.52738371393821|29.93551854323465|31.93777675349361|-0.72607421875|0.5283203125|-0.367919921875|-0.1220703125|1.251220703125|0.885009765625|-1.5866586538461538|39.66646634615385|-40.5947992979243
2026-01-29 04:29:24.555149+00:00|29.916046793659746|32.752960599749656|33.535258864892285|29.931624141995542|31.926035931437525|-0.73681640625|0.5283203125|-0.346923828125|0.030517578125|1.617431640625|1.434326171875|-0.17629540598290597|38.608693910256406|-40.93450473137973
2026-01-29 04:29:24.613912+00:00|29.916046793659746|32.74511079724499|33.51950883628251|29.919941092342413|31.90255561595643|-0.73388671875|0.546630859375|-0.326416015625|-4.21142578125|3.509521484375|-1.434326171875|0.7051816239316239|37.37462606837607|-41.10435744810745
2026-01-29 04:29:24.673330+00:00|29.916046793659746|32.74511079724499|33.52344624097168|29.904364050572894|31.93777675349361|-0.732177734375|0.543212890625|-0.346923828125|0.152587890625|1.617431640625|0.152587890625|0.0|38.07980769230769|-41.10435744810745
2026-01-29 04:29:24.732059+00:00|29.912152520501195|32.752960599749656|33.52344624097168|29.90046985371123|31.910382191381643|-0.74365234375|0.538330078125|-0.34130859375|-1.3427734375|2.3193359375|0.3662109375|-2.1155448717948717|37.72721688034188|-40.42494658119658
2026-01-29 04:29:24.790844+00:00|29.90046985371123|32.74118598448206|33.52344624097168|29.904364050572894|31.90255561595643|-0.740478515625|0.5419921875|-0.33837890625|-1.40380859375|2.3193359375|0.274658203125|0.17629540598290597|37.55092147435897|-41.953621031746025
2026-01-29 04:29:24.850182+00:00|29.892681535962936|32.73726123064989|33.52344624097168|29.896575682189905|31.910382191381643|-0.73291015625|0.540771484375|-0.344482421875|-1.64794921875|2.593994140625|-0.213623046875|-0.5288862179487179|37.19833066239316|-40.93450473137973
2026-01-29 04:29:24.909617+00:00|29.892681535962936|32.733336535701596|33.52344624097168|29.88878741498428|31.914295552675412|-0.738037109375|0.5380859375|-0.33984375|-0.91552734375|2.349853515625|0.06103515625|-0.8814770299145299|38.256103098290595|-40.25509386446887
2026-01-29 04:29:24.968501+00:00|29.880999248588523|32.733336535701596|33.52738371393821|29.88878741498428|31.910382191381643|-0.745361328125|0.535888671875|-0.333740234375|-1.251220703125|2.410888671875|-0.06103515625|-0.5288862179487179|38.256103098290595|-40.25509386446887
2026-01-29 04:29:25.027332+00:00|29.869317187208708|32.72156280369347|33.51950883628251|29.880999248588523|31.90255561595643|-0.73876953125|0.538818359375|-0.340576171875|-1.068115234375|2.5634765625|0.06103515625|-0.5288862179487179|37.55092147435897|-41.613915598290596
2026-01-29 04:29:25.086731+00:00|29.869317187208708|32.72156280369347|33.51950883628251|29.869317187208708|31.914295552675412|-0.737060546875|0.53515625|-0.339111328125|-1.007080078125|2.227783203125|0.1220703125|-1.234067841880342|38.96128472222222|-40.5947992979243
2026-01-29 04:29:25.145562+00:00|29.873211182634748|32.72548732227017|33.503759899355146|29.861529271228505|31.88299003367888|-0.740966796875|0.536376953125|-0.333740234375|-1.190185546875|2.5634765625|-0.091552734375|0.17629540598290597|38.608693910256406|-40.93450473137973
2026-01-29 04:29:25.204450+00:00|29.86542321675529|32.733336535701596|33.52344624097168|29.86542321675529|31.886903052458422|-0.73681640625|0.541015625|-0.33447265625|-1.28173828125|2.5634765625|0.030517578125|1.0577724358974359|37.72721688034188|-40.42494658119658
2026-01-29 04:29:25.263189+00:00|29.861529271228505|32.729411899590616|33.51950883628251|29.869317187208708|31.886903052458422|-0.7373046875|0.5419921875|-0.348388671875|-1.220703125|2.50244140625|0.06103515625|-1.4103632478632477|37.72721688034188|-39.066124847374844
2026-01-29 04:29:25.322076+00:00|29.861529271228505|32.72156280369347|33.51950883628251|29.86542321675529|31.88299003367888|-0.744140625|0.53662109375|-0.327880859375|-1.068115234375|2.655029296875|0.030517578125|0.0|37.37462606837607|-40.42494658119658
2026-01-29 04:29:25.381541+00:00|29.849847583748215|32.717638343813974|33.511634231547475|29.853741454770898|31.886903052458422|-0.739990234375|0.536376953125|-0.3447265625|-1.190185546875|2.197265625|0.0|-0.17629540598290597|38.608693910256406|-41.953621031746025
2026-01-29 04:29:25.440650+00:00|29.84205991588516|32.70978959995921|33.511634231547475|29.853741454770898|31.88299003367888|-0.733642578125|0.540771484375|-0.349365234375|-1.220703125|2.532958984375|0.152587890625|-1.0577724358974359|38.4323985042735|-39.40583028083028
2026-01-29 04:29:25.500321+00:00|29.84205991588516|32.70978959995921|33.503759899355146|29.849847583748215|31.886903052458422|-0.742919921875|0.540771484375|-0.340087890625|-1.40380859375|2.227783203125|0.213623046875|-0.5288862179487179|38.608693910256406|-41.27421016483516
2026-01-29 04:29:25.559785+00:00|29.84595373746822|32.717638343813974|33.503759899355146|29.838166118952756|31.879077063644445|-0.743408203125|0.538818359375|-0.33984375|-1.617431640625|2.655029296875|-0.30517578125|-0.5288862179487179|39.313875534188035|-41.613915598290596
2026-01-29 04:29:25.618561+00:00|29.849847583748215|32.71371394258466|33.511634231547475|29.84205991588516|31.886903052458422|-0.731689453125|0.533447265625|-0.356201171875|-1.129150390625|2.349853515625|0.213623046875|-0.35259081196581193|39.84276175213675|-40.764652014652015
2026-01-29 04:29:25.677742+00:00|29.84205991588516|32.717638343813974|33.511634231547475|29.849847583748215|31.894729236438877|-0.735595703125|0.5400390625|-0.339111328125|-1.0986328125|2.38037109375|0.1220703125|-0.35259081196581193|37.72721688034188|-41.10435744810745
2026-01-29 04:29:25.736489+00:00|29.838166118952756|32.717638343813974|33.507697031407076|29.838166118952756|31.90255561595643|-0.749267578125|0.5498046875|-0.353271484375|-1.495361328125|2.50244140625|-0.244140625|-1.5866586538461538|38.96128472222222|-41.27421016483516
2026-01-29 04:29:25.795351+00:00|29.838166118952756|32.717638343813974|33.507697031407076|29.84205991588516|31.871251269626555|-0.732421875|0.53173828125|-0.328125|-1.068115234375|2.410888671875|-0.152587890625|0.17629540598290597|38.96128472222222|-39.915388431013426
2026-01-29 04:29:25.854735+00:00|29.818697502444365|32.70978959995921|33.507697031407076|29.84205991588516|31.89864240173233|-0.735107421875|0.5458984375|-0.3447265625|-1.312255859375|2.227783203125|-0.06103515625|-1.0577724358974359|38.78498931623931|-39.74553571428571
2026-01-29 04:29:25.913590+00:00|29.826484875600954|32.70586531589055|33.49588583932797|29.84205991588516|31.906468879157387|-0.736328125|0.53955078125|-0.33349609375|-1.129150390625|2.44140625|-0.091552734375|-1.4103632478632477|38.07980769230769|-40.08524114774115
2026-01-29 04:29:25.972340+00:00|29.838166118952756|32.70978959995921|33.49588583932797|29.826484875600954|31.886903052458422|-0.736083984375|0.537109375|-0.339599609375|-0.9765625|2.166748046875|0.213623046875|-0.8814770299145299|38.608693910256406|-41.613915598290596
2026-01-29 04:29:26.031014+00:00|29.834272346625312|32.717638343813974|33.503759899355146|29.834272346625312|31.87516414230919|-0.736083984375|0.536865234375|-0.34375|-1.3427734375|2.3193359375|0.0|-0.17629540598290597|38.96128472222222|-40.93450473137973
2026-01-29 04:29:26.089725+00:00|29.838166118952756|32.71371394258466|33.507697031407076|29.838166118952756|31.879077063644445|-0.730712890625|0.54541015625|-0.330078125|-1.434326171875|2.471923828125|0.0|0.8814770299145299|39.66646634615385|-41.953621031746025
2026-01-29 04:29:26.148562+00:00|29.83037859885667|32.717638343813974|33.503759899355146|29.826484875600954|31.89864240173233|-0.7392578125|0.5419921875|-0.338623046875|-1.373291015625|2.38037109375|0.091552734375|0.8814770299145299|37.55092147435897|-41.613915598290596
2026-01-29 04:29:26.207891+00:00|29.834272346625312|32.70978959995921|33.503759899355146|29.84595373746822|31.906468879157387|-0.74169921875|0.531982421875|-0.334716796875|-1.46484375|2.532958984375|-0.30517578125|-0.5288862179487179|38.96128472222222|-40.5947992979243
2026-01-29 04:29:26.267149+00:00|29.822591176812296|32.71371394258466|33.49982283534456|29.838166118952756|31.894729236438877|-0.737548828125|0.537841796875|-0.344970703125|-1.251220703125|2.593994140625|-0.091552734375|-1.5866586538461538|38.256103098290595|-41.953621031746025
2026-01-29 04:29:26.326126+00:00|29.834272346625312|32.70978959995921|33.48801205108799|29.834272346625312|31.89864240173233|-0.739013671875|0.539306640625|-0.33837890625|-1.312255859375|2.50244140625|0.0|0.0|39.13758012820512|-40.08524114774115
2026-01-29 04:29:26.385063+00:00|29.84205991588516|32.717638343813974|33.49194891125819|29.822591176812296|31.871251269626555|-0.730224609375|0.53662109375|-0.338623046875|-1.007080078125|2.166748046875|-0.030517578125|-0.8814770299145299|39.66646634615385|-40.5947992979243
2026-01-29 04:29:26.444775+00:00|29.838166118952756|32.72548732227017|33.503759899355146|29.84205991588516|31.863425670034076|-0.73291015625|0.53466796875|-0.340087890625|-1.312255859375|2.227783203125|-0.152587890625|-0.7051816239316239|37.37462606837607|-40.764652014652015
2026-01-29 04:29:26.504054+00:00|29.838166118952756|32.72156280369347|33.503759899355146|29.84205991588516|31.89864240173233|-0.73681640625|0.537841796875|-0.340576171875|-1.373291015625|2.349853515625|0.0|-0.5288862179487179|38.256103098290595|-41.27421016483516
2026-01-29 04:29:26.563152+00:00|29.838166118952756|32.72548732227017|33.503759899355146|29.838166118952756|31.890816120029626|-0.739501953125|0.538330078125|-0.3427734375|-1.251220703125|2.410888671875|0.335693359375|0.8814770299145299|38.256103098290595|-42.29332646520146
2026-01-29 04:29:26.622211+00:00|29.838166118952756|32.729411899590616|33.49982283534456|29.84205991588516|31.906468879157387|-0.738525390625|0.5400390625|-0.33935546875|-1.251220703125|2.3193359375|-0.244140625|0.17629540598290597|38.608693910256406|-40.25509386446887
2026-01-29 04:29:26.681416+00:00|29.834272346625312|32.729411899590616|33.49588583932797|29.849847583748215|31.88299003367888|-0.74267578125|0.5400390625|-0.341796875|-1.251220703125|2.50244140625|0.030517578125|0.17629540598290597|38.608693910256406|-41.613915598290596
2026-01-29 04:29:26.740681+00:00|29.83037859885667|32.72548732227017|33.49194891125819|29.849847583748215|31.910382191381643|-0.73583984375|0.53662109375|-0.3408203125|-1.28173828125|2.593994140625|0.152587890625|0.0|39.13758012820512|-41.783768315018314
2026-01-29 04:29:26.799726+00:00|29.84595373746822|32.71371394258466|33.48801205108799|29.834272346625312|31.906468879157387|-0.736572265625|0.539306640625|-0.334228515625|-1.678466796875|2.38037109375|-0.06103515625|-0.7051816239316239|38.07980769230769|-40.42494658119658
2026-01-29 04:29:26.859088+00:00|29.84205991588516|32.73726123064989|33.48801205108799|29.838166118952756|31.88299003367888|-0.74169921875|0.5361328125|-0.342041015625|0.06103515625|2.13623046875|0.518798828125|-0.17629540598290597|38.256103098290595|-41.27421016483516
2026-01-29 04:29:26.918169+00:00|29.849847583748215|32.729411899590616|33.503759899355146|29.849847583748215|31.894729236438877|-0.73583984375|0.547119140625|-0.33740234375|-1.28173828125|2.50244140625|0.244140625|-0.17629540598290597|37.90351228632478|-40.93450473137973
2026-01-29 04:29:26.977374+00:00|29.853741454770898|32.733336535701596|33.49588583932797|29.849847583748215|31.910382191381643|-0.744873046875|0.54150390625|-0.34033203125|-1.0986328125|2.0751953125|0.1220703125|0.17629540598290597|38.96128472222222|-41.613915598290596
2026-01-29 04:29:27.036565+00:00|29.853741454770898|32.73726123064989|33.49588583932797|29.849847583748215|31.906468879157387|-0.73779296875|0.536865234375|-0.340087890625|-0.9765625|2.01416015625|0.091552734375|0.0|38.07980769230769|-41.783768315018314
2026-01-29 04:29:27.095798+00:00|29.849847583748215|32.74118598448206|33.507697031407076|29.849847583748215|31.90255561595643|-0.73291015625|0.535400390625|-0.343017578125|-1.52587890625|2.5634765625|-0.274658203125|-0.5288862179487179|37.90351228632478|-40.25509386446887
2026-01-29 04:29:27.154826+00:00|29.84205991588516|32.733336535701596|33.49588583932797|29.849847583748215|31.910382191381643|-0.73876953125|0.5419921875|-0.336669921875|-1.40380859375|2.38037109375|-0.06103515625|-0.7051816239316239|38.78498931623931|-39.74553571428571
2026-01-29 04:29:27.214107+00:00|29.849847583748215|32.73726123064989|33.48801205108799|29.861529271228505|31.90255561595643|-0.733642578125|0.538330078125|-0.338623046875|-1.5869140625|2.532958984375|0.18310546875|-0.8814770299145299|39.66646634615385|-41.613915598290596
2026-01-29 04:29:27.273119+00:00|29.857635350582314|32.73726123064989|33.49194891125819|29.861529271228505|31.910382191381643|-0.73779296875|0.536376953125|-0.33935546875|-1.220703125|2.13623046875|0.48828125|-0.35259081196581193|39.49017094017094|-41.44406288156288
2026-01-29 04:29:27.332570+00:00|29.857635350582314|32.74903566898536|33.49588583932797|29.84595373746822|31.894729236438877|-0.741455078125|0.5380859375|-0.344970703125|-1.190185546875|2.13623046875|-0.06103515625|-1.234067841880342|38.608693910256406|-40.25509386446887
2026-01-29 04:29:27.391461+00:00|29.861529271228505|32.74511079724499|33.49588583932797|29.86542321675529|31.890816120029626|-0.74169921875|0.539306640625|-0.345458984375|-1.46484375|2.471923828125|-0.06103515625|-0.5288862179487179|38.256103098290595|-40.93450473137973
2026-01-29 04:29:27.450726+00:00|29.861529271228505|32.752960599749656|33.503759899355146|29.873211182634748|31.92212242265697|-0.73486328125|0.540283203125|-0.333740234375|-1.46484375|2.197265625|0.091552734375|0.35259081196581193|37.72721688034188|-40.42494658119658
2026-01-29 04:29:27.510173+00:00|29.861529271228505|32.752960599749656|33.49194891125819|29.873211182634748|31.914295552675412|-0.73974609375|0.53759765625|-0.335205078125|-1.28173828125|2.349853515625|0.06103515625|-0.8814770299145299|39.313875534188035|-40.93450473137973
2026-01-29 04:29:27.569263+00:00|29.869317187208708|32.752960599749656|33.49588583932797|29.877105203079395|31.91820896308502|-0.735595703125|0.537109375|-0.33837890625|-1.190185546875|2.38037109375|-0.1220703125|-0.5288862179487179|38.608693910256406|-41.613915598290596
2026-01-29 04:29:27.628202+00:00|29.857635350582314|32.74118598448206|33.49982283534456|29.869317187208708|31.914295552675412|-0.737060546875|0.5361328125|-0.34033203125|-1.190185546875|2.38037109375|0.0|-1.234067841880342|38.96128472222222|-41.27421016483516
2026-01-29 04:29:27.687174+00:00|29.86542321675529|32.752960599749656|33.48801205108799|29.877105203079395|31.933863096809432|-0.742919921875|0.54052734375|-0.3427734375|-0.946044921875|2.38037109375|-0.06103515625|-0.8814770299145299|38.608693910256406|-40.5947992979243
2026-01-29 04:29:27.746208+00:00|29.880999248588523|32.76473574665533|33.48407525877019|29.873211182634748|31.914295552675412|-0.73486328125|0.537109375|-0.343017578125|-1.129150390625|1.983642578125|0.274658203125|0.5288862179487179|38.608693910256406|-41.953621031746025
2026-01-29 04:29:27.805244+00:00|29.873211182634748|32.7725861405699|33.49982283534456|29.880999248588523|31.91820896308502|-0.73583984375|0.533447265625|-0.344970703125|-1.52587890625|2.593994140625|0.1220703125|-0.5288862179487179|39.66646634615385|-40.25509386446887
2026-01-29 04:29:27.864178+00:00|29.880999248588523|32.768660913983695|33.49194891125819|29.88878741498428|31.941690459571646|-0.734619140625|0.540771484375|-0.335693359375|-1.28173828125|2.349853515625|-0.213623046875|0.35259081196581193|37.37462606837607|-39.74553571428571
2026-01-29 04:29:27.923275+00:00|29.88878741498428|32.7725861405699|33.49982283534456|29.88878741498428|31.93777675349361|-0.73974609375|0.53759765625|-0.33935546875|-1.220703125|2.25830078125|0.030517578125|-1.5866586538461538|38.256103098290595|-41.27421016483516
2026-01-29 04:29:27.982229+00:00|29.884893319208174|32.77651142646067|33.48801205108799|29.88878741498428|31.92212242265697|-0.73681640625|0.538330078125|-0.342041015625|-1.312255859375|2.288818359375|0.030517578125|-1.5866586538461538|38.96128472222222|-41.27421016483516
2026-01-29 04:29:28.041184+00:00|29.880999248588523|32.768660913983695|33.49194891125819|29.896575682189905|31.92212242265697|-0.73583984375|0.539794921875|-0.33740234375|-1.03759765625|2.227783203125|-0.244140625|-0.35259081196581193|38.4323985042735|-40.42494658119658
2026-01-29 04:29:28.100112+00:00|29.88878741498428|32.76473574665533|33.48801205108799|29.884893319208174|31.93777675349361|-0.740234375|0.5341796875|-0.337158203125|-0.9765625|2.288818359375|-0.091552734375|-1.234067841880342|39.313875534188035|-40.25509386446887
2026-01-29 04:29:28.159175+00:00|29.892681535962936|32.78436217634294|33.48407525877019|29.892681535962936|31.933863096809432|-0.739013671875|0.53662109375|-0.344970703125|-1.0986328125|2.38037109375|-0.152587890625|0.35259081196581193|39.49017094017094|-41.44406288156288
2026-01-29 04:29:28.218068+00:00|29.896575682189905|32.78436217634294|33.49194891125819|29.896575682189905|31.92212242265697|-0.73193359375|0.5390625|-0.339599609375|-1.0986328125|2.685546875|-0.1220703125|-1.0577724358974359|38.78498931623931|-40.764652014652015
2026-01-29 04:29:28.277106+00:00|29.896575682189905|32.788287640427825|33.49588583932797|29.904364050572894|31.957345778749755|-0.73486328125|0.535888671875|-0.3369140625|-1.251220703125|2.410888671875|-0.1220703125|-0.5288862179487179|38.256103098290595|-40.5947992979243
2026-01-29 04:29:28.336144+00:00|29.896575682189905|32.788287640427825|33.49982283534456|29.90046985371123|31.953431874632713|-0.73876953125|0.536376953125|-0.338623046875|-1.0986328125|2.288818359375|0.213623046875|0.5288862179487179|38.608693910256406|-41.27421016483516
2026-01-29 04:29:28.395089+00:00|29.896575682189905|32.788287640427825|33.49588583932797|29.908258272820888|31.926035931437525|-0.73681640625|0.53515625|-0.341552734375|-1.190185546875|2.197265625|0.030517578125|0.35259081196581193|38.07980769230769|-40.764652014652015
2026-01-29 04:29:28.454290+00:00|29.892681535962936|32.78436217634294|33.49194891125819|29.912152520501195|31.945604215090043|-0.735595703125|0.535400390625|-0.338134765625|-1.312255859375|2.13623046875|-0.030517578125|-0.5288862179487179|38.256103098290595|-40.93450473137973
2026-01-29 04:29:28.513398+00:00|29.908258272820888|32.79221316400441|33.48801205108799|29.90046985371123|31.957345778749755|-0.73974609375|0.542724609375|-0.34326171875|-1.15966796875|2.50244140625|-0.152587890625|-0.8814770299145299|38.96128472222222|-41.613915598290596
2026-01-29 04:29:28.572216+00:00|29.912152520501195|32.79221316400441|33.48801205108799|29.908258272820888|31.9495180200949|-0.7333984375|0.536376953125|-0.33837890625|-1.46484375|2.197265625|0.091552734375|-0.17629540598290597|39.313875534188035|-40.93450473137973
2026-01-29 04:29:28.630823+00:00|29.916046793659746|32.80006438981911|33.49194891125819|29.916046793659746|31.93777675349361|-0.7373046875|0.537109375|-0.340087890625|-1.0986328125|2.3193359375|0.1220703125|-0.17629540598290597|37.19833066239316|-39.57568299755799
2026-01-29 04:29:28.689476+00:00|29.912152520501195|32.79613874711913|33.49194891125819|29.919941092342413|31.957345778749755|-0.73388671875|0.53759765625|-0.340087890625|-1.46484375|2.288818359375|0.0|0.17629540598290597|37.90351228632478|-40.5947992979243
2026-01-29 04:29:28.747934+00:00|29.919941092342413|32.80006438981911|33.49194891125819|29.919941092342413|31.945604215090043|-0.7373046875|0.538330078125|-0.343994140625|-1.220703125|2.410888671875|0.152587890625|-0.17629540598290597|37.55092147435897|-40.93450473137973
2026-01-29 04:29:28.806930+00:00|29.919941092342413|32.79613874711913|33.48801205108799|29.919941092342413|31.941690459571646|-0.741455078125|0.534423828125|-0.339599609375|-1.373291015625|2.593994140625|0.152587890625|-1.4103632478632477|39.49017094017094|-40.764652014652015
2026-01-29 04:29:28.865768+00:00|29.919941092342413|32.79613874711913|33.48407525877019|29.919941092342413|31.965173735907285|-0.7353515625|0.538818359375|-0.33740234375|-1.434326171875|2.3193359375|-0.1220703125|-1.4103632478632477|37.37462606837607|-39.40583028083028
2026-01-29 04:29:28.924806+00:00|29.931624141995542|32.81576755740457|33.49982283534456|29.923835416595296|31.9495180200949|-0.7392578125|0.5390625|-0.3388671875|-1.03759765625|2.3193359375|0.1220703125|-0.35259081196581193|37.72721688034188|-40.764652014652015
2026-01-29 04:29:28.983959+00:00|29.931624141995542|32.811841675896744|33.49588583932797|29.93551854323465|31.953431874632713|-0.740234375|0.53857421875|-0.334716796875|-1.312255859375|2.50244140625|-0.091552734375|-1.4103632478632477|37.72721688034188|-40.764652014652015
2026-01-29 04:29:29.042672+00:00|29.93551854323465|32.81576755740457|33.49588583932797|29.939412970227977|31.976916044646543|-0.73486328125|0.53857421875|-0.336181640625|-1.373291015625|2.38037109375|0.244140625|-0.35259081196581193|38.4323985042735|-40.42494658119658
2026-01-29 04:29:29.101363+00:00|29.939412970227977|32.81576755740457|33.49194891125819|29.939412970227977|31.961259732492522|-0.735107421875|0.539306640625|-0.337646484375|-1.28173828125|2.777099609375|0.0|0.7051816239316239|38.78498931623931|-40.42494658119658
2026-01-29 04:29:29.160430+00:00|29.93551854323465|32.81969349873117|33.48801205108799|29.954990936660693|31.961259732492522|-0.734130859375|0.537109375|-0.339111328125|-1.15966796875|1.983642578125|-0.244140625|-1.234067841880342|37.55092147435897|-40.5947992979243
2026-01-29 04:29:29.219245+00:00|29.93551854323465|32.81969349873117|33.48407525877019|29.939412970227977|31.969087789040316|-0.73876953125|0.535888671875|-0.3388671875|-0.91552734375|2.25830078125|-0.06103515625|-0.35259081196581193|38.4323985042735|-40.42494658119658
2026-01-29 04:29:29.277999+00:00|29.951096406191652|32.82754556102833|33.49194891125819|29.943307423021224|31.976916044646543|-0.737060546875|0.537353515625|-0.342529296875|-1.251220703125|2.288818359375|0.091552734375|0.0|38.78498931623931|-41.44406288156288
2026-01-29 04:29:29.336800+00:00|29.951096406191652|32.83147168209223|33.49982283534456|29.958885493113655|31.965173735907285|-0.7353515625|0.540771484375|-0.341064453125|-1.068115234375|2.410888671875|0.18310546875|-1.234067841880342|38.608693910256406|-41.27421016483516
2026-01-29 04:29:29.395464+00:00|29.958885493113655|32.83932410428474|33.49982283534456|29.958885493113655|31.976916044646543|-0.7421875|0.538818359375|-0.330322265625|-1.495361328125|2.410888671875|-0.06103515625|-0.7051816239316239|38.4323985042735|-40.42494658119658
2026-01-29 04:29:29.454284+00:00|29.962780075596413|32.83932410428474|33.49982283534456|29.962780075596413|31.992573154518652|-0.738037109375|0.537841796875|-0.34033203125|-1.220703125|2.288818359375|-0.213623046875|-0.17629540598290597|38.256103098290595|-41.613915598290596
2026-01-29 04:29:29.513339+00:00|29.951096406191652|32.83147168209223|33.49588583932797|29.97446397968332|31.988658802102293|-0.73681640625|0.53759765625|-0.34423828125|-1.251220703125|2.50244140625|-0.1220703125|-0.8814770299145299|37.90351228632478|-41.27421016483516
2026-01-29 04:29:29.572942+00:00|29.966674684154953|32.83932410428474|33.48801205108799|29.97056931883526|31.996487556977797|-0.73486328125|0.536865234375|-0.33642578125|-1.220703125|2.74658203125|-0.152587890625|-0.7051816239316239|39.13758012820512|-41.44406288156288
2026-01-29 04:29:29.631781+00:00|29.966674684154953|32.84325040550698|33.48801205108799|29.966674684154953|31.992573154518652|-0.73486328125|0.5419921875|-0.3359375|-1.251220703125|2.532958984375|-0.06103515625|-0.5288862179487179|38.608693910256406|-41.613915598290596
2026-01-29 04:29:29.690686+00:00|29.97446397968332|32.85502967023865|33.49194891125819|29.97446397968332|32.00431651220981|-0.737548828125|0.538818359375|-0.34423828125|-1.15966796875|2.105712890625|0.091552734375|-0.17629540598290597|38.256103098290595|-39.23597756410256
2026-01-29 04:29:29.749492+00:00|29.97446397968332|32.8589562123268|33.49588583932797|29.978358666745123|31.996487556977797|-0.73828125|0.5380859375|-0.343017578125|-1.220703125|2.166748046875|-0.274658203125|0.7051816239316239|38.4323985042735|-40.08524114774115
2026-01-29 04:29:29.808487+00:00|29.98225338006648|32.85502967023865|33.49194891125819|29.99393767804827|32.02388977928467|-0.74267578125|0.53564453125|-0.341064453125|-1.28173828125|2.349853515625|0.1220703125|-0.7051816239316239|38.4323985042735|-42.463179181929185
2026-01-29 04:29:29.867445+00:00|29.990042885672153|32.8628828147485|33.49982283534456|29.990042885672153|32.00431651220981|-0.73828125|0.5400390625|-0.337890625|-1.40380859375|2.50244140625|0.274658203125|-0.17629540598290597|39.66646634615385|-41.27421016483516
2026-01-29 04:29:29.926296+00:00|29.978358666745123|32.85502967023865|33.49588583932797|29.99393767804827|32.012145668169524|-0.74169921875|0.541259765625|-0.33251953125|-1.373291015625|2.593994140625|0.0|-1.0577724358974359|38.07980769230769|-41.10435744810745
2026-01-29 04:29:29.985269+00:00|29.986148119693496|32.85502967023865|33.49194891125819|29.997832496867943|32.000402009526|-0.733642578125|0.536376953125|-0.337646484375|-1.129150390625|2.166748046875|-0.06103515625|0.35259081196581193|38.78498931623931|-40.764652014652015
2026-01-29 04:29:30.043886+00:00|29.99393767804827|32.87073620077945|33.49194891125819|29.997832496867943|32.00431651220981|-0.739013671875|0.5380859375|-0.3388671875|-1.3427734375|2.3193359375|0.30517578125|0.17629540598290597|38.608693910256406|-39.915388431013426
2026-01-29 04:29:30.102682+00:00|30.005622214021685|32.87073620077945|33.49982283534456|30.005622214021685|32.008231065075506|-0.744384765625|0.536376953125|-0.34423828125|-1.556396484375|2.44140625|0.3662109375|-0.17629540598290597|38.608693910256406|-39.57568299755799
2026-01-29 04:29:30.161562+00:00|30.00172734217705|32.866809477550476|33.49588583932797|30.017306989227848|32.000402009526|-0.73486328125|0.541015625|-0.341552734375|-1.15966796875|2.50244140625|-0.30517578125|-1.234067841880342|38.256103098290595|-40.93450473137973
2026-01-29 04:29:30.220621+00:00|30.009517112447725|32.87466298448231|33.503759899355146|30.017306989227848|32.02388977928467|-0.73486328125|0.5390625|-0.341064453125|-1.007080078125|1.922607421875|-0.06103515625|-1.4103632478632477|38.78498931623931|-40.08524114774115
2026-01-29 04:29:30.279483+00:00|30.005622214021685|32.87466298448231|33.49588583932797|30.021201967673903|32.039549300113606|-0.74072265625|0.5400390625|-0.33935546875|-1.434326171875|2.593994140625|0.48828125|-1.0577724358974359|40.19535256410256|-40.764652014652015
2026-01-29 04:29:30.338532+00:00|30.013412037501155|32.87466298448231|33.49588583932797|30.028992004907707|32.02780458375531|-0.73876953125|0.531494140625|-0.336181640625|-1.3427734375|2.62451171875|0.30517578125|-0.35259081196581193|38.4323985042735|-41.44406288156288
2026-01-29 04:29:30.397387+00:00|30.021201967673903|32.88251673349697|33.48407525877019|30.021201967673903|32.02388977928467|-0.74169921875|0.537109375|-0.340576171875|-1.0986328125|2.38037109375|-0.518798828125|-0.5288862179487179|39.313875534188035|-40.25509386446887
2026-01-29 04:29:30.456174+00:00|30.025096972885194|32.88251673349697|33.49982283534456|30.021201967673903|32.019975025227666|-0.742431640625|0.538818359375|-0.335205078125|-1.373291015625|2.166748046875|-0.335693359375|-0.5288862179487179|37.90351228632478|-41.953621031746025
2026-01-29 04:29:30.515331+00:00|30.028992004907707|32.894297811742945|33.49982283534456|30.036782149570342|32.02780458375531|-0.736083984375|0.5419921875|-0.335693359375|-1.190185546875|2.471923828125|0.152587890625|-1.7629540598290598|38.07980769230769|-40.42494658119658
2026-01-29 04:29:30.574159+00:00|30.040677262302324|32.89037072496865|33.49588583932797|30.040677262302324|32.039549300113606|-0.73681640625|0.539306640625|-0.343505859375|-1.28173828125|2.349853515625|0.335693359375|-0.8814770299145299|38.256103098290595|-40.5947992979243
2026-01-29 04:29:30.632992+00:00|30.036782149570342|32.894297811742945|33.49588583932797|30.044572402029416|32.047379363938035|-0.73779296875|0.534912109375|-0.338134765625|-1.251220703125|2.410888671875|0.274658203125|-0.8814770299145299|37.90351228632478|-40.25509386446887
2026-01-29 04:29:30.691780+00:00|30.036782149570342|32.88644369890221|33.49588583932797|30.044572402029416|32.05912483998077|-0.737060546875|0.531494140625|-0.342041015625|-1.46484375|2.62451171875|0.335693359375|-0.17629540598290597|38.96128472222222|-42.29332646520146
2026-01-29 04:29:30.750536+00:00|30.040677262302324|32.894297811742945|33.49194891125819|30.048467568797605|32.05912483998077|-0.732421875|0.539306640625|-0.3427734375|-1.3427734375|2.349853515625|0.152587890625|-1.0577724358974359|39.49017094017094|-40.42494658119658
2026-01-29 04:29:30.810129+00:00|30.048467568797605|32.90607943678128|33.49194891125819|30.056257983640933|32.035634344123366|-0.734619140625|0.535400390625|-0.337890625|-0.9765625|2.410888671875|0.335693359375|-1.5866586538461538|38.96128472222222|-40.93450473137973
2026-01-29 04:29:30.869177+00:00|30.056257983640933|32.90607943678128|33.49982283534456|30.05236276265282|32.03171943868614|-0.73779296875|0.53759765625|-0.343017578125|-1.617431640625|2.593994140625|-0.091552734375|-0.7051816239316239|38.4323985042735|-41.44406288156288
2026-01-29 04:29:30.927913+00:00|30.0601532318081|32.91000676685536|33.49982283534456|30.0601532318081|32.047379363938035|-0.7373046875|0.536376953125|-0.338623046875|-1.251220703125|2.197265625|0.274658203125|-0.5288862179487179|37.90351228632478|-40.93450473137973
2026-01-29 04:29:30.987699+00:00|30.067943809862925|32.91393415787138|33.49982283534456|30.067943809862925|32.04346430670296|-0.73583984375|0.53515625|-0.33642578125|-1.220703125|2.74658203125|0.091552734375|-1.7629540598290598|39.13758012820512|-41.10435744810745
2026-01-29 04:29:31.046542+00:00|30.071839139842666|32.92178912291678|33.503759899355146|30.067943809862925|32.07087077350428|-0.7421875|0.538330078125|-0.345703125|-1.15966796875|2.62451171875|0.396728515625|-0.8814770299145299|38.608693910256406|-41.953621031746025
2026-01-29 04:29:31.105480+00:00|30.067943809862925|32.92178912291678|33.503759899355146|30.083525294142476|32.051294471865106|-0.7373046875|0.539306640625|-0.338134765625|-1.068115234375|2.105712890625|0.0|-0.35259081196581193|37.022035256410255|-41.44406288156288
2026-01-29 04:29:31.164511+00:00|30.064048507200084|32.91393415787138|33.49194891125819|30.083525294142476|32.05912483998077|-0.74365234375|0.537109375|-0.342529296875|-1.0986328125|2.3193359375|0.06103515625|-0.5288862179487179|38.608693910256406|-41.27421016483516
2026-01-29 04:29:31.223636+00:00|30.0913162011027|32.925716697039775|33.49194891125819|30.079629881936512|32.066955411421304|-0.73291015625|0.541259765625|-0.337890625|-1.068115234375|2.13623046875|0.152587890625|-0.5288862179487179|38.256103098290595|-40.5947992979243
2026-01-29 04:29:31.282832+00:00|30.0913162011027|32.92964433229207|33.503759899355146|30.075734497185294|32.07870165062752|-0.736083984375|0.5390625|-0.3388671875|-1.28173828125|2.227783203125|0.0|-0.17629540598290597|37.90351228632478|-41.27421016483516
2026-01-29 04:29:31.342280+00:00|30.095211695948706|32.93357202872039|33.507697031407076|30.099107218433346|32.06304010026224|-0.737060546875|0.54150390625|-0.3466796875|-1.15966796875|2.166748046875|0.1220703125|-1.0577724358974359|39.13758012820512|-41.44406288156288
2026-01-29 04:29:31.401674+00:00|30.099107218433346|32.92964433229207|33.503759899355146|30.099107218433346|32.08261716576067|-0.738037109375|0.535400390625|-0.34228515625|-1.0986328125|2.38037109375|-0.030517578125|-0.7051816239316239|39.49017094017094|-39.74553571428571
2026-01-29 04:29:31.460956+00:00|30.106898346502135|32.941427605293086|33.503759899355146|30.103002768602437|32.08261716576067|-0.742431640625|0.5390625|-0.336669921875|-1.190185546875|2.410888671875|0.1220703125|-0.7051816239316239|38.78498931623931|-40.42494658119658
2026-01-29 04:29:31.519871+00:00|30.099107218433346|32.94535548553091|33.503759899355146|30.1146895856769|32.090448349401925|-0.735107421875|0.539306640625|-0.342041015625|-1.373291015625|2.288818359375|-0.152587890625|-1.0577724358974359|39.49017094017094|-40.42494658119658
2026-01-29 04:29:31.579154+00:00|30.103002768602437|32.9374997863718|33.507697031407076|30.1146895856769|32.08653273200338|-0.73779296875|0.537353515625|-0.34033203125|-1.190185546875|2.532958984375|-0.06103515625|-0.7051816239316239|38.07980769230769|-41.783768315018314
2026-01-29 04:29:31.637751+00:00|30.106898346502135|32.941427605293086|33.49982283534456|30.1146895856769|32.09436401800292|-0.737548828125|0.538330078125|-0.33056640625|-1.0986328125|2.50244140625|-0.030517578125|1.0577724358974359|39.49017094017094|-41.44406288156288
2026-01-29 04:29:31.696954+00:00|30.11858524704394|32.95321143014411|33.503759899355146|30.11858524704394|32.11002720535822|-0.738037109375|0.538818359375|-0.34375|-1.0986328125|2.38037109375|0.213623046875|-1.7629540598290598|37.72721688034188|-41.10435744810745
2026-01-29 04:29:31.755576+00:00|30.122480936325303|32.94928342713234|33.503759899355146|30.122480936325303|32.08653273200338|-0.737548828125|0.5400390625|-0.343505859375|-1.068115234375|2.227783203125|-0.091552734375|-1.4103632478632477|40.19535256410256|-41.44406288156288
2026-01-29 04:29:31.814115+00:00|30.122480936325303|32.957139494613045|33.503759899355146|30.134168172115437|32.07870165062752|-0.73876953125|0.542724609375|-0.339111328125|-1.28173828125|2.44140625|0.0|-0.7051816239316239|38.4323985042735|-42.463179181929185
2026-01-29 04:29:31.873158+00:00|30.122480936325303|32.96106762058599|33.503759899355146|30.138063973513965|32.12177513577319|-0.7373046875|0.540771484375|-0.343994140625|-0.91552734375|2.44140625|-0.06103515625|-0.8814770299145299|37.90351228632478|-40.25509386446887
2026-01-29 04:29:31.932188+00:00|30.130272398815066|32.957139494613045|33.503759899355146|30.138063973513965|32.09827973785269|-0.738525390625|0.53955078125|-0.338623046875|-1.007080078125|2.410888671875|-0.030517578125|-0.7051816239316239|38.4323985042735|-40.08524114774115
2026-01-29 04:29:31.991052+00:00|30.130272398815066|32.96499580811002|33.49194891125819|30.138063973513965|32.11785910745641|-0.739013671875|0.536865234375|-0.34423828125|-1.03759765625|2.197265625|0.213623046875|0.7051816239316239|38.07980769230769|-41.783768315018314
2026-01-29 04:29:32.050304+00:00|30.141959803056693|32.96892405723162|33.49588583932797|30.134168172115437|32.11002720535822|-0.7392578125|0.5380859375|-0.339111328125|-1.40380859375|2.410888671875|0.06103515625|-0.35259081196581193|39.13758012820512|-40.764652014652015
2026-01-29 04:29:32.109485+00:00|30.145855660789607|32.972852367997916|33.507697031407076|30.145855660789607|32.12177513577319|-0.73779296875|0.53857421875|-0.342041015625|-1.3427734375|2.166748046875|0.030517578125|-1.234067841880342|38.96128472222222|-40.25509386446887
2026-01-29 04:29:32.168636+00:00|30.149751546758637|32.972852367997916|33.507697031407076|30.153647461009825|32.12177513577319|-0.73974609375|0.5361328125|-0.3427734375|-1.129150390625|2.13623046875|-0.030517578125|-1.234067841880342|37.90351228632478|-40.25509386446887
2026-01-29 04:29:32.227943+00:00|30.153647461009825|32.984637670633106|33.511634231547475|30.157543403589045|32.13743976524006|-0.734619140625|0.536376953125|-0.33837890625|-0.91552734375|2.44140625|0.335693359375|-1.4103632478632477|38.78498931623931|-40.764652014652015
2026-01-29 04:29:32.287165+00:00|30.153647461009825|32.98070917465179|33.511634231547475|30.157543403589045|32.1296073471737|-0.740966796875|0.539794921875|-0.345703125|-1.251220703125|2.410888671875|-0.06103515625|0.5288862179487179|39.313875534188035|-40.93450473137973
2026-01-29 04:29:32.346361+00:00|30.153647461009825|32.984637670633106|33.503759899355146|30.16533537391541|32.14135605188898|-0.737060546875|0.538818359375|-0.341064453125|-1.0986328125|2.532958984375|0.030517578125|-1.4103632478632477|37.72721688034188|-39.40583028083028
2026-01-29 04:29:32.405190+00:00|30.157543403589045|32.972852367997916|33.51557149982358|30.1692314017547|32.14135605188898|-0.73779296875|0.537353515625|-0.336181640625|-1.312255859375|2.197265625|-0.030517578125|-1.0577724358974359|38.78498931623931|-40.764652014652015
2026-01-29 04:29:32.464296+00:00|30.173127458105796|32.98070917465179|33.49982283534456|30.1692314017547|32.12569121566344|-0.73486328125|0.538330078125|-0.338623046875|-1.251220703125|2.288818359375|0.06103515625|-1.9392494658119657|38.96128472222222|-41.613915598290596
2026-01-29 04:29:32.523809+00:00|30.1692314017547|32.996423529757124|33.503759899355146|30.17702354301474|32.153105222855515|-0.7333984375|0.53564453125|-0.340576171875|-1.373291015625|2.38037109375|0.152587890625|-0.35259081196581193|38.4323985042735|-40.42494658119658
2026-01-29 04:29:32.582741+00:00|30.184815798690238|32.996423529757124|33.51557149982358|30.18091965652758|32.153105222855515|-0.741943359375|0.535888671875|-0.337158203125|-1.40380859375|2.410888671875|0.030517578125|0.5288862179487179|38.608693910256406|-41.27421016483516
2026-01-29 04:29:32.641780+00:00|30.17702354301474|32.996423529757124|33.511634231547475|30.184815798690238|32.14918878065026|-0.73681640625|0.53369140625|-0.345703125|-1.3427734375|2.777099609375|-0.030517578125|-1.9392494658119657|39.66646634615385|-40.25509386446887
2026-01-29 04:29:32.700808+00:00|30.18871196954865|32.996423529757124|33.507697031407076|30.196504397536785|32.15702171700576|-0.732177734375|0.539794921875|-0.339599609375|-1.03759765625|2.288818359375|0.0|0.17629540598290597|39.313875534188035|-41.953621031746025
2026-01-29 04:29:32.759740+00:00|30.184815798690238|33.00035227334803|33.51950883628251|30.200400654758482|32.16877151159076|-0.7421875|0.535888671875|-0.33984375|-0.9765625|2.227783203125|-0.457763671875|-2.64443108974359|37.90351228632478|-40.93450473137973
2026-01-29 04:29:32.818910+00:00|30.18091965652758|32.996423529757124|33.511634231547475|30.196504397536785|32.16093826314744|-0.736083984375|0.53564453125|-0.335693359375|-1.251220703125|2.3193359375|0.18310546875|-0.5288862179487179|38.96128472222222|-42.29332646520146
2026-01-29 04:29:32.878082+00:00|30.18871196954865|33.004281078958456|33.503759899355146|30.200400654758482|32.164854861326944|-0.73828125|0.536865234375|-0.343505859375|-1.190185546875|2.471923828125|0.30517578125|-0.5288862179487179|37.19833066239316|-39.915388431013426
2026-01-29 04:29:32.937145+00:00|30.200400654758482|33.01213887642564|33.511634231547475|30.196504397536785|32.164854861326944|-0.743896484375|0.53564453125|-0.341552734375|-1.007080078125|2.227783203125|-0.18310546875|-0.8814770299145299|38.96128472222222|-40.93450473137973
2026-01-29 04:29:32.995787+00:00|30.200400654758482|33.019996922533835|33.511634231547475|30.208193255886556|32.16093826314744|-0.74365234375|0.54052734375|-0.3388671875|-1.556396484375|2.410888671875|-0.274658203125|-0.5288862179487179|37.55092147435897|-40.25509386446887
2026-01-29 04:29:33.054723+00:00|30.208193255886556|33.01606786837618|33.511634231547475|30.204296940859592|32.17660496855689|-0.736083984375|0.531982421875|-0.341552734375|-1.312255859375|2.471923828125|0.18310546875|-1.5866586538461538|38.96128472222222|-41.27421016483516
2026-01-29 04:29:33.113766+00:00|30.208193255886556|33.02392603894543|33.511634231547475|30.208193255886556|32.17268821398528|-0.7353515625|0.544189453125|-0.337890625|-1.03759765625|2.349853515625|-0.18310546875|-0.8814770299145299|38.96128472222222|-41.27421016483516
2026-01-29 04:29:33.172716+00:00|30.208193255886556|33.02392603894543|33.51557149982358|30.215985972900967|32.19618952569789|-0.7333984375|0.53662109375|-0.335205078125|-1.15966796875|2.44140625|0.3662109375|0.17629540598290597|38.608693910256406|-40.5947992979243
2026-01-29 04:29:33.231689+00:00|30.21208959988502|33.019996922533835|33.51557149982358|30.215985972900967|32.1883555457992|-0.738037109375|0.5400390625|-0.33935546875|-1.28173828125|2.62451171875|0.30517578125|-1.5866586538461538|37.90351228632478|-41.27421016483516
2026-01-29 04:29:33.290579+00:00|30.215985972900967|33.02392603894543|33.511634231547475|30.21208959988502|32.16877151159076|-0.735595703125|0.540283203125|-0.3447265625|-1.129150390625|2.227783203125|0.152587890625|-0.8814770299145299|38.96128472222222|-40.25509386446887
2026-01-29 04:29:33.349476+00:00|30.215985972900967|33.03571376217326|33.511634231547475|30.215985972900967|32.17660496855689|-0.74365234375|0.543212890625|-0.34423828125|-1.190185546875|2.5634765625|-0.030517578125|0.0|37.72721688034188|-40.42494658119658
2026-01-29 04:29:33.408318+00:00|30.223778806169435|33.04357255645505|33.51950883628251|30.227675266513984|32.18052177535213|-0.737548828125|0.537353515625|-0.3466796875|-1.434326171875|2.38037109375|0.152587890625|-0.8814770299145299|38.256103098290595|-41.27421016483516
2026-01-29 04:29:33.467966+00:00|30.227675266513984|33.04357255645505|33.51950883628251|30.23157175605985|32.18443863441746|-0.7392578125|0.541015625|-0.341796875|-1.007080078125|2.593994140625|-0.1220703125|-0.5288862179487179|38.256103098290595|-41.27421016483516
2026-01-29 04:29:33.527301+00:00|30.235468274853133|33.051431600878345|33.51557149982358|30.239364822939763|32.20794088908059|-0.73681640625|0.531494140625|-0.3427734375|-1.220703125|2.349853515625|-0.06103515625|-0.8814770299145299|38.256103098290595|-40.93450473137973
2026-01-29 04:29:33.586111+00:00|30.235468274853133|33.051431600878345|33.511634231547475|30.239364822939763|32.20794088908059|-0.737548828125|0.536376953125|-0.342529296875|-1.251220703125|2.410888671875|-0.030517578125|-1.7629540598290598|38.78498931623931|-40.08524114774115
2026-01-29 04:29:33.644814+00:00|30.2198823749805|33.03964312806988|33.51557149982358|30.23157175605985|32.21185811533667|-0.739990234375|0.539794921875|-0.33544921875|-1.28173828125|2.62451171875|0.18310546875|-0.5288862179487179|37.90351228632478|-41.27421016483516
2026-01-29 04:29:33.703527+00:00|30.235468274853133|33.051431600878345|33.507697031407076|30.235468274853133|32.21185811533667|-0.739013671875|0.540283203125|-0.347412109375|-0.885009765625|2.410888671875|-0.213623046875|-1.4103632478632477|37.72721688034188|-41.44406288156288
2026-01-29 04:29:33.762310+00:00|30.24326140036561|33.06322063734973|33.51557149982358|30.235468274853133|32.19618952569789|-0.7373046875|0.535888671875|-0.34423828125|-1.40380859375|2.288818359375|-0.1220703125|-1.0577724358974359|38.78498931623931|-40.08524114774115
2026-01-29 04:29:33.821055+00:00|30.24326140036561|33.06322063734973|33.51950883628251|30.251054643419366|32.20794088908059|-0.740234375|0.53759765625|-0.343017578125|-1.52587890625|2.50244140625|-0.06103515625|-0.17629540598290597|37.90351228632478|-39.915388431013426
2026-01-29 04:29:33.879979+00:00|30.251054643419366|33.07501023875085|33.51950883628251|30.251054643419366|32.2157753942343|-0.735107421875|0.533935546875|-0.346923828125|-1.52587890625|2.532958984375|0.1220703125|-0.8814770299145299|38.608693910256406|-40.5947992979243
2026-01-29 04:29:33.938684+00:00|30.247158007176836|33.071080308768956|33.51950883628251|30.254951309139074|32.21185811533667|-0.738037109375|0.542236328125|-0.338623046875|-1.190185546875|2.3193359375|0.06103515625|-0.5288862179487179|38.608693910256406|-41.27421016483516
2026-01-29 04:29:33.997470+00:00|30.251054643419366|33.07501023875085|33.51557149982358|30.258848004381946|32.23144503717003|-0.737060546875|0.535888671875|-0.340576171875|-1.251220703125|2.471923828125|-0.06103515625|-0.35259081196581193|37.72721688034188|-39.40583028083028
2026-01-29 04:29:34.056210+00:00|30.258848004381946|33.0789402316434|33.507697031407076|30.254951309139074|32.23928017569557|-0.739013671875|0.5341796875|-0.33203125|-1.251220703125|2.3193359375|0.152587890625|-0.17629540598290597|38.608693910256406|-40.5947992979243
2026-01-29 04:29:34.115036+00:00|30.258848004381946|33.08680040634846|33.51950883628251|30.262744729194026|32.219692725819925|-0.738525390625|0.533935546875|-0.34228515625|-1.129150390625|2.532958984375|-0.18310546875|0.5288862179487179|38.256103098290595|-39.915388431013426
2026-01-29 04:29:34.173724+00:00|30.262744729194026|33.094660833259695|33.51950883628251|30.266641483621186|32.243197824385334|-0.7392578125|0.540283203125|-0.34228515625|-1.15966796875|2.197265625|0.091552734375|-1.5866586538461538|38.96128472222222|-40.93450473137973
2026-01-29 04:29:34.232456+00:00|30.262744729194026|33.094660833259695|33.52738371393821|30.270538267709526|32.2510332808514|-0.736083984375|0.53076171875|-0.34326171875|-1.312255859375|2.593994140625|0.06103515625|-0.17629540598290597|37.90351228632478|-39.915388431013426
2026-01-29 04:29:34.291192+00:00|30.258848004381946|33.098591141409884|33.51950883628251|30.274435081504862|32.22361011014016|-0.73779296875|0.534912109375|-0.33984375|-1.617431640625|2.25830078125|0.274658203125|-1.234067841880342|37.90351228632478|-40.25509386446887
2026-01-29 04:29:34.350057+00:00|30.266641483621186|33.09073058825487|33.51557149982358|30.282228798400638|32.23536257997256|-0.73974609375|0.5341796875|-0.34130859375|-1.190185546875|2.38037109375|0.1220703125|-0.5288862179487179|39.313875534188035|-40.25509386446887
2026-01-29 04:29:34.408804+00:00|30.282228798400638|33.09073058825487|33.511634231547475|30.278331925053237|32.247115526088464|-0.740966796875|0.54052734375|-0.33935546875|-1.0986328125|1.953125|0.244140625|0.0|39.84276175213675|-41.10435744810745
2026-01-29 04:29:34.468289+00:00|30.278331925053237|33.11038244520222|33.51950883628251|30.278331925053237|32.23536257997256|-0.73779296875|0.537109375|-0.33984375|-1.3427734375|2.50244140625|0.0|-0.7051816239316239|37.37462606837607|-40.42494658119658
2026-01-29 04:29:34.526461+00:00|30.282228798400638|33.10645194733422|33.52738371393821|30.282228798400638|32.2510332808514|-0.740966796875|0.540771484375|-0.345703125|-1.220703125|2.38037109375|0.152587890625|-0.7051816239316239|37.37462606837607|-40.764652014652015
2026-01-29 04:29:34.585978+00:00|30.286125701592994|33.114313006403506|33.52738371393821|30.290022634676404|32.262786863963754|-0.736572265625|0.53857421875|-0.34375|-1.190185546875|2.655029296875|0.06103515625|0.0|38.4323985042735|-41.10435744810745
2026-01-29 04:29:34.645143+00:00|30.293919597696572|33.11824363098475|33.52344624097168|30.29781659069971|32.25886894974252|-0.740234375|0.540771484375|-0.33544921875|-1.373291015625|2.74658203125|-0.06103515625|-1.0577724358974359|38.78498931623931|-40.764652014652015
2026-01-29 04:29:34.704059+00:00|30.286125701592994|33.114313006403506|33.52344624097168|30.301713613731692|32.25886894974252|-0.7353515625|0.53564453125|-0.34130859375|-1.556396484375|2.38037109375|0.152587890625|-0.5288862179487179|38.608693910256406|-41.27421016483516
2026-01-29 04:29:34.762852+00:00|30.290022634676404|33.114313006403506|33.51950883628251|30.301713613731692|32.25886894974252|-0.735595703125|0.540283203125|-0.343994140625|-1.0986328125|2.25830078125|-0.152587890625|-0.5288862179487179|37.19833066239316|-40.93450473137973
2026-01-29 04:29:34.821750+00:00|30.301713613731692|33.12610507047566|33.51950883628251|30.301713613731692|32.227527547241266|-0.735107421875|0.538330078125|-0.341064453125|-1.251220703125|2.5634765625|0.091552734375|-0.7051816239316239|39.13758012820512|-41.10435744810745
2026-01-29 04:29:34.880759+00:00|30.305610666838504|33.13003588547912|33.52344624097168|30.301713613731692|32.25495108872059|-0.739990234375|0.53857421875|-0.337890625|-1.129150390625|2.25830078125|-0.213623046875|-1.234067841880342|38.96128472222222|-40.93450473137973
2026-01-29 04:29:34.939730+00:00|30.309507750066132|33.12610507047566|33.52344624097168|30.317302007067667|32.25495108872059|-0.738037109375|0.539794921875|-0.3369140625|-1.373291015625|2.50244140625|0.213623046875|-2.64443108974359|38.608693910256406|-40.93450473137973
2026-01-29 04:29:34.999168+00:00|30.313404863460505|33.1339667640504|33.52738371393821|30.321199180933434|32.26670483143056|-0.73828125|0.537109375|-0.34130859375|-1.251220703125|2.288818359375|0.457763671875|-1.5866586538461538|38.608693910256406|-41.613915598290596
2026-01-29 04:29:35.057981+00:00|30.317302007067667|33.137897706236686|33.52738371393821|30.325096385104075|32.26670483143056|-0.73583984375|0.539794921875|-0.343017578125|-1.46484375|2.227783203125|0.091552734375|-0.7051816239316239|40.19535256410256|-40.08524114774115
2026-01-29 04:29:35.116825+00:00|30.309507750066132|33.137897706236686|33.53132125522927|30.321199180933434|32.274540926287216|-0.736328125|0.537353515625|-0.34423828125|-1.03759765625|2.227783203125|0.1220703125|-0.17629540598290597|37.55092147435897|-40.5947992979243
2026-01-29 04:29:35.175592+00:00|30.321199180933434|33.13003588547912|33.51557149982358|30.325096385104075|32.262786863963754|-0.74169921875|0.539306640625|-0.3359375|-1.129150390625|2.25830078125|0.274658203125|-1.0577724358974359|39.13758012820512|-40.764652014652015
2026-01-29 04:29:35.234450+00:00|30.328993619625123|33.14969091495465|33.52344624097168|30.321199180933434|32.25886894974252|-0.735595703125|0.53857421875|-0.33837890625|-1.373291015625|2.3193359375|-0.1220703125|-0.8814770299145299|37.19833066239316|-40.5947992979243
2026-01-29 04:29:35.293329+00:00|30.33289088454302|33.14969091495465|33.53132125522927|30.336788179903408|32.25495108872059|-0.738037109375|0.539794921875|-0.337158203125|-1.0986328125|2.197265625|0.030517578125|1.234067841880342|38.256103098290595|-41.27421016483516
2026-01-29 04:29:35.352225+00:00|30.328993619625123|33.15755337303557|33.535258864892285|30.344582862135894|32.278459053770064|-0.73828125|0.53857421875|-0.34619140625|-1.28173828125|2.410888671875|0.335693359375|0.0|38.07980769230769|-40.08524114774115
2026-01-29 04:29:35.410972+00:00|30.340685505752333|33.15362211207025|33.53132125522927|30.340685505752333|32.274540926287216|-0.735107421875|0.53076171875|-0.342529296875|-1.52587890625|2.349853515625|0.0|0.5288862179487179|38.256103098290595|-39.915388431013426
2026-01-29 04:29:35.470075+00:00|30.328993619625123|33.15362211207025|33.52738371393821|30.344582862135894|32.28629546907706|-0.740966796875|0.53759765625|-0.3427734375|-1.312255859375|2.532958984375|-0.213623046875|-1.234067841880342|38.256103098290595|-40.5947992979243
2026-01-29 04:29:35.529233+00:00|30.33289088454302|33.14969091495465|33.51950883628251|30.352377666690415|32.294132098482464|-0.74072265625|0.537841796875|-0.32958984375|-1.220703125|2.532958984375|-0.457763671875|0.17629540598290597|37.19833066239316|-41.613915598290596
2026-01-29 04:29:35.588216+00:00|30.34848024909985|33.15755337303557|33.51950883628251|30.336788179903408|32.294132098482464|-0.73974609375|0.533203125|-0.3408203125|-1.617431640625|2.349853515625|-0.274658203125|-0.35259081196581193|39.49017094017094|-40.08524114774115
2026-01-29 04:29:35.647067+00:00|30.34848024909985|33.165416086703374|33.52344624097168|30.34848024909985|32.290213756994206|-0.737548828125|0.533935546875|-0.336669921875|-0.762939453125|2.349853515625|-0.457763671875|-2.8207264957264955|38.78498931623931|-41.10435744810745
2026-01-29 04:29:35.705909+00:00|30.352377666690415|33.17327905633408|33.535258864892285|30.36407010368066|32.28237723468453|-0.74072265625|0.53759765625|-0.340576171875|-1.434326171875|2.50244140625|-0.152587890625|1.5866586538461538|38.256103098290595|-40.25509386446887
2026-01-29 04:29:35.764707+00:00|30.360172593934806|33.17721063725298|33.52738371393821|30.35627511495335|32.30980600107614|-0.734619140625|0.528076171875|-0.343994140625|-1.495361328125|1.5869140625|-0.67138671875|-0.8814770299145299|37.90351228632478|-41.27421016483516
2026-01-29 04:29:35.823503+00:00|30.352377666690415|33.17327905633408|33.52738371393821|30.360172593934806|32.28237723468453|-0.755859375|0.56640625|-0.350341796875|-2.349853515625|2.105712890625|-0.152587890625|0.5288862179487179|38.96128472222222|-40.93450473137973
2026-01-29 04:29:35.882282+00:00|30.34848024909985|33.16934753949994|33.51557149982358|30.36407010368066|32.30980600107614|-0.740966796875|0.535400390625|-0.3408203125|-2.044677734375|2.13623046875|-0.457763671875|0.0|38.4323985042735|-41.10435744810745
2026-01-29 04:29:35.941334+00:00|30.360172593934806|33.17721063725298|33.51950883628251|30.36407010368066|32.305887444838675|-0.73779296875|0.54296875|-0.328369140625|-1.46484375|2.74658203125|0.091552734375|0.17629540598290597|37.90351228632478|-40.93450473137973
2026-01-29 04:29:36.000161+00:00|30.3679676442369|33.18507399153282|33.52738371393821|30.3679676442369|32.298050493588335|-0.740234375|0.534912109375|-0.341064453125|-1.0986328125|2.25830078125|0.396728515625|-0.5288862179487179|37.55092147435897|-40.5947992979243
2026-01-29 04:29:36.058882+00:00|30.371865215649393|33.19293760271512|33.535258864892285|30.37966045122755|32.298050493588335|-0.73681640625|0.5283203125|-0.343505859375|-1.068115234375|2.349853515625|0.030517578125|-1.0577724358974359|39.49017094017094|-41.44406288156288
2026-01-29 04:29:36.117763+00:00|30.375762817964358|33.19293760271512|33.53132125522927|30.37966045122755|32.305887444838675|-0.7412109375|0.533203125|-0.34375|-1.15966796875|2.166748046875|-0.030517578125|0.0|38.4323985042735|-40.42494658119658
2026-01-29 04:29:36.176515+00:00|30.3679676442369|33.196869504762276|33.53132125522927|30.38355811548513|32.325480764527185|-0.738525390625|0.53466796875|-0.3359375|-1.190185546875|2.410888671875|-0.30517578125|-0.7051816239316239|39.84276175213675|-40.764652014652015
2026-01-29 04:29:36.235311+00:00|30.371865215649393|33.19293760271512|33.52344624097168|30.39135353716688|32.33723740384346|-0.740966796875|0.534423828125|-0.345703125|-1.190185546875|2.3193359375|0.030517578125|0.35259081196581193|37.72721688034188|-41.10435744810745
2026-01-29 04:29:36.294153+00:00|30.38355811548513|33.19293760271512|33.52738371393821|30.38355811548513|32.34507543395574|-0.738037109375|0.532958984375|-0.335693359375|-1.15966796875|2.38037109375|0.396728515625|-0.8814770299145299|38.608693910256406|-39.915388431013426
2026-01-29 04:29:36.353044+00:00|30.387455810782853|33.21259775708768|33.535258864892285|30.387455810782853|32.321561992796376|-0.780029296875|0.545166015625|-0.342041015625|-1.708984375|3.753662109375|1.28173828125|0.17629540598290597|37.90351228632478|-39.23597756410256
2026-01-29 04:29:36.411910+00:00|30.39135353716688|33.20866559729177|33.53132125522927|30.39914908337755|32.31764327500861|-0.718994140625|0.547607421875|-0.34326171875|-1.556396484375|2.01416015625|-0.9765625|-0.5288862179487179|38.256103098290595|-41.953621031746025
2026-01-29 04:29:36.471049+00:00|30.395251294683078|33.20866559729177|33.535258864892285|30.403046903296|32.33723740384346|-0.74609375|0.534912109375|-0.34130859375|-0.8544921875|2.349853515625|0.152587890625|0.35259081196581193|40.19535256410256|-39.74553571428571
2026-01-29 04:29:36.529894+00:00|30.39914908337755|33.220462270390556|33.52738371393821|30.403046903296|32.33723740384346|-0.746337890625|0.537841796875|-0.346435546875|-1.89208984375|2.471923828125|0.1220703125|-0.8814770299145299|37.90351228632478|-40.25509386446887
2026-01-29 04:29:36.589247+00:00|30.395251294683078|33.21652998143833|33.535258864892285|30.41084263698957|32.34507543395574|-0.74462890625|0.53076171875|-0.333984375|-1.708984375|2.593994140625|0.244140625|0.17629540598290597|38.256103098290595|-40.93450473137973
2026-01-29 04:29:36.648360+00:00|30.39914908337755|33.21259775708768|33.52344624097168|30.406944754484698|32.34507543395574|-0.741455078125|0.539794921875|-0.343994140625|-1.5869140625|2.532958984375|-0.030517578125|-0.8814770299145299|38.608693910256406|-40.93450473137973
2026-01-29 04:29:36.707270+00:00|30.41084263698957|33.21259775708768|33.51950883628251|30.403046903296|32.33723740384346|-0.7421875|0.542236328125|-0.34033203125|-1.739501953125|2.86865234375|1.03759765625|-1.5866586538461538|39.313875534188035|-40.93450473137973
2026-01-29 04:29:36.766290+00:00|30.406944754484698|33.22439462399166|33.53919654297442|30.406944754484698|32.31764327500861|-0.748046875|0.53564453125|-0.33984375|-0.946044921875|2.349853515625|-0.1220703125|0.0|38.07980769230769|-41.44406288156288
2026-01-29 04:29:36.824969+00:00|30.414740550856493|33.22439462399166|33.535258864892285|30.418638496131507|32.34115639181181|-0.7392578125|0.532958984375|-0.3447265625|-1.495361328125|2.532958984375|-0.152587890625|-0.5288862179487179|37.55092147435897|-41.27421016483516
2026-01-29 04:29:36.883725+00:00|30.414740550856493|33.22439462399166|33.535258864892285|30.41084263698957|32.36859082711317|-0.741943359375|0.537841796875|-0.342041015625|-1.190185546875|2.13623046875|0.18310546875|-0.8814770299145299|38.96128472222222|-40.93450473137973
2026-01-29 04:29:36.943117+00:00|30.403046903296|33.232259525328004|33.53919654297442|30.41084263698957|32.35291368095665|-0.740234375|0.53759765625|-0.34814453125|-1.0986328125|2.44140625|0.274658203125|-1.0577724358974359|39.13758012820512|-40.42494658119658
2026-01-29 04:29:37.002343+00:00|30.406944754484698|33.22439462399166|33.53919654297442|30.41084263698957|32.348994530321875|-0.738037109375|0.5419921875|-0.344482421875|-1.556396484375|2.50244140625|0.3662109375|-0.35259081196581193|39.13758012820512|-40.42494658119658
2026-01-29 04:29:37.061392+00:00|30.39914908337755|33.220462270390556|33.52344624097168|30.406944754484698|32.360752145218385|-0.73193359375|0.537353515625|-0.3310546875|-1.46484375|2.74658203125|0.274658203125|-1.234067841880342|38.608693910256406|-39.23597756410256
2026-01-29 04:29:37.120260+00:00|30.41084263698957|33.23619207315744|33.52738371393821|30.406944754484698|32.35291368095665|-0.737548828125|0.538330078125|-0.349853515625|-1.220703125|2.13623046875|-0.335693359375|-0.5288862179487179|37.55092147435897|-41.613915598290596
2026-01-29 04:29:37.179331+00:00|30.41084263698957|33.24012468582373|33.535258864892285|30.406944754484698|32.32939959024765|-0.735107421875|0.5380859375|-0.333984375|-1.495361328125|2.50244140625|0.152587890625|-0.17629540598290597|39.313875534188035|-40.5947992979243
2026-01-29 04:29:37.238371+00:00|30.41084263698957|33.23619207315744|33.53132125522927|30.41084263698957|32.34507543395574|-0.736572265625|0.539306640625|-0.34619140625|-1.0986328125|2.0751953125|-0.1220703125|-1.5866586538461538|38.96128472222222|-39.57568299755799
2026-01-29 04:29:37.297445+00:00|30.39914908337755|33.24012468582373|33.535258864892285|30.414740550856493|32.3646714589384|-0.7333984375|0.534423828125|-0.341064453125|-0.79345703125|2.288818359375|0.274658203125|-2.1155448717948717|38.07980769230769|-40.764652014652015
2026-01-29 04:29:37.356629+00:00|30.414740550856493|33.24012468582373|33.53919654297442|30.41084263698957|32.37251024978917|-0.750732421875|0.53564453125|-0.344482421875|-1.40380859375|2.227783203125|-0.701904296875|-0.17629540598290597|38.256103098290595|-39.915388431013426
2026-01-29 04:29:37.416182+00:00|30.39914908337755|33.24012468582373|33.53919654297442|30.418638496131507|32.360752145218385|-0.738037109375|0.53662109375|-0.3408203125|-1.220703125|2.0751953125|-0.42724609375|-0.7051816239316239|38.78498931623931|-40.764652014652015
2026-01-29 04:29:37.475337+00:00|30.395251294683078|33.24405736337383|33.53132125522927|30.414740550856493|32.35683288590667|-0.73779296875|0.534912109375|-0.342041015625|-0.885009765625|2.25830078125|0.030517578125|-0.7051816239316239|39.49017094017094|-40.08524114774115
2026-01-29 04:29:37.534408+00:00|30.403046903296|33.23619207315744|33.52738371393821|30.403046903296|32.37642972701309|-0.75146484375|0.54638671875|-0.334716796875|-2.105712890625|2.74658203125|-0.762939453125|-1.4103632478632477|37.72721688034188|-41.44406288156288
2026-01-29 04:29:37.593757+00:00|30.41084263698957|33.24799010585491|33.51950883628251|30.395251294683078|32.348994530321875|-0.74658203125|0.539306640625|-0.3310546875|-1.129150390625|2.777099609375|-0.335693359375|-0.5288862179487179|38.256103098290595|-41.953621031746025
2026-01-29 04:29:37.652712+00:00|30.403046903296|33.24799010585491|33.53132125522927|30.403046903296|32.37251024978917|-0.73779296875|0.535400390625|-0.34326171875|-1.28173828125|2.44140625|-0.030517578125|-0.17629540598290597|37.90351228632478|-40.25509386446887
2026-01-29 04:29:37.711735+00:00|30.406944754484698|33.24799010585491|33.535258864892285|30.41084263698957|32.348994530321875|-0.73193359375|0.53125|-0.3388671875|-1.312255859375|2.166748046875|0.30517578125|-0.5288862179487179|38.96128472222222|-40.93450473137973
2026-01-29 04:29:37.770687+00:00|30.41084263698957|33.255855785797905|33.535258864892285|30.414740550856493|32.3803492588313|-0.739990234375|0.538330078125|-0.344482421875|-1.0986328125|2.3193359375|0.1220703125|-1.0577724358974359|38.4323985042735|-40.764652014652015
2026-01-29 04:29:37.829510+00:00|30.395251294683078|33.25978872335395|33.535258864892285|30.41084263698957|32.36859082711317|-0.7421875|0.537353515625|-0.345458984375|-0.79345703125|2.044677734375|0.091552734375|-0.8814770299145299|37.90351228632478|-39.915388431013426
2026-01-29 04:29:37.887978+00:00|30.395251294683078|33.24799010585491|33.53132125522927|30.406944754484698|32.3803492588313|-0.737060546875|0.534912109375|-0.34326171875|-1.5869140625|2.716064453125|0.274658203125|-1.234067841880342|38.96128472222222|-41.27421016483516
2026-01-29 04:29:37.946949+00:00|30.41084263698957|33.255855785797905|33.52738371393821|30.406944754484698|32.36859082711317|-0.73876953125|0.5380859375|-0.34228515625|-1.251220703125|2.532958984375|-0.30517578125|-1.0577724358974359|38.78498931623931|-40.764652014652015
2026-01-29 04:29:38.006006+00:00|30.414740550856493|33.26372172602913|33.535258864892285|30.41084263698957|32.3646714589384|-0.739013671875|0.53564453125|-0.340087890625|-1.220703125|2.44140625|-0.030517578125|0.5288862179487179|38.256103098290595|-39.915388431013426
2026-01-29 04:29:38.064914+00:00|30.414740550856493|33.25978872335395|33.53919654297442|30.414740550856493|32.35683288590667|-0.74072265625|0.53515625|-0.3359375|-1.52587890625|2.471923828125|0.3662109375|-0.8814770299145299|37.55092147435897|-41.27421016483516
2026-01-29 04:29:38.123846+00:00|30.414740550856493|33.25978872335395|33.53919654297442|30.406944754484698|32.38426884529048|-0.734130859375|0.537109375|-0.3427734375|-1.007080078125|2.197265625|-0.152587890625|0.17629540598290597|37.19833066239316|-41.953621031746025
2026-01-29 04:29:38.182830+00:00|30.41084263698957|33.26765479387035|33.53919654297442|30.414740550856493|32.3921081823176|-0.738037109375|0.534423828125|-0.343994140625|-0.885009765625|2.197265625|0.06103515625|-0.5288862179487179|38.96128472222222|-41.27421016483516
2026-01-29 04:29:38.241778+00:00|30.406944754484698|33.255855785797905|33.535258864892285|30.422536472860543|32.399947738466835|-0.740234375|0.5341796875|-0.340576171875|-1.5869140625|2.3193359375|0.030517578125|-0.17629540598290597|39.313875534188035|-40.5947992979243
2026-01-29 04:29:38.300933+00:00|30.403046903296|33.26372172602913|33.52738371393821|30.414740550856493|32.41562750962089|-0.7431640625|0.535888671875|-0.339111328125|-1.129150390625|2.166748046875|0.06103515625|0.0|38.78498931623931|-40.764652014652015
2026-01-29 04:29:38.360037+00:00|30.418638496131507|33.26765479387035|33.535258864892285|30.41084263698957|32.37642972701309|-0.738037109375|0.529296875|-0.341552734375|-1.64794921875|2.9296875|0.152587890625|-0.8814770299145299|38.608693910256406|-39.915388431013426
2026-01-29 04:29:38.419384+00:00|30.414740550856493|33.27158792692478|33.53919654297442|30.41084263698957|32.3803492588313|-0.73974609375|0.533203125|-0.337890625|-1.373291015625|2.838134765625|0.457763671875|-1.234067841880342|38.96128472222222|-40.5947992979243
2026-01-29 04:29:38.478909+00:00|30.414740550856493|33.27158792692478|33.543134289522754|30.414740550856493|32.3921081823176|-0.736572265625|0.537841796875|-0.3427734375|-1.190185546875|2.349853515625|0.30517578125|-0.7051816239316239|37.72721688034188|-41.10435744810745
2026-01-29 04:29:38.537967+00:00|30.414740550856493|33.27158792692478|33.535258864892285|30.418638496131507|32.388188486437116|-0.73583984375|0.537109375|-0.337646484375|-1.068115234375|2.50244140625|0.1220703125|-0.8814770299145299|39.66646634615385|-39.915388431013426
2026-01-29 04:29:38.596927+00:00|30.418638496131507|33.27552112523949|33.53919654297442|30.418638496131507|32.39602793297877|-0.739501953125|0.53466796875|-0.348388671875|-1.190185546875|2.44140625|0.213623046875|-1.5866586538461538|38.256103098290595|-40.5947992979243
2026-01-29 04:29:38.655736+00:00|30.406944754484698|33.27945438886144|33.535258864892285|30.418638496131507|32.3803492588313|-0.740478515625|0.538818359375|-0.341064453125|-1.3427734375|2.532958984375|0.152587890625|-0.5288862179487179|38.96128472222222|-40.5947992979243
2026-01-29 04:29:38.714481+00:00|30.41084263698957|33.26372172602913|33.53132125522927|30.426434481089586|32.41170748435911|-0.733642578125|0.535400390625|-0.337158203125|-1.0986328125|2.25830078125|-0.244140625|-1.0577724358974359|39.49017094017094|-42.12347374847374
2026-01-29 04:29:38.773332+00:00|30.414740550856493|33.27158792692478|33.53132125522927|30.414740550856493|32.37642972701309|-0.742431640625|0.534912109375|-0.341796875|-1.03759765625|2.349853515625|0.244140625|-1.5866586538461538|38.608693910256406|-41.27421016483516
2026-01-29 04:29:38.832122+00:00|30.418638496131507|33.28338771783774|33.53919654297442|30.418638496131507|32.38426884529048|-0.73583984375|0.533203125|-0.335205078125|-1.28173828125|2.13623046875|-0.091552734375|-0.7051816239316239|38.78498931623931|-39.066124847374844
2026-01-29 04:29:38.890996+00:00|30.414740550856493|33.28338771783774|33.543134289522754|30.426434481089586|32.399947738466835|-0.737548828125|0.53662109375|-0.343505859375|-1.03759765625|2.410888671875|-0.091552734375|-1.4103632478632477|39.49017094017094|-41.10435744810745
2026-01-29 04:29:38.949885+00:00|30.418638496131507|33.27945438886144|33.535258864892285|30.422536472860543|32.3921081823176|-0.73974609375|0.53857421875|-0.343994140625|-0.946044921875|2.166748046875|0.1220703125|-0.17629540598290597|37.55092147435897|-40.93450473137973
2026-01-29 04:29:39.008739+00:00|30.422536472860543|33.28338771783774|33.535258864892285|30.426434481089586|32.3921081823176|-0.737060546875|0.53564453125|-0.34228515625|-1.007080078125|2.0751953125|0.18310546875|0.0|37.37462606837607|-41.44406288156288
2026-01-29 04:29:39.067498+00:00|30.41084263698957|33.27945438886144|33.535258864892285|30.422536472860543|32.40778751411051|-0.73974609375|0.536865234375|-0.337646484375|-1.52587890625|2.50244140625|0.152587890625|-0.7051816239316239|39.13758012820512|-40.764652014652015
2026-01-29 04:29:39.126107+00:00|30.426434481089586|33.287321112215466|33.53132125522927|30.414740550856493|32.399947738466835|-0.740478515625|0.53564453125|-0.33837890625|-1.434326171875|2.410888671875|-0.1220703125|-0.7051816239316239|39.49017094017094|-40.764652014652015
2026-01-29 04:29:39.185027+00:00|30.426434481089586|33.29518809736345|33.547072104584856|30.418638496131507|32.388188486437116|-0.739501953125|0.53662109375|-0.34326171875|-1.5869140625|2.5634765625|0.091552734375|-1.234067841880342|38.96128472222222|-40.93450473137973
2026-01-29 04:29:39.243876+00:00|30.418638496131507|33.29125457204168|33.53919654297442|30.426434481089586|32.40778751411051|-0.743408203125|0.53564453125|-0.337646484375|-1.190185546875|2.410888671875|-0.152587890625|-0.7051816239316239|39.13758012820512|-40.42494658119658
2026-01-29 04:29:39.302704+00:00|30.426434481089586|33.29125457204168|33.543134289522754|30.426434481089586|32.42738791595133|-0.738037109375|0.534912109375|-0.3330078125|-1.312255859375|2.349853515625|-0.030517578125|-0.17629540598290597|38.608693910256406|-40.25509386446887
2026-01-29 04:29:39.361563+00:00|30.418638496131507|33.29912168822784|33.53919654297442|30.426434481089586|32.40386759882864|-0.7412109375|0.545166015625|-0.342041015625|-1.007080078125|2.25830078125|0.30517578125|-1.0577724358974359|39.13758012820512|-39.74553571428571
2026-01-29 04:29:39.421058+00:00|30.426434481089586|33.287321112215466|33.53132125522927|30.43033252086468|32.40778751411051|-0.73193359375|0.538330078125|-0.345947265625|-1.190185546875|2.44140625|0.396728515625|0.0|38.78498931623931|-40.08524114774115
2026-01-29 04:29:39.479949+00:00|30.422536472860543|33.29125457204168|33.52738371393821|30.426434481089586|32.41954758994257|-0.742919921875|0.53857421875|-0.345703125|-1.312255859375|2.593994140625|0.091552734375|-1.234067841880342|38.96128472222222|-41.27421016483516
2026-01-29 04:29:39.538973+00:00|30.422536472860543|33.30305534468198|33.53132125522927|30.418638496131507|32.399947738466835|-0.736572265625|0.53173828125|-0.340576171875|-1.40380859375|2.471923828125|0.1220703125|0.35259081196581193|37.72721688034188|-40.764652014652015
2026-01-29 04:29:39.597623+00:00|30.426434481089586|33.30305534468198|33.53919654297442|30.426434481089586|32.41170748435911|-0.736572265625|0.5380859375|-0.33984375|-1.495361328125|2.410888671875|0.0|-1.4103632478632477|39.13758012820512|-40.08524114774115
2026-01-29 04:29:39.655974+00:00|30.43033252086468|33.30698906677276|33.53919654297442|30.426434481089586|32.399947738466835|-0.747314453125|0.53955078125|-0.343505859375|-1.0986328125|1.89208984375|0.18310546875|-0.8814770299145299|38.608693910256406|-41.613915598290596
2026-01-29 04:29:39.714838+00:00|30.422536472860543|33.31092285454747|33.53919654297442|30.422536472860543|32.399947738466835|-0.74267578125|0.537109375|-0.339111328125|-1.373291015625|2.38037109375|-0.30517578125|-1.4103632478632477|38.78498931623931|-40.764652014652015
2026-01-29 04:29:39.773683+00:00|30.414740550856493|33.29518809736345|33.535258864892285|30.426434481089586|32.41562750962089|-0.741455078125|0.53955078125|-0.3388671875|-1.495361328125|2.593994140625|-0.1220703125|-0.17629540598290597|38.96128472222222|-40.93450473137973
2026-01-29 04:29:39.832863+00:00|30.418638496131507|33.29912168822784|33.535258864892285|30.43033252086468|32.41954758994257|-0.734130859375|0.535888671875|-0.336181640625|-1.190185546875|2.349853515625|0.030517578125|-0.8814770299145299|38.608693910256406|-40.93450473137973
2026-01-29 04:29:39.891597+00:00|30.422536472860543|33.31879062733668|33.535258864892285|30.418638496131507|32.388188486437116|-0.7412109375|0.54443359375|-0.337890625|-1.190185546875|2.532958984375|0.152587890625|-1.0577724358974359|38.4323985042735|-41.10435744810745
2026-01-29 04:29:39.950363+00:00|30.422536472860543|33.31879062733668|33.535258864892285|30.422536472860543|32.40386759882864|-0.736083984375|0.53759765625|-0.33837890625|-1.15966796875|2.349853515625|0.213623046875|-0.35259081196581193|39.84276175213675|-41.10435744810745
2026-01-29 04:29:40.009363+00:00|30.422536472860543|33.31879062733668|33.53919654297442|30.422536472860543|32.40778751411051|-0.7373046875|0.535400390625|-0.34326171875|-0.885009765625|2.3193359375|-0.42724609375|-0.8814770299145299|38.256103098290595|-40.93450473137973
2026-01-29 04:29:40.068238+00:00|30.414740550856493|33.31879062733668|33.53919654297442|30.418638496131507|32.39602793297877|-0.7568359375|0.5478515625|-0.35107421875|-1.312255859375|2.01416015625|-1.15966796875|0.0|38.78498931623931|-40.08524114774115
2026-01-29 04:29:40.127378+00:00|30.406944754484698|33.314856708053014|33.543134289522754|30.41084263698957|32.40386759882864|-0.73583984375|0.520751953125|-0.32177734375|0.1220703125|2.44140625|0.3662109375|0.35259081196581193|38.07980769230769|-41.10435744810745
