ABS TIME|T-CPU|T-PCB-TOP|T-PCB-BOTTOM|T-WIRELESS-MODEM|T-POWER-MANAGER|X ACC|Y ACC|Z ACC|X GYRO|Y GYRO|Z GYRO|X MAG|Y MAG|Z MAG
2026-01-29 02:41:49.412861+00:00|36.0834245798726|38.705352220425596|37.40635883638777|36.095399693699505|36.54312431596884|-0.81298828125|0.365234375|-0.365966796875|-1.64794921875|2.197265625|0.457763671875|-15.161404914529914|56.414529914529915|-49.936698717948715
2026-01-29 02:41:49.471272+00:00|36.10737570475197|38.7134868363442|37.40233174596807|36.09140788946519|36.51510356036408|-0.8115234375|0.357666015625|-0.395263671875|-1.52587890625|3.265380859375|-3.631591796875|-16.748063568376068|59.058961004273506|-51.46537316849816
2026-01-29 02:41:49.529896+00:00|36.09140788946519|38.709419461745085|37.41441336611632|36.095399693699505|36.54312431596884|-0.8251953125|0.36767578125|-0.35888671875|-1.52587890625|3.0517578125|-1.220703125|-15.513995726495725|57.11971153846154|-52.31463675213675
2026-01-29 02:41:49.588338+00:00|36.09939159762547|38.7134868363442|37.41844080552846|36.095399693699505|36.53912103537192|-0.81689453125|0.35693359375|-0.375|-1.373291015625|2.227783203125|0.457763671875|-15.33770032051282|57.648597756410254|-52.14478403540903
2026-01-29 02:41:49.646906+00:00|36.0834245798726|38.709419461745085|37.422468361374854|36.095399693699505|36.55113119312682|-0.818359375|0.35693359375|-0.369140625|-0.885009765625|2.25830078125|0.9765625|-14.985109508547007|58.001188568376065|-50.7859623015873
2026-01-29 02:41:49.705299+00:00|36.09140788946519|38.69721813741012|37.40233174596807|36.1113679080521|36.547127701870295|-0.818603515625|0.359130859375|-0.373291015625|-1.0986328125|2.38037109375|0.762939453125|-14.808814102564103|58.53007478632479|-51.635225885225886
2026-01-29 02:41:49.763619+00:00|36.09939159762547|38.709419461745085|37.40635883638777|36.09140788946519|36.53511786002912|-0.820068359375|0.362060546875|-0.36962890625|-1.03759765625|2.38037109375|0.457763671875|-14.808814102564103|56.767120726495726|-50.61610958485958
2026-01-29 02:41:49.822017+00:00|36.10338360129305|38.701285112332016|37.41844080552846|36.10737570475197|36.531114789890125|-0.815673828125|0.35791015625|-0.371337890625|-1.40380859375|2.62451171875|-0.030517578125|-15.33770032051282|58.001188568376065|-51.12566773504273
2026-01-29 02:41:49.880444+00:00|36.09939159762547|38.701285112332016|37.422468361374854|36.10338360129305|36.53912103537192|-0.818603515625|0.359375|-0.369384765625|-1.068115234375|2.74658203125|0.152587890625|-14.985109508547007|56.94341613247863|-51.12566773504273
2026-01-29 02:41:49.938837+00:00|36.09140788946519|38.705352220425596|37.41844080552846|36.10737570475197|36.547127701870295|-0.821044921875|0.358154296875|-0.37255859375|-1.15966796875|2.471923828125|-0.6103515625|-16.395472756410257|58.353779380341884|-51.46537316849816
2026-01-29 02:41:49.997254+00:00|36.095399693699505|38.68501801113604|37.40635883638777|36.10338360129305|36.54312431596884|-0.8193359375|0.365234375|-0.362548828125|-1.434326171875|2.197265625|0.6103515625|-17.10065438034188|56.94341613247863|-50.7859623015873
2026-01-29 02:41:50.055634+00:00|36.09939159762547|38.701285112332016|37.41441336611632|36.09140788946519|36.50309624038999|-0.819091796875|0.357666015625|-0.375732421875|-1.251220703125|2.593994140625|0.030517578125|-16.395472756410257|56.94341613247863|-51.46537316849816
2026-01-29 02:41:50.114068+00:00|36.10338360129305|38.69721813741012|37.422468361374854|36.10737570475197|36.531114789890125|-0.815185546875|0.357666015625|-0.36962890625|-1.3427734375|2.62451171875|-0.42724609375|-15.513995726495725|56.767120726495726|-51.97493131868132
2026-01-29 02:41:50.172540+00:00|36.1113679080521|38.69721813741012|37.42649603370717|36.11536021124334|36.53511786002912|-0.8193359375|0.35400390625|-0.369873046875|-1.007080078125|2.74658203125|-0.18310546875|-16.395472756410257|58.353779380341884|-51.8050786019536
2026-01-29 02:41:50.230839+00:00|36.095399693699505|38.69721813741012|37.422468361374854|36.1113679080521|36.527111824904466|-0.811767578125|0.364990234375|-0.37841796875|-0.91552734375|2.471923828125|0.79345703125|-15.513995726495725|58.17748397435897|-49.936698717948715
2026-01-29 02:41:50.289243+00:00|36.10338360129305|38.68908458686616|37.410386043086646|36.10338360129305|36.53511786002912|-0.8193359375|0.35986328125|-0.370361328125|-1.220703125|3.0517578125|-1.800537109375|-16.219177350427348|56.767120726495726|-51.635225885225886
2026-01-29 02:41:50.347586+00:00|36.1113679080521|38.69721813741012|37.41441336611632|36.10338360129305|36.53912103537192|-0.81884765625|0.362548828125|-0.363525390625|-1.52587890625|2.716064453125|-0.54931640625|-14.45622329059829|57.47230235042735|-50.955815018315015
2026-01-29 02:41:50.406150+00:00|36.10338360129305|38.69721813741012|37.41844080552846|36.11536021124334|36.53912103537192|-0.822998046875|0.361083984375|-0.37158203125|-1.251220703125|2.288818359375|0.518798828125|-15.33770032051282|57.648597756410254|-51.8050786019536
2026-01-29 02:41:50.464600+00:00|36.10737570475197|38.69721813741012|37.422468361374854|36.11536021124334|36.547127701870295|-0.817138671875|0.35888671875|-0.372314453125|-0.946044921875|2.105712890625|0.457763671875|-16.924358974358974|57.47230235042735|-50.27640415140415
2026-01-29 02:41:50.523053+00:00|36.095399693699505|38.68908458686616|37.422468361374854|36.11536021124334|36.55513478978895|-0.82275390625|0.35693359375|-0.3701171875|-1.3427734375|2.532958984375|0.1220703125|-15.866586538461538|58.17748397435897|-51.97493131868132
2026-01-29 02:41:50.581390+00:00|36.10338360129305|38.68095156836199|37.40635883638777|36.10338360129305|36.53912103537192|-0.814208984375|0.36083984375|-0.365234375|-1.495361328125|2.410888671875|0.3662109375|-15.33770032051282|56.94341613247863|-51.12566773504273
2026-01-29 02:41:50.639809+00:00|36.11935261437543|38.701285112332016|37.41441336611632|36.10737570475197|36.527111824904466|-0.81494140625|0.361572265625|-0.365966796875|-1.15966796875|2.410888671875|0.274658203125|-14.808814102564103|57.82489316239316|-50.955815018315015
2026-01-29 02:41:50.698267+00:00|36.11536021124334|38.69721813741012|37.41844080552846|36.12334511749822|36.53912103537192|-0.814453125|0.36279296875|-0.366943359375|-1.251220703125|2.44140625|0.335693359375|-15.513995726495725|56.767120726495726|-50.27640415140415
2026-01-29 02:41:50.756648+00:00|36.11536021124334|38.69721813741012|37.41844080552846|36.11935261437543|36.547127701870295|-0.820068359375|0.35986328125|-0.363037109375|-1.251220703125|2.197265625|0.579833984375|-15.33770032051282|56.94341613247863|-51.8050786019536
2026-01-29 02:41:50.815119+00:00|36.10338360129305|38.68501801113604|37.422468361374854|36.12334511749822|36.53511786002912|-0.821044921875|0.358154296875|-0.369384765625|-1.28173828125|2.74658203125|-0.030517578125|-15.866586538461538|58.17748397435897|-50.61610958485958
2026-01-29 02:41:50.873601+00:00|36.1113679080521|38.68501801113604|37.40233174596807|36.11536021124334|36.547127701870295|-0.82080078125|0.36376953125|-0.36767578125|-1.3427734375|2.3193359375|-0.030517578125|-14.808814102564103|56.767120726495726|-52.654342185592185
2026-01-29 02:41:50.932047+00:00|36.11935261437543|38.705352220425596|37.422468361374854|36.10737570475197|36.531114789890125|-0.820556640625|0.358154296875|-0.36669921875|-1.28173828125|2.288818359375|0.18310546875|-15.33770032051282|58.706370192307695|-50.7859623015873
2026-01-29 02:41:50.990622+00:00|36.11935261437543|38.701285112332016|37.42649603370717|36.12334511749822|36.54312431596884|-0.82080078125|0.35693359375|-0.367431640625|-1.03759765625|2.38037109375|0.213623046875|-15.513995726495725|57.82489316239316|-49.936698717948715
2026-01-29 02:41:51.048999+00:00|36.11935261437543|38.705352220425596|37.422468361374854|36.12334511749822|36.54312431596884|-0.818603515625|0.36083984375|-0.379150390625|-1.068115234375|2.50244140625|-0.152587890625|-14.279927884615384|56.23823450854701|-52.14478403540903
2026-01-29 02:41:51.107278+00:00|36.1113679080521|38.69721813741012|37.422468361374854|36.11935261437543|36.53912103537192|-0.819091796875|0.35791015625|-0.3740234375|-1.007080078125|2.716064453125|-0.91552734375|-14.985109508547007|57.648597756410254|-51.46537316849816
2026-01-29 02:41:51.165910+00:00|36.1113679080521|38.68095156836199|37.40233174596807|36.10737570475197|36.527111824904466|-0.8173828125|0.36328125|-0.370361328125|-1.373291015625|2.349853515625|0.18310546875|-16.219177350427348|56.414529914529915|-50.61610958485958
2026-01-29 02:41:51.224193+00:00|36.11536021124334|38.69721813741012|37.41844080552846|36.10737570475197|36.531114789890125|-0.821533203125|0.357421875|-0.36669921875|-1.312255859375|2.62451171875|0.244140625|-15.161404914529914|57.82489316239316|-50.955815018315015
2026-01-29 02:41:51.282561+00:00|36.12334511749822|38.701285112332016|37.41844080552846|36.12733772066156|36.53912103537192|-0.81884765625|0.364501953125|-0.3662109375|-1.068115234375|2.227783203125|0.18310546875|-15.513995726495725|58.53007478632479|-51.29552045177044
2026-01-29 02:41:51.340830+00:00|36.12334511749822|38.705352220425596|37.422468361374854|36.12733772066156|36.531114789890125|-0.819580078125|0.359130859375|-0.3671875|-1.3427734375|2.471923828125|0.213623046875|-16.748063568376068|58.001188568376065|-50.10655143467643
2026-01-29 02:41:51.399134+00:00|36.10737570475197|38.68501801113604|37.41844080552846|36.12733772066156|36.54312431596884|-0.819580078125|0.360107421875|-0.370361328125|-1.46484375|2.3193359375|0.091552734375|-14.985109508547007|56.59082532051282|-51.46537316849816
2026-01-29 02:41:51.457431+00:00|36.12334511749822|38.693151295606185|37.410386043086646|36.11935261437543|36.51910621019192|-0.818603515625|0.3662109375|-0.364501953125|-1.15966796875|2.25830078125|0.18310546875|-13.398450854700855|56.061939102564104|-51.635225885225886
2026-01-29 02:41:51.515786+00:00|36.12733772066156|38.701285112332016|37.41844080552846|36.13133042391536|36.52310896502195|-0.8173828125|0.358642578125|-0.380615234375|-1.28173828125|2.3193359375|0.18310546875|-15.33770032051282|58.001188568376065|-50.44625686813187
2026-01-29 02:41:51.574132+00:00|36.12733772066156|38.705352220425596|37.422468361374854|36.12733772066156|36.55513478978895|-0.8154296875|0.354736328125|-0.37109375|-0.701904296875|2.62451171875|-0.48828125|-15.33770032051282|56.23823450854701|-51.46537316849816
2026-01-29 02:41:51.632488+00:00|36.12334511749822|38.701285112332016|37.422468361374854|36.13133042391536|36.53912103537192|-0.822265625|0.3642578125|-0.372314453125|-1.129150390625|2.349853515625|0.457763671875|-14.808814102564103|58.53007478632479|-51.29552045177044
2026-01-29 02:41:51.690777+00:00|36.11935261437543|38.68501801113604|37.41441336611632|36.13532322730953|36.53912103537192|-0.8173828125|0.359375|-0.367431640625|-1.46484375|2.0751953125|1.007080078125|-15.33770032051282|56.59082532051282|-52.14478403540903
2026-01-29 02:41:51.749017+00:00|36.13133042391536|38.701285112332016|37.410386043086646|36.12733772066156|36.52310896502195|-0.815673828125|0.360107421875|-0.370361328125|-1.3427734375|2.349853515625|-0.579833984375|-15.33770032051282|58.001188568376065|-51.12566773504273
2026-01-29 02:41:51.807380+00:00|36.12733772066156|38.701285112332016|37.42649603370717|36.13931613089392|36.527111824904466|-0.81787109375|0.354248046875|-0.3740234375|-1.556396484375|2.62451171875|-0.3662109375|-15.690291132478631|57.29600694444444|-50.44625686813187
2026-01-29 02:41:51.865712+00:00|36.13532322730953|38.701285112332016|37.42649603370717|36.13931613089392|36.53912103537192|-0.8251953125|0.361572265625|-0.36572265625|-1.312255859375|2.593994140625|0.18310546875|-16.219177350427348|57.47230235042735|-50.61610958485958
2026-01-29 02:41:51.924037+00:00|36.12334511749822|38.69721813741012|37.41844080552846|36.13532322730953|36.53912103537192|-0.81591796875|0.362548828125|-0.37646484375|-1.129150390625|2.349853515625|0.06103515625|-15.866586538461538|58.17748397435897|-51.29552045177044
2026-01-29 02:41:51.982372+00:00|36.12334511749822|38.68908458686616|37.41441336611632|36.13133042391536|36.5751543559461|-0.820068359375|0.3564453125|-0.375|-1.0986328125|2.197265625|0.6103515625|-13.57474626068376|57.29600694444444|-51.8050786019536
2026-01-29 02:41:52.040631+00:00|36.13133042391536|38.69721813741012|37.422468361374854|36.13133042391536|36.55913849190682|-0.820068359375|0.360595703125|-0.365234375|-1.3427734375|2.349853515625|0.1220703125|-15.690291132478631|57.29600694444444|-51.46537316849816
2026-01-29 02:41:52.098909+00:00|36.13931613089392|38.701285112332016|37.42649603370717|36.143309134718265|36.55113119312682|-0.821533203125|0.360107421875|-0.367431640625|-1.15966796875|2.44140625|-0.030517578125|-14.985109508547007|57.29600694444444|-52.14478403540903
2026-01-29 02:41:52.157165+00:00|36.13931613089392|38.701285112332016|37.422468361374854|36.13931613089392|36.531114789890125|-0.815673828125|0.36572265625|-0.374755859375|-1.434326171875|2.74658203125|-0.457763671875|-14.985109508547007|57.648597756410254|-50.7859623015873
2026-01-29 02:41:52.215508+00:00|36.12334511749822|38.68095156836199|37.42649603370717|36.143309134718265|36.53912103537192|-0.822998046875|0.359375|-0.363525390625|-1.220703125|2.532958984375|0.0|-15.33770032051282|56.59082532051282|-50.44625686813187
2026-01-29 02:41:52.273922+00:00|36.143309134718265|38.68908458686616|37.410386043086646|36.12733772066156|36.54312431596884|-0.8232421875|0.3564453125|-0.3740234375|-1.28173828125|2.685546875|-0.213623046875|-15.33770032051282|55.8856436965812|-51.12566773504273
2026-01-29 02:41:52.332251+00:00|36.13532322730953|38.693151295606185|37.42649603370717|36.13931613089392|36.511101015488066|-0.81396484375|0.3583984375|-0.366455078125|-1.373291015625|2.44140625|0.457763671875|-15.33770032051282|58.353779380341884|-51.12566773504273
2026-01-29 02:41:52.390530+00:00|36.13931613089392|38.68501801113604|37.41844080552846|36.13532322730953|36.55113119312682|-0.824462890625|0.35986328125|-0.375732421875|-1.220703125|2.410888671875|0.06103515625|-14.103632478632479|55.709348290598285|-50.27640415140415
2026-01-29 02:41:52.448707+00:00|36.13931613089392|38.68908458686616|37.42649603370717|36.13931613089392|36.527111824904466|-0.81591796875|0.363037109375|-0.3642578125|-1.0986328125|2.5634765625|-0.274658203125|-16.219177350427348|57.11971153846154|-51.29552045177044
2026-01-29 02:41:52.506992+00:00|36.12733772066156|38.68095156836199|37.410386043086646|36.14730223883254|36.55513478978895|-0.8212890625|0.358154296875|-0.363525390625|-1.129150390625|2.9296875|-0.67138671875|-15.513995726495725|56.414529914529915|-51.29552045177044
2026-01-29 02:41:52.565141+00:00|36.143309134718265|38.68908458686616|37.41441336611632|36.13931613089392|36.51510356036408|-0.817626953125|0.36328125|-0.365234375|-1.312255859375|2.288818359375|0.152587890625|-15.690291132478631|57.29600694444444|-50.7859623015873
2026-01-29 02:41:52.623484+00:00|36.13931613089392|38.68908458686616|37.422468361374854|36.143309134718265|36.55513478978895|-0.82568359375|0.361083984375|-0.363037109375|-1.068115234375|2.25830078125|0.335693359375|-14.985109508547007|58.353779380341884|-51.12566773504273
2026-01-29 02:41:52.681889+00:00|36.143309134718265|38.68501801113604|37.41844080552846|36.13532322730953|36.52310896502195|-0.8212890625|0.357177734375|-0.36767578125|-1.129150390625|2.3193359375|0.1220703125|-16.219177350427348|58.17748397435897|-49.936698717948715
2026-01-29 02:41:52.740121+00:00|36.12334511749822|38.68095156836199|37.422468361374854|36.143309134718265|36.55113119312682|-0.818603515625|0.36279296875|-0.367919921875|-1.0986328125|2.777099609375|-0.3662109375|-15.161404914529914|56.414529914529915|-51.635225885225886
2026-01-29 02:41:52.798330+00:00|36.13133042391536|38.67281908146657|37.41441336611632|36.13133042391536|36.547127701870295|-0.82080078125|0.357177734375|-0.364990234375|-1.312255859375|2.44140625|-0.457763671875|-16.219177350427348|56.767120726495726|-50.27640415140415
2026-01-29 02:41:52.856482+00:00|36.13931613089392|38.68501801113604|37.422468361374854|36.13532322730953|36.53912103537192|-0.81494140625|0.361572265625|-0.372802734375|-1.251220703125|2.50244140625|0.54931640625|-15.866586538461538|57.82489316239316|-51.635225885225886
2026-01-29 02:41:52.914998+00:00|36.13931613089392|38.68501801113604|37.42649603370717|36.143309134718265|36.54312431596884|-0.81982421875|0.36279296875|-0.36572265625|-1.15966796875|2.38037109375|-0.18310546875|-15.866586538461538|58.17748397435897|-50.955815018315015
2026-01-29 02:41:52.974552+00:00|36.143309134718265|38.68501801113604|37.422468361374854|36.143309134718265|36.53511786002912|-0.8212890625|0.355712890625|-0.373779296875|-1.312255859375|2.532958984375|-0.091552734375|-16.042881944444442|56.94341613247863|-51.8050786019536
2026-01-29 02:41:53.034142+00:00|36.13931613089392|38.68908458686616|37.43052382257713|36.1512954432867|36.55513478978895|-0.822509765625|0.361083984375|-0.36474609375|-1.190185546875|2.685546875|0.18310546875|-15.161404914529914|57.11971153846154|-51.635225885225886
2026-01-29 02:41:53.093677+00:00|36.13133042391536|38.68501801113604|37.42649603370717|36.143309134718265|36.527111824904466|-0.814697265625|0.357421875|-0.370361328125|-1.129150390625|2.471923828125|-0.213623046875|-15.161404914529914|57.82489316239316|-51.635225885225886
2026-01-29 02:41:53.152344+00:00|36.12733772066156|38.668753037237366|37.41844080552846|36.1512954432867|36.55913849190682|-0.821533203125|0.359375|-0.36767578125|-1.495361328125|2.166748046875|-0.1220703125|-14.808814102564103|56.061939102564104|-51.635225885225886
2026-01-29 02:41:53.210478+00:00|36.13532322730953|38.68095156836199|37.41441336611632|36.13931613089392|36.53511786002912|-0.82080078125|0.35986328125|-0.367431640625|-1.3427734375|2.349853515625|-0.06103515625|-15.513995726495725|58.17748397435897|-50.27640415140415
2026-01-29 02:41:53.269146+00:00|36.14730223883254|38.68501801113604|37.42649603370717|36.14730223883254|36.511101015488066|-0.818359375|0.363037109375|-0.36669921875|-1.28173828125|2.471923828125|0.274658203125|-17.276949786324785|57.82489316239316|-51.635225885225886
2026-01-29 02:41:53.327895+00:00|36.14730223883254|38.68501801113604|37.41844080552846|36.14730223883254|36.55113119312682|-0.81640625|0.358642578125|-0.369873046875|-1.0986328125|2.3193359375|-0.18310546875|-15.33770032051282|56.94341613247863|-50.44625686813187
2026-01-29 02:41:53.386644+00:00|36.143309134718265|38.68095156836199|37.422468361374854|36.143309134718265|36.55513478978895|-0.815185546875|0.361083984375|-0.37255859375|-1.15966796875|2.655029296875|-0.1220703125|-16.042881944444442|56.59082532051282|-50.7859623015873
2026-01-29 02:41:53.445210+00:00|36.12733772066156|38.668753037237366|37.42649603370717|36.14730223883254|36.53912103537192|-0.819580078125|0.358154296875|-0.3701171875|-1.0986328125|2.197265625|-0.244140625|-15.866586538461538|56.061939102564104|-52.654342185592185
2026-01-29 02:41:53.503883+00:00|36.13532322730953|38.67688525849019|37.41441336611632|36.13931613089392|36.547127701870295|-0.816650390625|0.359619140625|-0.36865234375|-1.28173828125|2.532958984375|-0.030517578125|-14.985109508547007|56.94341613247863|-52.14478403540903
2026-01-29 02:41:53.561945+00:00|36.143309134718265|38.68501801113604|37.41844080552846|36.13133042391536|36.511101015488066|-0.82080078125|0.358154296875|-0.373046875|-1.0986328125|2.593994140625|0.1220703125|-15.866586538461538|58.53007478632479|-51.635225885225886
2026-01-29 02:41:53.620564+00:00|36.14730223883254|38.68095156836199|37.422468361374854|36.1512954432867|36.56314229953108|-0.81787109375|0.356689453125|-0.369140625|-1.434326171875|2.38037109375|-0.06103515625|-15.513995726495725|57.11971153846154|-50.955815018315015
2026-01-29 02:41:53.678864+00:00|36.13931613089392|38.68908458686616|37.42649603370717|36.1552887481306|36.53511786002912|-0.821533203125|0.361083984375|-0.368408203125|-1.28173828125|2.38037109375|0.30517578125|-15.690291132478631|56.94341613247863|-51.12566773504273
2026-01-29 02:41:53.737377+00:00|36.12733772066156|38.67688525849019|37.41844080552846|36.1512954432867|36.55113119312682|-0.822998046875|0.36181640625|-0.375|-1.28173828125|2.62451171875|0.06103515625|-15.690291132478631|58.353779380341884|-51.12566773504273
2026-01-29 02:41:53.796042+00:00|36.14730223883254|38.67281908146657|37.410386043086646|36.13931613089392|36.547127701870295|-0.821533203125|0.3662109375|-0.35986328125|-1.40380859375|2.349853515625|0.30517578125|-15.513995726495725|57.47230235042735|-50.61610958485958
2026-01-29 02:41:53.856710+00:00|36.1512954432867|38.68908458686616|37.43052382257713|36.13931613089392|36.51910621019192|-0.814208984375|0.37060546875|-0.373779296875|-1.434326171875|2.74658203125|0.0|-14.808814102564103|56.414529914529915|-51.29552045177044
2026-01-29 02:41:53.915072+00:00|36.14730223883254|38.693151295606185|37.42649603370717|36.14730223883254|36.53511786002912|-0.8173828125|0.353515625|-0.371337890625|-0.946044921875|2.25830078125|0.335693359375|-16.219177350427348|56.414529914529915|-51.635225885225886
2026-01-29 02:41:53.973484+00:00|36.1552887481306|38.68908458686616|37.42649603370717|36.15928215341398|36.56314229953108|-0.81982421875|0.358642578125|-0.36962890625|-1.373291015625|2.410888671875|0.213623046875|-14.632518696581197|55.8856436965812|-50.7859623015873
2026-01-29 02:41:54.031828+00:00|36.14730223883254|38.693151295606185|37.422468361374854|36.1512954432867|36.57115023150027|-0.8173828125|0.367919921875|-0.370361328125|-1.64794921875|2.5634765625|-0.67138671875|-16.042881944444442|57.648597756410254|-50.44625686813187
2026-01-29 02:41:54.090079+00:00|36.13931613089392|38.67281908146657|37.422468361374854|36.1552887481306|36.53912103537192|-0.817626953125|0.362548828125|-0.37109375|-1.373291015625|2.716064453125|0.030517578125|-15.866586538461538|56.767120726495726|-50.61610958485958
2026-01-29 02:41:54.148398+00:00|36.14730223883254|38.67688525849019|37.41441336611632|36.143309134718265|36.53511786002912|-0.820068359375|0.360107421875|-0.368408203125|-1.190185546875|2.044677734375|0.335693359375|-15.161404914529914|56.414529914529915|-51.29552045177044
2026-01-29 02:41:54.206803+00:00|36.1512954432867|38.68095156836199|37.42649603370717|36.15928215341398|36.54312431596884|-0.8154296875|0.367431640625|-0.376708984375|-1.3427734375|2.593994140625|-0.091552734375|-15.33770032051282|56.23823450854701|-51.8050786019536
2026-01-29 02:41:54.265050+00:00|36.1512954432867|38.68501801113604|37.42649603370717|36.15928215341398|36.55513478978895|-0.82080078125|0.354736328125|-0.369384765625|-1.251220703125|2.38037109375|-0.091552734375|-16.042881944444442|58.353779380341884|-50.10655143467643
2026-01-29 02:41:54.323318+00:00|36.14730223883254|38.68501801113604|37.42649603370717|36.15928215341398|36.55913849190682|-0.822509765625|0.3544921875|-0.36669921875|-1.0986328125|2.227783203125|-0.1220703125|-14.985109508547007|57.648597756410254|-50.44625686813187
2026-01-29 02:41:54.381887+00:00|36.13931613089392|38.67281908146657|37.41441336611632|36.1552887481306|36.55913849190682|-0.813720703125|0.361328125|-0.373291015625|-1.0986328125|2.44140625|-0.3662109375|-15.161404914529914|56.414529914529915|-50.61610958485958
2026-01-29 02:41:54.440237+00:00|36.1552887481306|38.68501801113604|37.41441336611632|36.14730223883254|36.547127701870295|-0.813720703125|0.35595703125|-0.370849609375|-1.129150390625|2.685546875|0.30517578125|-16.219177350427348|56.414529914529915|-51.29552045177044
2026-01-29 02:41:54.498540+00:00|36.15928215341398|38.68095156836199|37.422468361374854|36.167269265499215|36.53511786002912|-0.819091796875|0.360107421875|-0.380859375|-0.9765625|2.655029296875|-1.0986328125|-16.042881944444442|56.59082532051282|-51.8050786019536
2026-01-29 02:41:54.556929+00:00|36.1552887481306|38.67688525849019|37.422468361374854|36.15928215341398|36.53511786002912|-0.818603515625|0.358154296875|-0.360107421875|-1.15966796875|2.5634765625|-0.3662109375|-16.219177350427348|57.47230235042735|-51.29552045177044
2026-01-29 02:41:54.615174+00:00|36.143309134718265|38.68095156836199|37.43052382257713|36.167269265499215|36.53511786002912|-0.822509765625|0.360595703125|-0.375|-1.64794921875|2.25830078125|0.9765625|-15.513995726495725|58.8826655982906|-50.955815018315015
2026-01-29 02:41:54.673540+00:00|36.143309134718265|38.668753037237366|37.41441336611632|36.1552887481306|36.53912103537192|-0.814697265625|0.36083984375|-0.37255859375|-1.373291015625|2.25830078125|0.48828125|-15.513995726495725|57.47230235042735|-52.31463675213675
2026-01-29 02:41:54.731859+00:00|36.15928215341398|38.67688525849019|37.422468361374854|36.14730223883254|36.53511786002912|-0.8212890625|0.3603515625|-0.362548828125|-1.068115234375|2.197265625|1.03759765625|-14.985109508547007|57.29600694444444|-50.44625686813187
2026-01-29 02:41:54.790479+00:00|36.1552887481306|38.68095156836199|37.42649603370717|36.16327565918692|36.55913849190682|-0.81689453125|0.3564453125|-0.385986328125|-1.007080078125|2.716064453125|-0.701904296875|-14.808814102564103|56.414529914529915|-50.955815018315015
2026-01-29 02:41:54.848852+00:00|36.16327565918692|38.68095156836199|37.42649603370717|36.1552887481306|36.55513478978895|-0.82666015625|0.362060546875|-0.36376953125|-1.129150390625|2.44140625|-0.91552734375|-16.395472756410257|57.648597756410254|-50.44625686813187
2026-01-29 02:41:54.907356+00:00|36.14730223883254|38.67688525849019|37.43052382257713|36.16327565918692|36.53511786002912|-0.8173828125|0.3642578125|-0.362548828125|-1.190185546875|2.227783203125|0.213623046875|-15.690291132478631|56.94341613247863|-51.8050786019536
2026-01-29 02:41:54.966122+00:00|36.14730223883254|38.66468712574857|37.41844080552846|36.167269265499215|36.58716736373435|-0.8203125|0.36083984375|-0.370361328125|-1.3427734375|2.471923828125|-0.213623046875|-17.276949786324785|57.47230235042735|-51.29552045177044
2026-01-29 02:41:55.024743+00:00|36.1552887481306|38.67688525849019|37.41844080552846|36.1512954432867|36.53511786002912|-0.818603515625|0.354736328125|-0.36474609375|-1.52587890625|2.349853515625|0.18310546875|-14.632518696581197|58.001188568376065|-51.12566773504273
2026-01-29 02:41:55.083384+00:00|36.16327565918692|38.68095156836199|37.43455172803647|36.17126297240094|36.55113119312682|-0.813720703125|0.355224609375|-0.364990234375|-1.220703125|2.655029296875|-0.18310546875|-15.161404914529914|57.47230235042735|-50.27640415140415
2026-01-29 02:41:55.142003+00:00|36.16327565918692|38.67688525849019|37.43052382257713|36.17126297240094|36.531114789890125|-0.82421875|0.3603515625|-0.36767578125|-1.495361328125|2.593994140625|0.18310546875|-16.219177350427348|58.53007478632479|-51.29552045177044
2026-01-29 02:41:55.200665+00:00|36.15928215341398|38.68095156836199|37.42649603370717|36.167269265499215|36.57115023150027|-0.817138671875|0.362060546875|-0.37060546875|-1.220703125|2.410888671875|-0.3662109375|-13.57474626068376|55.8856436965812|-51.46537316849816
2026-01-29 02:41:55.259309+00:00|36.1512954432867|38.66468712574857|37.422468361374854|36.167269265499215|36.56314229953108|-0.814208984375|0.364013671875|-0.36865234375|-1.52587890625|2.288818359375|0.06103515625|-16.042881944444442|57.29600694444444|-50.7859623015873
2026-01-29 02:41:55.317601+00:00|36.16327565918692|38.67281908146657|37.41441336611632|36.1552887481306|36.55513478978895|-0.82080078125|0.359130859375|-0.36669921875|-1.190185546875|2.3193359375|0.213623046875|-15.690291132478631|56.59082532051282|-51.12566773504273
2026-01-29 02:41:55.375813+00:00|36.15928215341398|38.67688525849019|37.43052382257713|36.17126297240094|36.56314229953108|-0.818603515625|0.357666015625|-0.37353515625|-1.0986328125|2.471923828125|-0.244140625|-14.279927884615384|56.59082532051282|-51.12566773504273
2026-01-29 02:41:55.434074+00:00|36.16327565918692|38.67688525849019|37.43455172803647|36.16327565918692|36.55913849190682|-0.819091796875|0.365478515625|-0.367431640625|-1.220703125|2.25830078125|0.396728515625|-14.45622329059829|57.11971153846154|-50.955815018315015
2026-01-29 02:41:55.492402+00:00|36.1552887481306|38.67688525849019|37.42649603370717|36.175256779941776|36.53511786002912|-0.8193359375|0.352294921875|-0.38232421875|-0.9765625|2.655029296875|-0.640869140625|-16.571768162393163|56.767120726495726|-50.955815018315015
2026-01-29 02:41:55.550800+00:00|36.1512954432867|38.66062134694624|37.422468361374854|36.16327565918692|36.56714621271203|-0.82080078125|0.35986328125|-0.370361328125|-1.0986328125|2.655029296875|-0.3662109375|-15.513995726495725|57.11971153846154|-50.27640415140415
2026-01-29 02:41:55.609199+00:00|36.167269265499215|38.668753037237366|37.41844080552846|36.15928215341398|36.53912103537192|-0.81884765625|0.361328125|-0.366455078125|-1.220703125|2.349853515625|0.091552734375|-14.985109508547007|57.29600694444444|-51.12566773504273
2026-01-29 02:41:55.667698+00:00|36.17126297240094|38.67281908146657|37.43052382257713|36.16327565918692|36.55513478978895|-0.81982421875|0.359619140625|-0.366455078125|-1.007080078125|2.471923828125|0.213623046875|-15.161404914529914|56.061939102564104|-52.99404761904761
2026-01-29 02:41:55.726183+00:00|36.16327565918692|38.668753037237366|37.43052382257713|36.17126297240094|36.57915858610011|-0.824951171875|0.357421875|-0.381103515625|-1.007080078125|2.62451171875|0.42724609375|-14.985109508547007|56.59082532051282|-51.46537316849816
2026-01-29 02:41:55.784398+00:00|36.1512954432867|38.668753037237366|37.43052382257713|36.175256779941776|36.55913849190682|-0.822265625|0.356201171875|-0.369384765625|-1.190185546875|3.021240234375|-1.922607421875|-15.161404914529914|56.767120726495726|-51.635225885225886
2026-01-29 02:41:55.842759+00:00|36.1512954432867|38.65249018718612|37.41441336611632|36.15928215341398|36.547127701870295|-0.818115234375|0.36376953125|-0.363037109375|-1.5869140625|2.44140625|0.274658203125|-16.571768162393163|57.47230235042735|-51.635225885225886
2026-01-29 02:41:55.901127+00:00|36.167269265499215|38.67281908146657|37.42649603370717|36.1552887481306|36.55113119312682|-0.819091796875|0.35986328125|-0.3623046875|-1.434326171875|2.288818359375|1.129150390625|-17.10065438034188|57.29600694444444|-51.12566773504273
2026-01-29 02:41:55.959476+00:00|36.167269265499215|38.66468712574857|37.43455172803647|36.17126297240094|36.55913849190682|-0.822509765625|0.358642578125|-0.3828125|-1.312255859375|2.471923828125|0.48828125|-15.866586538461538|57.82489316239316|-50.61610958485958
2026-01-29 02:41:56.017946+00:00|36.167269265499215|38.66062134694624|37.43052382257713|36.17126297240094|36.57915858610011|-0.815673828125|0.355224609375|-0.367431640625|-1.190185546875|2.716064453125|-0.396728515625|-14.985109508547007|56.59082532051282|-50.7859623015873
2026-01-29 02:41:56.076373+00:00|36.1552887481306|38.648424806120374|37.43052382257713|36.17126297240094|36.5751543559461|-0.819580078125|0.35986328125|-0.37939453125|-1.15966796875|2.410888671875|0.1220703125|-15.513995726495725|57.47230235042735|-51.29552045177044
2026-01-29 02:41:56.134811+00:00|36.17126297240094|38.648424806120374|37.41844080552846|36.16327565918692|36.56314229953108|-0.815673828125|0.362060546875|-0.361328125|-1.373291015625|2.5634765625|-0.06103515625|-13.927337072649571|57.29600694444444|-51.46537316849816
2026-01-29 02:41:56.193193+00:00|36.17126297240094|38.66468712574857|37.43052382257713|36.167269265499215|36.55913849190682|-0.816650390625|0.36279296875|-0.37548828125|-1.03759765625|2.38037109375|0.06103515625|-15.33770032051282|58.001188568376065|-49.42714056776557
2026-01-29 02:41:56.251507+00:00|36.175256779941776|38.66062134694624|37.43857975013702|36.17925068817175|36.58316292201272|-0.8193359375|0.3564453125|-0.36962890625|-1.129150390625|2.410888671875|-0.335693359375|-15.161404914529914|57.82489316239316|-50.61610958485958
2026-01-29 02:41:56.309934+00:00|36.175256779941776|38.66468712574857|37.42649603370717|36.17126297240094|36.57915858610011|-0.822509765625|0.360107421875|-0.375244140625|-1.3427734375|2.288818359375|0.213623046875|-15.33770032051282|56.59082532051282|-50.10655143467643
2026-01-29 02:41:56.368193+00:00|36.15928215341398|38.64435955752572|37.43052382257713|36.17126297240094|36.55913849190682|-0.81591796875|0.3544921875|-0.373291015625|-1.251220703125|2.410888671875|-0.3662109375|-16.042881944444442|57.29600694444444|-52.14478403540903
2026-01-29 02:41:56.426597+00:00|36.175256779941776|38.648424806120374|37.422468361374854|36.17126297240094|36.57115023150027|-0.81689453125|0.354736328125|-0.385986328125|-1.03759765625|2.74658203125|-1.52587890625|-13.927337072649571|56.94341613247863|-50.7859623015873
2026-01-29 02:41:56.484900+00:00|36.17925068817175|38.66062134694624|37.43857975013702|36.175256779941776|36.56714621271203|-0.830078125|0.3642578125|-0.362060546875|-1.5869140625|2.655029296875|-1.190185546875|-16.395472756410257|56.94341613247863|-51.12566773504273
2026-01-29 02:41:56.543357+00:00|36.175256779941776|38.656555700776835|37.43052382257713|36.17925068817175|36.55513478978895|-0.818359375|0.360595703125|-0.376708984375|-1.434326171875|2.3193359375|0.396728515625|-15.161404914529914|57.11971153846154|-51.635225885225886
2026-01-29 02:41:56.602072+00:00|36.175256779941776|38.656555700776835|37.43052382257713|36.17925068817175|36.57915858610011|-0.82080078125|0.364501953125|-0.375732421875|-1.40380859375|2.410888671875|0.762939453125|-16.042881944444442|56.94341613247863|-51.12566773504273
2026-01-29 02:41:56.660263+00:00|36.15928215341398|38.64029444134832|37.43052382257713|36.17925068817175|36.57915858610011|-0.820068359375|0.359619140625|-0.371826171875|-1.220703125|2.38037109375|0.18310546875|-16.748063568376068|56.59082532051282|-51.8050786019536
2026-01-29 02:41:56.718569+00:00|36.17925068817175|38.648424806120374|37.41844080552846|36.17126297240094|36.53912103537192|-0.818603515625|0.356201171875|-0.369873046875|-1.40380859375|2.349853515625|0.091552734375|-16.219177350427348|58.17748397435897|-50.27640415140415
2026-01-29 02:41:56.776931+00:00|36.17126297240094|38.65249018718612|37.43052382257713|36.183244697140935|36.58316292201272|-0.8193359375|0.362548828125|-0.372314453125|-1.434326171875|2.5634765625|-0.42724609375|-14.103632478632479|57.47230235042735|-51.29552045177044
2026-01-29 02:41:56.835268+00:00|36.183244697140935|38.648424806120374|37.43455172803647|36.18723880689902|36.5751543559461|-0.8203125|0.36083984375|-0.3701171875|-1.5869140625|2.593994140625|-0.1220703125|-16.042881944444442|56.94341613247863|-52.48448946886447
2026-01-29 02:41:56.893671+00:00|36.175256779941776|38.65249018718612|37.44260788893041|36.183244697140935|36.55913849190682|-0.817626953125|0.357421875|-0.36474609375|-1.312255859375|2.44140625|-0.3662109375|-15.513995726495725|56.414529914529915|-48.917582417582416
2026-01-29 02:41:56.952006+00:00|36.167269265499215|38.63622945753434|37.41844080552846|36.183244697140935|36.57915858610011|-0.81884765625|0.355712890625|-0.3671875|-1.52587890625|2.166748046875|0.0|-16.924358974358974|57.47230235042735|-48.917582417582416
2026-01-29 02:41:57.010301+00:00|36.17925068817175|38.65249018718612|37.42649603370717|36.17126297240094|36.55513478978895|-0.810546875|0.34912109375|-0.361572265625|-0.67138671875|2.99072265625|-1.800537109375|-14.45622329059829|56.767120726495726|-50.955815018315015
2026-01-29 02:41:57.068576+00:00|36.17126297240094|38.64435955752572|37.43455172803647|36.183244697140935|36.53912103537192|-0.8359375|0.344970703125|-0.361083984375|-1.3427734375|3.692626953125|-7.6904296875|-15.33770032051282|57.29600694444444|-50.7859623015873
2026-01-29 02:41:57.126951+00:00|36.18723880689902|38.64029444134832|37.43857975013702|36.18723880689902|36.57115023150027|-0.8173828125|0.37158203125|-0.36474609375|-1.739501953125|2.349853515625|0.274658203125|-14.985109508547007|56.59082532051282|-50.7859623015873
2026-01-29 02:41:57.185225+00:00|36.167269265499215|38.632164606030074|37.43455172803647|36.18723880689902|36.55913849190682|-0.81787109375|0.362548828125|-0.359130859375|-1.190185546875|1.52587890625|3.265380859375|-16.571768162393163|57.47230235042735|-50.955815018315015
2026-01-29 02:41:57.243616+00:00|36.175256779941776|38.628099886781456|37.422468361374854|36.17126297240094|36.53511786002912|-0.8076171875|0.35986328125|-0.370361328125|-0.8544921875|2.13623046875|1.251220703125|-15.33770032051282|58.001188568376065|-51.8050786019536
2026-01-29 02:41:57.301938+00:00|36.18723880689902|38.64029444134832|37.43455172803647|36.175256779941776|36.55913849190682|-0.82080078125|0.359130859375|-0.359130859375|-1.922607421875|2.166748046875|1.373291015625|-16.219177350427348|56.414529914529915|-50.27640415140415
2026-01-29 02:41:57.360212+00:00|36.183244697140935|38.63622945753434|37.43455172803647|36.18723880689902|36.55913849190682|-0.8017578125|0.35400390625|-0.398681640625|-0.823974609375|2.44140625|1.64794921875|-15.33770032051282|55.8856436965812|-50.7859623015873
2026-01-29 02:41:57.418536+00:00|36.183244697140935|38.632164606030074|37.43455172803647|36.183244697140935|36.57915858610011|-0.826171875|0.349609375|-0.369384765625|-0.762939453125|2.86865234375|-3.0517578125|-16.571768162393163|57.82489316239316|-51.29552045177044
2026-01-29 02:41:57.476835+00:00|36.167269265499215|38.62403529973483|37.43455172803647|36.195227328982014|36.57115023150027|-0.822509765625|0.365478515625|-0.365234375|-1.617431640625|2.532958984375|-0.152587890625|-15.33770032051282|56.59082532051282|-52.14478403540903
2026-01-29 02:41:57.535163+00:00|36.17925068817175|38.632164606030074|37.42649603370717|36.17126297240094|36.57115023150027|-0.822021484375|0.360107421875|-0.3681640625|-1.220703125|2.5634765625|0.274658203125|-15.33770032051282|56.94341613247863|-50.7859623015873
2026-01-29 02:41:57.593547+00:00|36.17925068817175|38.63622945753434|37.43455172803647|36.183244697140935|36.55513478978895|-0.817626953125|0.35546875|-0.36962890625|-1.373291015625|2.410888671875|0.213623046875|-17.10065438034188|56.23823450854701|-51.8050786019536
2026-01-29 02:41:57.651895+00:00|36.183244697140935|38.632164606030074|37.43455172803647|36.183244697140935|36.57915858610011|-0.8193359375|0.35888671875|-0.371826171875|-1.495361328125|2.25830078125|0.1220703125|-14.985109508547007|56.94341613247863|-50.44625686813187
2026-01-29 02:41:57.710270+00:00|36.183244697140935|38.632164606030074|37.43455172803647|36.183244697140935|36.59117191131554|-0.812744140625|0.35595703125|-0.371826171875|-1.251220703125|2.62451171875|-0.30517578125|-16.748063568376068|57.29600694444444|-51.8050786019536
2026-01-29 02:41:57.768534+00:00|36.17126297240094|38.611842331268576|37.41844080552846|36.18723880689902|36.57115023150027|-0.819580078125|0.3544921875|-0.3828125|-0.885009765625|2.62451171875|-0.335693359375|-15.161404914529914|56.061939102564104|-49.59699328449329
2026-01-29 02:41:57.826750+00:00|36.183244697140935|38.632164606030074|37.43052382257713|36.17925068817175|36.55913849190682|-0.816162109375|0.359375|-0.361572265625|-1.068115234375|2.471923828125|-0.67138671875|-15.161404914529914|57.47230235042735|-51.635225885225886
2026-01-29 02:41:57.885110+00:00|36.17925068817175|38.62403529973483|37.44260788893041|36.18723880689902|36.58716736373435|-0.823486328125|0.362548828125|-0.36572265625|-1.3427734375|2.288818359375|0.091552734375|-16.748063568376068|57.648597756410254|-49.42714056776557
2026-01-29 02:41:57.943450+00:00|36.18723880689902|38.628099886781456|37.43857975013702|36.195227328982014|36.57115023150027|-0.8232421875|0.3564453125|-0.376708984375|-1.495361328125|2.3193359375|0.48828125|-16.042881944444442|57.29600694444444|-50.7859623015873
2026-01-29 02:41:58.001752+00:00|36.175256779941776|38.61590652203222|37.43857975013702|36.195227328982014|36.56714621271203|-0.82275390625|0.361083984375|-0.37060546875|-1.007080078125|2.044677734375|0.579833984375|-16.395472756410257|56.59082532051282|-52.14478403540903
2026-01-29 02:41:58.059927+00:00|36.183244697140935|38.61590652203222|37.42649603370717|36.175256779941776|36.57115023150027|-0.823486328125|0.35693359375|-0.365234375|-1.15966796875|2.62451171875|-0.152587890625|-15.513995726495725|58.17748397435897|-51.29552045177044
2026-01-29 02:41:58.118227+00:00|36.183244697140935|38.62403529973483|37.43455172803647|36.183244697140935|36.56714621271203|-0.816650390625|0.35986328125|-0.369140625|-1.3427734375|2.50244140625|-0.54931640625|-16.219177350427348|57.47230235042735|-49.936698717948715
2026-01-29 02:41:58.176400+00:00|36.183244697140935|38.619970844836246|37.43455172803647|36.19123301749613|36.57915858610011|-0.822021484375|0.363037109375|-0.365966796875|-1.52587890625|2.197265625|-0.213623046875|-15.690291132478631|58.353779380341884|-50.44625686813187
2026-01-29 02:41:58.234779+00:00|36.183244697140935|38.628099886781456|37.43455172803647|36.18723880689902|36.5751543559461|-0.819091796875|0.357177734375|-0.36962890625|-1.220703125|2.410888671875|0.244140625|-16.395472756410257|56.94341613247863|-51.12566773504273
2026-01-29 02:41:58.293051+00:00|36.175256779941776|38.611842331268576|37.42649603370717|36.19123301749613|36.5751543559461|-0.817626953125|0.362060546875|-0.36669921875|-1.312255859375|2.593994140625|-0.18310546875|-16.219177350427348|57.11971153846154|-50.61610958485958
2026-01-29 02:41:58.351479+00:00|36.19123301749613|38.619970844836246|37.422468361374854|36.175256779941776|36.56314229953108|-0.818115234375|0.361572265625|-0.368408203125|-1.15966796875|2.410888671875|0.244140625|-16.219177350427348|57.11971153846154|-49.936698717948715
2026-01-29 02:41:58.410076+00:00|36.19123301749613|38.628099886781456|37.43857975013702|36.20321625482035|36.55913849190682|-0.821044921875|0.359130859375|-0.3662109375|-1.251220703125|2.50244140625|-0.030517578125|-14.985109508547007|57.29600694444444|-49.08743513431013
2026-01-29 02:41:58.468338+00:00|36.19123301749613|38.62403529973483|37.43857975013702|36.19123301749613|36.5751543559461|-0.8203125|0.360107421875|-0.37646484375|-1.3427734375|2.471923828125|-0.06103515625|-15.690291132478631|57.29600694444444|-50.7859623015873
2026-01-29 02:41:58.526534+00:00|36.17925068817175|38.62403529973483|37.43052382257713|36.19123301749613|36.55913849190682|-0.8193359375|0.36083984375|-0.370361328125|-1.251220703125|2.532958984375|0.0|-14.45622329059829|57.11971153846154|-50.61610958485958
2026-01-29 02:41:58.584684+00:00|36.175256779941776|38.60371434564797|37.422468361374854|36.183244697140935|36.60719116124545|-0.81591796875|0.36083984375|-0.373046875|-1.190185546875|2.5634765625|0.06103515625|-15.33770032051282|57.648597756410254|-50.10655143467643
2026-01-29 02:41:58.642913+00:00|36.19123301749613|38.619970844836246|37.43052382257713|36.18723880689902|36.55913849190682|-0.81640625|0.356201171875|-0.37451171875|-0.8544921875|2.716064453125|-0.213623046875|-15.33770032051282|56.59082532051282|-51.46537316849816
2026-01-29 02:41:58.701192+00:00|36.19123301749613|38.619970844836246|37.43455172803647|36.19922174140686|36.599181324258495|-0.82177734375|0.357421875|-0.3642578125|-1.068115234375|2.288818359375|-0.42724609375|-16.395472756410257|56.94341613247863|-51.12566773504273
2026-01-29 02:41:58.759505+00:00|36.195227328982014|38.62403529973483|37.43455172803647|36.20321625482035|36.58316292201272|-0.814453125|0.359130859375|-0.3720703125|-1.190185546875|2.471923828125|1.3427734375|-14.985109508547007|56.59082532051282|-49.766846001221005
2026-01-29 02:41:58.817859+00:00|36.17925068817175|38.60777827249166|37.44663614446847|36.20321625482035|36.55913849190682|-0.8193359375|0.36083984375|-0.371337890625|-1.007080078125|2.44140625|-0.732421875|-15.690291132478631|56.59082532051282|-50.44625686813187
2026-01-29 02:41:58.876056+00:00|36.195227328982014|38.60777827249166|37.42649603370717|36.183244697140935|36.5751543559461|-0.814453125|0.361328125|-0.36376953125|-1.15966796875|2.655029296875|-0.274658203125|-16.395472756410257|57.29600694444444|-49.766846001221005
2026-01-29 02:41:58.934559+00:00|36.195227328982014|38.619970844836246|37.43455172803647|36.195227328982014|36.57915858610011|-0.821533203125|0.362060546875|-0.369873046875|-1.52587890625|2.13623046875|0.457763671875|-15.513995726495725|57.11971153846154|-50.27640415140415
2026-01-29 02:41:58.992799+00:00|36.19922174140686|38.611842331268576|37.43052382257713|36.19922174140686|36.59517656480676|-0.815673828125|0.361572265625|-0.374267578125|-1.312255859375|2.44140625|-0.152587890625|-15.513995726495725|57.47230235042735|-48.917582417582416
2026-01-29 02:41:59.051144+00:00|36.18723880689902|38.61590652203222|37.43455172803647|36.19922174140686|36.5751543559461|-0.821044921875|0.359619140625|-0.374267578125|-1.556396484375|2.471923828125|-0.06103515625|-15.866586538461538|56.767120726495726|-50.61610958485958
2026-01-29 02:41:59.109633+00:00|36.18723880689902|38.60371434564797|37.43052382257713|36.20321625482035|36.599181324258495|-0.82080078125|0.35888671875|-0.371826171875|-1.40380859375|2.838134765625|-0.06103515625|-15.513995726495725|57.47230235042735|-50.61610958485958
2026-01-29 02:41:59.168046+00:00|36.195227328982014|38.60777827249166|37.422468361374854|36.183244697140935|36.55513478978895|-0.81787109375|0.356689453125|-0.365966796875|-1.28173828125|2.25830078125|0.0|-16.042881944444442|57.648597756410254|-50.7859623015873
2026-01-29 02:41:59.226471+00:00|36.19123301749613|38.61590652203222|37.43857975013702|36.19922174140686|36.55513478978895|-0.8173828125|0.36083984375|-0.37890625|-1.220703125|2.13623046875|0.54931640625|-15.33770032051282|55.8856436965812|-50.44625686813187
2026-01-29 02:41:59.284652+00:00|36.19922174140686|38.611842331268576|37.43455172803647|36.20321625482035|36.5751543559461|-0.8251953125|0.3486328125|-0.29296875|-3.326416015625|2.227783203125|-2.8076171875|-15.690291132478631|57.648597756410254|-50.10655143467643
2026-01-29 02:41:59.343032+00:00|36.18723880689902|38.60777827249166|37.43455172803647|36.19922174140686|36.59117191131554|-0.8154296875|0.354736328125|-0.368896484375|-2.044677734375|3.021240234375|-3.997802734375|-15.513995726495725|58.17748397435897|-49.936698717948715
2026-01-29 02:41:59.401427+00:00|36.18723880689902|38.599650550683236|37.422468361374854|36.195227328982014|36.59517656480676|-0.82080078125|0.361572265625|-0.3642578125|-1.52587890625|1.953125|2.3193359375|-15.866586538461538|57.11971153846154|-51.635225885225886
2026-01-29 02:41:59.459819+00:00|36.195227328982014|38.60777827249166|37.42649603370717|36.19123301749613|36.57915858610011|-0.82421875|0.349365234375|-0.364990234375|-0.42724609375|2.38037109375|0.3662109375|-15.866586538461538|57.11971153846154|-50.27640415140415
2026-01-29 02:41:59.518152+00:00|36.19922174140686|38.60371434564797|37.43455172803647|36.20321625482035|36.56314229953108|-0.817138671875|0.363525390625|-0.37353515625|-1.46484375|2.01416015625|0.732421875|-14.632518696581197|58.001188568376065|-50.44625686813187
2026-01-29 02:41:59.576501+00:00|36.19922174140686|38.611842331268576|37.43857975013702|36.21120558481374|36.59117191131554|-0.817626953125|0.370361328125|-0.380615234375|-1.64794921875|2.3193359375|0.457763671875|-15.513995726495725|57.47230235042735|-50.27640415140415
2026-01-29 02:41:59.634826+00:00|36.18723880689902|38.60371434564797|37.43857975013702|36.21120558481374|36.57115023150027|-0.819580078125|0.36474609375|-0.37939453125|-2.01416015625|2.5634765625|-0.6103515625|-14.45622329059829|56.767120726495726|-49.936698717948715
2026-01-29 02:41:59.693127+00:00|36.19123301749613|38.59558688754407|37.422468361374854|36.195227328982014|36.59117191131554|-0.820068359375|0.35791015625|-0.365234375|-1.3427734375|2.25830078125|-0.640869140625|-15.33770032051282|57.648597756410254|-50.7859623015873
2026-01-29 02:41:59.751450+00:00|36.20321625482035|38.611842331268576|37.43857975013702|36.19922174140686|36.57115023150027|-0.8232421875|0.35400390625|-0.36865234375|-0.8544921875|2.471923828125|0.18310546875|-15.161404914529914|57.11971153846154|-49.936698717948715
2026-01-29 02:41:59.809799+00:00|36.19922174140686|38.60371434564797|37.43455172803647|36.21120558481374|36.59517656480676|-0.81982421875|0.35693359375|-0.372314453125|-0.885009765625|2.593994140625|-0.1220703125|-15.33770032051282|57.29600694444444|-49.08743513431013
2026-01-29 02:41:59.868803+00:00|36.20721086927267|38.60777827249166|37.44260788893041|36.20721086927267|36.56714621271203|-0.818603515625|0.359619140625|-0.367431640625|-1.312255859375|2.410888671875|0.396728515625|-15.513995726495725|57.11971153846154|-50.61610958485958
2026-01-29 02:41:59.927592+00:00|36.19922174140686|38.60777827249166|37.43857975013702|36.21120558481374|36.58716736373435|-0.8193359375|0.360107421875|-0.37646484375|-1.312255859375|2.288818359375|0.67138671875|-16.924358974358974|56.414529914529915|-51.635225885225886
2026-01-29 02:41:59.985683+00:00|36.195227328982014|38.58745995652703|37.43052382257713|36.20721086927267|36.58716736373435|-0.8193359375|0.3623046875|-0.375244140625|-1.3427734375|2.227783203125|-0.091552734375|-15.866586538461538|57.82489316239316|-51.29552045177044
2026-01-29 02:42:00.044323+00:00|36.20721086927267|38.611842331268576|37.42649603370717|36.19922174140686|36.57115023150027|-0.815185546875|0.365966796875|-0.376220703125|-1.40380859375|2.685546875|-0.152587890625|-17.10065438034188|57.648597756410254|-50.7859623015873
2026-01-29 02:42:00.102891+00:00|36.21120558481374|38.60777827249166|37.43857975013702|36.21120558481374|36.57915858610011|-0.821044921875|0.357177734375|-0.366455078125|-0.9765625|2.38037109375|0.06103515625|-15.161404914529914|58.53007478632479|-51.29552045177044
2026-01-29 02:42:00.161566+00:00|36.215200401493405|38.599650550683236|37.43455172803647|36.21120558481374|36.58716736373435|-0.81884765625|0.35498046875|-0.3671875|-1.03759765625|2.655029296875|0.18310546875|-14.985109508547007|58.001188568376065|-49.766846001221005
2026-01-29 02:42:00.220530+00:00|36.21120558481374|38.60371434564797|37.44260788893041|36.21919531936169|36.59117191131554|-0.821044921875|0.360107421875|-0.379150390625|-1.068115234375|2.349853515625|0.06103515625|-16.219177350427348|57.11971153846154|-49.59699328449329
2026-01-29 02:42:00.279057+00:00|36.19922174140686|38.58745995652703|37.43455172803647|36.21919531936169|36.58316292201272|-0.8173828125|0.3564453125|-0.371826171875|-1.068115234375|2.655029296875|0.1220703125|-16.042881944444442|58.001188568376065|-50.7859623015873
2026-01-29 02:42:00.337259+00:00|36.215200401493405|38.59558688754407|37.42649603370717|36.20321625482035|36.5751543559461|-0.81689453125|0.357421875|-0.368408203125|-1.40380859375|2.44140625|0.1220703125|-15.33770032051282|56.94341613247863|-48.40802426739926
2026-01-29 02:42:00.395788+00:00|36.21120558481374|38.599650550683236|37.44260788893041|36.22319033846861|36.58316292201272|-0.8193359375|0.35791015625|-0.372802734375|-1.190185546875|2.532958984375|0.213623046875|-16.042881944444442|56.23823450854701|-49.08743513431013
2026-01-29 02:42:00.454310+00:00|36.21120558481374|38.599650550683236|37.43857975013702|36.215200401493405|36.58716736373435|-0.818603515625|0.35888671875|-0.378662109375|-1.220703125|2.38037109375|0.18310546875|-15.866586538461538|58.17748397435897|-49.936698717948715
2026-01-29 02:42:00.512909+00:00|36.215200401493405|38.60371434564797|37.43455172803647|36.21919531936169|36.611196238881746|-0.820068359375|0.358642578125|-0.35986328125|-1.3427734375|2.593994140625|-1.15966796875|-15.513995726495725|57.47230235042735|-49.59699328449329
2026-01-29 02:42:00.571490+00:00|36.20321625482035|38.58745995652703|37.43857975013702|36.22319033846861|36.59117191131554|-0.82275390625|0.361328125|-0.36376953125|-1.3427734375|2.62451171875|0.18310546875|-16.571768162393163|57.11971153846154|-50.955815018315015
2026-01-29 02:42:00.630084+00:00|36.215200401493405|38.59152335617654|37.42649603370717|36.21120558481374|36.55913849190682|-0.825927734375|0.360107421875|-0.365478515625|-1.220703125|2.471923828125|0.030517578125|-17.276949786324785|58.17748397435897|-49.25728785103785
2026-01-29 02:42:00.688362+00:00|36.22319033846861|38.599650550683236|37.43857975013702|36.215200401493405|36.5751543559461|-0.819580078125|0.362548828125|-0.373779296875|-1.312255859375|2.3193359375|0.06103515625|-14.632518696581197|57.648597756410254|-49.42714056776557
2026-01-29 02:42:00.746684+00:00|36.21919531936169|38.60371434564797|37.43857975013702|36.22718545886414|36.57915858610011|-0.822021484375|0.3642578125|-0.366455078125|-1.312255859375|2.471923828125|0.0|-15.866586538461538|56.767120726495726|-50.61610958485958
2026-01-29 02:42:00.805020+00:00|36.21919531936169|38.60371434564797|37.44260788893041|36.22718545886414|36.5751543559461|-0.81884765625|0.356689453125|-0.3818359375|-1.495361328125|2.5634765625|0.091552734375|-16.395472756410257|58.001188568376065|-50.10655143467643
2026-01-29 02:42:00.866439+00:00|36.215200401493405|38.59152335617654|37.43052382257713|36.2311806805983|36.56714621271203|-0.8134765625|0.358642578125|-0.37353515625|-0.91552734375|2.62451171875|-0.1220703125|-14.985109508547007|58.001188568376065|-49.766846001221005
2026-01-29 02:42:00.924679+00:00|36.20321625482035|38.59558688754407|37.44260788893041|36.22718545886414|36.60719116124545|-0.822509765625|0.35986328125|-0.369873046875|-1.28173828125|2.471923828125|-1.40380859375|-14.808814102564103|58.53007478632479|-50.955815018315015
2026-01-29 02:42:00.982929+00:00|36.22319033846861|38.59558688754407|37.42649603370717|36.21120558481374|36.58716736373435|-0.818115234375|0.3642578125|-0.35888671875|-1.678466796875|2.227783203125|0.6103515625|-15.161404914529914|57.82489316239316|-49.25728785103785
2026-01-29 02:42:01.041255+00:00|36.22319033846861|38.60777827249166|37.44260788893041|36.21919531936169|36.5751543559461|-0.81591796875|0.36328125|-0.37841796875|-0.9765625|2.105712890625|1.007080078125|-16.748063568376068|56.94341613247863|-50.44625686813187
2026-01-29 02:42:01.099407+00:00|36.22319033846861|38.611842331268576|37.44663614446847|36.2311806805983|36.611196238881746|-0.824951171875|0.34716796875|-0.358154296875|-1.28173828125|1.708984375|1.800537109375|-16.219177350427348|57.47230235042735|-49.59699328449329
2026-01-29 02:42:01.157781+00:00|36.22319033846861|38.611842331268576|37.44260788893041|36.239171428282305|36.599181324258495|-0.8232421875|0.356689453125|-0.373779296875|-1.129150390625|2.62451171875|-0.1220703125|-16.219177350427348|57.11971153846154|-49.25728785103785
2026-01-29 02:42:01.216118+00:00|36.215200401493405|38.59558688754407|37.422468361374854|36.22718545886414|36.57915858610011|-0.816162109375|0.365234375|-0.375|-1.556396484375|2.471923828125|-0.1220703125|-16.395472756410257|57.648597756410254|-51.46537316849816
2026-01-29 02:42:01.274295+00:00|36.22718545886414|38.61590652203222|37.43052382257713|36.215200401493405|36.57115023150027|-0.8203125|0.36083984375|-0.372314453125|-1.5869140625|2.288818359375|0.0|-15.513995726495725|58.8826655982906|-49.59699328449329
2026-01-29 02:42:01.332638+00:00|36.22718545886414|38.61590652203222|37.44260788893041|36.235176003720994|36.58316292201272|-0.8173828125|0.364501953125|-0.36669921875|-1.434326171875|2.471923828125|-0.18310546875|-16.042881944444442|57.648597756410254|-49.766846001221005
2026-01-29 02:42:01.390924+00:00|36.22718545886414|38.619970844836246|37.44663614446847|36.24316695433225|36.5751543559461|-0.819091796875|0.35595703125|-0.3671875|-1.129150390625|2.5634765625|0.30517578125|-15.513995726495725|57.82489316239316|-49.25728785103785
2026-01-29 02:42:01.449128+00:00|36.21919531936169|38.611842331268576|37.43857975013702|36.22718545886414|36.599181324258495|-0.8125|0.3564453125|-0.3701171875|-1.28173828125|2.3193359375|0.18310546875|-16.042881944444442|57.29600694444444|-50.10655143467643
2026-01-29 02:42:01.507365+00:00|36.21919531936169|38.60777827249166|37.43052382257713|36.22319033846861|36.599181324258495|-0.815673828125|0.3603515625|-0.374267578125|-1.007080078125|2.593994140625|0.42724609375|-17.10065438034188|58.001188568376065|-50.10655143467643
2026-01-29 02:42:01.565798+00:00|36.2311806805983|38.632164606030074|37.44663614446847|36.21919531936169|36.59517656480676|-0.820068359375|0.358154296875|-0.368896484375|-0.946044921875|2.960205078125|-1.3427734375|-16.042881944444442|57.29600694444444|-49.766846001221005
2026-01-29 02:42:01.624064+00:00|36.235176003720994|38.62403529973483|37.44663614446847|36.239171428282305|36.599181324258495|-0.819091796875|0.36181640625|-0.366943359375|-1.77001953125|2.166748046875|0.274658203125|-16.924358974358974|57.82489316239316|-50.955815018315015
2026-01-29 02:42:01.682642+00:00|36.24316695433225|38.628099886781456|37.44260788893041|36.239171428282305|36.61920671269223|-0.81787109375|0.35986328125|-0.37060546875|-1.129150390625|2.349853515625|0.091552734375|-15.161404914529914|57.47230235042735|-50.61610958485958
2026-01-29 02:42:01.741007+00:00|36.21919531936169|38.61590652203222|37.43857975013702|36.239171428282305|36.61920671269223|-0.819091796875|0.354736328125|-0.3720703125|-1.46484375|2.50244140625|-0.335693359375|-16.571768162393163|57.47230235042735|-50.955815018315015
2026-01-29 02:42:01.799337+00:00|36.239171428282305|38.619970844836246|37.43455172803647|36.22718545886414|36.58316292201272|-0.8203125|0.360595703125|-0.372314453125|-1.556396484375|2.8076171875|-0.091552734375|-15.690291132478631|56.94341613247863|-51.12566773504273
2026-01-29 02:42:01.857842+00:00|36.239171428282305|38.64029444134832|37.44663614446847|36.235176003720994|36.57915858610011|-0.8173828125|0.35888671875|-0.36865234375|-1.3427734375|2.3193359375|0.1220703125|-16.042881944444442|56.59082532051282|-50.7859623015873
2026-01-29 02:42:01.916091+00:00|36.239171428282305|38.64029444134832|37.44260788893041|36.24316695433225|36.603186189721214|-0.81884765625|0.358642578125|-0.376220703125|-1.129150390625|2.5634765625|-0.152587890625|-17.6295405982906|57.47230235042735|-49.59699328449329
2026-01-29 02:42:01.975022+00:00|36.2311806805983|38.64029444134832|37.44663614446847|36.24316695433225|36.59117191131554|-0.8193359375|0.35791015625|-0.37109375|-1.46484375|2.410888671875|0.06103515625|-15.866586538461538|57.11971153846154|-50.27640415140415
2026-01-29 02:42:02.034517+00:00|36.22319033846861|38.64435955752572|37.44663614446847|36.24316695433225|36.58716736373435|-0.822265625|0.35986328125|-0.37109375|-1.312255859375|2.50244140625|-0.1220703125|-15.690291132478631|56.59082532051282|-50.7859623015873
2026-01-29 02:42:02.093908+00:00|36.22319033846861|38.632164606030074|37.43857975013702|36.24316695433225|36.599181324258495|-0.820556640625|0.36328125|-0.36474609375|-1.251220703125|2.50244140625|-0.244140625|-16.042881944444442|58.353779380341884|-49.42714056776557
2026-01-29 02:42:02.152870+00:00|36.235176003720994|38.64029444134832|37.43857975013702|36.239171428282305|36.62321210896761|-0.81884765625|0.36181640625|-0.37548828125|-1.190185546875|2.471923828125|0.48828125|-16.219177350427348|59.23525641025641|-49.59699328449329
2026-01-29 02:42:02.211565+00:00|36.24316695433225|38.65249018718612|37.43455172803647|36.239171428282305|36.5751543559461|-0.8154296875|0.357421875|-0.372314453125|-1.0986328125|2.532958984375|0.152587890625|-16.395472756410257|56.94341613247863|-50.10655143467643
2026-01-29 02:42:02.269943+00:00|36.239171428282305|38.648424806120374|37.44663614446847|36.24316695433225|36.60719116124545|-0.81494140625|0.35888671875|-0.36962890625|-1.5869140625|2.3193359375|0.06103515625|-15.513995726495725|56.767120726495726|-51.635225885225886
2026-01-29 02:42:02.328123+00:00|36.239171428282305|38.65249018718612|37.44663614446847|36.247162581920804|36.61520142268046|-0.8203125|0.357666015625|-0.37548828125|-1.495361328125|2.5634765625|0.335693359375|-14.45622329059829|56.767120726495726|-50.955815018315015
2026-01-29 02:42:02.386789+00:00|36.239171428282305|38.648424806120374|37.44663614446847|36.247162581920804|36.61520142268046|-0.81591796875|0.360107421875|-0.368408203125|-1.434326171875|2.532958984375|-0.18310546875|-16.395472756410257|58.353779380341884|-49.766846001221005
2026-01-29 02:42:02.445453+00:00|36.2311806805983|38.64435955752572|37.43052382257713|36.24316695433225|36.60719116124545|-0.821533203125|0.354248046875|-0.373779296875|-1.373291015625|2.50244140625|0.18310546875|-16.571768162393163|57.11971153846154|-50.955815018315015
2026-01-29 02:42:02.504088+00:00|36.247162581920804|38.66468712574857|37.43455172803647|36.239171428282305|36.58716736373435|-0.817138671875|0.36181640625|-0.369384765625|-1.15966796875|2.0751953125|-0.152587890625|-15.33770032051282|58.001188568376065|-48.7477297008547
2026-01-29 02:42:02.562295+00:00|36.247162581920804|38.66468712574857|37.44663614446847|36.24316695433225|36.62321210896761|-0.818603515625|0.3642578125|-0.367919921875|-1.15966796875|2.471923828125|0.091552734375|-15.866586538461538|58.53007478632479|-50.955815018315015
2026-01-29 02:42:02.620532+00:00|36.24316695433225|38.656555700776835|37.44663614446847|36.247162581920804|36.59117191131554|-0.81689453125|0.359375|-0.362548828125|-1.251220703125|2.50244140625|0.213623046875|-15.690291132478631|57.29600694444444|-49.42714056776557
2026-01-29 02:42:02.679004+00:00|36.235176003720994|38.66468712574857|37.44260788893041|36.247162581920804|36.63122322051106|-0.815673828125|0.362060546875|-0.369384765625|-1.068115234375|2.593994140625|-0.091552734375|-16.924358974358974|57.11971153846154|-51.29552045177044
2026-01-29 02:42:02.737667+00:00|36.2311806805983|38.648424806120374|37.42649603370717|36.24316695433225|36.61920671269223|-0.818359375|0.358642578125|-0.369140625|-1.0986328125|2.197265625|0.213623046875|-17.276949786324785|56.767120726495726|-51.29552045177044
2026-01-29 02:42:02.796338+00:00|36.247162581920804|38.668753037237366|37.44260788893041|36.24316695433225|36.59117191131554|-0.81787109375|0.361328125|-0.3720703125|-1.312255859375|2.593994140625|0.213623046875|-14.985109508547007|57.648597756410254|-50.7859623015873
2026-01-29 02:42:02.855578+00:00|36.247162581920804|38.66468712574857|37.45066451680299|36.255154141913636|36.61520142268046|-0.819091796875|0.357421875|-0.375|-1.0986328125|2.777099609375|0.18310546875|-15.866586538461538|58.53007478632479|-51.635225885225886
2026-01-29 02:42:02.914350+00:00|36.247162581920804|38.668753037237366|37.45066451680299|36.25115831109781|36.60719116124545|-0.814697265625|0.3603515625|-0.37109375|-1.28173828125|2.410888671875|0.244140625|-16.042881944444442|58.001188568376065|-49.42714056776557
2026-01-29 02:42:02.973005+00:00|36.247162581920804|38.668753037237366|37.44260788893041|36.25915007441802|36.60719116124545|-0.814697265625|0.361328125|-0.373779296875|-1.129150390625|2.685546875|0.274658203125|-17.10065438034188|58.001188568376065|-51.46537316849816
2026-01-29 02:42:03.031376+00:00|36.235176003720994|38.66468712574857|37.44663614446847|36.255154141913636|36.627217611556944|-0.822265625|0.360595703125|-0.37451171875|-1.220703125|2.166748046875|0.091552734375|-14.632518696581197|58.706370192307695|-50.10655143467643
2026-01-29 02:42:03.090071+00:00|36.247162581920804|38.66062134694624|37.43455172803647|36.247162581920804|36.611196238881746|-0.818603515625|0.35888671875|-0.367431640625|-1.251220703125|2.532958984375|-0.06103515625|-15.33770032051282|57.648597756410254|-49.766846001221005
2026-01-29 02:42:03.148607+00:00|36.255154141913636|38.68095156836199|37.44663614446847|36.24316695433225|36.58716736373435|-0.820556640625|0.36083984375|-0.372802734375|-1.251220703125|2.593994140625|0.06103515625|-16.219177350427348|58.53007478632479|-50.955815018315015
2026-01-29 02:42:03.207270+00:00|36.247162581920804|38.67281908146657|37.44260788893041|36.26314610866115|36.62321210896761|-0.813232421875|0.360107421875|-0.365478515625|-1.068115234375|2.44140625|0.030517578125|-14.103632478632479|57.11971153846154|-51.635225885225886
2026-01-29 02:42:03.265853+00:00|36.255154141913636|38.67688525849019|37.44663614446847|36.25915007441802|36.62321210896761|-0.818603515625|0.3662109375|-0.373779296875|-1.312255859375|2.593994140625|0.1220703125|-14.632518696581197|58.001188568376065|-51.12566773504273
2026-01-29 02:42:03.324172+00:00|36.247162581920804|38.66468712574857|37.45066451680299|36.25915007441802|36.61520142268046|-0.816162109375|0.354248046875|-0.37060546875|-1.556396484375|2.349853515625|0.48828125|-14.103632478632479|57.82489316239316|-49.25728785103785
2026-01-29 02:42:03.382440+00:00|36.24316695433225|38.66062134694624|37.42649603370717|36.247162581920804|36.64324068606629|-0.819091796875|0.36181640625|-0.36962890625|-1.129150390625|2.38037109375|-0.1220703125|-15.866586538461538|58.17748397435897|-49.59699328449329
2026-01-29 02:42:03.440674+00:00|36.25115831109781|38.67688525849019|37.44260788893041|36.255154141913636|36.603186189721214|-0.821044921875|0.356689453125|-0.3740234375|-1.220703125|2.50244140625|-0.3662109375|-15.33770032051282|57.29600694444444|-49.766846001221005
2026-01-29 02:42:03.498907+00:00|36.255154141913636|38.67688525849019|37.44663614446847|36.25915007441802|36.611196238881746|-0.81689453125|0.361083984375|-0.368408203125|-1.3427734375|2.532958984375|0.3662109375|-17.276949786324785|58.17748397435897|-50.61610958485958
2026-01-29 02:42:03.557152+00:00|36.25115831109781|38.68095156836199|37.44663614446847|36.255154141913636|36.611196238881746|-0.819580078125|0.3603515625|-0.3779296875|-1.40380859375|2.166748046875|0.0|-15.866586538461538|57.82489316239316|-50.955815018315015
2026-01-29 02:42:03.615455+00:00|36.247162581920804|38.668753037237366|37.43857975013702|36.26314610866115|36.61920671269223|-0.815185546875|0.35693359375|-0.36962890625|-1.251220703125|2.3193359375|0.0|-16.219177350427348|57.47230235042735|-50.27640415140415
2026-01-29 02:42:03.673885+00:00|36.25115831109781|38.68095156836199|37.43857975013702|36.24316695433225|36.603186189721214|-0.822021484375|0.361328125|-0.3740234375|-1.15966796875|2.288818359375|0.06103515625|-16.219177350427348|58.53007478632479|-49.936698717948715
2026-01-29 02:42:03.732334+00:00|36.25115831109781|38.67688525849019|37.44663614446847|36.255154141913636|36.60719116124545|-0.818603515625|0.363525390625|-0.369384765625|-1.28173828125|2.288818359375|-0.30517578125|-16.395472756410257|57.29600694444444|-49.766846001221005
2026-01-29 02:42:03.790447+00:00|36.25915007441802|38.68095156836199|37.45066451680299|36.255154141913636|36.64324068606629|-0.81982421875|0.362060546875|-0.372802734375|-1.3427734375|2.5634765625|0.0|-14.632518696581197|57.29600694444444|-51.46537316849816
2026-01-29 02:42:03.852094+00:00|36.24316695433225|38.67688525849019|37.45066451680299|36.25915007441802|36.6392347577152|-0.817138671875|0.36083984375|-0.370361328125|-1.190185546875|2.349853515625|0.091552734375|-16.571768162393163|56.767120726495726|-50.61610958485958
2026-01-29 02:42:03.911158+00:00|36.26314610866115|38.68095156836199|37.44663614446847|36.26314610866115|36.62321210896761|-0.818603515625|0.35986328125|-0.37451171875|-1.3427734375|2.349853515625|0.091552734375|-16.042881944444442|58.706370192307695|-51.46537316849816
2026-01-29 02:42:03.969776+00:00|36.25115831109781|38.67688525849019|37.44663614446847|36.255154141913636|36.627217611556944|-0.820556640625|0.357666015625|-0.369384765625|-1.129150390625|2.44140625|0.06103515625|-15.690291132478631|56.94341613247863|-50.44625686813187
2026-01-29 02:42:04.028864+00:00|36.247162581920804|38.66468712574857|37.43455172803647|36.25915007441802|36.61520142268046|-0.822021484375|0.357421875|-0.3681640625|-1.15966796875|2.349853515625|0.213623046875|-15.866586538461538|58.17748397435897|-50.955815018315015
2026-01-29 02:42:04.087360+00:00|36.255154141913636|38.67281908146657|37.43455172803647|36.247162581920804|36.61520142268046|-0.819091796875|0.357421875|-0.365478515625|-1.220703125|2.01416015625|0.1220703125|-16.395472756410257|57.648597756410254|-50.44625686813187
2026-01-29 02:42:04.145488+00:00|36.25915007441802|38.68095156836199|37.44663614446847|36.25915007441802|36.61520142268046|-0.817138671875|0.360107421875|-0.36767578125|-1.15966796875|2.44140625|0.18310546875|-15.690291132478631|57.29600694444444|-49.766846001221005
2026-01-29 02:42:04.203751+00:00|36.255154141913636|38.68095156836199|37.44663614446847|36.26314610866115|36.599181324258495|-0.816650390625|0.3603515625|-0.36572265625|-0.91552734375|2.3193359375|0.0|-16.219177350427348|57.82489316239316|-49.936698717948715
2026-01-29 02:42:04.262041+00:00|36.247162581920804|38.68501801113604|37.45066451680299|36.26714224469299|36.651252862519584|-0.819580078125|0.36181640625|-0.372802734375|-1.46484375|2.62451171875|0.1220703125|-16.571768162393163|56.767120726495726|-50.27640415140415
2026-01-29 02:42:04.320254+00:00|36.25115831109781|38.67688525849019|37.43455172803647|36.255154141913636|36.647246720984185|-0.8154296875|0.359375|-0.36767578125|-1.251220703125|2.532958984375|-0.06103515625|-15.513995726495725|57.82489316239316|-49.936698717948715
2026-01-29 02:42:04.378587+00:00|36.26714224469299|38.693151295606185|37.44260788893041|36.25115831109781|36.635228935880264|-0.8193359375|0.361328125|-0.36669921875|-1.312255859375|2.410888671875|0.1220703125|-16.395472756410257|57.648597756410254|-49.42714056776557
2026-01-29 02:42:04.436799+00:00|36.25915007441802|38.68908458686616|37.45066451680299|36.26714224469299|36.61920671269223|-0.818115234375|0.3583984375|-0.366943359375|-1.190185546875|2.5634765625|0.152587890625|-15.33770032051282|58.001188568376065|-50.10655143467643
2026-01-29 02:42:04.495028+00:00|36.26714224469299|38.693151295606185|37.44663614446847|36.26714224469299|36.61920671269223|-0.8232421875|0.3623046875|-0.373046875|-1.0986328125|2.5634765625|-0.18310546875|-14.103632478632479|58.17748397435897|-49.936698717948715
2026-01-29 02:42:04.553694+00:00|36.255154141913636|38.68501801113604|37.45066451680299|36.27113848256363|36.64324068606629|-0.818603515625|0.359130859375|-0.36865234375|-1.312255859375|2.44140625|0.030517578125|-16.219177350427348|58.17748397435897|-50.27640415140415
2026-01-29 02:42:04.612204+00:00|36.26714224469299|38.68501801113604|37.44260788893041|36.255154141913636|36.635228935880264|-0.81884765625|0.3603515625|-0.3740234375|-1.220703125|2.50244140625|-0.152587890625|-16.395472756410257|58.353779380341884|-50.44625686813187
2026-01-29 02:42:04.670431+00:00|36.26314610866115|38.69721813741012|37.454693005985575|36.25915007441802|36.611196238881746|-0.817138671875|0.35791015625|-0.3701171875|-1.220703125|2.471923828125|0.06103515625|-14.279927884615384|57.648597756410254|-50.10655143467643
2026-01-29 02:42:04.728648+00:00|36.26714224469299|38.69721813741012|37.45066451680299|36.27113848256363|36.63122322051106|-0.814697265625|0.361328125|-0.369140625|-1.0986328125|2.655029296875|0.030517578125|-15.690291132478631|56.94341613247863|-50.10655143467643
2026-01-29 02:42:04.787293+00:00|36.26314610866115|38.69721813741012|37.45066451680299|36.26314610866115|36.62321210896761|-0.81689453125|0.3603515625|-0.370849609375|-1.373291015625|2.3193359375|0.30517578125|-15.690291132478631|58.353779380341884|-51.12566773504273
2026-01-29 02:42:04.845840+00:00|36.255154141913636|38.68095156836199|37.44663614446847|36.26714224469299|36.635228935880264|-0.818115234375|0.360595703125|-0.36767578125|-1.434326171875|2.25830078125|0.67138671875|-14.808814102564103|58.17748397435897|-51.29552045177044
2026-01-29 02:42:04.904550+00:00|36.28312780770858|38.68908458686616|37.44260788893041|36.25115831109781|36.651252862519584|-0.817138671875|0.35498046875|-0.37646484375|-1.03759765625|2.86865234375|-0.9765625|-15.161404914529914|56.767120726495726|-51.29552045177044
2026-01-29 02:42:04.963060+00:00|36.26714224469299|38.7134868363442|37.45066451680299|36.255154141913636|36.599181324258495|-0.820068359375|0.35986328125|-0.356689453125|-1.220703125|2.410888671875|-0.213623046875|-16.924358974358974|58.53007478632479|-50.27640415140415
2026-01-29 02:42:05.021374+00:00|36.26714224469299|38.709419461745085|37.454693005985575|36.275134822323025|36.63122322051106|-0.817626953125|0.363037109375|-0.369140625|-1.28173828125|2.349853515625|0.06103515625|-15.690291132478631|57.648597756410254|-49.42714056776557
2026-01-29 02:42:05.079620+00:00|36.27113848256363|38.709419461745085|37.45066451680299|36.26714224469299|36.63122322051106|-0.817138671875|0.35693359375|-0.37353515625|-1.3427734375|2.38037109375|0.3662109375|-16.042881944444442|59.058961004273506|-50.7859623015873
2026-01-29 02:42:05.137940+00:00|36.25915007441802|38.701285112332016|37.44260788893041|36.26714224469299|36.651252862519584|-0.82080078125|0.354736328125|-0.36767578125|-0.885009765625|2.685546875|-0.244140625|-16.571768162393163|57.11971153846154|-50.27640415140415
2026-01-29 02:42:05.196086+00:00|36.27113848256363|38.709419461745085|37.44260788893041|36.25915007441802|36.635228935880264|-0.823486328125|0.360595703125|-0.373046875|-1.129150390625|2.86865234375|0.091552734375|-15.866586538461538|57.82489316239316|-50.955815018315015
2026-01-29 02:42:05.254399+00:00|36.27113848256363|38.71755434427712|37.454693005985575|36.27113848256363|36.627217611556944|-0.821044921875|0.357421875|-0.375|-1.312255859375|2.349853515625|0.06103515625|-16.395472756410257|56.59082532051282|-50.10655143467643
2026-01-29 02:42:05.312658+00:00|36.27113848256363|38.72162198559761|37.45066451680299|36.27113848256363|36.635228935880264|-0.8232421875|0.3544921875|-0.35986328125|-1.220703125|2.593994140625|-0.67138671875|-14.985109508547007|58.001188568376065|-50.44625686813187
2026-01-29 02:42:05.371034+00:00|36.255154141913636|38.72162198559761|37.454693005985575|36.275134822323025|36.6392347577152|-0.818603515625|0.358642578125|-0.373291015625|-1.52587890625|2.44140625|-0.42724609375|-16.924358974358974|59.23525641025641|-50.27640415140415
2026-01-29 02:42:05.429384+00:00|36.25915007441802|38.709419461745085|37.44260788893041|36.27113848256363|36.65926546564447|-0.81640625|0.360595703125|-0.373779296875|-0.946044921875|2.532958984375|-0.244140625|-16.219177350427348|58.8826655982906|-51.29552045177044
2026-01-29 02:42:05.487754+00:00|36.27113848256363|38.72568976035973|37.44260788893041|36.25915007441802|36.62321210896761|-0.823486328125|0.356689453125|-0.3671875|-1.190185546875|2.838134765625|-0.8544921875|-15.33770032051282|57.29600694444444|-50.10655143467643
2026-01-29 02:42:05.546115+00:00|36.27113848256363|38.72162198559761|37.458721612068246|36.27113848256363|36.64324068606629|-0.81689453125|0.36328125|-0.368896484375|-1.3427734375|2.38037109375|0.48828125|-16.042881944444442|59.058961004273506|-49.766846001221005
2026-01-29 02:42:05.604380+00:00|36.275134822323025|38.72975766861754|37.45066451680299|36.27113848256363|36.651252862519584|-0.81982421875|0.35791015625|-0.377685546875|-1.129150390625|2.410888671875|0.1220703125|-16.571768162393163|58.53007478632479|-49.59699328449329
2026-01-29 02:42:05.662981+00:00|36.255154141913636|38.72568976035973|37.44663614446847|36.27913126402126|36.647246720984185|-0.816650390625|0.356201171875|-0.372314453125|-1.007080078125|2.532958984375|-0.1220703125|-16.042881944444442|58.353779380341884|-50.7859623015873
2026-01-29 02:42:05.721141+00:00|36.25915007441802|38.72162198559761|37.43857975013702|36.26714224469299|36.635228935880264|-0.825927734375|0.36376953125|-0.3681640625|-1.220703125|2.655029296875|0.1220703125|-16.748063568376068|58.706370192307695|-50.44625686813187
2026-01-29 02:42:05.779522+00:00|36.27113848256363|38.74603063768541|37.454693005985575|36.27113848256363|36.62321210896761|-0.8203125|0.362548828125|-0.373291015625|-1.373291015625|2.50244140625|-0.06103515625|-16.042881944444442|58.001188568376065|-50.10655143467643
2026-01-29 02:42:05.837874+00:00|36.27113848256363|38.73789388583617|37.458721612068246|36.275134822323025|36.647246720984185|-0.818359375|0.361328125|-0.370849609375|-1.28173828125|2.5634765625|-0.152587890625|-15.690291132478631|57.648597756410254|-51.12566773504273
2026-01-29 02:42:05.896121+00:00|36.275134822323025|38.74603063768541|37.462750335102555|36.27913126402126|36.647246720984185|-0.8212890625|0.3564453125|-0.3701171875|-0.946044921875|2.532958984375|0.1220703125|-16.924358974358974|57.82489316239316|-49.59699328449329
2026-01-29 02:42:05.954422+00:00|36.25915007441802|38.73382571042498|37.44663614446847|36.27913126402126|36.65525911072274|-0.81689453125|0.3564453125|-0.371826171875|-1.15966796875|2.25830078125|0.030517578125|-16.924358974358974|57.82489316239316|-50.955815018315015
2026-01-29 02:42:06.012833+00:00|36.275134822323025|38.73789388583617|37.44260788893041|36.27113848256363|36.6392347577152|-0.81689453125|0.35986328125|-0.374267578125|-1.3427734375|2.44140625|-0.18310546875|-15.866586538461538|58.53007478632479|-50.27640415140415
2026-01-29 02:42:06.071368+00:00|36.27113848256363|38.74196219490494|37.454693005985575|36.275134822323025|36.6392347577152|-0.818603515625|0.359375|-0.3642578125|-1.28173828125|2.471923828125|0.030517578125|-14.808814102564103|57.82489316239316|-50.61610958485958
2026-01-29 02:42:06.129852+00:00|36.27913126402126|38.74603063768541|37.458721612068246|36.275134822323025|36.65926546564447|-0.819580078125|0.359619140625|-0.3779296875|-1.220703125|2.50244140625|0.396728515625|-16.042881944444442|59.058961004273506|-50.10655143467643
2026-01-29 02:42:06.188219+00:00|36.27913126402126|38.75009921423157|37.458721612068246|36.27913126402126|36.651252862519584|-0.820556640625|0.36279296875|-0.370849609375|-1.28173828125|2.288818359375|0.213623046875|-17.6295405982906|59.23525641025641|-49.59699328449329
2026-01-29 02:42:06.246718+00:00|36.25915007441802|38.73382571042498|37.44663614446847|36.27913126402126|36.65926546564447|-0.81640625|0.35595703125|-0.37158203125|-1.251220703125|2.532958984375|-0.030517578125|-15.866586538461538|57.82489316239316|-50.27640415140415
2026-01-29 02:42:06.305102+00:00|36.27913126402126|38.74196219490494|37.44260788893041|36.275134822323025|36.62321210896761|-0.81884765625|0.3623046875|-0.372314453125|-1.03759765625|2.838134765625|-0.213623046875|-16.571768162393163|58.53007478632479|-50.61610958485958
2026-01-29 02:42:06.363515+00:00|36.28712445343473|38.75416792459754|37.45066451680299|36.28712445343473|36.63122322051106|-0.81787109375|0.35986328125|-0.369140625|-1.40380859375|2.349853515625|0.06103515625|-16.042881944444442|56.94341613247863|-50.44625686813187
2026-01-29 02:42:06.421882+00:00|36.275134822323025|38.75009921423157|37.454693005985575|36.28312780770858|36.67529195352796|-0.821533203125|0.35791015625|-0.359130859375|-1.15966796875|2.685546875|-0.06103515625|-15.690291132478631|57.29600694444444|-49.766846001221005
2026-01-29 02:42:06.480206+00:00|36.27113848256363|38.75823676883738|37.458721612068246|36.28312780770858|36.6392347577152|-0.812255859375|0.356689453125|-0.371826171875|-0.823974609375|2.0751953125|1.800537109375|-17.45324519230769|57.29600694444444|-50.44625686813187
2026-01-29 02:42:06.538485+00:00|36.275134822323025|38.74196219490494|37.44663614446847|36.28312780770858|36.66727849584572|-0.818359375|0.353759765625|-0.37451171875|-0.885009765625|2.74658203125|-0.79345703125|-15.513995726495725|58.53007478632479|-50.955815018315015
2026-01-29 02:42:06.596907+00:00|36.28312780770858|38.762305747004916|37.44663614446847|36.26714224469299|36.647246720984185|-0.820556640625|0.359375|-0.3759765625|-0.8544921875|2.777099609375|-0.244140625|-16.042881944444442|58.706370192307695|-49.08743513431013
2026-01-29 02:42:06.655241+00:00|36.27913126402126|38.762305747004916|37.458721612068246|36.29112120124995|36.651252862519584|-0.81201171875|0.35888671875|-0.374267578125|-1.373291015625|2.410888671875|0.640869140625|-16.748063568376068|58.353779380341884|-50.7859623015873
2026-01-29 02:42:06.713601+00:00|36.28312780770858|38.76637485915455|37.454693005985575|36.29112120124995|36.65926546564447|-0.822509765625|0.357421875|-0.3662109375|-1.190185546875|2.410888671875|-0.6103515625|-17.10065438034188|58.706370192307695|-50.10655143467643
2026-01-29 02:42:06.771961+00:00|36.27113848256363|38.76637485915455|37.458721612068246|36.28712445343473|36.65525911072274|-0.819091796875|0.3564453125|-0.365234375|-1.129150390625|2.5634765625|-0.335693359375|-15.513995726495725|58.53007478632479|-50.27640415140415
2026-01-29 02:42:06.830250+00:00|36.27113848256363|38.75009921423157|37.44663614446847|36.27913126402126|36.67529195352796|-0.81591796875|0.36083984375|-0.37548828125|-0.91552734375|2.410888671875|0.762939453125|-16.395472756410257|58.353779380341884|-50.10655143467643
2026-01-29 02:42:06.889281+00:00|36.28712445343473|38.770444105340175|37.44663614446847|36.27113848256363|36.65525911072274|-0.819580078125|0.368408203125|-0.36328125|-1.556396484375|2.8076171875|-0.457763671875|-15.161404914529914|58.8826655982906|-50.61610958485958
2026-01-29 02:42:06.947527+00:00|36.27913126402126|38.76637485915455|37.462750335102555|36.29112120124995|36.64324068606629|-0.819580078125|0.359130859375|-0.368408203125|-1.64794921875|2.13623046875|-0.06103515625|-15.866586538461538|58.53007478632479|-50.27640415140415
2026-01-29 02:42:07.005871+00:00|36.28312780770858|38.770444105340175|37.458721612068246|36.28312780770858|36.66727849584572|-0.8173828125|0.363525390625|-0.36083984375|-1.434326171875|2.349853515625|0.640869140625|-15.866586538461538|58.8826655982906|-49.25728785103785
2026-01-29 02:42:07.064099+00:00|36.27113848256363|38.77451348561584|37.458721612068246|36.29112120124995|36.65525911072274|-0.815673828125|0.361328125|-0.371337890625|-1.03759765625|2.716064453125|-0.518798828125|-14.632518696581197|58.353779380341884|-51.12566773504273
2026-01-29 02:42:07.122460+00:00|36.27113848256363|38.75823676883738|37.45066451680299|36.275134822323025|36.65926546564447|-0.821533203125|0.35693359375|-0.374755859375|-1.03759765625|2.44140625|0.213623046875|-15.690291132478631|58.353779380341884|-50.10655143467643
2026-01-29 02:42:07.180820+00:00|36.28712445343473|38.77858300003561|37.454693005985575|36.27913126402126|36.647246720984185|-0.82373046875|0.357666015625|-0.36669921875|-1.251220703125|2.349853515625|-0.152587890625|-15.161404914529914|58.53007478632479|-51.635225885225886
2026-01-29 02:42:07.239154+00:00|36.28712445343473|38.78265264865365|37.458721612068246|36.29112120124995|36.66727849584572|-0.82080078125|0.361083984375|-0.369873046875|-1.46484375|2.5634765625|-0.30517578125|-16.924358974358974|57.47230235042735|-50.955815018315015
2026-01-29 02:42:07.297508+00:00|36.29112120124995|38.78672243152408|37.458721612068246|36.28712445343473|36.67529195352796|-0.815185546875|0.364013671875|-0.370849609375|-1.46484375|2.532958984375|0.274658203125|-16.042881944444442|56.59082532051282|-50.7859623015873
2026-01-29 02:42:07.355892+00:00|36.27113848256363|38.770444105340175|37.458721612068246|36.299115003347936|36.65525911072274|-0.81884765625|0.359130859375|-0.371337890625|-1.495361328125|2.227783203125|0.0|-15.690291132478631|57.29600694444444|-50.10655143467643
2026-01-29 02:42:07.414179+00:00|36.28312780770858|38.77858300003561|37.45066451680299|36.28312780770858|36.67128517122649|-0.822265625|0.35302734375|-0.369140625|-1.220703125|2.38037109375|0.1220703125|-16.042881944444442|57.29600694444444|-50.44625686813187
2026-01-29 02:42:07.472890+00:00|36.28312780770858|38.79079234870096|37.462750335102555|36.28312780770858|36.66727849584572|-0.812744140625|0.358642578125|-0.366943359375|-1.15966796875|2.3193359375|0.335693359375|-14.632518696581197|56.94341613247863|-50.44625686813187
2026-01-29 02:42:07.531177+00:00|36.29112120124995|38.7948624002384|37.462750335102555|36.29511805120433|36.68330583909602|-0.8193359375|0.363525390625|-0.373779296875|-1.007080078125|2.471923828125|0.0|-16.395472756410257|58.353779380341884|-51.46537316849816
2026-01-29 02:42:07.589543+00:00|36.28712445343473|38.79893258619063|37.462750335102555|36.29112120124995|36.65926546564447|-0.822265625|0.362548828125|-0.362548828125|-1.312255859375|2.410888671875|-0.244140625|-16.924358974358974|58.17748397435897|-50.955815018315015
2026-01-29 02:42:07.647776+00:00|36.27913126402126|38.78672243152408|37.458721612068246|36.29511805120433|36.67128517122649|-0.814697265625|0.3505859375|-0.37158203125|-1.617431640625|2.50244140625|-0.152587890625|-15.690291132478631|57.648597756410254|-50.7859623015873
2026-01-29 02:42:07.706118+00:00|36.29112120124995|38.79079234870096|37.44260788893041|36.27913126402126|36.65525911072274|-0.841064453125|0.369140625|-0.3349609375|-3.5400390625|0.06103515625|5.157470703125|-15.690291132478631|58.706370192307695|-50.7859623015873
2026-01-29 02:42:07.764400+00:00|36.29511805120433|38.803002906611596|37.462750335102555|36.29112120124995|36.647246720984185|-0.80615234375|0.358642578125|-0.348388671875|-2.8076171875|1.129150390625|5.279541015625|-15.33770032051282|56.23823450854701|-51.12566773504273
2026-01-29 02:42:07.822681+00:00|36.29112120124995|38.803002906611596|37.462750335102555|36.29112120124995|36.66727849584572|-0.822509765625|0.33544921875|-0.396484375|-0.244140625|2.86865234375|-0.396728515625|-16.042881944444442|57.29600694444444|-50.44625686813187
2026-01-29 02:42:07.881073+00:00|36.27913126402126|38.803002906611596|37.458721612068246|36.29511805120433|36.67128517122649|-0.8134765625|0.349365234375|-0.38134765625|-0.396728515625|2.50244140625|-0.518798828125|-16.748063568376068|58.706370192307695|-49.766846001221005
2026-01-29 02:42:07.939492+00:00|36.275134822323025|38.7948624002384|37.45066451680299|36.29112120124995|36.67128517122649|-0.8291015625|0.36474609375|-0.36669921875|-1.77001953125|1.983642578125|0.18310546875|-15.33770032051282|57.29600694444444|-51.12566773504273
2026-01-29 02:42:07.997866+00:00|36.28712445343473|38.81114395107676|37.44663614446847|36.28312780770858|36.65525911072274|-0.8134765625|0.360595703125|-0.379638671875|-1.800537109375|2.593994140625|0.091552734375|-15.866586538461538|59.58784722222222|-50.61610958485958
2026-01-29 02:42:08.056198+00:00|36.29112120124995|38.81114395107676|37.462750335102555|36.29511805120433|36.65926546564447|-0.8154296875|0.365478515625|-0.373779296875|-1.068115234375|2.44140625|1.28173828125|-14.45622329059829|57.11971153846154|-51.29552045177044
2026-01-29 02:42:08.114554+00:00|36.29112120124995|38.80707336155558|37.458721612068246|36.29511805120433|36.67128517122649|-0.822509765625|0.352783203125|-0.37060546875|-0.8544921875|2.25830078125|1.007080078125|-16.219177350427348|57.11971153846154|-49.59699328449329
2026-01-29 02:42:08.172813+00:00|36.275134822323025|38.81521467522907|37.462750335102555|36.29511805120433|36.67529195352796|-0.82080078125|0.35107421875|-0.371337890625|-0.732421875|2.44140625|-0.30517578125|-14.632518696581197|58.353779380341884|-50.7859623015873
2026-01-29 02:42:08.231212+00:00|36.27913126402126|38.80707336155558|37.45066451680299|36.27913126402126|36.66727849584572|-0.817138671875|0.371826171875|-0.36865234375|-1.28173828125|2.593994140625|-0.274658203125|-15.866586538461538|58.17748397435897|-49.936698717948715
2026-01-29 02:42:08.289576+00:00|36.28712445343473|38.81928553406698|37.454693005985575|36.27913126402126|36.651252862519584|-0.81884765625|0.358154296875|-0.367431640625|-1.190185546875|2.197265625|0.30517578125|-15.513995726495725|56.414529914529915|-49.936698717948715
2026-01-29 02:42:08.347904+00:00|36.28712445343473|38.82742765601563|37.462750335102555|36.299115003347936|36.67529195352796|-0.81591796875|0.358642578125|-0.367919921875|-1.861572265625|2.5634765625|0.152587890625|-14.632518696581197|57.29600694444444|-51.8050786019536
2026-01-29 02:42:08.406279+00:00|36.29112120124995|38.82742765601563|37.454693005985575|36.28712445343473|36.67529195352796|-0.8232421875|0.368408203125|-0.372802734375|-1.77001953125|2.74658203125|-0.732421875|-14.103632478632479|59.23525641025641|-50.27640415140415
2026-01-29 02:42:08.464615+00:00|36.27913126402126|38.81114395107676|37.458721612068246|36.29511805120433|36.6913201529548|-0.82080078125|0.359619140625|-0.36767578125|-1.28173828125|2.777099609375|-1.007080078125|-15.866586538461538|56.767120726495726|-50.61610958485958
2026-01-29 02:42:08.522918+00:00|36.29511805120433|38.81928553406698|37.45066451680299|36.28712445343473|36.67128517122649|-0.820068359375|0.360107421875|-0.372802734375|-1.495361328125|2.716064453125|0.091552734375|-16.042881944444442|59.41155181623932|-51.12566773504273
2026-01-29 02:42:08.581186+00:00|36.29511805120433|38.83149891923483|37.462750335102555|36.29112120124995|36.66727849584572|-0.82275390625|0.35986328125|-0.377685546875|-1.0986328125|2.44140625|0.42724609375|-17.6295405982906|57.47230235042735|-51.29552045177044
2026-01-29 02:42:08.639505+00:00|36.29112120124995|38.835570317356314|37.462750335102555|36.28712445343473|36.695327470619645|-0.818603515625|0.354736328125|-0.37109375|-1.190185546875|2.227783203125|0.48828125|-16.571768162393163|57.82489316239316|-49.59699328449329
2026-01-29 02:42:08.697898+00:00|36.299115003347936|38.835570317356314|37.4667791751404|36.299115003347936|36.67529195352796|-0.81787109375|0.355712890625|-0.373779296875|-1.495361328125|2.5634765625|0.1220703125|-16.748063568376068|58.353779380341884|-49.766846001221005
2026-01-29 02:42:08.756247+00:00|36.27913126402126|38.823356527644364|37.454693005985575|36.29511805120433|36.67529195352796|-0.82080078125|0.357177734375|-0.362060546875|-1.251220703125|2.349853515625|0.06103515625|-16.219177350427348|58.17748397435897|-49.59699328449329
2026-01-29 02:42:08.814537+00:00|36.29112120124995|38.835570317356314|37.44663614446847|36.28312780770858|36.6632719273353|-0.8193359375|0.36474609375|-0.379150390625|-1.251220703125|2.471923828125|-0.6103515625|-15.866586538461538|58.8826655982906|-49.936698717948715
2026-01-29 02:42:08.872792+00:00|36.299115003347936|38.83964185043402|37.462750335102555|36.29511805120433|36.65525911072274|-0.815673828125|0.361083984375|-0.370361328125|-1.434326171875|2.38037109375|0.42724609375|-16.748063568376068|57.29600694444444|-50.44625686813187
2026-01-29 02:42:08.931286+00:00|36.29112120124995|38.83964185043402|37.462750335102555|36.299115003347936|36.695327470619645|-0.81982421875|0.35302734375|-0.368896484375|-1.068115234375|1.922607421875|0.518798828125|-15.866586538461538|58.17748397435897|-49.936698717948715
2026-01-29 02:42:08.989588+00:00|36.275134822323025|38.84371351852246|37.462750335102555|36.29112120124995|36.66727849584572|-0.817138671875|0.362060546875|-0.370849609375|-1.312255859375|2.38037109375|-0.1220703125|-14.985109508547007|57.29600694444444|-50.44625686813187
2026-01-29 02:42:09.047875+00:00|36.27913126402126|38.82742765601563|37.45066451680299|36.28712445343473|36.67529195352796|-0.818359375|0.358642578125|-0.374755859375|-1.129150390625|2.50244140625|-0.48828125|-16.042881944444442|58.353779380341884|-51.12566773504273
2026-01-29 02:42:09.106186+00:00|36.29511805120433|38.84371351852246|37.454693005985575|36.28312780770858|36.67529195352796|-0.818115234375|0.35595703125|-0.36328125|-1.129150390625|2.227783203125|-0.1220703125|-16.042881944444442|56.94341613247863|-51.12566773504273
2026-01-29 02:42:09.164470+00:00|36.29112120124995|38.851857259947735|37.462750335102555|36.29511805120433|36.6632719273353|-0.822998046875|0.36328125|-0.369384765625|-1.40380859375|2.25830078125|0.396728515625|-17.10065438034188|58.353779380341884|-49.08743513431013
2026-01-29 02:42:09.222805+00:00|36.29511805120433|38.847785321675644|37.462750335102555|36.30311205773086|36.6632719273353|-0.8203125|0.369140625|-0.371337890625|-1.64794921875|2.349853515625|1.373291015625|-16.395472756410257|57.29600694444444|-50.44625686813187
2026-01-29 02:42:09.281445+00:00|36.27913126402126|38.84371351852246|37.454693005985575|36.30710921440311|36.67929884280096|-0.810546875|0.359375|-0.37744140625|-1.03759765625|2.471923828125|-0.579833984375|-16.571768162393163|57.47230235042735|-50.27640415140415
2026-01-29 02:42:09.339773+00:00|36.28312780770858|38.835570317356314|37.44663614446847|36.28312780770858|36.66727849584572|-0.820068359375|0.352783203125|-0.36572265625|-1.220703125|2.13623046875|-0.396728515625|-16.571768162393163|57.82489316239316|-51.635225885225886
2026-01-29 02:42:09.398085+00:00|36.29511805120433|38.85592933339325|37.4667791751404|36.27913126402126|36.68731294246379|-0.813232421875|0.355712890625|-0.368896484375|-1.03759765625|2.50244140625|0.06103515625|-14.985109508547007|59.058961004273506|-51.46537316849816
2026-01-29 02:42:09.456365+00:00|36.30311205773086|38.851857259947735|37.462750335102555|36.299115003347936|36.703342427673704|-0.8173828125|0.365966796875|-0.3671875|-1.3427734375|2.5634765625|0.18310546875|-16.219177350427348|57.82489316239316|-50.61610958485958
2026-01-29 02:42:09.514675+00:00|36.30311205773086|38.85592933339325|37.462750335102555|36.299115003347936|36.6913201529548|-0.822265625|0.3583984375|-0.36474609375|-1.373291015625|2.25830078125|-0.1220703125|-15.866586538461538|57.47230235042735|-50.27640415140415
2026-01-29 02:42:09.572963+00:00|36.27913126402126|38.83964185043402|37.458721612068246|36.30710921440311|36.6913201529548|-0.8173828125|0.36474609375|-0.37158203125|-1.373291015625|2.74658203125|-1.0986328125|-15.690291132478631|57.648597756410254|-49.42714056776557
2026-01-29 02:42:09.631128+00:00|36.29511805120433|38.851857259947735|37.454693005985575|36.28712445343473|36.67529195352796|-0.823486328125|0.36572265625|-0.36767578125|-1.40380859375|2.197265625|0.18310546875|-16.042881944444442|58.706370192307695|-50.10655143467643
2026-01-29 02:42:09.689425+00:00|36.299115003347936|38.8600015420663|37.4667791751404|36.30710921440311|36.6913201529548|-0.818359375|0.360595703125|-0.36279296875|-1.40380859375|2.197265625|0.30517578125|-15.513995726495725|57.11971153846154|-50.61610958485958
2026-01-29 02:42:09.747780+00:00|36.299115003347936|38.85592933339325|37.4667791751404|36.30311205773086|36.703342427673704|-0.81884765625|0.36181640625|-0.363525390625|-1.8310546875|2.105712890625|1.03759765625|-17.45324519230769|58.353779380341884|-50.44625686813187
2026-01-29 02:42:09.806125+00:00|36.27913126402126|38.85592933339325|37.47080813223357|36.29511805120433|36.67929884280096|-0.8173828125|0.35791015625|-0.370361328125|-1.068115234375|2.5634765625|0.274658203125|-15.33770032051282|57.648597756410254|-50.44625686813187
2026-01-29 02:42:09.864466+00:00|36.28712445343473|38.84371351852246|37.454693005985575|36.29511805120433|36.68731294246379|-0.813720703125|0.36474609375|-0.362548828125|-1.220703125|2.44140625|-0.3662109375|-16.571768162393163|58.53007478632479|-49.936698717948715
2026-01-29 02:42:09.922828+00:00|36.29112120124995|38.86407388602106|37.454693005985575|36.29112120124995|36.6913201529548|-0.819091796875|0.359375|-0.37158203125|-1.03759765625|2.44140625|-0.30517578125|-16.219177350427348|58.17748397435897|-49.59699328449329
2026-01-29 02:42:09.981113+00:00|36.29511805120433|38.8600015420663|37.4667791751404|36.299115003347936|36.6913201529548|-0.822509765625|0.360107421875|-0.376953125|-1.40380859375|2.38037109375|-0.244140625|-15.866586538461538|57.82489316239316|-51.635225885225886
2026-01-29 02:42:10.039402+00:00|36.30311205773086|38.8600015420663|37.462750335102555|36.299115003347936|36.695327470619645|-0.82080078125|0.361572265625|-0.374755859375|-1.556396484375|2.716064453125|-0.152587890625|-15.33770032051282|57.648597756410254|-50.10655143467643
2026-01-29 02:42:10.097847+00:00|36.28712445343473|38.847785321675644|37.47080813223357|36.30311205773086|36.68330583909602|-0.818115234375|0.36083984375|-0.36767578125|-1.251220703125|2.685546875|0.6103515625|-14.985109508547007|56.23823450854701|-49.08743513431013
2026-01-29 02:42:10.156192+00:00|36.29112120124995|38.83964185043402|37.454693005985575|36.28712445343473|36.68731294246379|-0.819580078125|0.357177734375|-0.364990234375|-0.732421875|2.227783203125|0.54931640625|-16.395472756410257|57.29600694444444|-49.766846001221005
2026-01-29 02:42:10.214623+00:00|36.29511805120433|38.85592933339325|37.4667791751404|36.28712445343473|36.68330583909602|-0.82177734375|0.360595703125|-0.373291015625|-1.434326171875|2.471923828125|-0.396728515625|-15.513995726495725|57.11971153846154|-50.27640415140415
2026-01-29 02:42:10.272956+00:00|36.29511805120433|38.85592933339325|37.4667791751404|36.299115003347936|36.68731294246379|-0.816650390625|0.35986328125|-0.373779296875|-1.52587890625|2.50244140625|0.213623046875|-16.571768162393163|58.17748397435897|-51.29552045177044
2026-01-29 02:42:10.331297+00:00|36.29511805120433|38.85592933339325|37.4667791751404|36.299115003347936|36.67929884280096|-0.81591796875|0.357666015625|-0.374755859375|-1.40380859375|2.532958984375|0.42724609375|-15.513995726495725|58.53007478632479|-49.59699328449329
2026-01-29 02:42:10.389584+00:00|36.29112120124995|38.83964185043402|37.458721612068246|36.299115003347936|36.703342427673704|-0.815185546875|0.351318359375|-0.3623046875|-1.190185546875|2.38037109375|-0.3662109375|-16.571768162393163|57.11971153846154|-50.27640415140415
2026-01-29 02:42:10.447785+00:00|36.299115003347936|38.851857259947735|37.454693005985575|36.29511805120433|36.6913201529548|-0.8251953125|0.357177734375|-0.37353515625|-1.068115234375|2.50244140625|-0.8544921875|-15.690291132478631|58.001188568376065|-48.7477297008547
2026-01-29 02:42:10.506084+00:00|36.299115003347936|38.8600015420663|37.47080813223357|36.29511805120433|36.67529195352796|-0.818359375|0.360107421875|-0.365966796875|-1.220703125|2.410888671875|0.8544921875|-14.985109508547007|59.058961004273506|-49.766846001221005
2026-01-29 02:42:10.564475+00:00|36.299115003347936|38.8600015420663|37.4667791751404|36.30710921440311|36.67529195352796|-0.819580078125|0.360107421875|-0.3681640625|-1.495361328125|2.197265625|0.244140625|-14.808814102564103|57.82489316239316|-50.955815018315015
2026-01-29 02:42:10.622858+00:00|36.29112120124995|38.8600015420663|37.47080813223357|36.299115003347936|36.703342427673704|-0.813232421875|0.3583984375|-0.3779296875|-1.220703125|2.105712890625|1.0986328125|-17.805836004273505|59.058961004273506|-50.44625686813187
2026-01-29 02:42:10.681227+00:00|36.28712445343473|38.847785321675644|37.45066451680299|36.299115003347936|36.68731294246379|-0.824951171875|0.35546875|-0.375|-1.129150390625|2.38037109375|-0.518798828125|-16.219177350427348|58.53007478632479|-49.936698717948715
2026-01-29 02:42:10.739555+00:00|36.29112120124995|38.86407388602106|37.454693005985575|36.28312780770858|36.695327470619645|-0.818603515625|0.35986328125|-0.36572265625|-1.46484375|2.44140625|-0.030517578125|-16.042881944444442|58.706370192307695|-50.44625686813187
2026-01-29 02:42:10.797924+00:00|36.299115003347936|38.85592933339325|37.47080813223357|36.299115003347936|36.67529195352796|-0.822998046875|0.36181640625|-0.36767578125|-1.28173828125|2.288818359375|0.244140625|-15.690291132478631|57.648597756410254|-50.44625686813187
2026-01-29 02:42:10.856261+00:00|36.29112120124995|38.86407388602106|37.4667791751404|36.299115003347936|36.6913201529548|-0.813720703125|0.362548828125|-0.373779296875|-1.190185546875|2.44140625|0.518798828125|-15.690291132478631|56.94341613247863|-50.10655143467643
2026-01-29 02:42:10.914750+00:00|36.28312780770858|38.8600015420663|37.47080813223357|36.29511805120433|36.711357814030976|-0.820068359375|0.359619140625|-0.372802734375|-1.3427734375|2.471923828125|-0.06103515625|-13.57474626068376|58.001188568376065|-50.7859623015873
2026-01-29 02:42:10.973390+00:00|36.28312780770858|38.847785321675644|37.458721612068246|36.30311205773086|36.695327470619645|-0.815673828125|0.357666015625|-0.379150390625|-1.3427734375|2.716064453125|-0.06103515625|-16.042881944444442|56.94341613247863|-49.766846001221005
2026-01-29 02:42:11.031700+00:00|36.299115003347936|38.86814636531176|37.462750335102555|36.28712445343473|36.711357814030976|-0.817138671875|0.364501953125|-0.371337890625|-1.03759765625|2.044677734375|1.373291015625|-15.161404914529914|57.11971153846154|-50.61610958485958
2026-01-29 02:42:11.090269+00:00|36.29112120124995|38.86407388602106|37.47483720643385|36.299115003347936|36.68731294246379|-0.8232421875|0.3583984375|-0.363525390625|-1.40380859375|2.13623046875|0.762939453125|-14.632518696581197|57.29600694444444|-49.766846001221005
2026-01-29 02:42:11.148512+00:00|36.29511805120433|38.87221897999285|37.47080813223357|36.299115003347936|36.70735006716416|-0.824462890625|0.359130859375|-0.368896484375|-1.068115234375|2.38037109375|0.0|-16.395472756410257|58.706370192307695|-50.7859623015873
2026-01-29 02:42:11.206842+00:00|36.28712445343473|38.86814636531176|37.47483720643385|36.299115003347936|36.69933489550914|-0.813232421875|0.365234375|-0.368408203125|-1.129150390625|2.410888671875|0.42724609375|-16.219177350427348|57.47230235042735|-49.936698717948715
2026-01-29 02:42:11.265127+00:00|36.28312780770858|38.8600015420663|37.458721612068246|36.28312780770858|36.711357814030976|-0.82275390625|0.361083984375|-0.371826171875|-1.15966796875|2.44140625|0.152587890625|-16.395472756410257|60.11673344017093|-50.44625686813187
2026-01-29 02:42:11.323412+00:00|36.29511805120433|38.87629173011845|37.47080813223357|36.28312780770858|36.67929884280096|-0.82421875|0.362060546875|-0.3759765625|-1.312255859375|2.593994140625|-0.213623046875|-14.808814102564103|55.709348290598285|-50.955815018315015
2026-01-29 02:42:11.381860+00:00|36.29511805120433|38.87221897999285|37.47080813223357|36.30311205773086|36.71536566832498|-0.81591796875|0.35498046875|-0.37451171875|-1.068115234375|2.50244140625|0.335693359375|-16.395472756410257|58.353779380341884|-50.7859623015873
2026-01-29 02:42:11.440091+00:00|36.299115003347936|38.88036461574285|37.4667791751404|36.30311205773086|36.731398160785204|-0.822021484375|0.359375|-0.3779296875|-1.28173828125|2.166748046875|1.129150390625|-15.690291132478631|58.001188568376065|-49.766846001221005
2026-01-29 02:42:11.498457+00:00|36.27913126402126|38.86814636531176|37.47080813223357|36.30311205773086|36.68731294246379|-0.82080078125|0.36376953125|-0.360107421875|-0.79345703125|2.105712890625|1.64794921875|-15.513995726495725|57.11971153846154|-51.29552045177044
2026-01-29 02:42:11.556867+00:00|36.29112120124995|38.86407388602106|37.458721612068246|36.29112120124995|36.695327470619645|-0.81640625|0.35595703125|-0.379150390625|-1.220703125|2.44140625|-1.129150390625|-15.33770032051282|56.94341613247863|-49.08743513431013
2026-01-29 02:42:11.615164+00:00|36.29112120124995|38.88036461574285|37.47080813223357|36.29112120124995|36.65926546564447|-0.8251953125|0.35400390625|-0.3701171875|-1.129150390625|2.655029296875|-1.52587890625|-16.748063568376068|58.353779380341884|-50.10655143467643
2026-01-29 02:42:11.673396+00:00|36.29511805120433|38.88443763692044|37.47080813223357|36.299115003347936|36.69933489550914|-0.81884765625|0.363525390625|-0.371337890625|-1.5869140625|2.593994140625|-0.030517578125|-14.985109508547007|59.058961004273506|-49.766846001221005
2026-01-29 02:42:11.731666+00:00|36.28712445343473|38.88443763692044|37.47080813223357|36.29511805120433|36.711357814030976|-0.819580078125|0.357421875|-0.373779296875|-1.15966796875|2.5634765625|0.579833984375|-16.042881944444442|58.353779380341884|-50.10655143467643
2026-01-29 02:42:11.789969+00:00|36.27913126402126|38.87629173011845|37.454693005985575|36.299115003347936|36.68330583909602|-0.818115234375|0.361083984375|-0.370849609375|-1.129150390625|2.655029296875|-0.274658203125|-15.866586538461538|56.767120726495726|-50.27640415140415
2026-01-29 02:42:11.848223+00:00|36.29511805120433|38.89258408615211|37.462750335102555|36.28712445343473|36.70735006716416|-0.82275390625|0.360595703125|-0.373779296875|-1.28173828125|2.197265625|0.885009765625|-15.161404914529914|57.11971153846154|-50.61610958485958
2026-01-29 02:42:11.906753+00:00|36.29511805120433|38.88851079370539|37.47886639779301|36.299115003347936|36.6913201529548|-0.821044921875|0.3623046875|-0.368408203125|-1.495361328125|2.410888671875|0.67138671875|-15.33770032051282|56.59082532051282|-50.10655143467643
2026-01-29 02:42:11.965439+00:00|36.28712445343473|38.88851079370539|37.4667791751404|36.299115003347936|36.68731294246379|-0.813720703125|0.357666015625|-0.371337890625|-1.220703125|2.50244140625|-0.1220703125|-16.395472756410257|58.353779380341884|-50.44625686813187
2026-01-29 02:42:12.024042+00:00|36.28712445343473|38.896657514314825|37.47483720643385|36.29511805120433|36.6913201529548|-0.81787109375|0.349853515625|-0.375732421875|-1.28173828125|2.86865234375|-0.762939453125|-15.866586538461538|58.17748397435897|-50.955815018315015
2026-01-29 02:42:12.082776+00:00|36.27913126402126|38.88443763692044|37.4667791751404|36.29511805120433|36.67929884280096|-0.8115234375|0.357177734375|-0.371826171875|-0.946044921875|2.3193359375|0.885009765625|-15.513995726495725|59.58784722222222|-50.27640415140415
2026-01-29 02:42:12.141008+00:00|36.29511805120433|38.89258408615211|37.462750335102555|36.28712445343473|36.68330583909602|-0.824462890625|0.37158203125|-0.385498046875|-1.190185546875|3.143310546875|-0.732421875|-15.513995726495725|57.47230235042735|-50.61610958485958
2026-01-29 02:42:12.199689+00:00|36.28712445343473|38.90073107824804|37.47886639779301|36.29112120124995|36.6913201529548|-0.81591796875|0.364990234375|-0.369140625|-1.46484375|2.86865234375|-1.64794921875|-15.690291132478631|58.001188568376065|-50.7859623015873
2026-01-29 02:42:12.258201+00:00|36.29112120124995|38.90480477800588|37.47483720643385|36.299115003347936|36.70735006716416|-0.82275390625|0.368408203125|-0.364501953125|-1.3427734375|2.105712890625|2.197265625|-16.219177350427348|57.47230235042735|-50.61610958485958
2026-01-29 02:42:12.316834+00:00|36.29112120124995|38.90073107824804|37.47080813223357|36.29511805120433|36.70735006716416|-0.8154296875|0.35400390625|-0.372314453125|-1.0986328125|2.38037109375|0.1220703125|-15.513995726495725|58.17748397435897|-49.936698717948715
2026-01-29 02:42:12.375446+00:00|36.275134822323025|38.88851079370539|37.47886639779301|36.29511805120433|36.7193736300967|-0.82861328125|0.356201171875|-0.375732421875|-1.129150390625|2.9296875|-0.823974609375|-16.748063568376068|57.648597756410254|-50.10655143467643
2026-01-29 02:42:12.434135+00:00|36.275134822323025|38.89258408615211|37.458721612068246|36.28312780770858|36.69933489550914|-0.815185546875|0.3623046875|-0.37158203125|-1.15966796875|2.44140625|0.06103515625|-15.866586538461538|57.47230235042735|-50.61610958485958
2026-01-29 02:42:12.492608+00:00|36.28712445343473|38.90480477800588|37.47080813223357|36.28312780770858|36.6913201529548|-0.814453125|0.357421875|-0.370849609375|-1.46484375|2.899169921875|-2.5634765625|-16.571768162393163|58.17748397435897|-50.27640415140415
2026-01-29 02:42:12.551229+00:00|36.28712445343473|38.908878613642685|37.47483720643385|36.29511805120433|36.71536566832498|-0.820068359375|0.3564453125|-0.37939453125|-1.52587890625|3.326416015625|-4.364013671875|-16.395472756410257|58.706370192307695|-50.7859623015873
2026-01-29 02:42:12.609943+00:00|36.28712445343473|38.908878613642685|37.47483720643385|36.29112120124995|36.7193736300967|-0.823974609375|0.376220703125|-0.34912109375|-2.3193359375|1.708984375|3.082275390625|-16.571768162393163|59.23525641025641|-50.27640415140415
2026-01-29 02:42:12.668585+00:00|36.275134822323025|38.90480477800588|37.47080813223357|36.29511805120433|36.6913201529548|-0.81494140625|0.360107421875|-0.383056640625|-1.068115234375|2.44140625|0.213623046875|-16.571768162393163|57.47230235042735|-50.27640415140415
2026-01-29 02:42:12.727305+00:00|36.27913126402126|38.90073107824804|37.462750335102555|36.29112120124995|36.72338169939684|-0.824462890625|0.352783203125|-0.372802734375|-0.823974609375|2.471923828125|-0.1220703125|-17.10065438034188|58.353779380341884|-49.766846001221005
2026-01-29 02:42:12.786074+00:00|36.29112120124995|38.90480477800588|37.462750335102555|36.27913126402126|36.695327470619645|-0.815185546875|0.361083984375|-0.374267578125|-0.91552734375|2.50244140625|-0.06103515625|-16.042881944444442|57.648597756410254|-50.7859623015873
2026-01-29 02:42:12.844386+00:00|36.28312780770858|38.908878613642685|37.47886639779301|36.299115003347936|36.68731294246379|-0.814697265625|0.357177734375|-0.377685546875|-1.5869140625|2.532958984375|-0.1220703125|-14.985109508547007|58.001188568376065|-50.10655143467643
