ABS TIME|T-CPU|T-PCB-TOP|T-PCB-BOTTOM|T-WIRELESS-MODEM|T-POWER-MANAGER|X ACC|Y ACC|Z ACC|X GYRO|Y GYRO|Z GYRO|X MAG|Y MAG|Z MAG
2026-01-29 04:24:25.359899+00:00|31.29656323478406|34.363745879584656|35.03297111790852|31.300469458590953|33.59039260567795|-0.738037109375|0.53466796875|-0.34375|-1.28173828125|2.532958984375|0.244140625|-1.9392494658119657|38.96128472222222|-40.25509386446887
2026-01-29 04:24:25.419541+00:00|31.29656323478406|34.363745879584656|35.03297111790852|31.31218838134987|33.621903671200585|-0.735107421875|0.5302734375|-0.336181640625|-1.068115234375|2.410888671875|0.0|-0.35259081196581193|38.4323985042735|-41.783768315018314
2026-01-29 04:24:25.478698+00:00|31.300469458590953|34.35583991979854|35.02503729763691|31.320001206432664|33.61008650198704|-0.7421875|0.532470703125|-0.337646484375|-1.312255859375|2.44140625|-0.06103515625|-1.4103632478632477|39.13758012820512|-41.783768315018314
2026-01-29 04:24:25.537979+00:00|31.304375724256715|34.363745879584656|35.02503729763691|31.316094772869576|33.61008650198704|-0.740234375|0.53662109375|-0.341552734375|-1.312255859375|2.44140625|0.091552734375|-1.0577724358974359|38.4323985042735|-41.44406288156288
2026-01-29 04:24:25.597215+00:00|31.320001206432664|34.37165215300496|35.02503729763691|31.30828203182773|33.59039260567795|-0.740966796875|0.535400390625|-0.337646484375|-1.28173828125|2.471923828125|0.213623046875|-1.9392494658119657|38.608693910256406|-41.613915598290596
2026-01-29 04:24:25.656255+00:00|31.31218838134987|34.37165215300496|35.03297111790852|31.316094772869576|33.59826995662843|-0.736083984375|0.53955078125|-0.333984375|-0.8544921875|2.44140625|-0.030517578125|-0.8814770299145299|36.84573985042735|-41.953621031746025
2026-01-29 04:24:25.715380+00:00|31.320001206432664|34.3795587404428|35.029004164516266|31.33172075984436|33.606147584279995|-0.73681640625|0.533935546875|-0.332763671875|-1.190185546875|2.410888671875|0.091552734375|-0.35259081196581193|39.49017094017094|-42.463179181929185
2026-01-29 04:24:25.774463+00:00|31.3278141998739|34.38746564228188|35.03297111790852|31.33562736204277|33.59826995662843|-0.73974609375|0.538818359375|-0.34619140625|-1.373291015625|2.471923828125|0.244140625|-1.5866586538461538|39.313875534188035|-41.613915598290596
2026-01-29 04:24:25.833623+00:00|31.33172075984436|34.38746564228188|35.02107051722169|31.33172075984436|33.621903671200585|-0.738037109375|0.53564453125|-0.336181640625|-1.03759765625|2.5634765625|0.06103515625|-1.234067841880342|38.256103098290595|-41.27421016483516
2026-01-29 04:24:25.892877+00:00|31.33172075984436|34.3953728589056|35.02503729763691|31.33953400651552|33.60220873584291|-0.742919921875|0.537841796875|-0.339111328125|-1.312255859375|2.5634765625|0.0|-0.17629540598290597|37.55092147435897|-41.613915598290596
2026-01-29 04:24:25.951425+00:00|31.3278141998739|34.39141921122172|35.013137215589666|31.35125419403994|33.61008650198704|-0.735107421875|0.5341796875|-0.342041015625|-1.495361328125|2.3193359375|0.091552734375|-1.234067841880342|39.313875534188035|-41.27421016483516
2026-01-29 04:24:26.010159+00:00|31.343440693308423|34.3953728589056|35.01710382322216|31.343440693308423|33.59039260567795|-0.74267578125|0.537353515625|-0.340087890625|-0.9765625|2.5634765625|0.0|-2.468135683760684|38.07980769230769|-41.10435744810745
2026-01-29 04:24:26.069593+00:00|31.343440693308423|34.403280390697546|35.02107051722169|31.33953400651552|33.606147584279995|-0.7392578125|0.53466796875|-0.33837890625|-1.190185546875|2.38037109375|-0.030517578125|-0.17629540598290597|38.608693910256406|-40.5947992979243
2026-01-29 04:24:26.128736+00:00|31.35516100807081|34.39932658538157|35.029004164516266|31.362974763693273|33.606147584279995|-0.743408203125|0.53466796875|-0.3369140625|-1.28173828125|2.38037109375|0.030517578125|-2.2918402777777778|37.90351228632478|-41.953621031746025
2026-01-29 04:24:26.187684+00:00|31.35516100807081|34.40723427490144|35.029004164516266|31.35516100807081|33.62978213122625|-0.7373046875|0.536865234375|-0.34228515625|-1.0986328125|2.410888671875|0.1220703125|-1.4103632478632477|39.49017094017094|-41.10435744810745
2026-01-29 04:24:26.246682+00:00|31.35906786460646|34.415142280165014|35.02503729763691|31.366881705377125|33.59039260567795|-0.742919921875|0.538818359375|-0.342041015625|-0.946044921875|2.44140625|0.06103515625|-0.5288862179487179|38.96128472222222|-40.5947992979243
2026-01-29 04:24:26.305778+00:00|31.34734742246792|34.415142280165014|35.03297111790852|31.362974763693273|33.61796454540007|-0.74072265625|0.5380859375|-0.336181640625|-1.373291015625|2.655029296875|-0.030517578125|-2.2918402777777778|39.66646634615385|-40.93450473137973
2026-01-29 04:24:26.364770+00:00|31.35125419403994|34.415142280165014|35.0091706942755|31.374695716721078|33.61796454540007|-0.736572265625|0.533935546875|-0.340087890625|-1.3427734375|2.44140625|0.18310546875|-0.7051816239316239|39.13758012820512|-41.44406288156288
2026-01-29 04:24:26.423625+00:00|31.370788689704398|34.423050601555985|35.02107051722169|31.370788689704398|33.59826995662843|-0.736572265625|0.5361328125|-0.33251953125|-1.617431640625|2.38037109375|-0.06103515625|-1.0577724358974359|38.07980769230769|-40.764652014652015
2026-01-29 04:24:26.482567+00:00|31.366881705377125|34.43095923945805|35.029004164516266|31.370788689704398|33.621903671200585|-0.738525390625|0.53173828125|-0.340576171875|-1.312255859375|2.38037109375|-0.030517578125|-1.9392494658119657|37.90351228632478|-41.613915598290596
2026-01-29 04:24:26.541497+00:00|31.386417054369474|34.43095923945805|35.029004164516266|31.37860278647338|33.621903671200585|-0.7392578125|0.534912109375|-0.3408203125|-1.3427734375|2.25830078125|0.152587890625|-2.64443108974359|38.96128472222222|-40.93450473137973
2026-01-29 04:24:26.600475+00:00|31.38250989900746|34.43491367722072|35.029004164516266|31.37860278647338|33.62584286646023|-0.73779296875|0.533203125|-0.343505859375|-1.3427734375|2.50244140625|-0.213623046875|-1.4103632478632477|37.72721688034188|-41.10435744810745
2026-01-29 04:24:26.659735+00:00|31.37860278647338|34.44282279060934|35.02503729763691|31.390324252605467|33.641600343035975|-0.73876953125|0.533935546875|-0.344970703125|-1.46484375|2.166748046875|0.335693359375|-1.234067841880342|37.19833066239316|-39.915388431013426
2026-01-29 04:24:26.718516+00:00|31.37860278647338|34.43886819425512|35.029004164516266|31.398138777884412|33.641600343035975|-0.738037109375|0.538330078125|-0.345458984375|-1.251220703125|2.197265625|0.0|-1.7629540598290598|39.13758012820512|-41.44406288156288
2026-01-29 04:24:26.777591+00:00|31.38250989900746|34.44282279060934|35.01710382322216|31.40204610501968|33.62978213122625|-0.742919921875|0.533203125|-0.33203125|-1.190185546875|2.3193359375|-0.152587890625|-1.234067841880342|37.55092147435897|-40.5947992979243
2026-01-29 04:24:26.836604+00:00|31.398138777884412|34.45468705607004|35.01710382322216|31.390324252605467|33.594331246589206|-0.7421875|0.533935546875|-0.340087890625|-1.28173828125|2.74658203125|0.091552734375|-1.4103632478632477|38.07980769230769|-40.42494658119658
2026-01-29 04:24:26.895414+00:00|31.394231493761822|34.45864197018301|35.02503729763691|31.398138777884412|33.621903671200585|-0.739013671875|0.535888671875|-0.343994140625|-1.220703125|2.50244140625|0.06103515625|-2.468135683760684|38.78498931623931|-40.764652014652015
2026-01-29 04:24:26.954302+00:00|31.40204610501968|34.46259696385579|35.02503729763691|31.405953475213494|33.62978213122625|-0.7412109375|0.5390625|-0.342529296875|-1.3427734375|2.410888671875|-0.06103515625|-1.0577724358974359|38.4323985042735|-41.783768315018314
2026-01-29 04:24:27.013438+00:00|31.405953475213494|34.46259696385579|35.02503729763691|31.409860888512185|33.62584286646023|-0.7421875|0.53515625|-0.340576171875|-1.129150390625|2.288818359375|0.213623046875|-1.9392494658119657|37.90351228632478|-40.93450473137973
2026-01-29 04:24:27.072311+00:00|31.405953475213494|34.46655203713624|35.02107051722169|31.409860888512185|33.633721465546046|-0.7373046875|0.539306640625|-0.343017578125|-1.0986328125|2.288818359375|0.30517578125|-0.7051816239316239|38.4323985042735|-40.42494658119658
2026-01-29 04:24:27.130909+00:00|31.40204610501968|34.46259696385579|35.02503729763691|31.417675844608766|33.6376608694668|-0.74169921875|0.534912109375|-0.33642578125|-0.946044921875|2.197265625|0.030517578125|-1.0577724358974359|37.72721688034188|-40.42494658119658
2026-01-29 04:24:27.189986+00:00|31.417675844608766|34.4705071900724|35.02107051722169|31.41376834496191|33.61796454540007|-0.740234375|0.535888671875|-0.33984375|-1.40380859375|2.50244140625|0.244140625|0.17629540598290597|37.90351228632478|-40.93450473137973
2026-01-29 04:24:27.248915+00:00|31.409860888512185|34.48237312729566|35.01710382322216|31.41376834496191|33.621903671200585|-0.740234375|0.5361328125|-0.33984375|-1.3427734375|2.349853515625|-0.06103515625|-1.234067841880342|39.66646634615385|-40.93450473137973
2026-01-29 04:24:27.308118+00:00|31.417675844608766|34.48237312729566|35.029004164516266|31.425490973678563|33.61008650198704|-0.73779296875|0.537841796875|-0.33056640625|-1.03759765625|2.410888671875|0.06103515625|-0.8814770299145299|38.256103098290595|-42.29332646520146
2026-01-29 04:24:27.367115+00:00|31.42158338749897|34.49423978314945|35.02503729763691|31.42158338749897|33.64553988630075|-0.739501953125|0.535888671875|-0.33447265625|-1.190185546875|2.349853515625|0.091552734375|-0.5288862179487179|37.90351228632478|-40.5947992979243
2026-01-29 04:24:27.426253+00:00|31.43330627609106|34.49423978314945|35.02503729763691|31.437213992416105|33.64947949930854|-0.73779296875|0.535888671875|-0.3349609375|-1.220703125|2.471923828125|0.30517578125|-1.0577724358974359|38.07980769230769|-40.764652014652015
2026-01-29 04:24:27.486688+00:00|31.42158338749897|34.49819549502047|35.029004164516266|31.437213992416105|33.61796454540007|-0.7373046875|0.53662109375|-0.34716796875|-1.15966796875|2.044677734375|-0.1220703125|-1.234067841880342|38.608693910256406|-41.613915598290596
2026-01-29 04:24:27.545741+00:00|31.41376834496191|34.49819549502047|35.02107051722169|31.437213992416105|33.633721465546046|-0.739013671875|0.537109375|-0.339111328125|-1.3427734375|2.288818359375|0.091552734375|-0.35259081196581193|36.669444444444444|-41.10435744810745
2026-01-29 04:24:27.604664+00:00|31.425490973678563|34.49423978314945|35.02107051722169|31.441121752215395|33.64553988630075|-0.739501953125|0.5380859375|-0.3359375|-1.190185546875|2.74658203125|0.152587890625|-0.5288862179487179|39.66646634615385|-41.613915598290596
2026-01-29 04:24:27.664285+00:00|31.437213992416105|34.49819549502047|35.0091706942755|31.437213992416105|33.6376608694668|-0.741943359375|0.5400390625|-0.341552734375|-1.312255859375|2.288818359375|-0.244140625|-0.7051816239316239|38.4323985042735|-41.10435744810745
2026-01-29 04:24:27.723515+00:00|31.441121752215395|34.502151286931564|35.01710382322216|31.441121752215395|33.61402548901134|-0.7412109375|0.53369140625|-0.341796875|-1.40380859375|2.44140625|-0.06103515625|-2.2918402777777778|38.96128472222222|-41.613915598290596
2026-01-29 04:24:27.783045+00:00|31.45284529291945|34.51797525593685|35.02503729763691|31.44502955553486|33.621903671200585|-0.7392578125|0.535888671875|-0.33740234375|-1.3427734375|2.44140625|0.091552734375|-0.8814770299145299|37.90351228632478|-40.93450473137973
2026-01-29 04:24:27.842117+00:00|31.448937402420768|34.521931448768726|35.029004164516266|31.448937402420768|33.633721465546046|-0.742919921875|0.528564453125|-0.330810546875|-1.129150390625|2.288818359375|-0.030517578125|-1.0577724358974359|39.13758012820512|-40.764652014652015
2026-01-29 04:24:27.901321+00:00|31.44502955553486|34.51797525593685|35.02503729763691|31.45284529291945|33.65735893474255|-0.74072265625|0.53564453125|-0.3447265625|-1.190185546875|2.5634765625|0.213623046875|-1.7629540598290598|38.78498931623931|-41.10435744810745
2026-01-29 04:24:27.960272+00:00|31.45284529291945|34.521931448768726|35.02503729763691|31.4606612049393|33.633721465546046|-0.743408203125|0.537353515625|-0.341552734375|-1.434326171875|2.25830078125|-0.1220703125|-0.35259081196581193|37.72721688034188|-41.783768315018314
2026-01-29 04:24:28.019150+00:00|31.448937402420768|34.529844075465405|35.01710382322216|31.4606612049393|33.633721465546046|-0.7373046875|0.538330078125|-0.33984375|-1.15966796875|2.655029296875|0.06103515625|-1.0577724358974359|38.4323985042735|-41.10435744810745
2026-01-29 04:24:28.078056+00:00|31.448937402420768|34.521931448768726|35.02107051722169|31.46456922655284|33.65735893474255|-0.736328125|0.53564453125|-0.339111328125|-0.8544921875|2.410888671875|-0.06103515625|-1.7629540598290598|37.37462606837607|-40.42494658119658
2026-01-29 04:24:28.136786+00:00|31.476293554362258|34.53380050942644|35.013137215589666|31.468477291963836|33.65341918210669|-0.73828125|0.5380859375|-0.3408203125|-1.220703125|2.197265625|0.1220703125|-1.9392494658119657|40.01905715811966|-40.5947992979243
2026-01-29 04:24:28.195761+00:00|31.468477291963836|34.537757023860024|35.02107051722169|31.46456922655284|33.64553988630075|-0.742919921875|0.537353515625|-0.338623046875|-1.434326171875|2.532958984375|0.091552734375|-2.2918402777777778|38.608693910256406|-41.613915598290596
2026-01-29 04:24:28.254691+00:00|31.46456922655284|34.549627050476886|35.029004164516266|31.480201751442166|33.65341918210669|-0.73876953125|0.5341796875|-0.33935546875|-1.03759765625|2.288818359375|-0.1220703125|-1.234067841880342|38.96128472222222|-41.953621031746025
2026-01-29 04:24:28.313669+00:00|31.472385401218105|34.549627050476886|35.02503729763691|31.480201751442166|33.65735893474255|-0.74267578125|0.53466796875|-0.33837890625|-1.15966796875|2.349853515625|0.091552734375|-1.4103632478632477|37.022035256410255|-39.74553571428571
2026-01-29 04:24:28.372669+00:00|31.472385401218105|34.55754080479909|35.02503729763691|31.476293554362258|33.66129875726324|-0.73876953125|0.537841796875|-0.341796875|-1.28173828125|2.655029296875|0.152587890625|-1.4103632478632477|37.37462606837607|-41.783768315018314
2026-01-29 04:24:28.432120+00:00|31.468477291963836|34.55358388728149|35.02503729763691|31.476293554362258|33.66917861214904|-0.73974609375|0.5341796875|-0.341064453125|-1.3427734375|2.227783203125|0.030517578125|-1.4103632478632477|38.78498931623931|-41.783768315018314
2026-01-29 04:24:28.491198+00:00|31.476293554362258|34.55754080479909|35.01710382322216|31.480201751442166|33.66523864971623|-0.738525390625|0.537353515625|-0.339599609375|-1.129150390625|2.532958984375|0.274658203125|-1.4103632478632477|38.78498931623931|-41.44406288156288
2026-01-29 04:24:28.550144+00:00|31.484109992504045|34.569412042110855|35.0091706942755|31.46456922655284|33.66523864971623|-0.740478515625|0.53515625|-0.331787109375|-1.068115234375|2.593994140625|-0.152587890625|-2.1155448717948717|39.13758012820512|-40.764652014652015
2026-01-29 04:24:28.609106+00:00|31.484109992504045|34.569412042110855|35.01710382322216|31.484109992504045|33.64553988630075|-0.735595703125|0.5341796875|-0.340087890625|-1.0986328125|2.197265625|0.18310546875|-2.8207264957264955|38.07980769230769|-41.10435744810745
2026-01-29 04:24:28.667922+00:00|31.488018277594335|34.573369282961494|35.01710382322216|31.495834980044037|33.65341918210669|-0.7392578125|0.538818359375|-0.337890625|-1.15966796875|2.197265625|0.06103515625|-1.234067841880342|38.256103098290595|-40.5947992979243
2026-01-29 04:24:28.727085+00:00|31.484109992504045|34.57732660476563|35.01710382322216|31.495834980044037|33.66129875726324|-0.739501953125|0.53564453125|-0.33544921875|-1.129150390625|2.349853515625|0.06103515625|-1.0577724358974359|38.07980769230769|-39.74553571428571
2026-01-29 04:24:28.786073+00:00|31.49192660675891|34.59315670247986|35.01710382322216|31.495834980044037|33.680998919798355|-0.74267578125|0.5361328125|-0.33740234375|-1.312255859375|2.471923828125|-0.1220703125|-1.234067841880342|37.90351228632478|-40.93450473137973
2026-01-29 04:24:28.845229+00:00|31.488018277594335|34.585241491426984|35.02107051722169|31.49974339749599|33.67705874714267|-0.734130859375|0.53515625|-0.33984375|-1.220703125|2.349853515625|-0.06103515625|-1.7629540598290598|38.07980769230769|-41.783768315018314
2026-01-29 04:24:28.904133+00:00|31.49192660675891|34.585241491426984|35.0091706942755|31.503651859160755|33.65341918210669|-0.739501953125|0.533447265625|-0.33349609375|-1.190185546875|2.349853515625|0.213623046875|-1.7629540598290598|38.4323985042735|-42.12347374847374
2026-01-29 04:24:28.963262+00:00|31.495834980044037|34.59315670247986|35.013137215589666|31.49192660675891|33.70070083655918|-0.740234375|0.537353515625|-0.330078125|-1.373291015625|2.593994140625|0.06103515625|-2.2918402777777778|38.96128472222222|-40.25509386446887
2026-01-29 04:24:29.022018+00:00|31.49974339749599|34.60503012813575|35.01710382322216|31.49974339749599|33.65735893474255|-0.73681640625|0.5361328125|-0.34521484375|-1.373291015625|2.349853515625|0.18310546875|-2.2918402777777778|37.55092147435897|-40.25509386446887
2026-01-29 04:24:29.080833+00:00|31.49974339749599|34.60107223830937|35.02503729763691|31.503651859160755|33.67311864460862|-0.738525390625|0.54052734375|-0.3408203125|-1.28173828125|2.38037109375|0.18310546875|-0.8814770299145299|38.256103098290595|-40.25509386446887
2026-01-29 04:24:29.141091+00:00|31.50756036508477|34.60898809930063|35.02503729763691|31.51146891531414|33.69281985896896|-0.7373046875|0.538330078125|-0.333984375|-1.3427734375|2.288818359375|0.030517578125|-1.0577724358974359|38.78498931623931|-40.764652014652015
2026-01-29 04:24:29.200129+00:00|31.50756036508477|34.61690428583887|35.013137215589666|31.503651859160755|33.65735893474255|-0.739990234375|0.5341796875|-0.33984375|-1.129150390625|2.410888671875|0.0|-1.234067841880342|38.608693910256406|-40.93450473137973
2026-01-29 04:24:29.259353+00:00|31.49974339749599|34.620862501308466|35.02107051722169|31.515377509894847|33.67311864460862|-0.7431640625|0.53662109375|-0.3408203125|-1.15966796875|2.410888671875|-0.030517578125|-3.1733173076923076|39.13758012820512|-41.10435744810745
2026-01-29 04:24:29.318450+00:00|31.495834980044037|34.61690428583887|35.02107051722169|31.51928614887339|33.680998919798355|-0.740478515625|0.5361328125|-0.34521484375|-1.251220703125|2.3193359375|-0.213623046875|-2.9970219017094015|38.96128472222222|-42.6330318986569
2026-01-29 04:24:29.377781+00:00|31.503651859160755|34.61294615185233|35.013137215589666|31.51146891531414|33.67311864460862|-0.739013671875|0.533203125|-0.343017578125|-1.312255859375|2.5634765625|-0.1220703125|-0.5288862179487179|37.90351228632478|-40.5947992979243
2026-01-29 04:24:29.437240+00:00|31.51928614887339|34.628779176889395|35.0091706942755|31.503651859160755|33.66523864971623|-0.73828125|0.53271484375|-0.341064453125|-1.28173828125|2.13623046875|0.06103515625|-1.234067841880342|36.49314903846154|-41.613915598290596
2026-01-29 04:24:29.496324+00:00|31.51146891531414|34.6366961789804|35.01710382322216|31.51146891531414|33.68493916262304|-0.7373046875|0.53955078125|-0.33984375|-1.15966796875|2.410888671875|0.30517578125|-1.0577724358974359|38.4323985042735|-40.764652014652015
2026-01-29 04:24:29.554774+00:00|31.51146891531414|34.64065480258762|35.02503729763691|31.527103560208275|33.66129875726324|-0.7373046875|0.537109375|-0.33642578125|-1.190185546875|2.532958984375|0.1220703125|-0.8814770299145299|38.96128472222222|-40.93450473137973
2026-01-29 04:24:29.613814+00:00|31.527103560208275|34.64857229516656|35.02107051722169|31.527103560208275|33.70070083655918|-0.74072265625|0.535888671875|-0.343017578125|-1.251220703125|2.471923828125|0.030517578125|-0.5288862179487179|38.96128472222222|-41.27421016483516
2026-01-29 04:24:29.673167+00:00|31.523194832295815|34.64857229516656|35.01710382322216|31.515377509894847|33.68887947566418|-0.73779296875|0.53955078125|-0.33544921875|-1.129150390625|2.410888671875|0.06103515625|-1.0577724358974359|37.37462606837607|-41.783768315018314
2026-01-29 04:24:29.732320+00:00|31.51146891531414|34.65253116423446|35.01710382322216|31.531012332656985|33.66917861214904|-0.741455078125|0.53955078125|-0.33544921875|-1.068115234375|2.3193359375|-0.030517578125|-1.234067841880342|38.256103098290595|-40.25509386446887
2026-01-29 04:24:29.791483+00:00|31.515377509894847|34.64857229516656|35.013137215589666|31.527103560208275|33.66917861214904|-0.740478515625|0.534912109375|-0.337158203125|-1.251220703125|2.62451171875|0.1220703125|-1.4103632478632477|39.84276175213675|-40.764652014652015
2026-01-29 04:24:29.850696+00:00|31.51146891531414|34.65253116423446|35.013137215589666|31.523194832295815|33.69676031258484|-0.74560546875|0.537841796875|-0.335205078125|-1.220703125|2.105712890625|0.030517578125|-2.1155448717948717|38.78498931623931|-40.764652014652015
2026-01-29 04:24:29.909656+00:00|31.534921149688216|34.66044914816848|35.0091706942755|31.51928614887339|33.680998919798355|-0.73681640625|0.535888671875|-0.343994140625|-1.28173828125|2.38037109375|-0.030517578125|-1.7629540598290598|38.78498931623931|-40.42494658119658
2026-01-29 04:24:29.968772+00:00|31.527103560208275|34.66044914816848|35.02107051722169|31.527103560208275|33.66129875726324|-0.740966796875|0.53662109375|-0.337890625|-1.15966796875|2.44140625|0.18310546875|-0.7051816239316239|37.72721688034188|-40.764652014652015
2026-01-29 04:24:30.027922+00:00|31.527103560208275|34.67232673928754|35.01710382322216|31.53883001134801|33.70070083655918|-0.73974609375|0.539306640625|-0.336669921875|-1.129150390625|2.227783203125|-0.091552734375|-1.234067841880342|38.608693910256406|-41.953621031746025
2026-01-29 04:24:30.087049+00:00|31.531012332656985|34.68024554407481|35.01710382322216|31.53883001134801|33.69281985896896|-0.739013671875|0.53466796875|-0.335205078125|-1.220703125|2.410888671875|-0.18310546875|-2.468135683760684|38.4323985042735|-42.463179181929185
2026-01-29 04:24:30.146238+00:00|31.527103560208275|34.68816467787826|35.02107051722169|31.53883001134801|33.69676031258484|-0.734619140625|0.53515625|-0.341796875|-0.946044921875|2.410888671875|-0.06103515625|-1.7629540598290598|38.78498931623931|-39.74553571428571
2026-01-29 04:24:30.205679+00:00|31.527103560208275|34.68024554407481|35.03297111790852|31.53883001134801|33.680998919798355|-0.739501953125|0.535888671875|-0.344482421875|-1.28173828125|2.38037109375|0.091552734375|-1.4103632478632477|38.07980769230769|-41.10435744810745
2026-01-29 04:24:30.264851+00:00|31.523194832295815|34.684205069825396|35.01710382322216|31.534921149688216|33.724345460585255|-0.742431640625|0.532470703125|-0.3330078125|-1.220703125|2.227783203125|-0.030517578125|-0.7051816239316239|39.49017094017094|-40.42494658119658
2026-01-29 04:24:30.324082+00:00|31.53883001134801|34.69212436828161|35.0091706942755|31.527103560208275|33.68493916262304|-0.73876953125|0.53466796875|-0.34228515625|-1.373291015625|2.44140625|-0.030517578125|-1.0577724358974359|38.07980769230769|-40.42494658119658
2026-01-29 04:24:30.383116+00:00|31.53883001134801|34.70400393407715|35.013137215589666|31.531012332656985|33.68493916262304|-0.74169921875|0.535888671875|-0.337890625|-1.03759765625|2.44140625|0.1220703125|-0.5288862179487179|37.90351228632478|-41.953621031746025
2026-01-29 04:24:30.442152+00:00|31.542738917682755|34.70004399633285|35.01710382322216|31.5544659051979|33.68887947566418|-0.737548828125|0.53173828125|-0.34033203125|-1.40380859375|2.3193359375|-0.1220703125|-1.4103632478632477|38.4323985042735|-40.08524114774115
2026-01-29 04:24:30.501248+00:00|31.54664786873849|34.70796395436486|35.02107051722169|31.550556864561486|33.68887947566418|-0.740478515625|0.5322265625|-0.342041015625|-1.129150390625|2.288818359375|0.152587890625|-0.17629540598290597|38.256103098290595|-40.93450473137973
2026-01-29 04:24:30.560290+00:00|31.550556864561486|34.71588424276371|35.02107051722169|31.550556864561486|33.68493916262304|-0.737060546875|0.53759765625|-0.338623046875|-1.28173828125|2.25830078125|0.152587890625|-0.35259081196581193|39.49017094017094|-40.42494658119658
2026-01-29 04:24:30.619366+00:00|31.542738917682755|34.71588424276371|35.01710382322216|31.5544659051979|33.71252283110658|-0.73876953125|0.53759765625|-0.33740234375|-1.434326171875|2.50244140625|0.030517578125|-1.0577724358974359|40.19535256410256|-40.764652014652015
2026-01-29 04:24:30.678397+00:00|31.542738917682755|34.71588424276371|35.013137215589666|31.56228412109607|33.716463636988465|-0.73974609375|0.537109375|-0.34619140625|-1.190185546875|2.50244140625|0.091552734375|-0.8814770299145299|38.608693910256406|-40.93450473137973
2026-01-29 04:24:30.737489+00:00|31.550556864561486|34.711924057244346|35.005204259231505|31.550556864561486|33.716463636988465|-0.740234375|0.5361328125|-0.3388671875|-1.007080078125|2.044677734375|0.0|-1.234067841880342|38.256103098290595|-41.613915598290596
2026-01-29 04:24:30.796540+00:00|31.5544659051979|34.73172581220581|35.01710382322216|31.558374990694062|33.71252283110658|-0.7412109375|0.537841796875|-0.33984375|-0.9765625|2.38037109375|0.030517578125|-0.7051816239316239|38.4323985042735|-41.10435744810745
2026-01-29 04:24:30.855540+00:00|31.56228412109607|34.73172581220581|35.02107051722169|31.56619329645008|33.69676031258484|-0.738525390625|0.537109375|-0.346923828125|-1.15966796875|2.593994140625|-0.030517578125|-2.2918402777777778|38.256103098290595|-41.27421016483516
2026-01-29 04:24:30.914619+00:00|31.56228412109607|34.74360785937154|35.02107051722169|31.56619329645008|33.724345460585255|-0.736328125|0.532958984375|-0.33251953125|-1.251220703125|2.166748046875|0.091552734375|-1.0577724358974359|38.78498931623931|-41.44406288156288
2026-01-29 04:24:30.973619+00:00|31.558374990694062|34.735686411648715|35.02503729763691|31.558374990694062|33.72040451346555|-0.740478515625|0.53857421875|-0.341552734375|-1.52587890625|2.50244140625|0.3662109375|-0.8814770299145299|39.66646634615385|-42.29332646520146
2026-01-29 04:24:31.032633+00:00|31.56228412109607|34.73964709402128|35.01710382322216|31.574011782199193|33.70858209577267|-0.745849609375|0.536376953125|-0.3447265625|-1.129150390625|2.227783203125|-0.1220703125|-1.4103632478632477|39.13758012820512|-40.764652014652015
2026-01-29 04:24:31.091673+00:00|31.57010251680242|34.73964709402128|35.013137215589666|31.56228412109607|33.69676031258484|-0.736328125|0.53515625|-0.33642578125|-1.40380859375|2.288818359375|0.091552734375|-0.35259081196581193|37.72721688034188|-40.42494658119658
2026-01-29 04:24:31.150725+00:00|31.56619329645008|34.74360785937154|35.005204259231505|31.57010251680242|33.724345460585255|-0.739013671875|0.537109375|-0.34130859375|-1.434326171875|2.288818359375|0.091552734375|-1.9392494658119657|38.256103098290595|-40.5947992979243
2026-01-29 04:24:31.209618+00:00|31.57010251680242|34.759451751516224|35.0091706942755|31.574011782199193|33.704641430939375|-0.74169921875|0.53515625|-0.334228515625|-1.28173828125|2.01416015625|-0.152587890625|-1.4103632478632477|36.669444444444444|-42.80288461538461
2026-01-29 04:24:31.268430+00:00|31.57792109268661|34.76341293247975|35.02107051722169|31.585739849118397|33.71252283110658|-0.737548828125|0.533935546875|-0.33544921875|-1.03759765625|2.349853515625|0.244140625|-2.8207264957264955|38.4323985042735|-41.783768315018314
2026-01-29 04:24:31.327302+00:00|31.58964929515514|34.76341293247975|35.01710382322216|31.58964929515514|33.72040451346555|-0.7353515625|0.53076171875|-0.3408203125|-1.03759765625|2.3193359375|0.0|-1.9392494658119657|40.01905715811966|-40.5947992979243
2026-01-29 04:24:31.386101+00:00|31.58183044831094|34.76737419671082|35.02107051722169|31.593558786467383|33.74010995643886|-0.73974609375|0.5380859375|-0.333740234375|-1.15966796875|2.50244140625|0.0|0.17629540598290597|38.608693910256406|-40.5947992979243
2026-01-29 04:24:31.445521+00:00|31.585739849118397|34.76737419671082|35.01710382322216|31.585739849118397|33.716463636988465|-0.74169921875|0.533935546875|-0.340087890625|-1.251220703125|2.410888671875|0.06103515625|-1.234067841880342|38.608693910256406|-40.93450473137973
2026-01-29 04:24:31.504434+00:00|31.58183044831094|34.759451751516224|35.013137215589666|31.58964929515514|33.744051257482795|-0.74169921875|0.5380859375|-0.338623046875|-1.007080078125|2.288818359375|0.091552734375|-0.7051816239316239|37.72721688034188|-40.42494658119658
2026-01-29 04:24:31.563335+00:00|31.593558786467383|34.771335544257795|35.0091706942755|31.593558786467383|33.72040451346555|-0.739501953125|0.537109375|-0.33984375|-1.52587890625|2.38037109375|-0.1220703125|-2.2918402777777778|37.90351228632478|-40.5947992979243
2026-01-29 04:24:31.622176+00:00|31.597468323101396|34.77925848949229|35.013137215589666|31.593558786467383|33.728286478395034|-0.739990234375|0.539306640625|-0.335693359375|-1.190185546875|2.410888671875|-0.030517578125|-1.5866586538461538|37.55092147435897|-40.5947992979243
2026-01-29 04:24:31.681092+00:00|31.593558786467383|34.78718176856995|35.029004164516266|31.605287532519526|33.73616872627446|-0.73779296875|0.5390625|-0.339111328125|-1.007080078125|2.349853515625|0.244140625|-1.9392494658119657|38.608693910256406|-40.5947992979243
2026-01-29 04:24:31.740095+00:00|31.609197205395958|34.79114353342078|35.01710382322216|31.617016687715022|33.72040451346555|-0.73583984375|0.538818359375|-0.340087890625|-1.312255859375|2.3193359375|0.091552734375|-2.1155448717948717|38.4323985042735|-41.10435744810745
2026-01-29 04:24:31.798523+00:00|31.609197205395958|34.799067313987905|35.013137215589666|31.613106923779128|33.732227566942356|-0.73974609375|0.53369140625|-0.3388671875|-1.28173828125|2.38037109375|0.06103515625|-1.9392494658119657|38.256103098290595|-39.915388431013426
2026-01-29 04:24:31.857376+00:00|31.60137790510339|34.783220087276675|35.01710382322216|31.62483635243035|33.704641430939375|-0.736572265625|0.53369140625|-0.3408203125|-1.190185546875|2.3193359375|0.091552734375|-0.7051816239316239|39.13758012820512|-40.764652014652015
2026-01-29 04:24:31.916183+00:00|31.609197205395958|34.799067313987905|35.013137215589666|31.605287532519526|33.732227566942356|-0.736083984375|0.53662109375|-0.34375|-1.28173828125|2.593994140625|-0.06103515625|-1.9392494658119657|38.256103098290595|-40.93450473137973
2026-01-29 04:24:31.974991+00:00|31.620926497250082|34.81095361272759|35.013137215589666|31.613106923779128|33.732227566942356|-0.7412109375|0.5361328125|-0.3388671875|-1.0986328125|2.38037109375|0.244140625|-1.4103632478632477|38.78498931623931|-41.783768315018314
2026-01-29 04:24:32.033857+00:00|31.62483635243035|34.81095361272759|35.02503729763691|31.62483635243035|33.728286478395034|-0.73583984375|0.53369140625|-0.34130859375|-1.220703125|2.471923828125|-0.06103515625|-1.4103632478632477|38.78498931623931|-40.08524114774115
2026-01-29 04:24:32.092767+00:00|31.620926497250082|34.81491587993793|35.02503729763691|31.636566192304883|33.732227566942356|-0.73779296875|0.536865234375|-0.345947265625|-1.434326171875|2.38037109375|-0.1220703125|-1.5866586538461538|37.19833066239316|-40.5947992979243
2026-01-29 04:24:32.151543+00:00|31.628746253301983|34.81887823104398|35.02107051722169|31.62483635243035|33.74010995643886|-0.7392578125|0.533935546875|-0.336669921875|-1.5869140625|2.288818359375|-0.18310546875|-2.1155448717948717|39.49017094017094|-41.10435744810745
2026-01-29 04:24:32.210523+00:00|31.62483635243035|34.81887823104398|35.02107051722169|31.636566192304883|33.728286478395034|-0.74462890625|0.53369140625|-0.34033203125|-1.220703125|2.44140625|0.1220703125|-1.234067841880342|39.66646634615385|-41.613915598290596
2026-01-29 04:24:32.269466+00:00|31.628746253301983|34.82680318513695|35.0091706942755|31.636566192304883|33.744051257482795|-0.73779296875|0.533203125|-0.33642578125|-1.434326171875|2.532958984375|0.152587890625|-1.7629540598290598|38.07980769230769|-41.10435744810745
2026-01-29 04:24:32.328590+00:00|31.644386314628434|34.83869124670389|35.0091706942755|31.63265619991148|33.744051257482795|-0.745361328125|0.537109375|-0.339599609375|-1.220703125|2.288818359375|0.1220703125|-0.8814770299145299|37.55092147435897|-40.93450473137973
2026-01-29 04:24:32.387412+00:00|31.644386314628434|34.83076578822056|35.01710382322216|31.640476230528577|33.73616872627446|-0.735595703125|0.532958984375|-0.34326171875|-1.190185546875|2.25830078125|-0.213623046875|-2.2918402777777778|38.96128472222222|-41.27421016483516
2026-01-29 04:24:32.446339+00:00|31.648296444651123|34.8426541022003|35.02107051722169|31.65220662064263|33.732227566942356|-0.7392578125|0.541259765625|-0.342041015625|-1.434326171875|2.38037109375|0.06103515625|-0.5288862179487179|39.313875534188035|-40.93450473137973
2026-01-29 04:24:32.505310+00:00|31.65220662064263|34.8426541022003|35.01710382322216|31.65611684264917|33.732227566942356|-0.7373046875|0.537841796875|-0.33984375|-1.0986328125|2.197265625|0.0|-1.0577724358974359|39.49017094017094|-41.783768315018314
2026-01-29 04:24:32.564085+00:00|31.644386314628434|34.85058006594471|35.02107051722169|31.65611684264917|33.724345460585255|-0.738525390625|0.5341796875|-0.341064453125|-1.251220703125|2.44140625|0.0|-1.234067841880342|38.96128472222222|-41.613915598290596
2026-01-29 04:24:32.623824+00:00|31.65220662064263|34.846617041931154|35.013137215589666|31.660027110717124|33.759817171402744|-0.73974609375|0.534912109375|-0.343017578125|-1.28173828125|2.166748046875|0.213623046875|-0.17629540598290597|38.608693910256406|-39.57568299755799
2026-01-29 04:24:32.682694+00:00|31.65220662064263|34.846617041931154|35.0091706942755|31.667847785221852|33.73616872627446|-0.7353515625|0.53515625|-0.3359375|-1.312255859375|2.349853515625|-0.152587890625|-1.7629540598290598|37.37462606837607|-41.10435744810745
2026-01-29 04:24:32.741583+00:00|31.663937424892595|34.85850636701355|35.0091706942755|31.667847785221852|33.728286478395034|-0.7373046875|0.532958984375|-0.339599609375|-1.007080078125|2.50244140625|0.06103515625|-0.35259081196581193|38.78498931623931|-42.463179181929185
2026-01-29 04:24:32.800926+00:00|31.671758191751223|34.87039645194727|35.02107051722169|31.663937424892595|33.716463636988465|-0.734619140625|0.532958984375|-0.342529296875|-1.28173828125|2.532958984375|-0.06103515625|-1.5866586538461538|38.96128472222222|-40.5947992979243
2026-01-29 04:24:32.859926+00:00|31.667847785221852|34.86643300579408|35.01710382322216|31.671758191751223|33.73616872627446|-0.73583984375|0.53515625|-0.33203125|-0.9765625|2.197265625|-0.1220703125|-0.5288862179487179|38.608693910256406|-41.27421016483516
2026-01-29 04:24:32.918871+00:00|31.663937424892595|34.87435998267358|35.02503729763691|31.67957914359505|33.759817171402744|-0.73974609375|0.532470703125|-0.339111328125|-0.946044921875|2.50244140625|0.213623046875|-1.4103632478632477|39.49017094017094|-41.44406288156288
2026-01-29 04:24:32.977986+00:00|31.671758191751223|34.87832359802138|35.02107051722169|31.687400280793895|33.74010995643886|-0.739501953125|0.533203125|-0.33203125|-1.40380859375|2.227783203125|-0.06103515625|-2.64443108974359|38.608693910256406|-40.93450473137973
2026-01-29 04:24:33.036899+00:00|31.667847785221852|34.87435998267358|35.02107051722169|31.687400280793895|33.75587558636636|-0.740234375|0.537353515625|-0.3408203125|-1.007080078125|2.471923828125|-0.06103515625|-0.8814770299145299|38.256103098290595|-40.5947992979243
2026-01-29 04:24:33.095798+00:00|31.675668644526922|34.87435998267358|35.00123791040892|31.687400280793895|33.75587558636636|-0.7392578125|0.5380859375|-0.341064453125|-1.434326171875|2.471923828125|0.06103515625|-0.8814770299145299|39.313875534188035|-41.27421016483516
2026-01-29 04:24:33.154893+00:00|31.6913109190171|34.886251082775345|35.013137215589666|31.67957914359505|33.744051257482795|-0.740966796875|0.53759765625|-0.3427734375|-1.0986328125|2.5634765625|0.06103515625|-1.0577724358974359|38.07980769230769|-40.08524114774115
2026-01-29 04:24:33.213739+00:00|31.695221603717812|34.89814294577832|35.029004164516266|31.687400280793895|33.74010995643886|-0.739501953125|0.537109375|-0.341552734375|-1.220703125|2.3193359375|-0.1220703125|-2.1155448717948717|38.4323985042735|-41.783768315018314
2026-01-29 04:24:33.272729+00:00|31.695221603717812|34.89814294577832|35.02503729763691|31.703043112736793|33.75193407239914|-0.73974609375|0.5361328125|-0.335205078125|-1.190185546875|2.50244140625|-0.06103515625|-1.7629540598290598|38.78498931623931|-40.08524114774115
2026-01-29 04:24:33.331529+00:00|31.695221603717812|34.90210706987227|35.02107051722169|31.695221603717812|33.77164235340149|-0.736083984375|0.531982421875|-0.34033203125|-1.3427734375|2.410888671875|-0.091552734375|0.0|38.07980769230769|-40.764652014652015
2026-01-29 04:24:33.390504+00:00|31.699132334942306|34.91003557299018|35.02503729763691|31.70695393714749|33.75587558636636|-0.737060546875|0.531494140625|-0.3408203125|-1.068115234375|2.166748046875|0.06103515625|-1.5866586538461538|39.66646634615385|-40.5947992979243
2026-01-29 04:24:33.449590+00:00|31.6913109190171|34.90607127892662|35.02503729763691|31.71086480822072|33.76770055487299|-0.740966796875|0.53125|-0.337646484375|-0.885009765625|2.197265625|0.0|-0.7051816239316239|38.4323985042735|-40.764652014652015
2026-01-29 04:24:33.508740+00:00|31.703043112736793|34.90210706987227|35.01710382322216|31.71868669053964|33.759817171402744|-0.7373046875|0.54150390625|-0.3369140625|-1.46484375|2.25830078125|0.030517578125|-0.8814770299145299|38.608693910256406|-41.613915598290596
2026-01-29 04:24:33.567809+00:00|31.71086480822072|34.917964416337725|35.013137215589666|31.703043112736793|33.732227566942356|-0.741455078125|0.53466796875|-0.3427734375|-1.129150390625|2.410888671875|-0.091552734375|-0.5288862179487179|38.608693910256406|-42.29332646520146
2026-01-29 04:24:33.627324+00:00|31.7147757260027|34.917964416337725|35.02503729763691|31.70695393714749|33.75193407239914|-0.737548828125|0.53515625|-0.339111328125|-1.434326171875|2.5634765625|0.091552734375|-0.8814770299145299|37.90351228632478|-39.57568299755799
2026-01-29 04:24:33.686193+00:00|31.71868669053964|34.92192896571885|35.02107051722169|31.72259770187793|33.759817171402744|-0.744384765625|0.534423828125|-0.34423828125|-1.3427734375|2.410888671875|-0.06103515625|-1.234067841880342|38.608693910256406|-41.27421016483516
2026-01-29 04:24:33.745254+00:00|31.72259770187793|34.92985832013784|35.02503729763691|31.71868669053964|33.76375882755576|-0.739990234375|0.536865234375|-0.333740234375|-0.9765625|2.25830078125|0.213623046875|-1.0577724358974359|39.49017094017094|-41.44406288156288
2026-01-29 04:24:33.804156+00:00|31.7147757260027|34.92985832013784|35.01710382322216|31.726508760063837|33.78741026057895|-0.7373046875|0.5302734375|-0.336669921875|-1.251220703125|2.410888671875|0.030517578125|-0.7051816239316239|38.07980769230769|-40.764652014652015
2026-01-29 04:24:33.863312+00:00|31.71868669053964|34.92192896571885|35.02503729763691|31.73041986514329|33.77558422318896|-0.738037109375|0.535888671875|-0.342529296875|-1.373291015625|2.25830078125|-0.1220703125|-1.7629540598290598|38.07980769230769|-40.764652014652015
2026-01-29 04:24:33.922313+00:00|31.72259770187793|34.92985832013784|35.013137215589666|31.73041986514329|33.76770055487299|-0.737060546875|0.533203125|-0.337646484375|-1.03759765625|2.44140625|0.244140625|-1.234067841880342|37.19833066239316|-40.93450473137973
2026-01-29 04:24:33.981332+00:00|31.73433101716296|34.9417529916355|35.013137215589666|31.726508760063837|33.75193407239914|-0.739501953125|0.531494140625|-0.343994140625|-1.3427734375|2.593994140625|-0.274658203125|-0.8814770299145299|38.256103098290595|-41.613915598290596
2026-01-29 04:24:34.040184+00:00|31.738242216168942|34.94571805296039|35.01710382322216|31.73041986514329|33.75193407239914|-0.7392578125|0.5380859375|-0.33984375|-1.46484375|2.38037109375|0.030517578125|-1.9392494658119657|39.313875534188035|-40.93450473137973
2026-01-29 04:24:34.099114+00:00|31.738242216168942|34.9417529916355|35.01710382322216|31.746064755324824|33.78741026057895|-0.738037109375|0.535400390625|-0.335693359375|-1.190185546875|2.13623046875|-0.18310546875|-0.8814770299145299|39.313875534188035|-41.613915598290596
2026-01-29 04:24:34.158792+00:00|31.742153462207398|34.95761375009084|35.029004164516266|31.742153462207398|33.77558422318896|-0.743896484375|0.5361328125|-0.338134765625|-1.0986328125|2.349853515625|0.091552734375|-1.234067841880342|38.608693910256406|-41.27421016483516
2026-01-29 04:24:34.218159+00:00|31.7538874829811|34.95364843213957|35.02107051722169|31.75779891761249|33.77164235340149|-0.74169921875|0.53955078125|-0.334716796875|-1.312255859375|2.410888671875|0.0|-1.0577724358974359|37.72721688034188|-40.42494658119658
2026-01-29 04:24:34.277391+00:00|31.738242216168942|34.96554464295923|35.029004164516266|31.749976095567263|33.75193407239914|-0.740478515625|0.534912109375|-0.34033203125|-1.0986328125|2.349853515625|-0.244140625|-0.17629540598290597|37.90351228632478|-41.27421016483516
2026-01-29 04:24:34.336457+00:00|31.742153462207398|34.95364843213957|35.02107051722169|31.761710399507876|33.76770055487299|-0.742919921875|0.532470703125|-0.33935546875|-1.312255859375|2.74658203125|0.06103515625|-1.234067841880342|37.90351228632478|-41.613915598290596
2026-01-29 04:24:34.395696+00:00|31.75779891761249|34.96554464295923|35.02107051722169|31.749976095567263|33.779526164282856|-0.736083984375|0.53662109375|-0.339111328125|-1.52587890625|2.471923828125|0.091552734375|-0.7051816239316239|38.4323985042735|-40.42494658119658
2026-01-29 04:24:34.455360+00:00|31.765621928713472|34.96951021797338|35.02503729763691|31.749976095567263|33.75587558636636|-0.73486328125|0.5380859375|-0.333251953125|-1.03759765625|2.38037109375|0.0|-2.64443108974359|38.608693910256406|-41.613915598290596
2026-01-29 04:24:34.514420+00:00|31.761710399507876|34.97744162540397|35.029004164516266|31.765621928713472|33.75587558636636|-0.74365234375|0.532958984375|-0.339599609375|-1.312255859375|2.44140625|0.0|-0.8814770299145299|38.96128472222222|-40.93450473137973
2026-01-29 04:24:34.573567+00:00|31.777356800653877|34.97744162540397|35.02107051722169|31.76953350527549|33.77164235340149|-0.73583984375|0.537353515625|-0.340576171875|-0.885009765625|2.38037109375|-0.06103515625|-0.8814770299145299|37.90351228632478|-40.93450473137973
2026-01-29 04:24:34.632727+00:00|31.7734451292402|34.985373376361395|35.029004164516266|31.7734451292402|33.79135241587613|-0.73876953125|0.533935546875|-0.339599609375|-1.434326171875|2.593994140625|0.0|-1.234067841880342|37.90351228632478|-40.25509386446887
2026-01-29 04:24:34.691464+00:00|31.7734451292402|34.993305471233555|35.029004164516266|31.781268519562957|33.779526164282856|-0.732421875|0.539306640625|-0.337158203125|-0.9765625|2.532958984375|-0.030517578125|-1.9392494658119657|38.256103098290595|-40.93450473137973
2026-01-29 04:24:34.750480+00:00|31.761710399507876|34.989339380783804|35.03297111790852|31.777356800653877|33.78346817673025|-0.7451171875|0.521728515625|-0.34375|-0.244140625|2.227783203125|0.030517578125|-2.1155448717948717|38.78498931623931|-39.74553571428571
2026-01-29 04:24:34.809223+00:00|31.76953350527549|34.989339380783804|35.02107051722169|31.785180286013542|33.779526164282856|-0.73779296875|0.530517578125|-0.343994140625|-2.01416015625|2.8076171875|-0.030517578125|-1.4103632478632477|38.4323985042735|-40.764652014652015
2026-01-29 04:24:34.868179+00:00|31.76953350527549|35.005204259231505|35.02107051722169|31.777356800653877|33.77164235340149|-0.73681640625|0.536865234375|-0.3388671875|-0.946044921875|2.410888671875|0.3662109375|0.17629540598290597|38.96128472222222|-40.5947992979243
2026-01-29 04:24:34.926683+00:00|31.785180286013542|35.0091706942755|35.03297111790852|31.78909210005196|33.795294642669376|-0.73876953125|0.5322265625|-0.345947265625|-1.0986328125|2.3193359375|-0.1220703125|-1.9392494658119657|39.313875534188035|-40.93450473137973
2026-01-29 04:24:34.985725+00:00|31.785180286013542|35.013137215589666|35.02503729763691|31.79691587107743|33.80317931093384|-0.738525390625|0.5400390625|-0.3427734375|-1.220703125|2.716064453125|0.152587890625|-0.8814770299145299|38.96128472222222|-39.915388431013426
2026-01-29 04:24:35.044915+00:00|31.79691587107743|35.013137215589666|35.03297111790852|31.800827828157026|33.795294642669376|-0.7373046875|0.53466796875|-0.340087890625|-1.220703125|2.288818359375|-0.30517578125|-2.1155448717948717|38.4323985042735|-42.12347374847374
2026-01-29 04:24:35.104038+00:00|31.78909210005196|35.02107051722169|35.029004164516266|31.793003961724423|33.78346817673025|-0.740478515625|0.53515625|-0.339111328125|-0.9765625|2.25830078125|-0.06103515625|-1.5866586538461538|37.55092147435897|-41.613915598290596
2026-01-29 04:24:35.163411+00:00|31.79691587107743|35.013137215589666|35.029004164516266|31.81256398621889|33.78346817673025|-0.737548828125|0.5380859375|-0.336669921875|-1.3427734375|2.777099609375|0.0|-0.5288862179487179|37.90351228632478|-41.27421016483516
2026-01-29 04:24:35.222467+00:00|31.793003961724423|35.013137215589666|35.02107051722169|31.800827828157026|33.811064265751554|-0.742431640625|0.535888671875|-0.333740234375|-1.251220703125|2.410888671875|-0.091552734375|-0.8814770299145299|39.313875534188035|-40.5947992979243
2026-01-29 04:24:35.281492+00:00|31.800827828157026|35.03297111790852|35.02107051722169|31.800827828157026|33.77558422318896|-0.7421875|0.538330078125|-0.335205078125|-1.068115234375|2.288818359375|0.091552734375|-1.234067841880342|39.313875534188035|-41.613915598290596
2026-01-29 04:24:35.340520+00:00|31.808651885681456|35.03297111790852|35.03297111790852|31.808651885681456|33.76770055487299|-0.741455078125|0.53564453125|-0.341064453125|-1.007080078125|2.38037109375|0.0|-0.8814770299145299|38.96128472222222|-41.27421016483516
2026-01-29 04:24:35.399628+00:00|31.808651885681456|35.04090528442549|35.029004164516266|31.816476134668108|33.80317931093384|-0.73828125|0.534423828125|-0.331787109375|-1.007080078125|2.532958984375|0.1220703125|-2.64443108974359|37.90351228632478|-41.27421016483516
2026-01-29 04:24:35.458236+00:00|31.82038833107555|35.04090528442549|35.03297111790852|31.82038833107555|33.79923694100614|-0.737060546875|0.5419921875|-0.332763671875|-1.068115234375|2.38037109375|-0.213623046875|-1.4103632478632477|38.07980769230769|-40.764652014652015
2026-01-29 04:24:35.517228+00:00|31.808651885681456|35.044872497647475|35.029004164516266|31.824300575487314|33.811064265751554|-0.739013671875|0.531494140625|-0.339111328125|-1.220703125|2.50244140625|-0.030517578125|-1.4103632478632477|38.78498931623931|-40.42494658119658
2026-01-29 04:24:35.576259+00:00|31.808651885681456|35.036938157862096|35.029004164516266|31.824300575487314|33.795294642669376|-0.741943359375|0.541015625|-0.337890625|-1.220703125|2.532958984375|-0.091552734375|-2.468135683760684|39.13758012820512|-40.08524114774115
2026-01-29 04:24:35.635302+00:00|31.82038833107555|35.036938157862096|35.02107051722169|31.82038833107555|33.80317931093384|-0.73486328125|0.536376953125|-0.34326171875|-1.52587890625|2.50244140625|0.06103515625|-0.8814770299145299|37.55092147435897|-41.613915598290596
2026-01-29 04:24:35.694275+00:00|31.816476134668108|35.05677465775034|35.02503729763691|31.824300575487314|33.78346817673025|-0.740478515625|0.5322265625|-0.33837890625|-1.0986328125|2.25830078125|0.091552734375|-1.234067841880342|38.96128472222222|-40.5947992979243
2026-01-29 04:24:35.753359+00:00|31.83212520850941|35.06074221809223|35.029004164516266|31.836037597212226|33.79135241587613|-0.740234375|0.536376953125|-0.3369140625|-1.068115234375|2.227783203125|0.030517578125|-1.4103632478632477|38.07980769230769|-41.10435744810745
2026-01-29 04:24:35.812328+00:00|31.836037597212226|35.05677465775034|35.029004164516266|31.836037597212226|33.80317931093384|-0.740234375|0.539306640625|-0.337158203125|-1.068115234375|2.0751953125|0.0|-1.234067841880342|38.256103098290595|-40.5947992979243
2026-01-29 04:24:35.871426+00:00|31.828212867949844|35.072645420721415|35.029004164516266|31.83212520850941|33.81500685073661|-0.736572265625|0.53076171875|-0.342529296875|-1.0986328125|2.349853515625|0.030517578125|-1.234067841880342|37.90351228632478|-40.5947992979243
2026-01-29 04:24:35.930848+00:00|31.83212520850941|35.072645420721415|35.029004164516266|31.843862519233028|33.80712175249977|-0.737060546875|0.535400390625|-0.33935546875|-1.40380859375|2.532958984375|-0.244140625|-1.4103632478632477|40.19535256410256|-40.764652014652015
2026-01-29 04:24:35.989890+00:00|31.83212520850941|35.06470986533566|35.03297111790852|31.847775052643613|33.79135241587613|-0.738525390625|0.535400390625|-0.33837890625|-1.46484375|2.44140625|0.06103515625|-2.8207264957264955|37.37462606837607|-41.44406288156288
2026-01-29 04:24:36.048931+00:00|31.839950034104675|35.06867759952917|35.02107051722169|31.8516876343827|33.79923694100614|-0.736328125|0.537109375|-0.331787109375|-1.190185546875|2.50244140625|-0.396728515625|-0.8814770299145299|37.90351228632478|-42.29332646520146
2026-01-29 04:24:36.107411+00:00|31.843862519233028|35.07661332896089|35.02503729763691|31.836037597212226|33.80317931093384|-0.7392578125|0.537841796875|-0.3369140625|-1.40380859375|2.227783203125|0.1220703125|-2.8207264957264955|37.72721688034188|-41.10435744810745
2026-01-29 04:24:36.166478+00:00|31.843862519233028|35.088517576449874|35.036938157862096|31.859512943031632|33.79923694100614|-0.73681640625|0.535400390625|-0.337646484375|-1.129150390625|2.532958984375|0.274658203125|-1.5866586538461538|38.256103098290595|-39.915388431013426
2026-01-29 04:24:36.225422+00:00|31.8516876343827|35.084549406776546|35.029004164516266|31.867338445550274|33.834720853321244|-0.740478515625|0.5400390625|-0.34619140625|-1.03759765625|2.471923828125|-0.1220703125|-0.8814770299145299|38.256103098290595|-40.25509386446887
2026-01-29 04:24:36.284495+00:00|31.863425670034076|35.09645417757059|35.029004164516266|31.859512943031632|33.79923694100614|-0.7421875|0.536865234375|-0.34033203125|-1.5869140625|2.349853515625|-0.152587890625|-1.4103632478632477|39.13758012820512|-41.783768315018314
2026-01-29 04:24:36.343396+00:00|31.855600264496616|35.084549406776546|35.029004164516266|31.867338445550274|33.80317931093384|-0.735595703125|0.53076171875|-0.33349609375|-1.40380859375|2.44140625|-0.18310546875|-1.234067841880342|37.55092147435897|-40.5947992979243
2026-01-29 04:24:36.402407+00:00|31.855600264496616|35.084549406776546|35.029004164516266|31.871251269626555|33.811064265751554|-0.7353515625|0.532958984375|-0.342529296875|-1.129150390625|2.50244140625|0.091552734375|-1.9392494658119657|38.256103098290595|-41.27421016483516
2026-01-29 04:24:36.461352+00:00|31.87516414230919|35.092485833365004|35.02503729763691|31.867338445550274|33.81500685073661|-0.735595703125|0.532958984375|-0.3369140625|-1.28173828125|2.50244140625|0.18310546875|-2.8207264957264955|39.13758012820512|-42.12347374847374
2026-01-29 04:24:36.520170+00:00|31.879077063644445|35.10439112804795|35.03297111790852|31.871251269626555|33.80317931093384|-0.738037109375|0.53662109375|-0.3466796875|-1.434326171875|2.38037109375|0.152587890625|0.0|38.07980769230769|-41.783768315018314
2026-01-29 04:24:36.578981+00:00|31.87516414230919|35.112328428270814|35.03297111790852|31.88299003367888|33.811064265751554|-0.738525390625|0.53515625|-0.333740234375|-1.220703125|2.410888671875|0.1220703125|-3.1733173076923076|38.4323985042735|-40.764652014652015
2026-01-29 04:24:36.637837+00:00|31.871251269626555|35.112328428270814|35.036938157862096|31.886903052458422|33.83077790895811|-0.739013671875|0.539306640625|-0.336669921875|-1.0986328125|2.44140625|0.091552734375|-0.17629540598290597|37.55092147435897|-40.93450473137973
2026-01-29 04:24:36.696685+00:00|31.879077063644445|35.112328428270814|35.029004164516266|31.88299003367888|33.82683503656557|-0.737060546875|0.538818359375|-0.3388671875|-1.251220703125|2.3193359375|0.0|-2.468135683760684|39.13758012820512|-42.463179181929185
2026-01-29 04:24:36.755380+00:00|31.879077063644445|35.112328428270814|35.036938157862096|31.88299003367888|33.822892236096095|-0.738037109375|0.5341796875|-0.3349609375|-1.434326171875|2.532958984375|-0.1220703125|-0.17629540598290597|37.55092147435897|-40.5947992979243
2026-01-29 04:24:36.814201+00:00|31.88299003367888|35.112328428270814|35.029004164516266|31.886903052458422|33.82683503656557|-0.73583984375|0.540283203125|-0.33935546875|-1.251220703125|2.5634765625|0.0|-1.0577724358974359|38.78498931623931|-41.10435744810745
2026-01-29 04:24:36.873088+00:00|31.894729236438877|35.12820407951102|35.029004164516266|31.886903052458422|33.79923694100614|-0.73486328125|0.538818359375|-0.33447265625|-1.28173828125|2.3193359375|-0.091552734375|-0.8814770299145299|37.55092147435897|-39.915388431013426
2026-01-29 04:24:36.932079+00:00|31.90255561595643|35.14011173891913|35.04090528442549|31.910382191381643|33.81500685073661|-0.74169921875|0.536865234375|-0.345947265625|-1.220703125|2.166748046875|-0.1220703125|-1.7629540598290598|39.13758012820512|-42.463179181929185
2026-01-29 04:24:36.990763+00:00|31.90255561595643|35.13217321152041|35.036938157862096|31.910382191381643|33.81500685073661|-0.735107421875|0.536865234375|-0.33642578125|-1.46484375|2.227783203125|0.030517578125|-0.8814770299145299|38.256103098290595|-41.27421016483516
2026-01-29 04:24:37.049631+00:00|31.90255561595643|35.13614243130684|35.03297111790852|31.90255561595643|33.818949507502225|-0.738037109375|0.53271484375|-0.3388671875|-1.312255859375|2.5634765625|0.30517578125|-1.4103632478632477|39.84276175213675|-41.783768315018314
2026-01-29 04:24:37.108412+00:00|31.89864240173233|35.124235035230015|35.036938157862096|31.90255561595643|33.82683503656557|-0.739990234375|0.53369140625|-0.34375|-1.40380859375|2.471923828125|0.213623046875|-1.0577724358974359|38.07980769230769|-40.764652014652015
2026-01-29 04:24:37.167419+00:00|31.90255561595643|35.12820407951102|35.029004164516266|31.906468879157387|33.83077790895811|-0.74072265625|0.535888671875|-0.3447265625|-1.3427734375|2.349853515625|0.030517578125|-0.35259081196581193|38.07980769230769|-41.10435744810745
2026-01-29 04:24:37.226299+00:00|31.914295552675412|35.1480506178159|35.03297111790852|31.906468879157387|33.818949507502225|-0.73974609375|0.5361328125|-0.33740234375|-1.190185546875|2.471923828125|0.0|-2.1155448717948717|37.37462606837607|-40.08524114774115
2026-01-29 04:24:37.285382+00:00|31.91820896308502|35.152020189197685|35.044872497647475|31.914295552675412|33.82683503656557|-0.738037109375|0.539794921875|-0.344482421875|-1.15966796875|2.38037109375|0.1220703125|-0.8814770299145299|37.55092147435897|-40.5947992979243
2026-01-29 04:24:37.344815+00:00|31.92212242265697|35.1480506178159|35.036938157862096|31.926035931437525|33.82683503656557|-0.73828125|0.534912109375|-0.339111328125|-1.0986328125|2.3193359375|0.06103515625|-1.234067841880342|38.256103098290595|-41.613915598290596
2026-01-29 04:24:37.403900+00:00|31.929949489472847|35.155989848600086|35.036938157862096|31.929949489472847|33.846550118708365|-0.7431640625|0.53515625|-0.343505859375|-1.28173828125|2.50244140625|0.0|-0.7051816239316239|39.13758012820512|-41.44406288156288
2026-01-29 04:24:37.463318+00:00|31.929949489472847|35.15995959607176|35.036938157862096|31.933863096809432|33.818949507502225|-0.736328125|0.536376953125|-0.3466796875|-1.220703125|2.349853515625|-0.06103515625|-0.7051816239316239|37.72721688034188|-40.08524114774115
2026-01-29 04:24:37.522234+00:00|31.933863096809432|35.15995959607176|35.044872497647475|31.941690459571646|33.834720853321244|-0.740966796875|0.53857421875|-0.344482421875|-1.068115234375|2.349853515625|0.06103515625|-1.234067841880342|38.256103098290595|-41.27421016483516
2026-01-29 04:24:37.581087+00:00|31.929949489472847|35.155989848600086|35.029004164516266|31.941690459571646|33.846550118708365|-0.7421875|0.53369140625|-0.33251953125|-1.190185546875|2.593994140625|-0.06103515625|-1.9392494658119657|38.256103098290595|-40.93450473137973
2026-01-29 04:24:37.639921+00:00|31.941690459571646|35.155989848600086|35.03297111790852|31.93777675349361|33.834720853321244|-0.736083984375|0.534423828125|-0.340087890625|-1.40380859375|2.74658203125|-0.06103515625|-1.0577724358974359|39.13758012820512|-41.44406288156288
2026-01-29 04:24:37.698743+00:00|31.93777675349361|35.167899355417774|35.044872497647475|31.941690459571646|33.838663869702316|-0.7412109375|0.535400390625|-0.34375|-1.129150390625|2.410888671875|0.06103515625|-1.4103632478632477|38.78498931623931|-39.40583028083028
2026-01-29 04:24:37.757730+00:00|31.945604215090043|35.17186936738955|35.036938157862096|31.957345778749755|33.83077790895811|-0.73974609375|0.532958984375|-0.33642578125|-1.15966796875|2.50244140625|-0.1220703125|-0.35259081196581193|39.13758012820512|-40.42494658119658
2026-01-29 04:24:37.816846+00:00|31.9495180200949|35.17186936738955|35.044872497647475|31.9495180200949|33.846550118708365|-0.742919921875|0.536376953125|-0.3408203125|-1.251220703125|2.44140625|-0.091552734375|-0.8814770299145299|38.256103098290595|-42.97273733211233
2026-01-29 04:24:37.875794+00:00|31.945604215090043|35.17186936738955|35.04090528442549|31.965173735907285|33.834720853321244|-0.734375|0.538818359375|-0.340087890625|-1.28173828125|2.349853515625|0.06103515625|-1.7629540598290598|38.4323985042735|-41.10435744810745
2026-01-29 04:24:37.935309+00:00|31.941690459571646|35.163929431661415|35.04090528442549|31.957345778749755|33.862323483025705|-0.741943359375|0.536376953125|-0.3408203125|-1.190185546875|2.044677734375|0.091552734375|-1.9392494658119657|37.90351228632478|-40.93450473137973
2026-01-29 04:24:37.994200+00:00|31.945604215090043|35.167899355417774|35.036938157862096|31.97300189193794|33.834720853321244|-0.74169921875|0.535400390625|-0.336669921875|-1.434326171875|2.50244140625|0.06103515625|-2.468135683760684|38.07980769230769|-41.44406288156288
2026-01-29 04:24:38.053098+00:00|31.957345778749755|35.17583946762545|35.029004164516266|31.965173735907285|33.834720853321244|-0.7392578125|0.536865234375|-0.340576171875|-1.495361328125|2.44140625|0.3662109375|-1.5866586538461538|39.313875534188035|-41.613915598290596
2026-01-29 04:24:38.112214+00:00|31.969087789040316|35.187750298405376|35.036938157862096|31.961259732492522|33.846550118708365|-0.74169921875|0.53466796875|-0.3408203125|-1.251220703125|2.3193359375|0.1220703125|-0.17629540598290597|39.313875534188035|-41.613915598290596
2026-01-29 04:24:38.171169+00:00|31.969087789040316|35.18377993308468|35.044872497647475|31.976916044646543|33.85838003353956|-0.73876953125|0.5380859375|-0.337646484375|-1.251220703125|2.227783203125|0.030517578125|-2.468135683760684|39.49017094017094|-41.44406288156288
2026-01-29 04:24:38.230067+00:00|31.976916044646543|35.17980965617426|35.044872497647475|31.976916044646543|33.862323483025705|-0.73486328125|0.5380859375|-0.3486328125|-1.312255859375|2.288818359375|-0.244140625|-1.0577724358974359|37.72721688034188|-40.42494658119658
2026-01-29 04:24:38.288815+00:00|31.97300189193794|35.19172075218523|35.044872497647475|31.98474449968245|33.862323483025705|-0.739013671875|0.533203125|-0.3466796875|-1.28173828125|2.44140625|-0.213623046875|-2.2918402777777778|39.313875534188035|-40.93450473137973
2026-01-29 04:24:38.347616+00:00|31.976916044646543|35.187750298405376|35.04090528442549|31.992573154518652|33.85443665635631|-0.741455078125|0.537353515625|-0.33984375|-1.220703125|2.25830078125|0.0|-0.5288862179487179|37.90351228632478|-40.25509386446887
2026-01-29 04:24:38.406530+00:00|31.98474449968245|35.17980965617426|35.03297111790852|31.980830247212623|33.84260695814885|-0.738037109375|0.529541015625|-0.3427734375|-1.5869140625|2.3193359375|0.244140625|-2.2918402777777778|37.55092147435897|-42.29332646520146
2026-01-29 04:24:38.465090+00:00|31.988658802102293|35.20363264476674|35.04090528442549|31.98474449968245|33.85049335142838|-0.7392578125|0.537109375|-0.336669921875|-1.556396484375|2.349853515625|0.48828125|-0.35259081196581193|39.13758012820512|-41.10435744810745
2026-01-29 04:24:38.524649+00:00|31.992573154518652|35.19966192531717|35.044872497647475|32.000402009526|33.85443665635631|-0.73974609375|0.537353515625|-0.33154296875|-1.007080078125|2.166748046875|0.1220703125|-1.7629540598290598|38.78498931623931|-40.42494658119658
2026-01-29 04:24:38.583542+00:00|32.000402009526|35.19966192531717|35.04090528442549|32.000402009526|33.870210599096595|-0.743896484375|0.53515625|-0.339599609375|-1.190185546875|2.5634765625|0.091552734375|-1.7629540598290598|37.72721688034188|-40.42494658119658
2026-01-29 04:24:38.642418+00:00|32.000402009526|35.20760345287039|35.048839797576534|32.008231065075506|33.87415426577638|-0.7421875|0.5380859375|-0.33935546875|-1.220703125|2.349853515625|0.091552734375|-1.4103632478632477|39.84276175213675|-40.08524114774115
2026-01-29 04:24:38.701307+00:00|31.992573154518652|35.19966192531717|35.048839797576534|32.008231065075506|33.862323483025705|-0.73388671875|0.53515625|-0.34130859375|-1.15966796875|2.13623046875|-0.1220703125|-1.7629540598290598|37.72721688034188|-40.42494658119658
2026-01-29 04:24:38.760083+00:00|32.000402009526|35.19966192531717|35.036938157862096|32.012145668169524|33.87415426577638|-0.738037109375|0.53515625|-0.337646484375|-1.89208984375|2.38037109375|-0.18310546875|-0.8814770299145299|37.90351228632478|-40.93450473137973
2026-01-29 04:24:38.818922+00:00|32.016060321538134|35.211574349676994|35.04090528442549|32.008231065075506|33.85443665635631|-0.741455078125|0.53173828125|-0.34228515625|-0.579833984375|2.25830078125|0.274658203125|-1.4103632478632477|38.78498931623931|-41.783768315018314
2026-01-29 04:24:38.878045+00:00|32.008231065075506|35.20760345287039|35.048839797576534|32.012145668169524|33.870210599096595|-0.7412109375|0.540283203125|-0.336669921875|-2.01416015625|2.410888671875|-0.213623046875|0.0|37.72721688034188|-41.10435744810745
2026-01-29 04:24:38.936836+00:00|32.016060321538134|35.211574349676994|35.048839797576534|32.019975025227666|33.87415426577638|-0.737060546875|0.538818359375|-0.340087890625|-0.946044921875|2.288818359375|-0.244140625|-2.1155448717948717|38.78498931623931|-41.10435744810745
2026-01-29 04:24:38.995905+00:00|32.02388977928467|35.211574349676994|35.05280718426127|32.02388977928467|33.882041816662024|-0.736328125|0.53271484375|-0.33837890625|-1.190185546875|2.44140625|0.18310546875|-1.5866586538461538|40.01905715811966|-41.27421016483516
2026-01-29 04:24:39.054742+00:00|32.016060321538134|35.21554533523516|35.048839797576534|32.02780458375531|33.87809800494898|-0.739013671875|0.537841796875|-0.3408203125|-1.28173828125|2.288818359375|0.06103515625|-1.0577724358974359|37.37462606837607|-41.783768315018314
2026-01-29 04:24:39.113593+00:00|32.012145668169524|35.20760345287039|35.048839797576534|32.039549300113606|33.87809800494898|-0.73876953125|0.540283203125|-0.33447265625|-1.373291015625|2.50244140625|-0.091552734375|-1.4103632478632477|38.07980769230769|-40.764652014652015
2026-01-29 04:24:39.172611+00:00|32.035634344123366|35.211574349676994|35.04090528442549|32.02780458375531|33.88598570096292|-0.741943359375|0.529541015625|-0.34521484375|-0.701904296875|2.471923828125|0.213623046875|-1.234067841880342|39.66646634615385|-41.27421016483516
2026-01-29 04:24:39.231880+00:00|32.039549300113606|35.21951640959378|35.048839797576534|32.035634344123366|33.87415426577638|-0.736328125|0.538818359375|-0.3359375|-1.28173828125|2.166748046875|0.213623046875|-1.5866586538461538|38.608693910256406|-40.5947992979243
2026-01-29 04:24:39.291329+00:00|32.03171943868614|35.223487572801446|35.05280718426127|32.047379363938035|33.870210599096595|-0.742919921875|0.533935546875|-0.337646484375|-1.220703125|2.105712890625|0.06103515625|0.0|38.78498931623931|-40.764652014652015
2026-01-29 04:24:39.349965+00:00|32.04346430670296|35.22745882490716|35.05280718426127|32.051294471865106|33.87415426577638|-0.741455078125|0.534912109375|-0.340087890625|-1.15966796875|2.593994140625|0.06103515625|-0.5288862179487179|37.90351228632478|-40.5947992979243
2026-01-29 04:24:39.408626+00:00|32.047379363938035|35.23143016595958|35.05280718426127|32.047379363938035|33.88598570096292|-0.739501953125|0.5380859375|-0.3447265625|-1.0986328125|2.0751953125|-0.213623046875|-0.35259081196581193|39.84276175213675|-40.42494658119658
2026-01-29 04:24:39.468087+00:00|32.039549300113606|35.235401596007534|35.05280718426127|32.051294471865106|33.86626700486215|-0.73876953125|0.531982421875|-0.335693359375|-1.52587890625|2.44140625|-0.18310546875|-0.17629540598290597|39.313875534188035|-40.93450473137973
2026-01-29 04:24:39.527093+00:00|32.04346430670296|35.223487572801446|35.048839797576534|32.06304010026224|33.88992965789919|-0.738525390625|0.543212890625|-0.329345703125|-1.129150390625|2.62451171875|0.213623046875|-2.8207264957264955|38.78498931623931|-41.44406288156288
2026-01-29 04:24:39.586289+00:00|32.047379363938035|35.223487572801446|35.04090528442549|32.0552096305305|33.882041816662024|-0.738525390625|0.53759765625|-0.333740234375|-1.28173828125|2.288818359375|0.18310546875|-0.35259081196581193|37.72721688034188|-40.08524114774115
2026-01-29 04:24:39.645418+00:00|32.05912483998077|35.235401596007534|35.048839797576534|32.051294471865106|33.862323483025705|-0.74365234375|0.53515625|-0.345458984375|-0.701904296875|2.227783203125|0.091552734375|-0.35259081196581193|37.72721688034188|-40.42494658119658
2026-01-29 04:24:39.704511+00:00|32.0552096305305|35.239373115099795|35.048839797576534|32.066955411421304|33.901761964995444|-0.73779296875|0.540283203125|-0.338134765625|-1.495361328125|2.471923828125|-0.1220703125|-1.9392494658119657|37.55092147435897|-41.27421016483516
2026-01-29 04:24:39.763830+00:00|32.05912483998077|35.24334472328519|35.05280718426127|32.07087077350428|33.88598570096292|-0.7373046875|0.540283203125|-0.343017578125|-1.800537109375|2.50244140625|-0.091552734375|0.0|38.07980769230769|-41.10435744810745
2026-01-29 04:24:39.822908+00:00|32.066955411421304|35.235401596007534|35.05677465775034|32.066955411421304|33.882041816662024|-0.73876953125|0.535400390625|-0.33251953125|-0.8544921875|2.227783203125|-0.091552734375|-0.35259081196581193|37.37462606837607|-41.10435744810745
2026-01-29 04:24:39.882185+00:00|32.066955411421304|35.24334472328519|35.05280718426127|32.0747861865575|33.90570621294847|-0.741455078125|0.535400390625|-0.34033203125|-1.190185546875|2.105712890625|-0.030517578125|-0.5288862179487179|38.256103098290595|-42.29332646520146
2026-01-29 04:24:39.941651+00:00|32.05912483998077|35.239373115099795|35.05280718426127|32.07087077350428|33.909650533774425|-0.738525390625|0.5322265625|-0.34423828125|-1.312255859375|2.25830078125|-0.18310546875|-1.234067841880342|38.608693910256406|-42.29332646520146
2026-01-29 04:24:40.000966+00:00|32.066955411421304|35.239373115099795|35.044872497647475|32.07870165062752|33.87415426577638|-0.741943359375|0.53466796875|-0.336181640625|-1.28173828125|2.471923828125|-0.30517578125|-1.4103632478632477|37.72721688034188|-41.44406288156288
2026-01-29 04:24:40.060310+00:00|32.0747861865575|35.23143016595958|35.04090528442549|32.07870165062752|33.89387368751841|-0.7392578125|0.535888671875|-0.34326171875|-1.03759765625|2.50244140625|0.335693359375|-2.64443108974359|38.96128472222222|-40.5947992979243
2026-01-29 04:24:40.119610+00:00|32.08261716576067|35.24334472328519|35.036938157862096|32.0747861865575|33.90570621294847|-0.731201171875|0.5341796875|-0.341064453125|-1.28173828125|2.532958984375|0.152587890625|-1.7629540598290598|37.37462606837607|-40.42494658119658
2026-01-29 04:24:40.178661+00:00|32.07870165062752|35.24731642061249|35.05677465775034|32.07870165062752|33.882041816662024|-0.7412109375|0.537353515625|-0.33642578125|-1.15966796875|2.349853515625|0.18310546875|-0.8814770299145299|39.313875534188035|-39.915388431013426
2026-01-29 04:24:40.237437+00:00|32.08653273200338|35.25526008288813|35.044872497647475|32.08653273200338|33.89781778986793|-0.7412109375|0.535400390625|-0.3427734375|-1.251220703125|2.471923828125|0.091552734375|-0.7051816239316239|39.49017094017094|-41.44406288156288
2026-01-29 04:24:40.296459+00:00|32.08653273200338|35.25526008288813|35.05677465775034|32.090448349401925|33.909650533774425|-0.73486328125|0.535888671875|-0.343505859375|-1.15966796875|2.25830078125|0.0|-1.4103632478632477|40.19535256410256|-40.08524114774115
2026-01-29 04:24:40.354963+00:00|32.07087077350428|35.26320410231705|35.05677465775034|32.09436401800292|33.89781778986793|-0.73828125|0.53369140625|-0.333251953125|-1.3427734375|2.410888671875|-0.091552734375|-1.0577724358974359|38.07980769230769|-41.783768315018314
2026-01-29 04:24:40.414013+00:00|32.08261716576067|35.25128820713053|35.05280718426127|32.102195508997454|33.909650533774425|-0.735595703125|0.536865234375|-0.3349609375|-1.007080078125|2.3193359375|-0.1220703125|-2.468135683760684|38.4323985042735|-40.764652014652015
2026-01-29 04:24:40.473214+00:00|32.09436401800292|35.25923204793406|35.048839797576534|32.090448349401925|33.90570621294847|-0.738525390625|0.53759765625|-0.34521484375|-1.068115234375|2.3193359375|0.244140625|-2.468135683760684|37.72721688034188|-40.764652014652015
2026-01-29 04:24:40.532208+00:00|32.102195508997454|35.27114847928999|35.05280718426127|32.08653273200338|33.90570621294847|-0.740234375|0.537109375|-0.345458984375|-1.15966796875|2.50244140625|0.18310546875|-1.5866586538461538|38.96128472222222|-39.915388431013426
2026-01-29 04:24:40.591275+00:00|32.09827973785269|35.26717624608608|35.05677465775034|32.102195508997454|33.89387368751841|-0.74365234375|0.535888671875|-0.336181640625|-1.434326171875|2.349853515625|-0.1220703125|-1.7629540598290598|38.4323985042735|-41.783768315018314
2026-01-29 04:24:40.650453+00:00|32.10611133148387|35.275120801977664|35.05677465775034|32.11002720535822|33.901761964995444|-0.73828125|0.537109375|-0.338134765625|-1.77001953125|2.44140625|-0.030517578125|-1.7629540598290598|39.49017094017094|-40.764652014652015
2026-01-29 04:24:40.709356+00:00|32.11394313066694|35.2790932141977|35.05677465775034|32.11785910745641|33.91753939423546|-0.74072265625|0.53076171875|-0.337890625|-0.885009765625|2.471923828125|-0.152587890625|-2.1155448717948717|39.49017094017094|-41.44406288156288
2026-01-29 04:24:40.768321+00:00|32.102195508997454|35.2790932141977|35.06074221809223|32.10611133148387|33.88992965789919|-0.73828125|0.532958984375|-0.340576171875|-1.40380859375|2.5634765625|-0.30517578125|-1.7629540598290598|38.07980769230769|-40.42494658119658
2026-01-29 04:24:40.827314+00:00|32.11002720535822|35.27114847928999|35.05280718426127|32.11785910745641|33.89781778986793|-0.739501953125|0.53515625|-0.332763671875|-1.28173828125|2.471923828125|0.091552734375|-1.234067841880342|38.256103098290595|-40.93450473137973
2026-01-29 04:24:40.886262+00:00|32.10611133148387|35.275120801977664|35.05280718426127|32.11394313066694|33.89781778986793|-0.7421875|0.53515625|-0.342041015625|-0.885009765625|2.777099609375|0.091552734375|-1.4103632478632477|38.07980769230769|-41.10435744810745
2026-01-29 04:24:40.945310+00:00|32.11785910745641|35.28703830743058|35.06470986533566|32.11394313066694|33.89387368751841|-0.73876953125|0.53955078125|-0.33740234375|-0.9765625|2.288818359375|0.06103515625|-0.8814770299145299|37.19833066239316|-41.613915598290596
2026-01-29 04:24:41.003870+00:00|32.11785910745641|35.28703830743058|35.05677465775034|32.12177513577319|33.89781778986793|-0.73779296875|0.5361328125|-0.342529296875|-1.190185546875|2.5634765625|-0.06103515625|-1.4103632478632477|39.13758012820512|-41.44406288156288
2026-01-29 04:24:41.062346+00:00|32.12569121566344|35.29101098854113|35.05677465775034|32.12177513577319|33.92148393396553|-0.740234375|0.53515625|-0.335693359375|-1.28173828125|2.105712890625|0.030517578125|-0.35259081196581193|38.4323985042735|-42.12347374847374
2026-01-29 04:24:41.121495+00:00|32.11394313066694|35.29895661999478|35.05677465775034|32.12569121566344|33.92542854675884|-0.739990234375|0.538818359375|-0.33984375|-1.52587890625|2.25830078125|-0.06103515625|-1.9392494658119657|39.66646634615385|-41.613915598290596
2026-01-29 04:24:41.180495+00:00|32.11002720535822|35.28703830743058|35.048839797576534|32.1296073471737|33.901761964995444|-0.739013671875|0.53662109375|-0.337646484375|-1.15966796875|2.227783203125|0.0|-1.7629540598290598|38.07980769230769|-40.764652014652015
2026-01-29 04:24:41.239273+00:00|32.1296073471737|35.29101098854113|35.05677465775034|32.12177513577319|33.92148393396553|-0.738037109375|0.537109375|-0.340576171875|-1.40380859375|2.655029296875|0.030517578125|-0.7051816239316239|38.4323985042735|-41.44406288156288
2026-01-29 04:24:41.298115+00:00|32.13352353035049|35.30292957043554|35.06470986533566|32.12569121566344|33.89781778986793|-0.734130859375|0.536865234375|-0.341796875|-1.251220703125|2.25830078125|-0.030517578125|-1.4103632478632477|37.72721688034188|-41.10435744810745
2026-01-29 04:24:41.356923+00:00|32.1296073471737|35.30690261075074|35.06470986533566|32.13352353035049|33.89781778986793|-0.73779296875|0.534912109375|-0.34033203125|-1.251220703125|2.349853515625|0.1220703125|-1.9392494658119657|38.96128472222222|-40.5947992979243
2026-01-29 04:24:41.415804+00:00|32.14135605188898|35.31484896120031|35.06470986533566|32.14135605188898|33.91753939423546|-0.737548828125|0.534912109375|-0.343017578125|-1.251220703125|2.44140625|-0.091552734375|-2.468135683760684|37.72721688034188|-40.764652014652015
2026-01-29 04:24:41.474712+00:00|32.13352353035049|35.31087574098939|35.05677465775034|32.13352353035049|33.92148393396553|-0.73779296875|0.53515625|-0.3408203125|-1.312255859375|2.25830078125|0.1220703125|-1.234067841880342|38.96128472222222|-40.25509386446887
2026-01-29 04:24:41.533600+00:00|32.1296073471737|35.30690261075074|35.06470986533566|32.14135605188898|33.909650533774425|-0.740234375|0.53466796875|-0.33740234375|-1.190185546875|2.38037109375|-0.06103515625|-1.0577724358974359|38.78498931623931|-40.764652014652015
2026-01-29 04:24:41.592519+00:00|32.1296073471737|35.30690261075074|35.05677465775034|32.14135605188898|33.933317991724834|-0.739990234375|0.53564453125|-0.339111328125|-1.495361328125|2.38037109375|-0.030517578125|-2.1155448717948717|39.84276175213675|-40.764652014652015
2026-01-29 04:24:41.651597+00:00|32.14135605188898|35.31882227143217|35.05280718426127|32.145272390343564|33.90570621294847|-0.74072265625|0.538330078125|-0.3359375|-1.190185546875|2.197265625|-0.030517578125|-2.468135683760684|39.13758012820512|-41.783768315018314
2026-01-29 04:24:41.710301+00:00|32.14135605188898|35.31882227143217|35.06470986533566|32.15702171700576|33.90570621294847|-0.73779296875|0.533447265625|-0.339599609375|-1.068115234375|2.44140625|0.152587890625|-0.7051816239316239|38.4323985042735|-41.783768315018314
2026-01-29 04:24:41.769358+00:00|32.145272390343564|35.32279567173413|35.06470986533566|32.15702171700576|33.91359492752099|-0.73974609375|0.536865234375|-0.3349609375|-1.03759765625|2.25830078125|0.0|-0.8814770299145299|36.84573985042735|-41.613915598290596
2026-01-29 04:24:41.828158+00:00|32.15702171700576|35.33471641354873|35.06074221809223|32.164854861326944|33.91359492752099|-0.744873046875|0.550537109375|-0.35205078125|-1.312255859375|2.532958984375|0.3662109375|-1.0577724358974359|36.669444444444444|-40.764652014652015
2026-01-29 04:24:41.887111+00:00|32.145272390343564|35.32676916215485|35.072645420721415|32.15702171700576|33.93726282399268|-0.736328125|0.531005859375|-0.325927734375|-1.3427734375|2.01416015625|-0.396728515625|0.5288862179487179|38.608693910256406|-40.25509386446887
2026-01-29 04:24:41.945889+00:00|32.14918878065026|35.330742742743496|35.05677465775034|32.15702171700576|33.909650533774425|-0.738525390625|0.53466796875|-0.34326171875|-1.312255859375|2.655029296875|0.152587890625|-2.1155448717948717|39.13758012820512|-41.783768315018314
2026-01-29 04:24:42.004711+00:00|32.164854861326944|35.3386901746195|35.05677465775034|32.16093826314744|33.92542854675884|-0.740234375|0.53369140625|-0.342529296875|-1.617431640625|2.38037109375|-0.3662109375|-1.9392494658119657|38.608693910256406|-40.25509386446887
2026-01-29 04:24:42.063544+00:00|32.164854861326944|35.346637967753395|35.06867759952917|32.164854861326944|33.91753939423546|-0.759765625|0.537353515625|-0.341064453125|-1.922607421875|2.655029296875|0.274658203125|-1.5866586538461538|38.256103098290595|-40.93450473137973
2026-01-29 04:24:42.122241+00:00|32.15702171700576|35.346637967753395|35.072645420721415|32.17268821398528|33.92148393396553|-0.73046875|0.535888671875|-0.343017578125|-1.373291015625|2.532958984375|0.152587890625|-0.7051816239316239|37.72721688034188|-41.10435744810745
2026-01-29 04:24:42.181015+00:00|32.17268821398528|35.3545861225366|35.06867759952917|32.17268821398528|33.91359492752099|-0.74365234375|0.5361328125|-0.337890625|-0.8544921875|2.44140625|0.1220703125|-1.234067841880342|39.313875534188035|-40.93450473137973
2026-01-29 04:24:42.239505+00:00|32.16093826314744|35.35856033566898|35.06867759952917|32.17268821398528|33.90570621294847|-0.737548828125|0.539306640625|-0.340576171875|-1.40380859375|2.25830078125|0.091552734375|-0.8814770299145299|39.313875534188035|-41.613915598290596
2026-01-29 04:24:42.298441+00:00|32.164854861326944|35.35061199991435|35.06470986533566|32.18052177535213|33.933317991724834|-0.739013671875|0.536376953125|-0.327392578125|-1.0986328125|2.197265625|0.06103515625|-1.4103632478632477|38.78498931623931|-40.42494658119658
2026-01-29 04:24:42.357862+00:00|32.17660496855689|35.35061199991435|35.06470986533566|32.17268821398528|33.92542854675884|-0.74072265625|0.5361328125|-0.342041015625|-1.03759765625|2.410888671875|0.06103515625|-0.17629540598290597|40.01905715811966|-41.27421016483516
2026-01-29 04:24:42.417565+00:00|32.17660496855689|35.37048351861631|35.06470986533566|32.17660496855689|33.909650533774425|-0.740478515625|0.539794921875|-0.341552734375|-1.52587890625|2.105712890625|-0.213623046875|-1.4103632478632477|37.72721688034188|-41.783768315018314
2026-01-29 04:24:42.476654+00:00|32.18443863441746|35.37048351861631|35.07661332896089|32.18443863441746|33.91359492752099|-0.74365234375|0.5361328125|-0.342529296875|-1.373291015625|2.38037109375|-0.06103515625|-2.64443108974359|37.55092147435897|-40.5947992979243
2026-01-29 04:24:42.535509+00:00|32.18052177535213|35.37445809427868|35.06867759952917|32.18443863441746|33.91753939423546|-0.735595703125|0.53515625|-0.34375|-1.0986328125|2.38037109375|-0.030517578125|-1.0577724358974359|38.07980769230769|-41.44406288156288
2026-01-29 04:24:42.594460+00:00|32.19227250954384|35.37843276069583|35.072645420721415|32.19618952569789|33.91359492752099|-0.740478515625|0.53955078125|-0.3330078125|-0.946044921875|2.471923828125|0.0|-1.0577724358974359|38.78498931623931|-41.10435744810745
2026-01-29 04:24:42.653293+00:00|32.18052177535213|35.38240751791682|35.07661332896089|32.19227250954384|33.93726282399268|-0.740478515625|0.534423828125|-0.344970703125|-1.190185546875|2.3193359375|0.152587890625|-1.4103632478632477|38.78498931623931|-42.12347374847374
2026-01-29 04:24:42.712084+00:00|32.1883555457992|35.37048351861631|35.06867759952917|32.20010659430773|33.92542854675884|-0.737548828125|0.53466796875|-0.3466796875|-1.312255859375|2.50244140625|0.1220703125|-2.1155448717948717|38.07980769230769|-40.08524114774115
2026-01-29 04:24:42.770878+00:00|32.19227250954384|35.37843276069583|35.06867759952917|32.19227250954384|33.933317991724834|-0.739013671875|0.537841796875|-0.343017578125|-1.251220703125|2.3193359375|-0.06103515625|-1.4103632478632477|38.4323985042735|-40.764652014652015
2026-01-29 04:24:42.829646+00:00|32.20010659430773|35.39035730496602|35.072645420721415|32.19227250954384|33.91753939423546|-0.74072265625|0.532958984375|-0.333984375|-1.28173828125|2.38037109375|-0.1220703125|-1.7629540598290598|39.49017094017094|-40.42494658119658
2026-01-29 04:24:42.888576+00:00|32.20402371541991|35.39433233489211|35.072645420721415|32.20402371541991|33.933317991724834|-0.733154296875|0.537841796875|-0.3388671875|-1.0986328125|2.38037109375|0.213623046875|-1.9392494658119657|37.55092147435897|-41.27421016483516
2026-01-29 04:24:42.947329+00:00|32.20402371541991|35.39830745581793|35.07661332896089|32.20402371541991|33.92542854675884|-0.739501953125|0.538330078125|-0.33251953125|-1.068115234375|2.25830078125|-0.030517578125|-0.8814770299145299|38.96128472222222|-41.27421016483516
2026-01-29 04:24:43.006258+00:00|32.20010659430773|35.39830745581793|35.07661332896089|32.21185811533667|33.92542854675884|-0.741943359375|0.53369140625|-0.337158203125|-1.0986328125|2.197265625|0.18310546875|-0.7051816239316239|39.13758012820512|-41.44406288156288
2026-01-29 04:24:43.065464+00:00|32.20402371541991|35.39830745581793|35.07661332896089|32.21185811533667|33.93726282399268|-0.738037109375|0.53955078125|-0.340087890625|-1.007080078125|2.593994140625|-0.06103515625|-1.7629540598290598|38.4323985042735|-41.783768315018314
2026-01-29 04:24:43.124303+00:00|32.21185811533667|35.39433233489211|35.06867759952917|32.20794088908059|33.933317991724834|-0.742431640625|0.537353515625|-0.343994140625|-1.0986328125|2.349853515625|0.30517578125|-1.0577724358974359|37.72721688034188|-40.764652014652015
2026-01-29 04:24:43.183273+00:00|32.21185811533667|35.40625797086432|35.06867759952917|32.21185811533667|33.91753939423546|-0.739990234375|0.535400390625|-0.344482421875|-1.03759765625|2.471923828125|0.06103515625|-1.0577724358974359|39.13758012820512|-41.10435744810745
2026-01-29 04:24:43.242774+00:00|32.219692725819925|35.410233365082945|35.080581324296475|32.21185811533667|33.92542854675884|-0.739013671875|0.535400390625|-0.3349609375|-1.28173828125|2.25830078125|-0.030517578125|-0.5288862179487179|38.608693910256406|-41.953621031746025
2026-01-29 04:24:43.301904+00:00|32.219692725819925|35.414208850497175|35.07661332896089|32.227527547241266|33.92542854675884|-0.74072265625|0.53515625|-0.341064453125|-1.15966796875|2.3193359375|0.091552734375|0.35259081196581193|37.022035256410255|-41.44406288156288
2026-01-29 04:24:43.360668+00:00|32.227527547241266|35.42216009510827|35.080581324296475|32.227527547241266|33.9451527083358|-0.73974609375|0.536865234375|-0.340576171875|-0.946044921875|2.593994140625|0.030517578125|-1.4103632478632477|39.13758012820512|-42.12347374847374
2026-01-29 04:24:43.420063+00:00|32.2157753942343|35.42613585440313|35.080581324296475|32.227527547241266|33.91753939423546|-0.73876953125|0.5322265625|-0.3466796875|-1.28173828125|2.655029296875|0.18310546875|-1.234067841880342|37.90351228632478|-41.613915598290596
2026-01-29 04:24:43.479300+00:00|32.219692725819925|35.42216009510827|35.072645420721415|32.23536257997256|33.94909776050628|-0.73876953125|0.538818359375|-0.340576171875|-1.03759765625|2.593994140625|0.0|-0.35259081196581193|38.78498931623931|-41.44406288156288
2026-01-29 04:24:43.538026+00:00|32.22361011014016|35.41818442715595|35.06867759952917|32.23928017569557|33.92148393396553|-0.742919921875|0.53564453125|-0.337890625|-0.946044921875|2.3193359375|-0.244140625|-2.1155448717948717|38.07980769230769|-40.42494658119658
2026-01-29 04:24:43.597262+00:00|32.23144503717003|35.4301117050897|35.07661332896089|32.23144503717003|33.933317991724834|-0.73974609375|0.536376953125|-0.339599609375|-1.220703125|2.227783203125|0.244140625|-2.1155448717948717|37.72721688034188|-41.783768315018314
2026-01-29 04:24:43.656242+00:00|32.23144503717003|35.43806368083341|35.084549406776546|32.23536257997256|33.929373232662726|-0.738525390625|0.537109375|-0.336669921875|-1.251220703125|2.471923828125|-0.18310546875|-0.17629540598290597|38.608693910256406|-40.5947992979243
2026-01-29 04:24:43.715083+00:00|32.23536257997256|35.44601602273161|35.088517576449874|32.23928017569557|33.93726282399268|-0.739990234375|0.53466796875|-0.33984375|-1.40380859375|2.44140625|-0.152587890625|-2.1155448717948717|38.4323985042735|-41.44406288156288
2026-01-29 04:24:43.774038+00:00|32.247115526088464|35.44601602273161|35.07661332896089|32.247115526088464|33.929373232662726|-0.73876953125|0.535400390625|-0.335205078125|-1.28173828125|2.593994140625|0.18310546875|-1.7629540598290598|39.13758012820512|-40.764652014652015
2026-01-29 04:24:43.832916+00:00|32.23928017569557|35.44601602273161|35.080581324296475|32.247115526088464|33.95304288607264|-0.7373046875|0.53759765625|-0.338134765625|-1.40380859375|2.44140625|0.1220703125|-1.4103632478632477|39.84276175213675|-40.764652014652015
2026-01-29 04:24:43.891858+00:00|32.23928017569557|35.44203980598871|35.084549406776546|32.2510332808514|33.92542854675884|-0.7412109375|0.53662109375|-0.342529296875|-1.0986328125|2.62451171875|0.0|-1.5866586538461538|37.90351228632478|-40.5947992979243
2026-01-29 04:24:43.951306+00:00|32.23928017569557|35.43806368083341|35.072645420721415|32.2510332808514|33.9451527083358|-0.737548828125|0.539306640625|-0.329833984375|-1.220703125|2.349853515625|-0.152587890625|-2.468135683760684|37.37462606837607|-41.10435744810745
2026-01-29 04:24:44.010259+00:00|32.2510332808514|35.457945222976775|35.072645420721415|32.23536257997256|33.909650533774425|-0.73828125|0.534912109375|-0.34375|-1.190185546875|2.3193359375|0.06103515625|-2.64443108974359|38.96128472222222|-39.57568299755799
2026-01-29 04:24:44.069246+00:00|32.2510332808514|35.45396873117659|35.088517576449874|32.247115526088464|33.92148393396553|-0.735107421875|0.5390625|-0.34130859375|-1.220703125|2.471923828125|-0.18310546875|-1.234067841880342|37.90351228632478|-40.93450473137973
2026-01-29 04:24:44.128078+00:00|32.2510332808514|35.46589848197732|35.084549406776546|32.25886894974252|33.933317991724834|-0.740234375|0.53662109375|-0.338623046875|-1.007080078125|2.288818359375|-0.18310546875|-1.234067841880342|40.72423878205128|-40.93450473137973
2026-01-29 04:24:44.186982+00:00|32.2510332808514|35.46192180656061|35.092485833365004|32.25886894974252|33.94909776050628|-0.741455078125|0.5361328125|-0.3369140625|-1.068115234375|2.62451171875|0.152587890625|-2.468135683760684|38.07980769230769|-40.764652014652015
2026-01-29 04:24:44.246510+00:00|32.25495108872059|35.46589848197732|35.088517576449874|32.262786863963754|33.92542854675884|-0.734375|0.539306640625|-0.341552734375|-1.007080078125|2.532958984375|0.1220703125|-2.9970219017094015|38.608693910256406|-40.93450473137973
2026-01-29 04:24:44.305553+00:00|32.2510332808514|35.46192180656061|35.084549406776546|32.274540926287216|33.94120772951385|-0.738525390625|0.53662109375|-0.337158203125|-1.312255859375|2.38037109375|0.030517578125|-0.35259081196581193|38.07980769230769|-40.764652014652015
2026-01-29 04:24:44.364818+00:00|32.25886894974252|35.4698752492759|35.07661332896089|32.26670483143056|33.94120772951385|-0.74072265625|0.535888671875|-0.340576171875|-1.068115234375|2.532958984375|0.0|-2.8207264957264955|37.37462606837607|-40.08524114774115
2026-01-29 04:24:44.424192+00:00|32.262786863963754|35.47782905971502|35.084549406776546|32.26670483143056|33.92542854675884|-0.739501953125|0.534912109375|-0.34228515625|-1.708984375|2.349853515625|-0.06103515625|-2.2918402777777778|38.608693910256406|-41.27421016483516
2026-01-29 04:24:44.483399+00:00|32.270622852189604|35.48578323827036|35.088517576449874|32.262786863963754|33.94120772951385|-0.7392578125|0.535888671875|-0.33837890625|-1.251220703125|2.227783203125|0.091552734375|-0.7051816239316239|39.13758012820512|-41.44406288156288
2026-01-29 04:24:44.542142+00:00|32.274540926287216|35.48578323827036|35.092485833365004|32.278459053770064|33.929373232662726|-0.73876953125|0.53466796875|-0.338134765625|-1.0986328125|2.349853515625|-0.152587890625|-1.234067841880342|38.608693910256406|-41.953621031746025
2026-01-29 04:24:44.601233+00:00|32.274540926287216|35.48180610295367|35.088517576449874|32.274540926287216|33.933317991724834|-0.73828125|0.537841796875|-0.3408203125|-0.91552734375|2.532958984375|0.06103515625|-0.8814770299145299|38.256103098290595|-41.27421016483516
2026-01-29 04:24:44.659966+00:00|32.278459053770064|35.48976046571437|35.084549406776546|32.28629546907706|33.933317991724834|-0.736328125|0.536376953125|-0.34130859375|-0.91552734375|2.13623046875|-0.06103515625|-1.234067841880342|38.608693910256406|-40.93450473137973
2026-01-29 04:24:44.718992+00:00|32.26670483143056|35.48180610295367|35.088517576449874|32.28237723468453|33.94120772951385|-0.74365234375|0.53759765625|-0.328369140625|-0.946044921875|2.38037109375|-0.091552734375|-1.0577724358974359|38.78498931623931|-41.44406288156288
2026-01-29 04:24:44.777801+00:00|32.270622852189604|35.48180610295367|35.084549406776546|32.28629546907706|33.92148393396553|-0.7421875|0.53515625|-0.33447265625|-1.28173828125|2.5634765625|0.091552734375|-1.4103632478632477|38.4323985042735|-40.42494658119658
2026-01-29 04:24:44.836829+00:00|32.28629546907706|35.48976046571437|35.084549406776546|32.274540926287216|33.933317991724834|-0.7333984375|0.537353515625|-0.344482421875|-1.28173828125|2.471923828125|0.0|-0.7051816239316239|38.07980769230769|-41.10435744810745
2026-01-29 04:24:44.896114+00:00|32.274540926287216|35.493737785334645|35.09645417757059|32.274540926287216|33.92148393396553|-0.742431640625|0.53369140625|-0.33056640625|-1.03759765625|2.13623046875|-0.396728515625|-0.7051816239316239|38.07980769230769|-41.10435744810745
2026-01-29 04:24:44.955134+00:00|32.28237723468453|35.50169270130044|35.09645417757059|32.290213756994206|33.94120772951385|-0.74267578125|0.53662109375|-0.340087890625|-1.220703125|2.50244140625|0.1220703125|-0.5288862179487179|38.96128472222222|-40.5947992979243
2026-01-29 04:24:45.014249+00:00|32.294132098482464|35.50169270130044|35.092485833365004|32.298050493588335|33.929373232662726|-0.73486328125|0.53955078125|-0.3466796875|-1.251220703125|2.197265625|0.0|-1.5866586538461538|38.608693910256406|-40.5947992979243
2026-01-29 04:24:45.073619+00:00|32.290213756994206|35.50169270130044|35.09645417757059|32.290213756994206|33.9451527083358|-0.741943359375|0.5341796875|-0.33935546875|-1.15966796875|2.3193359375|-0.1220703125|-1.0577724358974359|39.49017094017094|-40.764652014652015
2026-01-29 04:24:45.132854+00:00|32.28237723468453|35.50169270130044|35.09645417757059|32.298050493588335|33.93726282399268|-0.74072265625|0.536865234375|-0.337158203125|-1.3427734375|2.349853515625|0.30517578125|-1.234067841880342|37.90351228632478|-40.5947992979243
2026-01-29 04:24:45.192162+00:00|32.28629546907706|35.497715197180355|35.092485833365004|32.294132098482464|33.94120772951385|-0.739501953125|0.53466796875|-0.34765625|-1.28173828125|2.227783203125|0.030517578125|-1.0577724358974359|38.07980769230769|-40.42494658119658
2026-01-29 04:24:45.251527+00:00|32.298050493588335|35.50169270130044|35.088517576449874|32.298050493588335|33.92148393396553|-0.741943359375|0.5380859375|-0.33837890625|-1.434326171875|2.25830078125|-0.244140625|-1.5866586538461538|39.66646634615385|-40.93450473137973
2026-01-29 04:24:45.310691+00:00|32.305887444838675|35.51362576779866|35.088517576449874|32.294132098482464|33.92542854675884|-0.739013671875|0.533447265625|-0.33642578125|-1.068115234375|2.471923828125|0.1220703125|-1.4103632478632477|38.4323985042735|-41.10435744810745
2026-01-29 04:24:45.369700+00:00|32.305887444838675|35.50964798656054|35.09645417757059|32.3019689423582|33.929373232662726|-0.739013671875|0.533447265625|-0.340087890625|-1.0986328125|2.349853515625|0.1220703125|-1.4103632478632477|38.4323985042735|-40.08524114774115
2026-01-29 04:24:45.429144+00:00|32.298050493588335|35.51760364150755|35.100422609115355|32.3019689423582|33.9451527083358|-0.735107421875|0.538330078125|-0.340576171875|-0.885009765625|2.532958984375|0.152587890625|-1.0577724358974359|38.07980769230769|-41.44406288156288
2026-01-29 04:24:45.487981+00:00|32.3019689423582|35.51362576779866|35.10439112804795|32.305887444838675|33.933317991724834|-0.740478515625|0.532470703125|-0.33544921875|-1.190185546875|2.50244140625|0.091552734375|-1.0577724358974359|40.547943376068375|-41.10435744810745
2026-01-29 04:24:45.547320+00:00|32.305887444838675|35.50964798656054|35.100422609115355|32.30980600107614|33.94909776050628|-0.739990234375|0.535400390625|-0.33935546875|-1.0986328125|2.38037109375|0.30517578125|-0.17629540598290597|38.608693910256406|-40.93450473137973
2026-01-29 04:24:45.605055+00:00|32.298050493588335|35.50567029774413|35.10439112804795|32.30980600107614|33.929373232662726|-0.73291015625|0.53564453125|-0.34228515625|-1.190185546875|2.471923828125|-0.030517578125|-1.5866586538461538|37.90351228632478|-41.953621031746025
2026-01-29 04:24:45.664601+00:00|32.30980600107614|35.50964798656054|35.092485833365004|32.3019689423582|33.933317991724834|-0.744873046875|0.5390625|-0.3330078125|-1.312255859375|2.13623046875|-0.213623046875|-1.7629540598290598|37.72721688034188|-39.74553571428571
2026-01-29 04:24:45.723746+00:00|32.30980600107614|35.52158160773649|35.100422609115355|32.30980600107614|33.929373232662726|-0.738525390625|0.534912109375|-0.33935546875|-1.3427734375|2.685546875|-0.18310546875|-1.4103632478632477|38.78498931623931|-40.764652014652015
2026-01-29 04:24:45.782811+00:00|32.31764327500861|35.52158160773649|35.100422609115355|32.30980600107614|33.94909776050628|-0.739501953125|0.537109375|-0.344970703125|-0.946044921875|2.197265625|-0.18310546875|-0.5288862179487179|38.608693910256406|-39.57568299755799
2026-01-29 04:24:45.841839+00:00|32.30980600107614|35.525559666534605|35.108359734416865|32.325480764527185|33.94120772951385|-0.7421875|0.536376953125|-0.337158203125|-1.007080078125|2.44140625|-0.06103515625|-1.7629540598290598|38.78498931623931|-41.44406288156288
2026-01-29 04:24:45.900871+00:00|32.305887444838675|35.51760364150755|35.10439112804795|32.321561992796376|33.94909776050628|-0.741943359375|0.534423828125|-0.33642578125|-1.434326171875|2.62451171875|0.152587890625|-1.7629540598290598|39.84276175213675|-41.44406288156288
2026-01-29 04:24:45.959871+00:00|32.31764327500861|35.525559666534605|35.11629720965857|32.325480764527185|33.93726282399268|-0.734619140625|0.540283203125|-0.346435546875|-1.0986328125|2.197265625|0.1220703125|-0.5288862179487179|38.256103098290595|-41.613915598290596
2026-01-29 04:24:46.018890+00:00|32.30980600107614|35.52158160773649|35.100422609115355|32.325480764527185|33.933317991724834|-0.7421875|0.535400390625|-0.33740234375|-1.46484375|2.197265625|-0.030517578125|-1.5866586538461538|37.55092147435897|-41.27421016483516
2026-01-29 04:24:46.077897+00:00|32.321561992796376|35.52158160773649|35.10439112804795|32.321561992796376|33.95304288607264|-0.738525390625|0.535888671875|-0.33740234375|-0.9765625|2.593994140625|0.152587890625|-1.7629540598290598|37.72721688034188|-41.10435744810745
2026-01-29 04:24:46.137064+00:00|32.321561992796376|35.53351606203444|35.100422609115355|32.31372461111732|33.94909776050628|-0.732666015625|0.536376953125|-0.348876953125|-1.007080078125|2.38037109375|0.06103515625|-1.234067841880342|38.256103098290595|-40.93450473137973
2026-01-29 04:24:46.196117+00:00|32.33331847000426|35.53351606203444|35.11629720965857|32.325480764527185|33.929373232662726|-0.741455078125|0.53173828125|-0.3388671875|-1.068115234375|2.166748046875|0.030517578125|-1.9392494658119657|38.608693910256406|-40.5947992979243
2026-01-29 04:24:46.255238+00:00|32.325480764527185|35.5374943988345|35.112328428270814|32.32939959024765|33.933317991724834|-0.73974609375|0.53515625|-0.34033203125|-1.312255859375|2.44140625|0.152587890625|-1.4103632478632477|38.4323985042735|-40.08524114774115
2026-01-29 04:24:46.314101+00:00|32.33331847000426|35.54147282840012|35.108359734416865|32.33723740384346|33.95698808508263|-0.735595703125|0.537841796875|-0.341796875|-1.220703125|2.5634765625|0.213623046875|-2.2918402777777778|39.313875534188035|-41.27421016483516
2026-01-29 04:24:46.372936+00:00|32.33331847000426|35.54545135078064|35.112328428270814|32.32939959024765|33.93726282399268|-0.737060546875|0.539306640625|-0.33837890625|-1.3427734375|2.288818359375|0.244140625|-1.7629540598290598|38.4323985042735|-42.12347374847374
2026-01-29 04:24:46.431262+00:00|32.325480764527185|35.5374943988345|35.10439112804795|32.32939959024765|33.9451527083358|-0.741943359375|0.53759765625|-0.332275390625|-1.15966796875|2.38037109375|0.18310546875|-0.17629540598290597|39.313875534188035|-42.6330318986569
2026-01-29 04:24:46.489973+00:00|32.33723740384346|35.5374943988345|35.09645417757059|32.32939959024765|33.94120772951385|-0.74169921875|0.535400390625|-0.340087890625|-1.40380859375|2.50244140625|0.0|-2.64443108974359|37.55092147435897|-41.27421016483516
2026-01-29 04:24:46.548739+00:00|32.33723740384346|35.54545135078064|35.112328428270814|32.33331847000426|33.93726282399268|-0.7392578125|0.53271484375|-0.339111328125|-0.885009765625|2.3193359375|-0.030517578125|-1.9392494658119657|38.256103098290595|-41.27421016483516
2026-01-29 04:24:46.607516+00:00|32.33723740384346|35.54545135078064|35.11629720965857|32.34115639181181|33.933317991724834|-0.739990234375|0.53369140625|-0.336669921875|-1.52587890625|2.5634765625|0.213623046875|-1.9392494658119657|38.256103098290595|-40.93450473137973
2026-01-29 04:24:46.666289+00:00|32.34115639181181|35.553408674182265|35.108359734416865|32.34507543395574|33.95304288607264|-0.73974609375|0.532958984375|-0.33154296875|-1.129150390625|2.593994140625|0.1220703125|-0.35259081196581193|37.72721688034188|-42.12347374847374
2026-01-29 04:24:46.725250+00:00|32.32939959024765|35.557387475301766|35.11629720965857|32.34507543395574|33.95304288607264|-0.739990234375|0.536376953125|-0.343505859375|-1.3427734375|2.349853515625|0.06103515625|-0.8814770299145299|38.96128472222222|-41.613915598290596
2026-01-29 04:24:46.784061+00:00|32.33723740384346|35.54942996602489|35.112328428270814|32.35291368095665|33.95304288607264|-0.7412109375|0.531982421875|-0.336669921875|-1.15966796875|2.349853515625|-0.18310546875|-2.1155448717948717|38.78498931623931|-41.10435744810745
2026-01-29 04:24:46.842805+00:00|32.35291368095665|35.56136636943262|35.108359734416865|32.34507543395574|33.94120772951385|-0.74267578125|0.53759765625|-0.34228515625|-1.15966796875|2.716064453125|-0.244140625|-1.7629540598290598|38.07980769230769|-41.10435744810745
2026-01-29 04:24:46.901630+00:00|32.35291368095665|35.56534535662405|35.11629720965857|32.33331847000426|33.929373232662726|-0.7392578125|0.53759765625|-0.343017578125|-1.129150390625|2.197265625|-0.06103515625|-1.4103632478632477|38.4323985042735|-39.40583028083028
2026-01-29 04:24:46.960514+00:00|32.348994530321875|35.56136636943262|35.112328428270814|32.35683288590667|33.933317991724834|-0.739501953125|0.53369140625|-0.33544921875|-1.373291015625|2.288818359375|0.06103515625|-1.5866586538461538|38.256103098290595|-40.5947992979243
2026-01-29 04:24:47.019363+00:00|32.348994530321875|35.569324436925|35.12026607862873|32.35683288590667|33.9451527083358|-0.737060546875|0.53125|-0.341552734375|-1.15966796875|2.593994140625|0.1220703125|-2.468135683760684|39.13758012820512|-40.08524114774115
2026-01-29 04:24:47.078085+00:00|32.348994530321875|35.573303610384926|35.11629720965857|32.35683288590667|33.96093335758377|-0.740478515625|0.537841796875|-0.3427734375|-1.3427734375|2.25830078125|0.3662109375|-2.468135683760684|38.78498931623931|-41.10435744810745
2026-01-29 04:24:47.136904+00:00|32.348994530321875|35.557387475301766|35.112328428270814|32.360752145218385|33.96487870362341|-0.73779296875|0.537109375|-0.336669921875|-1.15966796875|2.197265625|0.0|-0.8814770299145299|38.256103098290595|-41.27421016483516
2026-01-29 04:24:47.195778+00:00|32.35683288590667|35.569324436925|35.112328428270814|32.35683288590667|33.929373232662726|-0.744140625|0.535400390625|-0.335205078125|-1.007080078125|2.197265625|0.244140625|-0.7051816239316239|39.84276175213675|-40.764652014652015
2026-01-29 04:24:47.254422+00:00|32.35683288590667|35.57728287705282|35.11629720965857|32.35291368095665|33.93726282399268|-0.738037109375|0.536865234375|-0.344482421875|-1.28173828125|2.716064453125|-0.244140625|-1.4103632478632477|38.07980769230769|-41.783768315018314
2026-01-29 04:24:47.313285+00:00|32.360752145218385|35.57728287705282|35.12026607862873|32.37251024978917|33.93726282399268|-0.739501953125|0.537353515625|-0.337646484375|-1.03759765625|2.25830078125|0.030517578125|-1.7629540598290598|40.19535256410256|-41.44406288156288
2026-01-29 04:24:47.372136+00:00|32.3646714589384|35.57728287705282|35.124235035230015|32.36859082711317|33.929373232662726|-0.743408203125|0.536865234375|-0.3369140625|-1.28173828125|2.3193359375|0.152587890625|-1.234067841880342|38.96128472222222|-40.5947992979243
2026-01-29 04:24:47.431397+00:00|32.3646714589384|35.585241690209386|35.11629720965857|32.37251024978917|33.94909776050628|-0.73876953125|0.5400390625|-0.33642578125|-1.312255859375|2.288818359375|-0.06103515625|-0.17629540598290597|38.256103098290595|-39.915388431013426
2026-01-29 04:24:47.490280+00:00|32.360752145218385|35.57728287705282|35.124235035230015|32.36859082711317|33.93726282399268|-0.740478515625|0.535888671875|-0.341796875|-1.220703125|2.13623046875|0.091552734375|-1.4103632478632477|38.78498931623931|-41.44406288156288
2026-01-29 04:24:47.549294+00:00|32.3646714589384|35.57728287705282|35.108359734416865|32.37251024978917|33.95304288607264|-0.737060546875|0.53515625|-0.333984375|-1.007080078125|2.50244140625|0.18310546875|-0.5288862179487179|38.608693910256406|-41.953621031746025
2026-01-29 04:24:47.608117+00:00|32.37642972701309|35.589221236796504|35.11629720965857|32.36859082711317|33.933317991724834|-0.739013671875|0.537353515625|-0.3388671875|-1.434326171875|2.0751953125|0.1220703125|-0.17629540598290597|38.96128472222222|-41.953621031746025
2026-01-29 04:24:47.667104+00:00|32.37642972701309|35.60116043718318|35.124235035230015|32.37251024978917|33.94120772951385|-0.737060546875|0.535888671875|-0.33251953125|-1.129150390625|2.3193359375|-0.30517578125|-2.1155448717948717|38.78498931623931|-41.783768315018314
2026-01-29 04:24:47.726167+00:00|32.38426884529048|35.597180610234204|35.124235035230015|32.388188486437116|33.94909776050628|-0.740234375|0.53662109375|-0.341552734375|-1.068115234375|2.532958984375|0.244140625|-2.468135683760684|38.07980769230769|-42.80288461538461
2026-01-29 04:24:47.785282+00:00|32.38426884529048|35.597180610234204|35.124235035230015|32.38426884529048|33.94909776050628|-0.740966796875|0.532958984375|-0.337890625|-1.46484375|2.410888671875|0.0|-0.5288862179487179|37.90351228632478|-40.93450473137973
2026-01-29 04:24:47.844115+00:00|32.37642972701309|35.60116043718318|35.124235035230015|32.39602793297877|33.93726282399268|-0.738037109375|0.53466796875|-0.33154296875|-1.220703125|2.532958984375|0.091552734375|-2.64443108974359|37.55092147435897|-40.5947992979243
2026-01-29 04:24:47.902916+00:00|32.37642972701309|35.60116043718318|35.12026607862873|32.38426884529048|33.92542854675884|-0.736572265625|0.537841796875|-0.343017578125|-1.0986328125|2.105712890625|0.18310546875|-1.234067841880342|38.608693910256406|-40.5947992979243
2026-01-29 04:24:47.961978+00:00|32.388188486437116|35.597180610234204|35.12026607862873|32.38426884529048|33.94909776050628|-0.740478515625|0.53955078125|-0.3359375|-1.15966796875|2.105712890625|0.1220703125|-1.4103632478632477|38.07980769230769|-41.44406288156288
2026-01-29 04:24:48.020883+00:00|32.399947738466835|35.61310047954146|35.11629720965857|32.38426884529048|33.9451527083358|-0.74072265625|0.533203125|-0.345947265625|-1.28173828125|2.25830078125|0.18310546875|-0.7051816239316239|37.37462606837607|-41.44406288156288
2026-01-29 04:24:48.079931+00:00|32.39602793297877|35.61708068099529|35.13614243130684|32.40386759882864|33.94909776050628|-0.742431640625|0.53857421875|-0.33251953125|-1.251220703125|2.593994140625|-0.335693359375|-1.9392494658119657|38.608693910256406|-40.93450473137973
2026-01-29 04:24:48.139319+00:00|32.399947738466835|35.62106097619835|35.124235035230015|32.399947738466835|33.972769616509254|-0.740966796875|0.533203125|-0.3310546875|-1.220703125|2.227783203125|0.1220703125|-1.234067841880342|37.90351228632478|-39.57568299755799
2026-01-29 04:24:48.198157+00:00|32.399947738466835|35.61708068099529|35.12820407951102|32.40386759882864|33.96487870362341|-0.7392578125|0.53662109375|-0.34326171875|-1.15966796875|2.197265625|0.213623046875|-1.5866586538461538|38.608693910256406|-40.25509386446887
2026-01-29 04:24:48.257300+00:00|32.388188486437116|35.625041365199934|35.12820407951102|32.40386759882864|33.95304288607264|-0.740234375|0.5341796875|-0.33837890625|-1.129150390625|2.410888671875|-0.030517578125|-2.1155448717948717|38.07980769230769|-41.10435744810745
2026-01-29 04:24:48.316268+00:00|32.40386759882864|35.62106097619835|35.124235035230015|32.41170748435911|33.94120772951385|-0.741455078125|0.53662109375|-0.340576171875|-1.129150390625|2.197265625|0.0|-2.2918402777777778|38.96128472222222|-40.93450473137973
2026-01-29 04:24:48.375040+00:00|32.40386759882864|35.61708068099529|35.11629720965857|32.40386759882864|33.93726282399268|-0.741455078125|0.53662109375|-0.335693359375|-1.129150390625|2.532958984375|0.030517578125|-2.2918402777777778|38.608693910256406|-40.5947992979243
2026-01-29 04:24:48.434475+00:00|32.41170748435911|35.62902184804932|35.13217321152041|32.40386759882864|33.929373232662726|-0.73779296875|0.538818359375|-0.3388671875|-1.220703125|2.227783203125|0.152587890625|-1.0577724358974359|38.07980769230769|-41.44406288156288
2026-01-29 04:24:48.493435+00:00|32.41170748435911|35.63300242479562|35.14011173891913|32.41562750962089|33.94120772951385|-0.7412109375|0.538330078125|-0.338134765625|-1.190185546875|2.3193359375|-0.06103515625|-0.35259081196581193|39.13758012820512|-41.10435744810745
2026-01-29 04:24:48.552513+00:00|32.41562750962089|35.63698309548812|35.13614243130684|32.42738791595133|33.9451527083358|-0.741943359375|0.539306640625|-0.342529296875|-0.823974609375|2.197265625|-0.06103515625|0.0|38.4323985042735|-40.42494658119658
2026-01-29 04:24:48.611326+00:00|32.41954758994257|35.64494471890896|35.13614243130684|32.42346772537053|33.97671518345055|-0.739501953125|0.53271484375|-0.33935546875|-1.251220703125|2.197265625|-0.3662109375|-1.7629540598290598|38.4323985042735|-42.12347374847374
2026-01-29 04:24:48.670174+00:00|32.41954758994257|35.64494471890896|35.13614243130684|32.42346772537053|33.94909776050628|-0.74169921875|0.530517578125|-0.3388671875|-1.129150390625|2.471923828125|-0.06103515625|-1.4103632478632477|38.07980769230769|-41.10435744810745
2026-01-29 04:24:48.729110+00:00|32.41170748435911|35.63300242479562|35.13217321152041|32.42738791595133|33.96093335758377|-0.7421875|0.532470703125|-0.34375|-1.15966796875|2.349853515625|-0.06103515625|-2.468135683760684|39.49017094017094|-40.42494658119658
2026-01-29 04:24:48.788058+00:00|32.42346772537053|35.63698309548812|35.13217321152041|32.41562750962089|33.96487870362341|-0.7392578125|0.5380859375|-0.340087890625|-1.3427734375|2.44140625|-0.06103515625|-1.0577724358974359|38.4323985042735|-41.10435744810745
2026-01-29 04:24:48.846909+00:00|32.42738791595133|35.6489256717357|35.13217321152041|32.42346772537053|33.97671518345055|-0.73779296875|0.536376953125|-0.341064453125|-1.190185546875|2.62451171875|0.06103515625|-0.8814770299145299|39.313875534188035|-40.25509386446887
2026-01-29 04:24:48.905684+00:00|32.431308161731636|35.656887859868164|35.13614243130684|32.44698969777892|33.96093335758377|-0.738037109375|0.532470703125|-0.34228515625|-1.068115234375|2.197265625|-0.030517578125|-0.17629540598290597|37.90351228632478|-40.93450473137973
2026-01-29 04:24:48.964522+00:00|32.435228462758005|35.64494471890896|35.13614243130684|32.44306923073509|33.972769616509254|-0.737060546875|0.537353515625|-0.341796875|-0.885009765625|2.166748046875|-0.091552734375|-1.9392494658119657|38.256103098290595|-40.5947992979243
2026-01-29 04:24:49.023442+00:00|32.435228462758005|35.656887859868164|35.14011173891913|32.44306923073509|33.98855232683866|-0.740966796875|0.531005859375|-0.340087890625|-1.220703125|2.197265625|-0.030517578125|-1.9392494658119657|38.96128472222222|-41.613915598290596
2026-01-29 04:24:49.082512+00:00|32.435228462758005|35.656887859868164|35.14011173891913|32.44306923073509|33.98460653856762|-0.738525390625|0.535888671875|-0.33642578125|-1.190185546875|2.5634765625|0.091552734375|0.0|38.4323985042735|-40.42494658119658
2026-01-29 04:24:49.141343+00:00|32.44306923073509|35.6489256717357|35.124235035230015|32.44306923073509|33.968824123249476|-0.74072265625|0.53271484375|-0.34033203125|-1.0986328125|2.105712890625|-0.06103515625|-1.0577724358974359|38.07980769230769|-40.764652014652015
2026-01-29 04:24:49.200266+00:00|32.44698969777892|35.66883184900365|35.13217321152041|32.43914881907699|33.96093335758377|-0.744384765625|0.537109375|-0.33984375|-1.495361328125|2.38037109375|0.244140625|-1.7629540598290598|39.13758012820512|-40.764652014652015
2026-01-29 04:24:49.259304+00:00|32.45091022025497|35.66485042496794|35.144081134405894|32.45483079820991|33.95698808508263|-0.742431640625|0.539794921875|-0.341796875|-1.556396484375|2.532958984375|0.030517578125|-2.64443108974359|38.256103098290595|-42.6330318986569
2026-01-29 04:24:49.318357+00:00|32.45875143169019|35.660869095272574|35.144081134405894|32.46267212074264|33.98460653856762|-0.740966796875|0.541259765625|-0.3447265625|-1.03759765625|2.227783203125|0.30517578125|-2.468135683760684|38.78498931623931|-40.764652014652015
2026-01-29 04:24:49.377580+00:00|32.45483079820991|35.672813367429114|35.1480506178159|32.45875143169019|33.94909776050628|-0.727294921875|0.53173828125|-0.33544921875|-0.91552734375|2.410888671875|-0.06103515625|-1.234067841880342|37.19833066239316|-41.613915598290596
2026-01-29 04:24:49.436879+00:00|32.45875143169019|35.68077668764613|35.14011173891913|32.466592865413475|33.96093335758377|-0.748046875|0.5361328125|-0.34326171875|-1.068115234375|2.50244140625|0.152587890625|-1.4103632478632477|39.13758012820512|-41.10435744810745
2026-01-29 04:24:49.495779+00:00|32.45483079820991|35.66883184900365|35.1480506178159|32.466592865413475|33.96093335758377|-0.738037109375|0.536865234375|-0.335693359375|-1.0986328125|2.25830078125|0.1220703125|-1.9392494658119657|38.608693910256406|-42.29332646520146
2026-01-29 04:24:49.554918+00:00|32.46267212074264|35.672813367429114|35.12820407951102|32.46267212074264|33.96487870362341|-0.740966796875|0.529541015625|-0.34130859375|-1.0986328125|2.655029296875|0.030517578125|-1.0577724358974359|39.13758012820512|-41.10435744810745
2026-01-29 04:24:49.614323+00:00|32.474434521797264|35.688740386013365|35.13614243130684|32.45875143169019|33.96093335758377|-0.735595703125|0.53955078125|-0.33984375|-1.40380859375|2.471923828125|0.213623046875|-1.4103632478632477|38.07980769230769|-42.12347374847374
2026-01-29 04:24:49.673080+00:00|32.466592865413475|35.688740386013365|35.14011173891913|32.470513665749536|33.97671518345055|-0.7412109375|0.531005859375|-0.338623046875|-1.068115234375|2.288818359375|-0.06103515625|-2.468135683760684|39.49017094017094|-42.12347374847374
2026-01-29 04:24:49.732322+00:00|32.474434521797264|35.69272237712653|35.1480506178159|32.478355433603326|33.96487870362341|-0.740234375|0.538330078125|-0.34814453125|-1.15966796875|2.227783203125|-0.030517578125|-1.4103632478632477|37.72721688034188|-41.10435744810745
2026-01-29 04:24:49.791427+00:00|32.470513665749536|35.69272237712653|35.14011173891913|32.482276401214335|33.97671518345055|-0.741455078125|0.535400390625|-0.337890625|-1.190185546875|2.3193359375|-0.18310546875|-0.35259081196581193|37.37462606837607|-41.10435744810745
2026-01-29 04:24:49.850731+00:00|32.48619742467679|35.69272237712653|35.1480506178159|32.48619742467679|33.98460653856762|-0.73876953125|0.53759765625|-0.33740234375|-1.03759765625|2.471923828125|0.0|-1.234067841880342|39.313875534188035|-41.27421016483516
2026-01-29 04:24:49.909217+00:00|32.466592865413475|35.6967044629252|35.1480506178159|32.49011850403724|33.992498188981415|-0.739990234375|0.53564453125|-0.340087890625|-1.28173828125|2.197265625|-0.213623046875|-1.5866586538461538|38.608693910256406|-40.25509386446887
2026-01-29 04:24:49.968583+00:00|32.474434521797264|35.688740386013365|35.14011173891913|32.49011850403724|33.98855232683866|-0.73828125|0.533447265625|-0.338623046875|-1.15966796875|2.288818359375|0.335693359375|-0.5288862179487179|38.96128472222222|-40.25509386446887
2026-01-29 04:24:50.027891+00:00|32.49011850403724|35.700686643458596|35.14011173891913|32.48619742467679|33.992498188981415|-0.7412109375|0.535400390625|-0.33984375|-1.007080078125|2.3193359375|0.152587890625|-1.5866586538461538|38.256103098290595|-41.27421016483516
2026-01-29 04:24:50.087018+00:00|32.482276401214335|35.71263375396131|35.152020189197685|32.49403963934242|33.97671518345055|-0.735595703125|0.5361328125|-0.342041015625|-0.91552734375|2.166748046875|-0.06103515625|-1.5866586538461538|38.608693910256406|-40.5947992979243
2026-01-29 04:24:50.146111+00:00|32.49011850403724|35.71263375396131|35.152020189197685|32.501882077973164|33.98855232683866|-0.73828125|0.5380859375|-0.3359375|-1.15966796875|2.166748046875|0.091552734375|-0.7051816239316239|39.49017094017094|-41.783768315018314
2026-01-29 04:24:50.205204+00:00|32.49011850403724|35.716616313927375|35.1480506178159|32.501882077973164|33.98855232683866|-0.74169921875|0.53662109375|-0.337646484375|-1.28173828125|2.532958984375|-0.152587890625|-0.8814770299145299|36.84573985042735|-40.5947992979243
2026-01-29 04:24:50.264639+00:00|32.49403963934242|35.71263375396131|35.152020189197685|32.49796083063882|34.0043362191164|-0.7421875|0.53466796875|-0.34228515625|-1.28173828125|2.227783203125|0.091552734375|-1.9392494658119657|39.313875534188035|-39.915388431013426
2026-01-29 04:24:50.323739+00:00|32.49403963934242|35.7245817188533|35.1480506178159|32.505803381391786|33.972769616509254|-0.74072265625|0.5341796875|-0.343017578125|-1.220703125|2.105712890625|0.030517578125|-1.5866586538461538|36.84573985042735|-41.27421016483516
2026-01-29 04:24:50.382715+00:00|32.49011850403724|35.71263375396131|35.155989848600086|32.505803381391786|33.98460653856762|-0.74267578125|0.535400390625|-0.33837890625|-0.946044921875|2.38037109375|0.1220703125|-2.468135683760684|38.78498931623931|-41.44406288156288
2026-01-29 04:24:50.441979+00:00|32.49796083063882|35.7086512889274|35.144081134405894|32.505803381391786|34.00828237722226|-0.737060546875|0.53955078125|-0.3466796875|-1.312255859375|2.50244140625|-0.152587890625|-1.234067841880342|38.608693910256406|-40.5947992979243
2026-01-29 04:24:50.500996+00:00|32.505803381391786|35.72059896887487|35.1480506178159|32.49796083063882|33.98460653856762|-0.740966796875|0.536376953125|-0.337890625|-1.190185546875|2.227783203125|-0.152587890625|-1.234067841880342|38.256103098290595|-40.93450473137973
2026-01-29 04:24:50.560042+00:00|32.513646156668756|35.7245817188533|35.15995959607176|32.505803381391786|33.98855232683866|-0.7392578125|0.53515625|-0.34326171875|-1.312255859375|2.166748046875|0.18310546875|-0.8814770299145299|38.256103098290595|-40.25509386446887
2026-01-29 04:24:50.618965+00:00|32.50972474094152|35.73254750410001|35.155989848600086|32.517567628620384|33.98460653856762|-0.739501953125|0.541748046875|-0.3427734375|-1.220703125|2.25830078125|0.244140625|-0.5288862179487179|37.19833066239316|-41.953621031746025
2026-01-29 04:24:50.678077+00:00|32.517567628620384|35.7285645639119|35.15995959607176|32.513646156668756|33.98855232683866|-0.742431640625|0.537841796875|-0.342529296875|-1.373291015625|2.532958984375|-0.152587890625|-2.2918402777777778|39.313875534188035|-41.27421016483516
2026-01-29 04:24:50.737086+00:00|32.50972474094152|35.740513670062455|35.152020189197685|32.513646156668756|33.98855232683866|-0.736572265625|0.535888671875|-0.340576171875|-1.40380859375|2.410888671875|0.091552734375|-0.17629540598290597|38.608693910256406|-41.613915598290596
2026-01-29 04:24:50.796157+00:00|32.513646156668756|35.740513670062455|35.1480506178159|32.52541074138264|33.99644412504364|-0.735107421875|0.53369140625|-0.3447265625|-1.15966796875|2.50244140625|0.152587890625|-1.7629540598290598|38.07980769230769|-41.10435744810745
2026-01-29 04:24:50.855146+00:00|32.517567628620384|35.740513670062455|35.1480506178159|32.52148915684279|34.02406775121972|-0.737548828125|0.53955078125|-0.3330078125|-1.0986328125|2.44140625|0.0|0.0|39.49017094017094|-41.44406288156288
2026-01-29 04:24:50.914355+00:00|32.52933238228644|35.74449689593541|35.155989848600086|32.517567628620384|34.00039013507268|-0.740478515625|0.53662109375|-0.3427734375|-1.068115234375|2.62451171875|0.030517578125|-1.0577724358974359|38.78498931623931|-42.12347374847374
2026-01-29 04:24:50.973382+00:00|32.52933238228644|35.74848021713552|35.163929431661415|32.52148915684279|34.0122286094379|-0.739013671875|0.536865234375|-0.34228515625|-1.0986328125|2.25830078125|0.06103515625|-0.8814770299145299|37.55092147435897|-40.25509386446887
2026-01-29 04:24:51.032317+00:00|32.53717583337283|35.75246363371201|35.155989848600086|32.54109764364847|34.01617491581095|-0.739501953125|0.533447265625|-0.333984375|-1.312255859375|2.38037109375|0.0|-1.0577724358974359|38.78498931623931|-39.40583028083028
2026-01-29 04:24:51.091278+00:00|32.53717583337283|35.75246363371201|35.163929431661415|32.53717583337283|34.02012129638905|-0.73974609375|0.537109375|-0.330810546875|-1.434326171875|2.5634765625|0.030517578125|-1.5866586538461538|38.608693910256406|-40.5947992979243
2026-01-29 04:24:51.150199+00:00|32.54109764364847|35.76043075319188|35.167899355417774|32.54109764364847|34.02012129638905|-0.736328125|0.5380859375|-0.33447265625|-1.15966796875|2.25830078125|-0.06103515625|-1.0577724358974359|37.72721688034188|-42.12347374847374
2026-01-29 04:24:51.209173+00:00|32.52933238228644|35.74449689593541|35.167899355417774|32.54501951047462|33.992498188981415|-0.740478515625|0.535888671875|-0.33984375|-1.28173828125|2.25830078125|0.244140625|-1.5866586538461538|38.256103098290595|-42.29332646520146
2026-01-29 04:24:51.268292+00:00|32.53717583337283|35.75246363371201|35.1480506178159|32.54501951047462|34.01617491581095|-0.74169921875|0.534912109375|-0.338134765625|-1.190185546875|2.3193359375|-0.030517578125|-1.4103632478632477|38.07980769230769|-40.764652014652015
2026-01-29 04:24:51.327215+00:00|32.55286341396493|35.75644714571439|35.155989848600086|32.54501951047462|33.992498188981415|-0.740966796875|0.5390625|-0.34326171875|-1.190185546875|2.288818359375|0.3662109375|0.0|38.07980769230769|-41.10435744810745
2026-01-29 04:24:51.385957+00:00|32.55286341396493|35.772382148969825|35.167899355417774|32.55286341396493|34.02012129638905|-0.74072265625|0.53515625|-0.34130859375|-1.129150390625|2.471923828125|-0.091552734375|-1.7629540598290598|38.07980769230769|-39.74553571428571
2026-01-29 04:24:51.445310+00:00|32.55678545072226|35.772382148969825|35.17186936738955|32.560707544216655|34.01617491581095|-0.740478515625|0.536376953125|-0.33935546875|-1.251220703125|2.62451171875|-0.091552734375|-2.1155448717948717|38.4323985042735|-40.08524114774115
2026-01-29 04:24:51.504030+00:00|32.560707544216655|35.77636613884232|35.17186936738955|32.564629694494556|34.0280142803507|-0.73974609375|0.534912109375|-0.337890625|-1.3427734375|2.50244140625|0.152587890625|-0.35259081196581193|38.78498931623931|-41.783768315018314
2026-01-29 04:24:51.562921+00:00|32.560707544216655|35.784334405803406|35.17583946762545|32.56855190160269|34.01617491581095|-0.7412109375|0.537841796875|-0.341064453125|-0.9765625|2.25830078125|0.0|-1.0577724358974359|37.37462606837607|-41.10435744810745
2026-01-29 04:24:51.621917+00:00|32.55678545072226|35.77636613884232|35.167899355417774|32.560707544216655|34.0280142803507|-0.746337890625|0.534912109375|-0.332763671875|-1.28173828125|2.38037109375|0.091552734375|-1.234067841880342|37.55092147435897|-39.57568299755799
2026-01-29 04:24:51.680712+00:00|32.560707544216655|35.76839825477026|35.155989848600086|32.55678545072226|34.0043362191164|-0.74267578125|0.535400390625|-0.347900390625|-1.28173828125|2.5634765625|0.091552734375|-1.0577724358974359|38.4323985042735|-41.44406288156288
2026-01-29 04:24:51.739580+00:00|32.56855190160269|35.784334405803406|35.163929431661415|32.564629694494556|34.0122286094379|-0.7373046875|0.5380859375|-0.341064453125|-1.0986328125|2.44140625|0.091552734375|-0.8814770299145299|38.96128472222222|-39.915388431013426
2026-01-29 04:24:51.798331+00:00|32.57247416558778|35.79230305604898|35.167899355417774|32.56855190160269|34.0280142803507|-0.739990234375|0.53271484375|-0.33984375|-1.15966796875|2.3193359375|-0.1220703125|-1.4103632478632477|37.37462606837607|-41.44406288156288
2026-01-29 04:24:51.857173+00:00|32.56855190160269|35.788318682990905|35.17186936738955|32.564629694494556|34.03590756170394|-0.738037109375|0.53662109375|-0.342529296875|-1.15966796875|2.349853515625|0.18310546875|-1.0577724358974359|38.07980769230769|-41.10435744810745
2026-01-29 04:24:51.916041+00:00|32.56855190160269|35.796287525027026|35.163929431661415|32.58031886437499|34.0043362191164|-0.739013671875|0.53369140625|-0.33837890625|-1.15966796875|2.44140625|0.091552734375|-0.8814770299145299|39.313875534188035|-41.953621031746025
2026-01-29 04:24:51.974777+00:00|32.56855190160269|35.788318682990905|35.167899355417774|32.58031886437499|34.02012129638905|-0.737548828125|0.534423828125|-0.34033203125|-1.007080078125|2.38037109375|0.091552734375|-1.7629540598290598|37.72721688034188|-41.783768315018314
2026-01-29 04:24:52.033562+00:00|32.576396486496265|35.79230305604898|35.163929431661415|32.57247416558778|34.0280142803507|-0.73583984375|0.53564453125|-0.34423828125|-1.251220703125|2.288818359375|0.06103515625|-2.2918402777777778|39.66646634615385|-41.27421016483516
2026-01-29 04:24:52.092436+00:00|32.576396486496265|35.80824150797548|35.17186936738955|32.564629694494556|34.02406775121972|-0.740234375|0.538330078125|-0.34326171875|-1.220703125|2.532958984375|0.1220703125|-2.1155448717948717|38.4323985042735|-40.42494658119658
2026-01-29 04:24:52.151346+00:00|32.584241299270445|35.804256750940795|35.17583946762545|32.584241299270445|34.02406775121972|-0.7392578125|0.533203125|-0.340087890625|-1.007080078125|2.532958984375|0.1220703125|-1.7629540598290598|39.13758012820512|-41.10435744810745
2026-01-29 04:24:52.210190+00:00|32.58816379122925|35.8122263611279|35.17186936738955|32.59600894652374|34.0280142803507|-0.73974609375|0.53466796875|-0.335693359375|-1.3427734375|2.13623046875|0.30517578125|-0.35259081196581193|39.13758012820512|-41.10435744810745
2026-01-29 04:24:52.269019+00:00|32.59600894652374|35.796287525027026|35.17583946762545|32.59600894652374|34.04774804217641|-0.738525390625|0.5341796875|-0.34326171875|-1.129150390625|2.288818359375|-0.06103515625|-1.4103632478632477|37.72721688034188|-40.42494658119658
2026-01-29 04:24:52.327991+00:00|32.58031886437499|35.8002720899745|35.17186936738955|32.599931609952705|34.03590756170394|-0.740234375|0.537841796875|-0.335693359375|-1.3427734375|2.532958984375|-0.06103515625|-0.8814770299145299|38.256103098290595|-40.93450473137973
2026-01-29 04:24:52.386817+00:00|32.58816379122925|35.80824150797548|35.167899355417774|32.60385433063158|34.03590756170394|-0.737060546875|0.537353515625|-0.343017578125|-1.251220703125|2.288818359375|0.244140625|-0.35259081196581193|37.72721688034188|-41.44406288156288
2026-01-29 04:24:52.446141+00:00|32.60385433063158|35.81621131044761|35.167899355417774|32.59600894652374|34.01617491581095|-0.738525390625|0.535888671875|-0.339599609375|-1.15966796875|2.166748046875|-0.18310546875|0.0|38.78498931623931|-41.44406288156288
2026-01-29 04:24:52.505055+00:00|32.60385433063158|35.82418149778658|35.17583946762545|32.59600894652374|34.02012129638905|-0.74072265625|0.5380859375|-0.3349609375|-1.3427734375|2.349853515625|-0.1220703125|-1.5866586538461538|38.608693910256406|-39.57568299755799
2026-01-29 04:24:52.563968+00:00|32.61169994392583|35.81621131044761|35.17980965617426|32.61169994392583|34.03590756170394|-0.738037109375|0.536865234375|-0.34130859375|-1.251220703125|2.50244140625|-0.091552734375|-0.5288862179487179|37.55092147435897|-40.93450473137973
2026-01-29 04:24:52.622913+00:00|32.599931609952705|35.82418149778658|35.18377993308468|32.61169994392583|34.0398543140214|-0.739501953125|0.537841796875|-0.34423828125|-0.9765625|2.105712890625|0.06103515625|0.35259081196581193|37.72721688034188|-40.764652014652015
2026-01-29 04:24:52.681756+00:00|32.60777710860708|35.82418149778658|35.17980965617426|32.61169994392583|34.03196088382958|-0.7392578125|0.5361328125|-0.341064453125|-1.190185546875|2.593994140625|0.030517578125|-2.1155448717948717|38.4323985042735|-41.44406288156288
2026-01-29 04:24:52.740826+00:00|32.59600894652374|35.82019635598397|35.17980965617426|32.62346879440844|34.05169501810917|-0.73681640625|0.5341796875|-0.3427734375|-1.220703125|2.166748046875|0.18310546875|-1.0577724358974359|38.78498931623931|-41.44406288156288
2026-01-29 04:24:52.799700+00:00|32.60777710860708|35.82019635598397|35.17980965617426|32.61954578677995|34.07143101823192|-0.739013671875|0.539794921875|-0.345703125|-1.3427734375|2.593994140625|0.18310546875|-1.0577724358974359|38.4323985042735|-41.44406288156288
2026-01-29 04:24:52.858643+00:00|32.61562283663454|35.836137501286146|35.17186936738955|32.61562283663454|34.0280142803507|-0.742919921875|0.53466796875|-0.342041015625|-1.46484375|2.410888671875|0.18310546875|-0.7051816239316239|37.72721688034188|-40.42494658119658
2026-01-29 04:24:52.917459+00:00|32.62346879440844|35.836137501286146|35.187750298405376|32.61562283663454|34.0398543140214|-0.740234375|0.534912109375|-0.337646484375|-1.190185546875|2.532958984375|0.0|-1.9392494658119657|37.90351228632478|-40.25509386446887
2026-01-29 04:24:52.976247+00:00|32.61954578677995|35.836137501286146|35.18377993308468|32.62346879440844|34.05564206867575|-0.74365234375|0.534423828125|-0.33642578125|-1.312255859375|2.01416015625|-0.030517578125|-0.35259081196581193|38.78498931623931|-41.10435744810745
2026-01-29 04:24:53.035061+00:00|32.6273918595669|35.84012302864829|35.187750298405376|32.63523816266019|34.05169501810917|-0.73828125|0.537353515625|-0.3388671875|-1.15966796875|2.197265625|0.152587890625|-1.7629540598290598|38.4323985042735|-40.42494658119658
2026-01-29 04:24:53.093933+00:00|32.61169994392583|35.83215207038808|35.19172075218523|32.63523816266019|34.04774804217641|-0.739013671875|0.534423828125|-0.33935546875|-1.434326171875|2.5634765625|0.030517578125|-1.0577724358974359|37.37462606837607|-40.42494658119658
2026-01-29 04:24:53.153496+00:00|32.6273918595669|35.83215207038808|35.17980965617426|32.63523816266019|34.05169501810917|-0.73828125|0.536865234375|-0.33544921875|-1.129150390625|2.38037109375|-0.030517578125|-0.7051816239316239|38.78498931623931|-41.783768315018314
2026-01-29 04:24:53.212193+00:00|32.63523816266019|35.836137501286146|35.17980965617426|32.6273918595669|34.05169501810917|-0.736572265625|0.5380859375|-0.339111328125|-1.15966796875|2.349853515625|-0.06103515625|-0.8814770299145299|38.256103098290595|-41.953621031746025
2026-01-29 04:24:53.271028+00:00|32.6273918595669|35.85606610372787|35.19172075218523|32.64308469643311|34.05564206867575|-0.739990234375|0.53515625|-0.33935546875|-1.190185546875|2.44140625|0.0|-1.5866586538461538|38.256103098290595|-41.613915598290596
2026-01-29 04:24:53.330257+00:00|32.63916140068835|35.85606610372787|35.187750298405376|32.64308469643311|34.04380114082966|-0.7353515625|0.53515625|-0.340087890625|-1.15966796875|2.44140625|0.06103515625|-0.7051816239316239|38.78498931623931|-40.764652014652015
2026-01-29 04:24:53.389473+00:00|32.64308469643311|35.85606610372787|35.19569129447291|32.64700804994101|34.075378442681824|-0.737060546875|0.537109375|-0.339599609375|-1.0986328125|2.349853515625|0.0|-0.7051816239316239|37.72721688034188|-40.42494658119658
2026-01-29 04:24:53.448963+00:00|32.64700804994101|35.85606610372787|35.19172075218523|32.65093146125895|34.07143101823192|-0.7412109375|0.534912109375|-0.33935546875|-1.251220703125|2.13623046875|0.335693359375|-1.7629540598290598|38.78498931623931|-40.764652014652015
2026-01-29 04:24:53.507899+00:00|32.631314982301944|35.86005211415312|35.17980965617426|32.65877845751106|34.06353639390045|-0.73681640625|0.535400390625|-0.342041015625|-1.28173828125|2.410888671875|0.091552734375|-0.7051816239316239|39.13758012820512|-40.42494658119658
2026-01-29 04:24:53.566822+00:00|32.64308469643311|35.84809437296286|35.18377993308468|32.65877845751106|34.07932594205141|-0.744140625|0.5380859375|-0.33642578125|-1.220703125|2.38037109375|0.091552734375|-1.234067841880342|38.608693910256406|-41.27421016483516
2026-01-29 04:24:53.625533+00:00|32.65093146125895|35.85606610372787|35.18377993308468|32.64700804994101|34.075378442681824|-0.7412109375|0.53466796875|-0.34228515625|-0.91552734375|2.349853515625|0.1220703125|-2.1155448717948717|38.4323985042735|-40.764652014652015
2026-01-29 04:24:53.685122+00:00|32.65485493043337|35.86403822133963|35.18377993308468|32.65093146125895|34.07143101823192|-0.73876953125|0.53466796875|-0.339111328125|-1.251220703125|2.593994140625|-0.06103515625|-0.35259081196581193|38.4323985042735|-40.764652014652015
2026-01-29 04:24:53.744100+00:00|32.65877845751106|35.86802442533667|35.187750298405376|32.65877845751106|34.05958919392356|-0.740234375|0.537109375|-0.3408203125|-1.3427734375|2.25830078125|0.06103515625|-2.468135683760684|39.13758012820512|-41.44406288156288
2026-01-29 04:24:53.802899+00:00|32.66270204253868|35.86802442533667|35.19966192531717|32.67447314578794|34.075378442681824|-0.744140625|0.53759765625|-0.337646484375|-1.3427734375|2.50244140625|-0.274658203125|-0.7051816239316239|39.13758012820512|-41.10435744810745
2026-01-29 04:24:53.861862+00:00|32.66270204253868|35.87201072619399|35.187750298405376|32.66270204253868|34.075378442681824|-0.73974609375|0.53759765625|-0.3359375|-1.068115234375|2.410888671875|0.18310546875|-1.5866586538461538|37.90351228632478|-41.613915598290596
2026-01-29 04:24:53.920774+00:00|32.65485493043337|35.8759971239611|35.19569129447291|32.666625685562906|34.0832735163882|-0.74169921875|0.53564453125|-0.3388671875|-1.007080078125|2.197265625|0.0|0.0|39.13758012820512|-41.783768315018314
2026-01-29 04:24:53.979682+00:00|32.65877845751106|35.86802442533667|35.187750298405376|32.666625685562906|34.07143101823192|-0.739501953125|0.532958984375|-0.333251953125|-1.15966796875|2.288818359375|0.396728515625|-1.7629540598290598|38.4323985042735|-41.44406288156288
2026-01-29 04:24:54.038682+00:00|32.670549386630455|35.8759971239611|35.187750298405376|32.66270204253868|34.06353639390045|-0.740234375|0.534912109375|-0.33642578125|-1.434326171875|2.227783203125|0.0|-1.9392494658119657|37.90351228632478|-41.613915598290596
2026-01-29 04:24:54.097567+00:00|32.67839696308221|35.887956899216306|35.19172075218523|32.666625685562906|34.05564206867575|-0.737548828125|0.53369140625|-0.341064453125|-1.007080078125|2.38037109375|0.18310546875|-2.2918402777777778|37.19833066239316|-41.953621031746025
2026-01-29 04:24:54.156590+00:00|32.670549386630455|35.88397021042266|35.19569129447291|32.68232083855975|34.06353639390045|-0.739990234375|0.531494140625|-0.33837890625|-1.28173828125|2.3193359375|-0.06103515625|-2.1155448717948717|38.78498931623931|-41.44406288156288
2026-01-29 04:24:54.215536+00:00|32.67447314578794|35.891943685117894|35.19966192531717|32.68624477226729|34.10301251425136|-0.73876953125|0.533203125|-0.3388671875|-1.03759765625|2.166748046875|0.0|-1.234067841880342|38.608693910256406|-41.27421016483516
2026-01-29 04:24:54.274503+00:00|32.67447314578794|35.89991754844323|35.20363264476674|32.68624477226729|34.08722116574012|-0.73876953125|0.533935546875|-0.336669921875|-1.251220703125|2.44140625|0.06103515625|-2.2918402777777778|37.90351228632478|-41.27421016483516
2026-01-29 04:24:54.333484+00:00|32.670549386630455|35.88397021042266|35.19569129447291|32.68232083855975|34.07932594205141|-0.739013671875|0.54052734375|-0.339111328125|-1.434326171875|2.655029296875|0.091552734375|-1.9392494658119657|38.96128472222222|-41.27421016483516
2026-01-29 04:24:54.392618+00:00|32.68232083855975|35.88397021042266|35.19569129447291|32.6940928145595|34.11090863983674|-0.736328125|0.537841796875|-0.340576171875|-1.129150390625|2.349853515625|-0.091552734375|-1.0577724358974359|37.37462606837607|-41.783768315018314
2026-01-29 04:24:54.451396+00:00|32.690168764251666|35.90390462596605|35.187750298405376|32.68232083855975|34.0832735163882|-0.7412109375|0.538818359375|-0.341064453125|-1.312255859375|2.593994140625|0.0|-1.0577724358974359|38.07980769230769|-41.10435744810745
2026-01-29 04:24:54.510183+00:00|32.68232083855975|35.90390462596605|35.20760345287039|32.690168764251666|34.10301251425136|-0.74072265625|0.539306640625|-0.343505859375|-1.220703125|2.655029296875|0.1220703125|-0.8814770299145299|38.96128472222222|-41.27421016483516
2026-01-29 04:24:54.569597+00:00|32.68624477226729|35.907891800795085|35.19966192531717|32.70194109033224|34.08722116574012|-0.7392578125|0.536376953125|-0.340087890625|-1.373291015625|2.471923828125|0.18310546875|-2.1155448717948717|37.72721688034188|-40.08524114774115
2026-01-29 04:24:54.628988+00:00|32.690168764251666|35.90390462596605|35.20760345287039|32.6940928145595|34.08722116574012|-0.742431640625|0.534912109375|-0.33837890625|-1.190185546875|2.166748046875|0.0|-1.9392494658119657|39.313875534188035|-40.5947992979243
2026-01-29 04:24:54.687995+00:00|32.690168764251666|35.907891800795085|35.20363264476674|32.69801692323745|34.09906456436266|-0.73779296875|0.536376953125|-0.338623046875|-1.007080078125|2.38037109375|0.244140625|-1.5866586538461538|38.608693910256406|-40.25509386446887
2026-01-29 04:24:54.747260+00:00|32.690168764251666|35.91187907297996|35.20363264476674|32.70586531589055|34.11090863983674|-0.737548828125|0.537841796875|-0.336669921875|-1.220703125|2.349853515625|0.06103515625|-1.5866586538461538|38.608693910256406|-40.93450473137973
2026-01-29 04:24:54.806352+00:00|32.690168764251666|35.90390462596605|35.19966192531717|32.70194109033224|34.106960539393526|-0.741455078125|0.536376953125|-0.338623046875|-1.190185546875|2.349853515625|0.0|-0.7051816239316239|38.78498931623931|-41.783768315018314
2026-01-29 04:24:54.865621+00:00|32.69801692323745|35.907891800795085|35.19966192531717|32.70194109033224|34.10301251425136|-0.739501953125|0.537841796875|-0.3359375|-1.373291015625|2.197265625|-0.030517578125|-1.4103632478632477|38.4323985042735|-42.12347374847374
2026-01-29 04:24:54.924792+00:00|32.70194109033224|35.923841474165044|35.19966192531717|32.69801692323745|34.09906456436266|-0.739990234375|0.535888671875|-0.335693359375|-1.15966796875|2.25830078125|0.030517578125|-1.234067841880342|38.256103098290595|-40.5947992979243
2026-01-29 04:24:54.984017+00:00|32.70586531589055|35.931816895976795|35.20760345287039|32.70194109033224|34.08722116574012|-0.739501953125|0.53369140625|-0.34033203125|-1.220703125|2.25830078125|-0.244140625|-0.5288862179487179|39.66646634615385|-41.953621031746025
2026-01-29 04:24:55.042761+00:00|32.70978959995921|35.931816895976795|35.20760345287039|32.70978959995921|34.106960539393526|-0.740478515625|0.53662109375|-0.343505859375|-1.068115234375|2.471923828125|-0.18310546875|-1.5866586538461538|38.256103098290595|-41.27421016483516
2026-01-29 04:24:55.101854+00:00|32.71371394258466|35.931816895976795|35.20363264476674|32.717638343813974|34.09906456436266|-0.74072265625|0.53369140625|-0.33740234375|-0.885009765625|2.38037109375|0.06103515625|-1.4103632478632477|37.72721688034188|-41.10435744810745
2026-01-29 04:24:55.160609+00:00|32.70978959995921|35.939792708402024|35.20363264476674|32.717638343813974|34.106960539393526|-0.73876953125|0.536865234375|-0.336181640625|-1.312255859375|2.197265625|0.0|-1.234067841880342|38.608693910256406|-41.27421016483516
2026-01-29 04:24:55.219231+00:00|32.70978959995921|35.939792708402024|35.21554533523516|32.717638343813974|34.11090863983674|-0.741943359375|0.5400390625|-0.34033203125|-1.220703125|2.13623046875|-0.030517578125|-2.1155448717948717|38.4323985042735|-40.08524114774115
2026-01-29 04:24:55.278673+00:00|32.72156280369347|35.93580475333795|35.19966192531717|32.717638343813974|34.091168890154734|-0.739990234375|0.537353515625|-0.33984375|-1.03759765625|2.50244140625|0.091552734375|-1.0577724358974359|39.13758012820512|-41.44406288156288
2026-01-29 04:24:55.337824+00:00|32.717638343813974|35.947768911837784|35.20760345287039|32.717638343813974|34.1148568156288|-0.742431640625|0.538330078125|-0.33544921875|-1.03759765625|2.01416015625|-0.244140625|-1.0577724358974359|37.37462606837607|-40.764652014652015
2026-01-29 04:24:55.397478+00:00|32.729411899590616|35.95175716030866|35.211574349676994|32.72156280369347|34.09511668967963|-0.7373046875|0.536865234375|-0.338623046875|-1.15966796875|2.44140625|0.1220703125|-1.234067841880342|39.66646634615385|-40.5947992979243
2026-01-29 04:24:55.456630+00:00|32.72156280369347|35.947768911837784|35.21951640959378|32.729411899590616|34.09906456436266|-0.73779296875|0.53466796875|-0.3447265625|-0.946044921875|2.44140625|-0.091552734375|-0.35259081196581193|38.78498931623931|-41.10435744810745
2026-01-29 04:24:55.515763+00:00|32.729411899590616|35.96372249332887|35.21554533523516|32.733336535701596|34.11880506681746|-0.7412109375|0.534912109375|-0.339599609375|-1.434326171875|2.3193359375|-0.1220703125|-1.4103632478632477|38.07980769230769|-40.764652014652015
2026-01-29 04:24:55.574918+00:00|32.729411899590616|35.96372249332887|35.21951640959378|32.74903566898536|34.091168890154734|-0.74072265625|0.53857421875|-0.34423828125|-1.190185546875|2.410888671875|0.030517578125|-1.234067841880342|40.01905715811966|-40.5947992979243
2026-01-29 04:24:55.634041+00:00|32.733336535701596|35.96771113370369|35.21554533523516|32.72548732227017|34.12670179557489|-0.740234375|0.535888671875|-0.335205078125|-1.007080078125|2.50244140625|-0.030517578125|-0.5288862179487179|38.96128472222222|-41.27421016483516
2026-01-29 04:24:55.692878+00:00|32.72156280369347|35.96372249332887|35.223487572801446|32.74118598448206|34.12275339345018|-0.74072265625|0.536376953125|-0.34326171875|-1.312255859375|2.0751953125|-0.213623046875|-0.7051816239316239|38.4323985042735|-41.10435744810745
2026-01-29 04:24:55.752556+00:00|32.72548732227017|35.95973395100458|35.20760345287039|32.73726123064989|34.12670179557489|-0.73583984375|0.53662109375|-0.340576171875|-1.556396484375|2.3193359375|-0.18310546875|-0.17629540598290597|38.96128472222222|-41.27421016483516
2026-01-29 04:24:55.811621+00:00|32.733336535701596|35.971699872178476|35.211574349676994|32.73726123064989|34.10301251425136|-0.73974609375|0.53857421875|-0.335205078125|-1.15966796875|2.227783203125|-0.244140625|-1.5866586538461538|38.608693910256406|-42.6330318986569
2026-01-29 04:24:55.870684+00:00|32.74118598448206|35.97568870880315|35.21951640959378|32.73726123064989|34.1148568156288|-0.742431640625|0.5419921875|-0.335205078125|-1.28173828125|2.44140625|-0.030517578125|-1.234067841880342|37.55092147435897|-39.23597756410256
2026-01-29 04:24:55.929648+00:00|32.74511079724499|35.98366667670035|35.223487572801446|32.752960599749656|34.12275339345018|-0.734619140625|0.53369140625|-0.342529296875|-1.28173828125|2.410888671875|0.030517578125|-1.5866586538461538|38.608693910256406|-41.27421016483516
2026-01-29 04:24:55.988769+00:00|32.74511079724499|35.98366667670035|35.21951640959378|32.74903566898536|34.12670179557489|-0.740478515625|0.539306640625|-0.337646484375|-1.15966796875|2.3193359375|0.1220703125|-1.5866586538461538|37.19833066239316|-40.93450473137973
2026-01-29 04:24:56.047816+00:00|32.752960599749656|35.987655808072304|35.223487572801446|32.74903566898536|34.12275339345018|-0.738525390625|0.534423828125|-0.341796875|-1.312255859375|2.410888671875|0.1220703125|-0.35259081196581193|38.4323985042735|-41.783768315018314
2026-01-29 04:24:56.106897+00:00|32.73726123064989|35.987655808072304|35.223487572801446|32.74511079724499|34.12275339345018|-0.738525390625|0.535888671875|-0.33837890625|-1.28173828125|2.50244140625|0.152587890625|-2.8207264957264955|39.49017094017094|-40.08524114774115
2026-01-29 04:24:56.165955+00:00|32.73726123064989|35.97568870880315|35.211574349676994|32.752960599749656|34.11090863983674|-0.736083984375|0.53173828125|-0.34228515625|-1.251220703125|2.410888671875|-0.030517578125|-1.4103632478632477|38.4323985042735|-41.783768315018314
2026-01-29 04:24:56.224883+00:00|32.752960599749656|35.98366667670035|35.21951640959378|32.74511079724499|34.106960539393526|-0.735107421875|0.53662109375|-0.338134765625|-1.28173828125|2.3193359375|0.06103515625|-1.0577724358974359|37.72721688034188|-41.10435744810745
2026-01-29 04:24:56.283894+00:00|32.74903566898536|35.99164503779264|35.223487572801446|32.74903566898536|34.11880506681746|-0.742431640625|0.536865234375|-0.341552734375|-1.251220703125|2.410888671875|0.1220703125|-2.2918402777777778|39.313875534188035|-41.953621031746025
2026-01-29 04:24:56.343097+00:00|32.752960599749656|35.99164503779264|35.223487572801446|32.752960599749656|34.11090863983674|-0.740478515625|0.53466796875|-0.33740234375|-1.28173828125|2.349853515625|-0.213623046875|-0.5288862179487179|37.19833066239316|-41.27421016483516
2026-01-29 04:24:56.402300+00:00|32.76473574665533|35.99563436591109|35.223487572801446|32.76473574665533|34.11880506681746|-0.739501953125|0.53662109375|-0.34130859375|-1.220703125|2.38037109375|0.1220703125|-1.4103632478632477|38.07980769230769|-41.44406288156288
2026-01-29 04:24:56.460942+00:00|32.768660913983695|35.99962379247745|35.223487572801446|32.76473574665533|34.12275339345018|-0.74169921875|0.533935546875|-0.34033203125|-1.312255859375|1.953125|0.091552734375|-1.0577724358974359|38.78498931623931|-40.42494658119658
2026-01-29 04:24:56.519720+00:00|32.75688558958507|36.003613317541294|35.235401596007534|32.768660913983695|34.12275339345018|-0.739501953125|0.538818359375|-0.342041015625|-1.373291015625|2.685546875|-0.030517578125|-0.7051816239316239|37.72721688034188|-40.764652014652015
2026-01-29 04:24:56.578451+00:00|32.75688558958507|35.99164503779264|35.21951640959378|32.7725861405699|34.1345988264909|-0.739990234375|0.53125|-0.3408203125|-1.007080078125|2.471923828125|0.0|-2.64443108974359|39.313875534188035|-41.27421016483516
2026-01-29 04:24:56.637217+00:00|32.7725861405699|36.01159266336032|35.223487572801446|32.76081063853803|34.106960539393526|-0.73828125|0.539794921875|-0.334716796875|-1.40380859375|2.44140625|0.091552734375|-0.8814770299145299|37.90351228632478|-41.613915598290596
2026-01-29 04:24:56.696027+00:00|32.7725861405699|36.01159266336032|35.23143016595958|32.768660913983695|34.11880506681746|-0.73583984375|0.538818359375|-0.337158203125|-1.46484375|2.655029296875|-0.091552734375|-1.4103632478632477|38.78498931623931|-40.764652014652015
2026-01-29 04:24:56.754958+00:00|32.7725861405699|36.015582484214974|35.23143016595958|32.780436771702796|34.13065027323921|-0.73974609375|0.5341796875|-0.347900390625|-1.251220703125|2.349853515625|0.152587890625|-1.4103632478632477|39.13758012820512|-41.10435744810745
2026-01-29 04:24:56.813813+00:00|32.768660913983695|36.015582484214974|35.223487572801446|32.780436771702796|34.13854745537765|-0.738525390625|0.539794921875|-0.33837890625|-1.190185546875|2.3193359375|0.030517578125|-0.7051816239316239|38.4323985042735|-41.10435744810745
2026-01-29 04:24:56.872707+00:00|32.768660913983695|36.015582484214974|35.23143016595958|32.78436217634294|34.15434272822972|-0.74072265625|0.532958984375|-0.35009765625|-0.885009765625|2.3193359375|0.244140625|-0.8814770299145299|38.608693910256406|-41.27421016483516
2026-01-29 04:24:56.931580+00:00|32.76473574665533|36.015582484214974|35.22745882490716|32.780436771702796|34.14644494024719|-0.7392578125|0.532958984375|-0.34033203125|-1.3427734375|2.5634765625|0.18310546875|-0.8814770299145299|39.66646634615385|-40.93450473137973
2026-01-29 04:24:56.990455+00:00|32.78436217634294|36.015582484214974|35.22745882490716|32.780436771702796|34.14249615994726|-0.740966796875|0.536865234375|-0.344970703125|-1.129150390625|2.471923828125|-0.06103515625|-0.8814770299145299|37.55092147435897|-40.25509386446887
2026-01-29 04:24:57.049147+00:00|32.788287640427825|36.03553306992785|35.239373115099795|32.780436771702796|34.1345988264909|-0.737060546875|0.535888671875|-0.341796875|-1.15966796875|2.349853515625|0.091552734375|-0.7051816239316239|39.84276175213675|-40.764652014652015
2026-01-29 04:24:57.107866+00:00|32.780436771702796|36.031542755094165|35.239373115099795|32.788287640427825|34.14249615994726|-0.740234375|0.5361328125|-0.341796875|-1.068115234375|2.3193359375|-0.152587890625|-2.1155448717948717|37.37462606837607|-40.764652014652015
2026-01-29 04:24:57.166492+00:00|32.788287640427825|36.03553306992785|35.239373115099795|32.780436771702796|34.13854745537765|-0.743896484375|0.535400390625|-0.33447265625|-1.03759765625|2.25830078125|-0.1220703125|-2.1155448717948717|38.4323985042735|-40.42494658119658
2026-01-29 04:24:57.225307+00:00|32.78436217634294|36.03952348370649|35.24731642061249|32.788287640427825|34.1345988264909|-0.74072265625|0.53955078125|-0.33837890625|-0.8544921875|2.166748046875|0.0|-1.0577724358974359|38.07980769230769|-41.783768315018314
2026-01-29 04:24:57.284107+00:00|32.788287640427825|36.031542755094165|35.235401596007534|32.79221316400441|34.14644494024719|-0.738525390625|0.53759765625|-0.338623046875|-1.220703125|2.105712890625|-0.213623046875|-1.7629540598290598|38.07980769230769|-41.10435744810745
2026-01-29 04:24:57.342682+00:00|32.79221316400441|36.04351399647982|35.23143016595958|32.788287640427825|34.13065027323921|-0.7412109375|0.53271484375|-0.337646484375|-0.91552734375|2.227783203125|-0.030517578125|-1.234067841880342|39.313875534188035|-40.93450473137973
2026-01-29 04:24:57.401758+00:00|32.79613874711913|36.05149531920995|35.24334472328519|32.79221316400441|34.13065027323921|-0.738037109375|0.53662109375|-0.33544921875|-1.28173828125|2.349853515625|0.0|-1.7629540598290598|38.4323985042735|-41.783768315018314
2026-01-29 04:24:57.460279+00:00|32.79613874711913|36.047504608297686|35.24334472328519|32.80006438981911|34.150393796325545|-0.7412109375|0.53564453125|-0.342041015625|-1.15966796875|2.166748046875|0.091552734375|-1.4103632478632477|38.07980769230769|-41.44406288156288
2026-01-29 04:24:57.519798+00:00|32.788287640427825|36.05947703851598|35.239373115099795|32.80006438981911|34.15829173600764|-0.74072265625|0.533203125|-0.335693359375|-0.91552734375|2.349853515625|-0.030517578125|-1.234067841880342|37.90351228632478|-41.27421016483516
2026-01-29 04:24:57.578743+00:00|32.79613874711913|36.05149531920995|35.24334472328519|32.80791585416114|34.15434272822972|-0.743896484375|0.53662109375|-0.339599609375|-1.03759765625|2.410888671875|0.06103515625|-1.234067841880342|37.90351228632478|-41.613915598290596
2026-01-29 04:24:57.637616+00:00|32.788287640427825|36.05149531920995|35.24334472328519|32.80791585416114|34.166189979375645|-0.73876953125|0.532958984375|-0.34228515625|-1.15966796875|2.0751953125|-0.152587890625|-1.5866586538461538|38.608693910256406|-40.93450473137973
2026-01-29 04:24:57.696587+00:00|32.79613874711913|36.047504608297686|35.23143016595958|32.8039900921508|34.15829173600764|-0.738525390625|0.536865234375|-0.3388671875|-1.0986328125|2.3193359375|0.0|-1.0577724358974359|38.07980769230769|-42.463179181929185
2026-01-29 04:24:57.755733+00:00|32.79613874711913|36.05149531920995|35.235401596007534|32.8039900921508|34.13065027323921|-0.7412109375|0.5390625|-0.336181640625|-1.068115234375|2.38037109375|0.091552734375|-2.2918402777777778|37.55092147435897|-41.953621031746025
2026-01-29 04:24:57.814631+00:00|32.811841675896744|36.05947703851598|35.24334472328519|32.80791585416114|34.150393796325545|-0.740478515625|0.537109375|-0.33544921875|-1.3427734375|2.227783203125|-0.030517578125|-0.8814770299145299|39.313875534188035|-40.93450473137973
2026-01-29 04:24:57.873601+00:00|32.81576755740457|36.06745915479627|35.24731642061249|32.81576755740457|34.15829173600764|-0.740234375|0.53564453125|-0.339111328125|-1.220703125|2.410888671875|-0.213623046875|-1.5866586538461538|37.55092147435897|-41.27421016483516
2026-01-29 04:24:57.932738+00:00|32.81576755740457|36.06745915479627|35.24731642061249|32.81576755740457|34.16224081970705|-0.740234375|0.532470703125|-0.341552734375|-1.129150390625|2.685546875|0.030517578125|-0.7051816239316239|37.37462606837607|-40.08524114774115
2026-01-29 04:24:57.991693+00:00|32.80791585416114|36.06745915479627|35.24731642061249|32.81576755740457|34.166189979375645|-0.73828125|0.536376953125|-0.33642578125|-1.190185546875|2.25830078125|0.06103515625|-1.4103632478632477|38.07980769230769|-40.764652014652015
2026-01-29 04:24:58.050500+00:00|32.8039900921508|36.06745915479627|35.24731642061249|32.823619499923495|34.17803791467372|-0.74072265625|0.534912109375|-0.339111328125|-1.251220703125|2.62451171875|0.18310546875|-0.7051816239316239|38.07980769230769|-40.42494658119658
2026-01-29 04:24:58.109525+00:00|32.81576755740457|36.05947703851598|35.239373115099795|32.81576755740457|34.181987378696476|-0.739013671875|0.536865234375|-0.337158203125|-1.15966796875|2.471923828125|-0.06103515625|-1.9392494658119657|38.256103098290595|-40.25509386446887
2026-01-29 04:24:58.168376+00:00|32.81969349873117|36.07943307441445|35.239373115099795|32.81576755740457|34.13854745537765|-0.73876953125|0.537353515625|-0.3369140625|-1.220703125|2.166748046875|0.0|-0.35259081196581193|36.669444444444444|-41.10435744810745
2026-01-29 04:24:58.227568+00:00|32.823619499923495|36.07145036192611|35.25526008288813|32.82754556102833|34.15829173600764|-0.73583984375|0.5380859375|-0.343505859375|-1.312255859375|2.166748046875|-0.244140625|-1.5866586538461538|38.256103098290595|-41.613915598290596
2026-01-29 04:24:58.286638+00:00|32.82754556102833|36.075441668449|35.25526008288813|32.83147168209223|34.181987378696476|-0.739501953125|0.536865234375|-0.340576171875|-1.495361328125|2.13623046875|0.091552734375|-1.4103632478632477|38.4323985042735|-41.44406288156288
2026-01-29 04:24:58.345788+00:00|32.83147168209223|36.087416184872836|35.25526008288813|32.83539786316214|34.166189979375645|-0.739990234375|0.534423828125|-0.33984375|-1.03759765625|2.44140625|-0.06103515625|-1.0577724358974359|37.72721688034188|-40.08524114774115
2026-01-29 04:24:58.404871+00:00|32.81969349873117|36.0834245798726|35.25128820713053|32.83539786316214|34.185936918927155|-0.741943359375|0.537109375|-0.345947265625|-1.007080078125|2.5634765625|0.06103515625|-2.468135683760684|38.4323985042735|-41.10435744810745
2026-01-29 04:24:58.463953+00:00|32.823619499923495|36.07943307441445|35.25923204793406|32.83147168209223|34.174088526811204|-0.738525390625|0.5361328125|-0.336669921875|-1.52587890625|2.25830078125|0.06103515625|-1.5866586538461538|39.313875534188035|-42.29332646520146
2026-01-29 04:24:58.523166+00:00|32.82754556102833|36.07943307441445|35.24334472328519|32.82754556102833|34.15829173600764|-0.740234375|0.5380859375|-0.337646484375|-1.0986328125|2.25830078125|0.091552734375|-0.8814770299145299|38.608693910256406|-39.915388431013426
2026-01-29 04:24:58.582568+00:00|32.83147168209223|36.09140788946519|35.24731642061249|32.83147168209223|34.14249615994726|-0.7392578125|0.531982421875|-0.341796875|-1.15966796875|2.38037109375|0.152587890625|0.17629540598290597|38.608693910256406|-40.25509386446887
2026-01-29 04:24:58.641752+00:00|32.83539786316214|36.087416184872836|35.25128820713053|32.83147168209223|34.15829173600764|-0.730712890625|0.538818359375|-0.3388671875|-0.9765625|2.227783203125|-0.030517578125|-0.5288862179487179|39.313875534188035|-40.93450473137973
2026-01-29 04:24:58.701083+00:00|32.84325040550698|36.087416184872836|35.25128820713053|32.83539786316214|34.174088526811204|-0.73681640625|0.536376953125|-0.33642578125|-1.0986328125|2.44140625|0.030517578125|-0.8814770299145299|37.55092147435897|-41.613915598290596
2026-01-29 04:24:58.760212+00:00|32.83932410428474|36.07943307441445|35.25526008288813|32.84325040550698|34.18988653541351|-0.738037109375|0.534423828125|-0.3369140625|-1.129150390625|2.410888671875|0.152587890625|-1.4103632478632477|37.022035256410255|-40.42494658119658
2026-01-29 04:24:58.818994+00:00|32.84717676687552|36.09140788946519|35.25526008288813|32.83932410428474|34.166189979375645|-0.739013671875|0.536865234375|-0.34423828125|-1.129150390625|2.227783203125|0.1220703125|-1.4103632478632477|38.07980769230769|-40.42494658119658
2026-01-29 04:24:58.878699+00:00|32.83539786316214|36.09140788946519|35.25526008288813|32.84717676687552|34.174088526811204|-0.739990234375|0.54150390625|-0.334716796875|-1.068115234375|2.166748046875|-0.244140625|-0.7051816239316239|38.78498931623931|-40.42494658119658
2026-01-29 04:24:58.938512+00:00|32.84325040550698|36.09140788946519|35.25923204793406|32.85110318843715|34.20568576487119|-0.739013671875|0.53369140625|-0.341552734375|-1.15966796875|2.50244140625|0.30517578125|-1.4103632478632477|37.37462606837607|-40.42494658119658
2026-01-29 04:24:58.997511+00:00|32.83539786316214|36.0834245798726|35.25923204793406|32.85110318843715|34.185936918927155|-0.74365234375|0.537109375|-0.3427734375|-1.251220703125|2.62451171875|0.152587890625|-1.5866586538461538|38.608693910256406|-41.953621031746025
2026-01-29 04:24:59.056493+00:00|32.84717676687552|36.087416184872836|35.25128820713053|32.84717676687552|34.1977859973444|-0.738037109375|0.534423828125|-0.336181640625|-1.129150390625|2.13623046875|0.06103515625|-1.5866586538461538|37.55092147435897|-40.5947992979243
2026-01-29 04:24:59.115788+00:00|32.85502967023865|36.09939159762547|35.25526008288813|32.84325040550698|34.174088526811204|-0.7412109375|0.5341796875|-0.3388671875|-1.190185546875|2.62451171875|0.030517578125|-1.234067841880342|39.313875534188035|-41.613915598290596
2026-01-29 04:24:59.174910+00:00|32.85502967023865|36.09140788946519|35.25526008288813|32.85502967023865|34.18988653541351|-0.737548828125|0.53369140625|-0.3388671875|-1.373291015625|2.0751953125|0.30517578125|-1.234067841880342|39.313875534188035|-41.953621031746025
2026-01-29 04:24:59.234437+00:00|32.85502967023865|36.09140788946519|35.26717624608608|32.8589562123268|34.185936918927155|-0.743896484375|0.53466796875|-0.337646484375|-1.495361328125|2.38037109375|0.0|-2.2918402777777778|38.256103098290595|-41.27421016483516
2026-01-29 04:24:59.293670+00:00|32.85110318843715|36.09939159762547|35.26717624608608|32.866809477550476|34.19383622820328|-0.73974609375|0.533447265625|-0.337646484375|-1.3427734375|2.44140625|-0.091552734375|-1.0577724358974359|38.4323985042735|-41.10435744810745
2026-01-29 04:24:59.353511+00:00|32.8628828147485|36.09939159762547|35.26717624608608|32.87073620077945|34.19383622820328|-0.740966796875|0.537841796875|-0.3427734375|-1.0986328125|2.50244140625|0.1220703125|-3.1733173076923076|37.72721688034188|-40.764652014652015
2026-01-29 04:24:59.412925+00:00|32.8628828147485|36.09939159762547|35.27114847928999|32.87466298448231|34.19383622820328|-0.738037109375|0.533935546875|-0.340087890625|-1.068115234375|2.716064453125|0.1220703125|-1.234067841880342|37.90351228632478|-40.5947992979243
2026-01-29 04:24:59.472457+00:00|32.8628828147485|36.09140788946519|35.26717624608608|32.866809477550476|34.20568576487119|-0.739990234375|0.5400390625|-0.337890625|-1.068115234375|2.44140625|0.091552734375|-2.468135683760684|39.13758012820512|-41.44406288156288
2026-01-29 04:24:59.531510+00:00|32.85502967023865|36.087416184872836|35.25526008288813|32.87073620077945|34.20568576487119|-0.73779296875|0.53515625|-0.340087890625|-1.312255859375|2.227783203125|0.06103515625|-2.9970219017094015|37.19833066239316|-41.27421016483516
2026-01-29 04:24:59.590721+00:00|32.8628828147485|36.09140788946519|35.25923204793406|32.866809477550476|34.20173584288443|-0.73779296875|0.534912109375|-0.342529296875|-1.129150390625|2.25830078125|0.18310546875|-0.5288862179487179|38.96128472222222|-41.613915598290596
2026-01-29 04:24:59.649926+00:00|32.866809477550476|36.10338360129305|35.26320410231705|32.85110318843715|34.20173584288443|-0.74072265625|0.53662109375|-0.338623046875|-1.373291015625|2.288818359375|-0.06103515625|-1.5866586538461538|37.55092147435897|-39.57568299755799
2026-01-29 04:24:59.709163+00:00|32.87073620077945|36.09939159762547|35.275120801977664|32.87466298448231|34.1977859973444|-0.740234375|0.53857421875|-0.342041015625|-1.251220703125|2.349853515625|0.06103515625|-0.7051816239316239|38.78498931623931|-40.42494658119658
2026-01-29 04:24:59.768332+00:00|32.87073620077945|36.095399693699505|35.26717624608608|32.87466298448231|34.21753598998998|-0.74365234375|0.536865234375|-0.343017578125|-1.0986328125|2.3193359375|0.0|-0.7051816239316239|38.78498931623931|-41.783768315018314
2026-01-29 04:24:59.827508+00:00|32.87858982870591|36.09939159762547|35.27114847928999|32.88251673349697|34.21753598998998|-0.73974609375|0.5380859375|-0.342529296875|-1.129150390625|2.38037109375|0.1220703125|-1.5866586538461538|38.256103098290595|-41.27421016483516
2026-01-29 04:24:59.886223+00:00|32.87858982870591|36.10338360129305|35.27114847928999|32.87858982870591|34.22148621824175|-0.743408203125|0.534423828125|-0.338134765625|-1.3427734375|2.38037109375|0.152587890625|-0.8814770299145299|38.256103098290595|-41.953621031746025
2026-01-29 04:24:59.945295+00:00|32.87073620077945|36.09140788946519|35.26717624608608|32.88644369890221|34.2254365231791|-0.739013671875|0.5341796875|-0.339111328125|-1.251220703125|2.471923828125|0.274658203125|-2.64443108974359|38.608693910256406|-41.953621031746025
2026-01-29 04:25:00.004292+00:00|32.87858982870591|36.095399693699505|35.25923204793406|32.87858982870591|34.21358583837616|-0.74072265625|0.5341796875|-0.343505859375|-1.15966796875|2.38037109375|-0.030517578125|-1.234067841880342|40.01905715811966|-39.915388431013426
2026-01-29 04:25:00.063796+00:00|32.89037072496865|36.10338360129305|35.26320410231705|32.88251673349697|34.20173584288443|-0.739501953125|0.53564453125|-0.343505859375|-0.946044921875|2.410888671875|-0.030517578125|-0.8814770299145299|38.256103098290595|-41.613915598290596
2026-01-29 04:25:00.122961+00:00|32.89037072496865|36.10338360129305|35.275120801977664|32.88251673349697|34.20963576335254|-0.7373046875|0.53515625|-0.3349609375|-1.3427734375|2.532958984375|-0.152587890625|-1.4103632478632477|38.78498931623931|-40.08524114774115
2026-01-29 04:25:00.182746+00:00|32.894297811742945|36.10737570475197|35.27114847928999|32.89822495927194|34.20963576335254|-0.7392578125|0.53466796875|-0.34033203125|-1.190185546875|2.349853515625|-0.091552734375|-2.1155448717948717|38.07980769230769|-40.42494658119658
2026-01-29 04:25:00.242148+00:00|32.894297811742945|36.095399693699505|35.275120801977664|32.90215216760248|34.24123851074171|-0.73828125|0.5361328125|-0.343994140625|-1.251220703125|2.044677734375|0.1220703125|-0.7051816239316239|38.4323985042735|-42.12347374847374
2026-01-29 04:25:00.301798+00:00|32.89037072496865|36.10338360129305|35.27114847928999|32.89822495927194|34.20568576487119|-0.740234375|0.53466796875|-0.338623046875|-1.129150390625|2.349853515625|-0.244140625|-1.9392494658119657|38.96128472222222|-41.613915598290596
2026-01-29 04:25:00.360657+00:00|32.894297811742945|36.10737570475197|35.275120801977664|32.89822495927194|34.21358583837616|-0.739990234375|0.538818359375|-0.336181640625|-1.312255859375|2.62451171875|-0.030517578125|-2.1155448717948717|39.13758012820512|-40.42494658119658
2026-01-29 04:25:00.420644+00:00|32.88644369890221|36.10338360129305|35.2790932141977|32.91000676685536|34.21753598998998|-0.740234375|0.5361328125|-0.33447265625|-1.190185546875|2.593994140625|-0.091552734375|-1.7629540598290598|38.78498931623931|-41.44406288156288
2026-01-29 04:25:00.480521+00:00|32.89037072496865|36.10338360129305|35.2790932141977|32.91000676685536|34.23333736330227|-0.741455078125|0.532958984375|-0.344970703125|-1.129150390625|2.3193359375|0.06103515625|-1.234067841880342|37.55092147435897|-41.27421016483516
2026-01-29 04:25:00.539745+00:00|32.89037072496865|36.10338360129305|35.2790932141977|32.91000676685536|34.2254365231791|-0.73291015625|0.537109375|-0.337646484375|-1.03759765625|2.25830078125|0.0|-1.5866586538461538|39.313875534188035|-41.613915598290596
2026-01-29 04:25:00.599122+00:00|32.90607943678128|36.09140788946519|35.275120801977664|32.90215216760248|34.22148621824175|-0.737548828125|0.532958984375|-0.34326171875|-1.3427734375|2.3193359375|0.06103515625|-1.4103632478632477|37.72721688034188|-41.783768315018314
2026-01-29 04:25:00.658281+00:00|32.91000676685536|36.10338360129305|35.275120801977664|32.90215216760248|34.2254365231791|-0.73779296875|0.533935546875|-0.3359375|-0.946044921875|2.593994140625|0.030517578125|-0.8814770299145299|37.55092147435897|-40.5947992979243
2026-01-29 04:25:00.717259+00:00|32.90607943678128|36.1113679080521|35.283065715999044|32.91000676685536|34.23333736330227|-0.739501953125|0.5322265625|-0.33984375|-1.3427734375|2.50244140625|0.0|-2.1155448717948717|40.19535256410256|-41.44406288156288
2026-01-29 04:25:00.776176+00:00|32.917861609876354|36.10338360129305|35.2790932141977|32.92178912291678|34.245189199824665|-0.741943359375|0.535400390625|-0.34033203125|-1.220703125|2.349853515625|-0.091552734375|-2.2918402777777778|37.55092147435897|-40.25509386446887
2026-01-29 04:25:00.835264+00:00|32.91000676685536|36.10338360129305|35.28703830743058|32.917861609876354|34.2530908089559|-0.737548828125|0.534912109375|-0.339111328125|-1.190185546875|2.3193359375|0.0|-2.1155448717948717|38.4323985042735|-40.764652014652015
2026-01-29 04:25:00.894197+00:00|32.91393415787138|36.10737570475197|35.283065715999044|32.925716697039775|34.22938690485|-0.738525390625|0.536376953125|-0.340087890625|-1.0986328125|2.13623046875|0.0|-1.9392494658119657|38.256103098290595|-40.25509386446887
2026-01-29 04:25:00.953279+00:00|32.90607943678128|36.09140788946519|35.283065715999044|32.92178912291678|34.23333736330227|-0.74169921875|0.53369140625|-0.343994140625|-1.03759765625|2.349853515625|0.1220703125|-1.0577724358974359|38.78498931623931|-40.42494658119658
2026-01-29 04:25:01.012367+00:00|32.92178912291678|36.09939159762547|35.275120801977664|32.91393415787138|34.24123851074171|-0.736083984375|0.53515625|-0.339111328125|-1.15966796875|2.655029296875|0.30517578125|-2.1155448717948717|38.78498931623931|-41.783768315018314
2026-01-29 04:25:01.070803+00:00|32.917861609876354|36.10737570475197|35.2790932141977|32.917861609876354|34.245189199824665|-0.73876953125|0.5361328125|-0.341552734375|-1.28173828125|2.410888671875|0.152587890625|-0.7051816239316239|38.07980769230769|-42.12347374847374
2026-01-29 04:25:01.129876+00:00|32.92178912291678|36.1113679080521|35.29101098854113|32.93357202872039|34.22148621824175|-0.739990234375|0.538330078125|-0.335693359375|-1.312255859375|2.50244140625|0.030517578125|-0.5288862179487179|39.313875534188035|-40.5947992979243
2026-01-29 04:25:01.188927+00:00|32.92964433229207|36.10338360129305|35.28703830743058|32.92964433229207|34.245189199824665|-0.739013671875|0.5361328125|-0.3349609375|-1.190185546875|2.227783203125|-0.030517578125|-0.8814770299145299|39.66646634615385|-41.953621031746025
2026-01-29 04:25:01.247918+00:00|32.93357202872039|36.10737570475197|35.29498375937965|32.92178912291678|34.2530908089559|-0.736083984375|0.538330078125|-0.341064453125|-1.3427734375|2.288818359375|-0.030517578125|-0.7051816239316239|39.13758012820512|-40.42494658119658
2026-01-29 04:25:01.306910+00:00|32.92178912291678|36.10737570475197|35.29498375937965|32.9374997863718|34.24913996588015|-0.7392578125|0.537353515625|-0.339599609375|-1.129150390625|2.410888671875|0.06103515625|-2.468135683760684|36.669444444444444|-41.44406288156288
2026-01-29 04:25:01.366114+00:00|32.925716697039775|36.095399693699505|35.28703830743058|32.941427605293086|34.2530908089559|-0.740234375|0.5390625|-0.33935546875|-1.251220703125|2.38037109375|0.213623046875|0.0|39.13758012820512|-40.764652014652015
2026-01-29 04:25:01.425058+00:00|32.92964433229207|36.09939159762547|35.28703830743058|32.93357202872039|34.24123851074171|-0.740478515625|0.536376953125|-0.342041015625|-1.03759765625|2.288818359375|-0.06103515625|-1.234067841880342|37.90351228632478|-41.27421016483516
2026-01-29 04:25:01.483585+00:00|32.941427605293086|36.10737570475197|35.29101098854113|32.9374997863718|34.2254365231791|-0.739990234375|0.5390625|-0.3369140625|-1.03759765625|2.62451171875|0.030517578125|-1.9392494658119657|37.55092147435897|-40.25509386446887
2026-01-29 04:25:01.542350+00:00|32.941427605293086|36.10338360129305|35.29895661999478|32.94928342713234|34.260992726359746|-0.734619140625|0.537353515625|-0.340087890625|-1.434326171875|2.62451171875|0.030517578125|-0.17629540598290597|38.608693910256406|-41.27421016483516
2026-01-29 04:25:01.601203+00:00|32.9374997863718|36.10338360129305|35.29498375937965|32.94928342713234|34.27284618131387|-0.739501953125|0.53564453125|-0.34228515625|-1.220703125|2.227783203125|-0.06103515625|-1.4103632478632477|37.37462606837607|-40.42494658119658
2026-01-29 04:25:01.659932+00:00|32.9374997863718|36.10737570475197|35.29895661999478|32.94535548553091|34.245189199824665|-0.737060546875|0.537353515625|-0.340087890625|-1.3427734375|2.25830078125|0.274658203125|-1.4103632478632477|39.49017094017094|-41.783768315018314
2026-01-29 04:25:01.718773+00:00|32.93357202872039|36.09140788946519|35.29498375937965|32.95321143014411|34.2530908089559|-0.7373046875|0.5390625|-0.34033203125|-1.373291015625|2.25830078125|0.1220703125|-0.7051816239316239|37.37462606837607|-42.12347374847374
2026-01-29 04:25:01.777603+00:00|32.94535548553091|36.09939159762547|35.29101098854113|32.941427605293086|34.245189199824665|-0.74267578125|0.535400390625|-0.3388671875|-1.3427734375|2.25830078125|0.152587890625|-1.7629540598290598|38.78498931623931|-41.10435744810745
2026-01-29 04:25:01.836332+00:00|32.94928342713234|36.1113679080521|35.29498375937965|32.941427605293086|34.245189199824665|-0.73828125|0.534423828125|-0.343017578125|-1.220703125|2.288818359375|0.1220703125|-2.468135683760684|39.49017094017094|-41.10435744810745
2026-01-29 04:25:01.895456+00:00|32.95321143014411|36.10737570475197|35.29895661999478|32.95321143014411|34.25704172909985|-0.74267578125|0.536865234375|-0.346923828125|-1.190185546875|2.410888671875|-0.091552734375|-2.64443108974359|39.313875534188035|-39.915388431013426
2026-01-29 04:25:01.954438+00:00|32.957139494613045|36.1113679080521|35.30292957043554|32.96106762058599|34.25704172909985|-0.740966796875|0.534423828125|-0.34033203125|-1.373291015625|2.593994140625|0.213623046875|-0.5288862179487179|37.90351228632478|-40.93450473137973
2026-01-29 04:25:02.013209+00:00|32.957139494613045|36.1113679080521|35.29895661999478|32.957139494613045|34.26494380078361|-0.74169921875|0.532958984375|-0.3427734375|-1.129150390625|2.5634765625|0.30517578125|-1.9392494658119657|38.96128472222222|-41.27421016483516
2026-01-29 04:25:02.071984+00:00|32.94535548553091|36.09939159762547|35.30690261075074|32.96499580811002|34.2530908089559|-0.73828125|0.540283203125|-0.341064453125|-1.28173828125|2.288818359375|0.030517578125|-2.468135683760684|38.07980769230769|-41.783768315018314
2026-01-29 04:25:02.130800+00:00|32.95321143014411|36.10737570475197|35.29101098854113|32.95321143014411|34.2807488710734|-0.737060546875|0.536376953125|-0.340087890625|-1.434326171875|2.227783203125|-0.030517578125|-2.468135683760684|38.78498931623931|-40.764652014652015
2026-01-29 04:25:02.189722+00:00|32.96499580811002|36.11536021124334|35.29895661999478|32.957139494613045|34.25704172909985|-0.739501953125|0.537841796875|-0.340576171875|-1.190185546875|2.38037109375|0.030517578125|-1.7629540598290598|37.022035256410255|-41.10435744810745
2026-01-29 04:25:02.248384+00:00|32.96106762058599|36.11536021124334|35.30690261075074|32.96892405723162|34.24913996588015|-0.73779296875|0.534912109375|-0.33349609375|-1.373291015625|2.410888671875|-0.030517578125|-1.0577724358974359|39.13758012820512|-40.08524114774115
2026-01-29 04:25:02.307112+00:00|32.96892405723162|36.11536021124334|35.30292957043554|32.96892405723162|34.30841072593893|-0.743408203125|0.5361328125|-0.34521484375|-1.373291015625|2.25830078125|0.091552734375|-0.8814770299145299|36.49314903846154|-41.953621031746025
2026-01-29 04:25:02.365542+00:00|32.972852367997916|36.11935261437543|35.30690261075074|32.98070917465179|34.27284618131387|-0.741455078125|0.5400390625|-0.343994140625|-1.40380859375|2.471923828125|0.06103515625|-0.17629540598290597|38.96128472222222|-40.93450473137973
2026-01-29 04:25:02.425080+00:00|32.96106762058599|36.1113679080521|35.30690261075074|32.97678074045564|34.27679748751609|-0.74072265625|0.53173828125|-0.33544921875|-1.15966796875|2.410888671875|0.06103515625|-0.35259081196581193|38.07980769230769|-40.764652014652015
2026-01-29 04:25:02.483924+00:00|32.957139494613045|36.10737570475197|35.29895661999478|32.972852367997916|34.27284618131387|-0.739990234375|0.538818359375|-0.33984375|-1.190185546875|2.5634765625|-0.030517578125|-1.4103632478632477|37.72721688034188|-40.42494658119658
2026-01-29 04:25:02.542441+00:00|32.97678074045564|36.11536021124334|35.30690261075074|32.972852367997916|34.26494380078361|-0.740966796875|0.536376953125|-0.341552734375|-1.220703125|2.197265625|-0.30517578125|-1.234067841880342|40.37164797008547|-40.93450473137973
2026-01-29 04:25:02.601444+00:00|32.96892405723162|36.11935261437543|35.31087574098939|32.98070917465179|34.260992726359746|-0.739990234375|0.5380859375|-0.340087890625|-1.007080078125|2.25830078125|0.335693359375|-1.7629540598290598|38.78498931623931|-40.42494658119658
2026-01-29 04:25:02.660301+00:00|32.98070917465179|36.11536021124334|35.31087574098939|32.984637670633106|34.28470033203382|-0.7373046875|0.540771484375|-0.340087890625|-1.220703125|2.593994140625|-0.152587890625|-2.1155448717948717|38.07980769230769|-40.08524114774115
2026-01-29 04:25:02.719833+00:00|32.97678074045564|36.11935261437543|35.31087574098939|32.97678074045564|34.29655517981149|-0.74169921875|0.53759765625|-0.336181640625|-1.190185546875|2.288818359375|0.030517578125|-0.5288862179487179|37.19833066239316|-41.613915598290596
2026-01-29 04:25:02.778854+00:00|32.98070917465179|36.11935261437543|35.31484896120031|32.996423529757124|34.288651870444994|-0.743896484375|0.53515625|-0.34326171875|-1.220703125|2.410888671875|-0.06103515625|-1.234067841880342|38.608693910256406|-41.27421016483516
2026-01-29 04:25:02.837693+00:00|32.98070917465179|36.10737570475197|35.31484896120031|32.996423529757124|34.292603486355006|-0.74072265625|0.5361328125|-0.3369140625|-1.312255859375|2.471923828125|0.030517578125|-2.1155448717948717|38.07980769230769|-40.764652014652015
2026-01-29 04:25:02.896532+00:00|32.972852367997916|36.10737570475197|35.30292957043554|32.98070917465179|34.30445879955556|-0.740966796875|0.537353515625|-0.34033203125|-1.3427734375|2.3193359375|0.30517578125|-1.234067841880342|38.96128472222222|-42.29332646520146
2026-01-29 04:25:02.955385+00:00|32.996423529757124|36.11935261437543|35.30690261075074|32.98856622844653|34.292603486355006|-0.7392578125|0.535888671875|-0.3349609375|-1.129150390625|2.166748046875|0.244140625|-1.4103632478632477|37.72721688034188|-41.44406288156288
2026-01-29 04:25:03.014258+00:00|32.992494848138904|36.12334511749822|35.32279567173413|32.992494848138904|34.27284618131387|-0.74267578125|0.5390625|-0.33544921875|-1.190185546875|2.655029296875|-0.091552734375|-1.234067841880342|38.608693910256406|-40.5947992979243
2026-01-29 04:25:03.073310+00:00|32.98856622844653|36.11935261437543|35.31484896120031|33.00035227334803|34.288651870444994|-0.739013671875|0.53271484375|-0.338623046875|-1.434326171875|2.410888671875|-0.30517578125|-1.4103632478632477|38.78498931623931|-42.12347374847374
2026-01-29 04:25:03.132292+00:00|33.00035227334803|36.11935261437543|35.31484896120031|32.996423529757124|34.288651870444994|-0.73828125|0.536376953125|-0.338134765625|-1.28173828125|2.471923828125|0.0|-2.8207264957264955|37.72721688034188|-40.42494658119658
2026-01-29 04:25:03.191074+00:00|32.98856622844653|36.11536021124334|35.31882227143217|33.00035227334803|34.30445879955556|-0.73681640625|0.53759765625|-0.344970703125|-1.0986328125|2.50244140625|0.18310546875|-0.8814770299145299|38.608693910256406|-40.93450473137973
2026-01-29 04:25:03.250025+00:00|32.996423529757124|36.10737570475197|35.30690261075074|33.00820994663536|34.292603486355006|-0.737548828125|0.537353515625|-0.340576171875|-1.312255859375|2.38037109375|0.213623046875|-1.5866586538461538|38.256103098290595|-42.29332646520146
2026-01-29 04:25:03.308797+00:00|33.00035227334803|36.11536021124334|35.30690261075074|32.992494848138904|34.300506950862314|-0.742431640625|0.5341796875|-0.332763671875|-1.28173828125|2.38037109375|0.1220703125|0.17629540598290597|38.608693910256406|-41.27421016483516
2026-01-29 04:25:03.367922+00:00|32.996423529757124|36.11935261437543|35.31882227143217|32.992494848138904|34.292603486355006|-0.739990234375|0.53466796875|-0.3408203125|-1.373291015625|2.532958984375|0.18310546875|-1.7629540598290598|38.78498931623931|-40.08524114774115
2026-01-29 04:25:03.426869+00:00|33.00035227334803|36.1113679080521|35.32279567173413|33.00035227334803|34.28470033203382|-0.735107421875|0.536865234375|-0.335693359375|-1.52587890625|2.685546875|-0.18310546875|-1.4103632478632477|36.669444444444444|-40.764652014652015
2026-01-29 04:25:03.485936+00:00|33.00820994663536|36.11536021124334|35.31882227143217|33.00820994663536|34.29655517981149|-0.740966796875|0.5341796875|-0.333984375|-1.28173828125|2.593994140625|0.1220703125|-1.7629540598290598|38.78498931623931|-39.74553571428571
2026-01-29 04:25:03.545127+00:00|33.004281078958456|36.11935261437543|35.32676916215485|33.01606786837618|34.29655517981149|-0.737060546875|0.536376953125|-0.33740234375|-1.190185546875|2.3193359375|-0.152587890625|-0.8814770299145299|38.608693910256406|-41.613915598290596
2026-01-29 04:25:03.603910+00:00|32.992494848138904|36.11935261437543|35.31882227143217|33.01213887642564|34.30841072593893|-0.738037109375|0.53564453125|-0.345947265625|-1.312255859375|2.532958984375|-0.1220703125|-1.5866586538461538|38.608693910256406|-39.915388431013426
2026-01-29 04:25:03.662410+00:00|33.00820994663536|36.10737570475197|35.30690261075074|33.00035227334803|34.30445879955556|-0.7392578125|0.5341796875|-0.335693359375|-1.068115234375|2.3193359375|-0.1220703125|-1.4103632478632477|37.72721688034188|-40.42494658119658
2026-01-29 04:25:03.722194+00:00|33.01606786837618|36.1113679080521|35.31087574098939|33.004281078958456|34.288651870444994|-0.7392578125|0.537841796875|-0.337890625|-1.129150390625|2.471923828125|0.091552734375|-1.234067841880342|38.608693910256406|-39.57568299755799
2026-01-29 04:25:03.781435+00:00|33.019996922533835|36.12334511749822|35.31484896120031|33.00820994663536|34.312362730060215|-0.735107421875|0.53466796875|-0.343017578125|-1.3427734375|2.38037109375|0.1220703125|-0.8814770299145299|38.256103098290595|-41.27421016483516
2026-01-29 04:25:03.840390+00:00|33.01606786837618|36.12733772066156|35.32676916215485|33.02785521765793|34.30445879955556|-0.740478515625|0.536865234375|-0.33642578125|-1.220703125|2.227783203125|-0.213623046875|-2.8207264957264955|39.49017094017094|-41.783768315018314
2026-01-29 04:25:03.899618+00:00|33.02392603894543|36.12733772066156|35.330742742743496|33.03178445871822|34.316314811967516|-0.738525390625|0.536376953125|-0.339599609375|-1.251220703125|2.349853515625|0.274658203125|-2.2918402777777778|37.90351228632478|-40.5947992979243
2026-01-29 04:25:03.958505+00:00|33.02785521765793|36.12733772066156|35.33471641354873|33.02785521765793|34.316314811967516|-0.738037109375|0.537353515625|-0.3408203125|-1.03759765625|2.3193359375|0.0|-0.5288862179487179|38.608693910256406|-40.93450473137973
2026-01-29 04:25:04.017608+00:00|33.01606786837618|36.12334511749822|35.330742742743496|33.03178445871822|34.316314811967516|-0.743408203125|0.534423828125|-0.337158203125|-1.03759765625|2.3193359375|0.152587890625|-1.4103632478632477|38.4323985042735|-39.74553571428571
2026-01-29 04:25:04.076412+00:00|33.01606786837618|36.11536021124334|35.32279567173413|33.03571376217326|34.347934273263434|-0.73876953125|0.53125|-0.341064453125|-1.129150390625|2.50244140625|0.152587890625|-1.234067841880342|38.256103098290595|-41.953621031746025
2026-01-29 04:25:04.135361+00:00|33.02785521765793|36.13133042391536|35.31882227143217|33.02392603894543|34.32817152488337|-0.7392578125|0.53369140625|-0.342041015625|-1.495361328125|2.50244140625|-0.1220703125|-1.234067841880342|38.256103098290595|-40.93450473137973
2026-01-29 04:25:04.194410+00:00|33.02392603894543|36.12733772066156|35.330742742743496|33.03571376217326|34.300506950862314|-0.73828125|0.532470703125|-0.33642578125|-1.373291015625|2.349853515625|0.06103515625|-1.0577724358974359|38.78498931623931|-41.44406288156288
2026-01-29 04:25:04.253706+00:00|33.03571376217326|36.13532322730953|35.33471641354873|33.03964312806988|34.316314811967516|-0.73681640625|0.53564453125|-0.341796875|-1.190185546875|2.227783203125|0.18310546875|-0.8814770299145299|38.608693910256406|-41.613915598290596
2026-01-29 04:25:04.312570+00:00|33.03964312806988|36.13532322730953|35.330742742743496|33.04357255645505|34.324219209331204|-0.738525390625|0.536376953125|-0.3427734375|-1.220703125|2.655029296875|-0.1220703125|-1.9392494658119657|37.90351228632478|-40.5947992979243
2026-01-29 04:25:04.371544+00:00|33.03964312806988|36.13133042391536|35.33471641354873|33.04357255645505|34.32817152488337|-0.7392578125|0.531982421875|-0.33984375|-1.3427734375|2.288818359375|0.030517578125|-1.9392494658119657|37.19833066239316|-40.5947992979243
2026-01-29 04:25:04.430459+00:00|33.03571376217326|36.13133042391536|35.33471641354873|33.04750204737559|34.312362730060215|-0.743896484375|0.535400390625|-0.341064453125|-1.220703125|2.3193359375|0.030517578125|-1.9392494658119657|37.19833066239316|-40.25509386446887
2026-01-29 04:25:04.489966+00:00|33.03571376217326|36.12733772066156|35.32676916215485|33.04357255645505|34.32817152488337|-0.738037109375|0.536376953125|-0.34228515625|-1.312255859375|2.410888671875|-0.152587890625|-1.4103632478632477|39.13758012820512|-41.10435744810745
2026-01-29 04:25:04.548518+00:00|33.03964312806988|36.12733772066156|35.32676916215485|33.03964312806988|34.32026697170852|-0.73828125|0.53662109375|-0.340576171875|-1.190185546875|2.38037109375|-0.06103515625|-0.7051816239316239|37.72721688034188|-42.80288461538461
2026-01-29 04:25:04.608123+00:00|33.04750204737559|36.13532322730953|35.32676916215485|33.04357255645505|34.347934273263434|-0.741455078125|0.536376953125|-0.3359375|-1.220703125|2.349853515625|-0.244140625|-1.5866586538461538|39.66646634615385|-41.27421016483516
2026-01-29 04:25:04.667401+00:00|33.05536121701033|36.143309134718265|35.3386901746195|33.05536121701033|34.324219209331204|-0.739990234375|0.53759765625|-0.33837890625|-1.28173828125|2.532958984375|0.1220703125|-0.7051816239316239|39.84276175213675|-41.10435744810745
2026-01-29 04:25:04.726953+00:00|33.051431600878345|36.13931613089392|35.3386901746195|33.06322063734973|34.324219209331204|-0.73974609375|0.5361328125|-0.339599609375|-1.15966796875|2.349853515625|-0.152587890625|-1.5866586538461538|39.313875534188035|-41.27421016483516
2026-01-29 04:25:04.786110+00:00|33.051431600878345|36.13931613089392|35.33471641354873|33.05536121701033|34.32817152488337|-0.73876953125|0.53369140625|-0.339111328125|-1.28173828125|2.655029296875|-0.1220703125|-1.7629540598290598|38.4323985042735|-40.764652014652015
2026-01-29 04:25:04.845522+00:00|33.06322063734973|36.13931613089392|35.33471641354873|33.05536121701033|34.34398156734528|-0.73974609375|0.538330078125|-0.33837890625|-1.068115234375|2.197265625|-0.06103515625|-2.1155448717948717|38.4323985042735|-40.764652014652015
2026-01-29 04:25:04.904802+00:00|33.04750204737559|36.13931613089392|35.3386901746195|33.06322063734973|34.33607638996796|-0.735107421875|0.537353515625|-0.333740234375|-1.312255859375|2.349853515625|0.091552734375|-1.234067841880342|37.19833066239316|-41.27421016483516
2026-01-29 04:25:04.963769+00:00|33.04750204737559|36.13133042391536|35.330742742743496|33.06322063734973|34.34002893959598|-0.73876953125|0.5380859375|-0.341796875|-1.251220703125|2.349853515625|-0.213623046875|-1.0577724358974359|38.4323985042735|-40.764652014652015
2026-01-29 04:25:05.023293+00:00|33.06322063734973|36.13931613089392|35.33471641354873|33.051431600878345|34.324219209331204|-0.738037109375|0.531982421875|-0.341064453125|-1.251220703125|2.3193359375|0.06103515625|-1.7629540598290598|39.13758012820512|-39.74553571428571
2026-01-29 04:25:05.082479+00:00|33.06715044165094|36.14730223883254|35.33471641354873|33.05929089581849|34.332123918413004|-0.735595703125|0.535400390625|-0.33642578125|-1.190185546875|2.471923828125|0.1220703125|-1.234067841880342|38.256103098290595|-40.93450473137973
2026-01-29 04:25:05.141322+00:00|33.06322063734973|36.13931613089392|35.34266402600474|33.05929089581849|34.34002893959598|-0.7353515625|0.537109375|-0.3408203125|-1.068115234375|2.471923828125|0.18310546875|-1.7629540598290598|37.72721688034188|-40.764652014652015
2026-01-29 04:25:05.200516+00:00|33.06322063734973|36.143309134718265|35.3386901746195|33.071080308768956|34.34398156734528|-0.738037109375|0.53466796875|-0.342529296875|-1.0986328125|2.410888671875|-0.06103515625|-1.234067841880342|38.256103098290595|-40.5947992979243
2026-01-29 04:25:05.259066+00:00|33.06715044165094|36.13931613089392|35.3386901746195|33.07501023875085|34.32817152488337|-0.74169921875|0.534912109375|-0.33837890625|-1.220703125|2.349853515625|0.335693359375|-1.4103632478632477|37.72721688034188|-40.764652014652015
2026-01-29 04:25:05.318045+00:00|33.06715044165094|36.14730223883254|35.34266402600474|33.0789402316434|34.351887057398585|-0.739501953125|0.536865234375|-0.341064453125|-1.007080078125|2.38037109375|-0.1220703125|0.35259081196581193|39.13758012820512|-41.783768315018314
2026-01-29 04:25:05.376911+00:00|33.06322063734973|36.143309134718265|35.3386901746195|33.07501023875085|34.34002893959598|-0.74072265625|0.5341796875|-0.339599609375|-0.885009765625|2.471923828125|-0.030517578125|-0.5288862179487179|37.90351228632478|-40.5947992979243
2026-01-29 04:25:05.436255+00:00|33.07501023875085|36.13133042391536|35.3386901746195|33.0789402316434|34.34398156734528|-0.74169921875|0.537353515625|-0.3408203125|-1.15966796875|2.716064453125|-0.030517578125|-2.2918402777777778|38.96128472222222|-40.25509386446887
2026-01-29 04:25:05.495278+00:00|33.08287028749368|36.143309134718265|35.34266402600474|33.071080308768956|34.34398156734528|-0.737548828125|0.537109375|-0.3369140625|-0.946044921875|2.716064453125|0.030517578125|-0.35259081196581193|38.4323985042735|-40.764652014652015
2026-01-29 04:25:05.554544+00:00|33.071080308768956|36.14730223883254|35.35061199991435|33.08287028749368|34.34002893959598|-0.740478515625|0.536376953125|-0.34033203125|-1.312255859375|2.288818359375|-0.030517578125|-1.4103632478632477|38.07980769230769|-40.42494658119658
2026-01-29 04:25:05.613874+00:00|33.0789402316434|36.1512954432867|35.346637967753395|33.08680040634846|34.34002893959598|-0.73974609375|0.539306640625|-0.337158203125|-1.251220703125|2.3193359375|0.091552734375|-0.8814770299145299|38.96128472222222|-40.25509386446887
2026-01-29 04:25:05.672810+00:00|33.08680040634846|36.1512954432867|35.3545861225366|33.08680040634846|34.351887057398585|-0.74072265625|0.533203125|-0.336181640625|-1.251220703125|2.593994140625|-0.06103515625|-1.4103632478632477|37.72721688034188|-40.08524114774115
2026-01-29 04:25:05.731803+00:00|33.08680040634846|36.1512954432867|35.346637967753395|33.08680040634846|34.34002893959598|-0.738525390625|0.54052734375|-0.338623046875|-1.28173828125|2.197265625|-0.06103515625|-2.468135683760684|38.07980769230769|-41.10435744810745
2026-01-29 04:25:05.790871+00:00|33.07501023875085|36.14730223883254|35.3545861225366|33.08680040634846|34.351887057398585|-0.7421875|0.53564453125|-0.341796875|-1.312255859375|2.593994140625|0.06103515625|-1.234067841880342|37.55092147435897|-39.57568299755799
2026-01-29 04:25:05.849978+00:00|33.0789402316434|36.13931613089392|35.34266402600474|33.09073058825487|34.363745879584656|-0.740478515625|0.537109375|-0.3427734375|-1.129150390625|2.349853515625|0.1220703125|-0.8814770299145299|37.90351228632478|-41.27421016483516
2026-01-29 04:25:05.908926+00:00|33.09073058825487|36.1512954432867|35.346637967753395|33.08287028749368|34.35979286051122|-0.7392578125|0.535888671875|-0.3310546875|-1.3427734375|2.3193359375|0.152587890625|-1.4103632478632477|39.49017094017094|-42.12347374847374
2026-01-29 04:25:05.967884+00:00|33.08287028749368|36.16327565918692|35.3545861225366|33.09073058825487|34.34002893959598|-0.740234375|0.536865234375|-0.342529296875|-1.40380859375|2.44140625|-0.1220703125|-1.5866586538461538|38.256103098290595|-41.613915598290596
2026-01-29 04:25:06.026824+00:00|33.09073058825487|36.1552887481306|35.3545861225366|33.102521512752446|34.35583991979854|-0.737548828125|0.5341796875|-0.343017578125|-1.190185546875|2.532958984375|-0.030517578125|-1.234067841880342|38.96128472222222|-41.953621031746025
2026-01-29 04:25:06.085852+00:00|33.098591141409884|36.15928215341398|35.35856033566898|33.098591141409884|34.36769897706648|-0.7412109375|0.5361328125|-0.339111328125|-1.220703125|2.777099609375|0.152587890625|-0.5288862179487179|38.96128472222222|-40.5947992979243
2026-01-29 04:25:06.144799+00:00|33.098591141409884|36.1552887481306|35.3545861225366|33.102521512752446|34.35979286051122|-0.739501953125|0.534423828125|-0.341064453125|-1.40380859375|2.25830078125|0.091552734375|-2.2918402777777778|38.96128472222222|-41.953621031746025
2026-01-29 04:25:06.203835+00:00|33.09073058825487|36.1512954432867|35.35856033566898|33.11038244520222|34.36769897706648|-0.74169921875|0.534423828125|-0.343505859375|-1.312255859375|2.25830078125|0.030517578125|-1.234067841880342|38.608693910256406|-40.93450473137973
2026-01-29 04:25:06.262816+00:00|33.094660833259695|36.1512954432867|35.3545861225366|33.102521512752446|34.37165215300496|-0.7373046875|0.533935546875|-0.33544921875|-1.129150390625|2.197265625|-0.244140625|-1.5866586538461538|38.96128472222222|-42.6330318986569
2026-01-29 04:25:06.321802+00:00|33.11038244520222|36.15928215341398|35.35061199991435|33.098591141409884|34.351887057398585|-0.741943359375|0.536376953125|-0.339599609375|-1.129150390625|2.288818359375|-0.091552734375|-1.9392494658119657|39.313875534188035|-41.953621031746025
2026-01-29 04:25:06.380746+00:00|33.10645194733422|36.16327565918692|35.362534639360376|33.11038244520222|34.351887057398585|-0.736083984375|0.534912109375|-0.336669921875|-1.312255859375|2.5634765625|0.030517578125|-0.7051816239316239|37.72721688034188|-39.74553571428571
2026-01-29 04:25:06.439719+00:00|33.10645194733422|36.16327565918692|35.362534639360376|33.12217431899319|34.35979286051122|-0.741943359375|0.53564453125|-0.34033203125|-1.220703125|2.349853515625|-0.1220703125|-0.17629540598290597|38.608693910256406|-41.27421016483516
2026-01-29 04:25:06.498695+00:00|33.10645194733422|36.167269265499215|35.362534639360376|33.10645194733422|34.3795587404428|-0.73583984375|0.5390625|-0.338623046875|-0.9765625|2.5634765625|-0.030517578125|-1.5866586538461538|38.608693910256406|-41.613915598290596
2026-01-29 04:25:06.558189+00:00|33.10645194733422|36.167269265499215|35.36650903365984|33.114313006403506|34.37165215300496|-0.737060546875|0.5341796875|-0.339111328125|-1.251220703125|2.471923828125|-0.18310546875|-1.5866586538461538|39.313875534188035|-40.25509386446887
2026-01-29 04:25:06.617875+00:00|33.102521512752446|36.16327565918692|35.3545861225366|33.114313006403506|34.351887057398585|-0.742431640625|0.5322265625|-0.341552734375|-1.220703125|2.227783203125|-0.152587890625|-0.8814770299145299|39.66646634615385|-40.25509386446887
2026-01-29 04:25:06.676758+00:00|33.10645194733422|36.15928215341398|35.3545861225366|33.11824363098475|34.37560540744772|-0.739013671875|0.53369140625|-0.338623046875|-1.434326171875|2.62451171875|-0.1220703125|-1.7629540598290598|39.84276175213675|-40.42494658119658
2026-01-29 04:25:06.735490+00:00|33.114313006403506|36.17126297240094|35.35856033566898|33.11824363098475|34.35979286051122|-0.73876953125|0.53466796875|-0.34033203125|-1.373291015625|2.227783203125|-0.030517578125|-1.5866586538461538|38.96128472222222|-41.613915598290596
2026-01-29 04:25:06.794274+00:00|33.11824363098475|36.167269265499215|35.36650903365984|33.11824363098475|34.351887057398585|-0.73876953125|0.538818359375|-0.33837890625|-1.129150390625|2.288818359375|0.091552734375|-0.8814770299145299|37.90351228632478|-41.953621031746025
2026-01-29 04:25:06.853026+00:00|33.114313006403506|36.175256779941776|35.36650903365984|33.12217431899319|34.383512152038236|-0.7373046875|0.537109375|-0.3369140625|-1.129150390625|2.3193359375|-0.091552734375|-1.5866586538461538|38.608693910256406|-41.953621031746025
2026-01-29 04:25:06.911890+00:00|33.12217431899319|36.175256779941776|35.37048351861631|33.13003588547912|34.363745879584656|-0.738037109375|0.535400390625|-0.335693359375|-1.251220703125|2.38037109375|-0.030517578125|-1.4103632478632477|38.07980769230769|-40.08524114774115
2026-01-29 04:25:06.970838+00:00|33.114313006403506|36.183244697140935|35.362534639360376|33.13003588547912|34.37165215300496|-0.74267578125|0.536376953125|-0.334716796875|-1.312255859375|2.3193359375|0.030517578125|-1.5866586538461538|38.256103098290595|-39.915388431013426
2026-01-29 04:25:07.029608+00:00|33.12217431899319|36.167269265499215|35.36650903365984|33.1339667640504|34.37560540744772|-0.737060546875|0.53369140625|-0.33837890625|-1.373291015625|2.50244140625|0.06103515625|-2.8207264957264955|38.07980769230769|-41.10435744810745
2026-01-29 04:25:07.088558+00:00|33.1339667640504|36.175256779941776|35.362534639360376|33.11824363098475|34.351887057398585|-0.73974609375|0.539794921875|-0.3408203125|-1.373291015625|2.44140625|-0.06103515625|-1.4103632478632477|38.78498931623931|-40.08524114774115
2026-01-29 04:25:07.147399+00:00|33.12610507047566|36.19123301749613|35.37048351861631|33.13003588547912|34.36769897706648|-0.737060546875|0.53662109375|-0.345703125|-1.251220703125|2.532958984375|-0.030517578125|-1.7629540598290598|38.07980769230769|-40.42494658119658
2026-01-29 04:25:07.206191+00:00|33.13003588547912|36.17925068817175|35.37048351861631|33.1457597816418|34.36769897706648|-0.737060546875|0.537841796875|-0.338134765625|-1.129150390625|2.227783203125|0.152587890625|-1.4103632478632477|38.4323985042735|-42.12347374847374
2026-01-29 04:25:07.265029+00:00|33.12610507047566|36.19123301749613|35.36650903365984|33.13003588547912|34.38746564228188|-0.73876953125|0.53515625|-0.338134765625|-1.0986328125|2.3193359375|0.030517578125|-1.234067841880342|38.256103098290595|-40.93450473137973
2026-01-29 04:25:07.323944+00:00|33.12217431899319|36.18723880689902|35.37445809427868|33.1339667640504|34.383512152038236|-0.739013671875|0.534912109375|-0.339599609375|-1.007080078125|2.471923828125|0.06103515625|-0.7051816239316239|38.4323985042735|-41.44406288156288
2026-01-29 04:25:07.383159+00:00|33.13003588547912|36.175256779941776|35.37445809427868|33.13003588547912|34.38746564228188|-0.739990234375|0.534912109375|-0.342529296875|-1.15966796875|2.8076171875|-0.213623046875|-1.5866586538461538|39.313875534188035|-40.93450473137973
2026-01-29 04:25:07.442128+00:00|33.1339667640504|36.18723880689902|35.36650903365984|33.14969091495465|34.37165215300496|-0.740478515625|0.53271484375|-0.34130859375|-1.3427734375|2.593994140625|-0.06103515625|-0.17629540598290597|39.313875534188035|-40.25509386446887
2026-01-29 04:25:07.501088+00:00|33.1339667640504|36.19123301749613|35.362534639360376|33.13003588547912|34.39141921122172|-0.734375|0.535400390625|-0.336181640625|-1.3427734375|2.50244140625|-0.030517578125|0.35259081196581193|38.07980769230769|-40.764652014652015
2026-01-29 04:25:07.560571+00:00|33.137897706236686|36.195227328982014|35.38240751791682|33.14182871208487|34.37165215300496|-0.74169921875|0.532470703125|-0.33740234375|-1.556396484375|2.532958984375|0.030517578125|-0.5288862179487179|38.608693910256406|-40.5947992979243
2026-01-29 04:25:07.619881+00:00|33.1457597816418|36.195227328982014|35.37843276069583|33.1457597816418|34.37560540744772|-0.73486328125|0.538330078125|-0.339111328125|-1.190185546875|2.50244140625|0.0|-1.7629540598290598|38.4323985042735|-41.783768315018314
2026-01-29 04:25:07.678800+00:00|33.1457597816418|36.19922174140686|35.38240751791682|33.1457597816418|34.39141921122172|-0.7392578125|0.537353515625|-0.3427734375|-1.220703125|2.5634765625|-0.18310546875|-0.8814770299145299|38.608693910256406|-39.57568299755799
2026-01-29 04:25:07.737964+00:00|33.14969091495465|36.19922174140686|35.37843276069583|33.14969091495465|34.383512152038236|-0.739501953125|0.531494140625|-0.33349609375|-1.220703125|2.25830078125|-0.091552734375|-2.1155448717948717|37.72721688034188|-41.44406288156288
2026-01-29 04:25:07.797419+00:00|33.1339667640504|36.19123301749613|35.37843276069583|33.15755337303557|34.37560540744772|-0.744384765625|0.532958984375|-0.335205078125|-1.220703125|2.38037109375|-0.1220703125|-1.234067841880342|39.313875534188035|-40.93450473137973
2026-01-29 04:25:07.856226+00:00|33.13003588547912|36.19123301749613|35.38240751791682|33.15755337303557|34.38746564228188|-0.73828125|0.53759765625|-0.33642578125|-1.312255859375|2.3193359375|-0.1220703125|-0.7051816239316239|39.84276175213675|-41.44406288156288
2026-01-29 04:25:07.915065+00:00|33.14969091495465|36.195227328982014|35.37445809427868|33.1457597816418|34.3795587404428|-0.7412109375|0.536865234375|-0.340087890625|-1.220703125|2.38037109375|0.1220703125|-2.1155448717948717|38.4323985042735|-40.42494658119658
2026-01-29 04:25:07.973895+00:00|33.15362211207025|36.20321625482035|35.38240751791682|33.1457597816418|34.3795587404428|-0.73681640625|0.53466796875|-0.33837890625|-1.251220703125|2.288818359375|0.274658203125|-2.1155448717948717|38.4323985042735|-41.10435744810745
2026-01-29 04:25:08.032653+00:00|33.14969091495465|36.20321625482035|35.38638236599053|33.161484697897606|34.38746564228188|-0.74365234375|0.5341796875|-0.33740234375|-1.434326171875|2.471923828125|0.1220703125|-1.5866586538461538|37.19833066239316|-39.915388431013426
2026-01-29 04:25:08.091568+00:00|33.15755337303557|36.20721086927267|35.38638236599053|33.15362211207025|34.39932658538157|-0.73828125|0.537841796875|-0.34228515625|-1.251220703125|2.44140625|0.06103515625|-0.8814770299145299|37.55092147435897|-41.613915598290596
2026-01-29 04:25:08.150441+00:00|33.15362211207025|36.21120558481374|35.37843276069583|33.15755337303557|34.38746564228188|-0.7412109375|0.535888671875|-0.33837890625|-1.03759765625|2.3193359375|0.1220703125|-2.1155448717948717|38.78498931623931|-41.10435744810745
2026-01-29 04:25:08.209229+00:00|33.14969091495465|36.20321625482035|35.38240751791682|33.16934753949994|34.3953728589056|-0.73828125|0.537109375|-0.339111328125|-0.9765625|2.410888671875|-0.091552734375|-2.468135683760684|38.07980769230769|-40.764652014652015
2026-01-29 04:25:08.268829+00:00|33.14969091495465|36.20721086927267|35.37843276069583|33.161484697897606|34.39932658538157|-0.73876953125|0.5322265625|-0.33984375|-1.220703125|2.44140625|-0.18310546875|-2.1155448717948717|37.72721688034188|-40.08524114774115
2026-01-29 04:25:08.327719+00:00|33.16934753949994|36.21120558481374|35.37445809427868|33.15362211207025|34.38746564228188|-0.737060546875|0.536865234375|-0.341552734375|-1.068115234375|2.227783203125|0.213623046875|-0.8814770299145299|38.256103098290595|-40.93450473137973
2026-01-29 04:25:08.386554+00:00|33.15755337303557|36.21919531936169|35.38240751791682|33.161484697897606|34.403280390697546|-0.7353515625|0.538330078125|-0.337646484375|-1.15966796875|2.25830078125|0.091552734375|0.0|38.07980769230769|-40.764652014652015
2026-01-29 04:25:08.445899+00:00|33.16934753949994|36.22319033846861|35.38240751791682|33.165416086703374|34.3953728589056|-0.7392578125|0.536865234375|-0.3349609375|-1.129150390625|2.288818359375|0.030517578125|-1.9392494658119657|39.313875534188035|-41.953621031746025
2026-01-29 04:25:08.504831+00:00|33.15755337303557|36.21919531936169|35.38638236599053|33.15755337303557|34.39141921122172|-0.7412109375|0.538330078125|-0.340576171875|-1.220703125|2.288818359375|0.244140625|-0.8814770299145299|37.19833066239316|-40.93450473137973
2026-01-29 04:25:08.563564+00:00|33.165416086703374|36.22319033846861|35.39433233489211|33.165416086703374|34.40723427490144|-0.739501953125|0.53515625|-0.337890625|-1.15966796875|2.166748046875|-0.091552734375|-0.35259081196581193|38.07980769230769|-40.764652014652015
2026-01-29 04:25:08.622850+00:00|33.161484697897606|36.215200401493405|35.39035730496602|33.17721063725298|34.415142280165014|-0.740478515625|0.53759765625|-0.339111328125|-1.373291015625|2.50244140625|0.030517578125|-1.5866586538461538|38.96128472222222|-39.915388431013426
2026-01-29 04:25:08.681964+00:00|33.161484697897606|36.215200401493405|35.37843276069583|33.16934753949994|34.39932658538157|-0.739990234375|0.533935546875|-0.33642578125|-1.312255859375|2.349853515625|0.06103515625|-0.5288862179487179|38.96128472222222|-41.613915598290596
2026-01-29 04:25:08.741550+00:00|33.16934753949994|36.22319033846861|35.37843276069583|33.16934753949994|34.403280390697546|-0.74169921875|0.534423828125|-0.341796875|-1.251220703125|2.166748046875|-0.030517578125|-0.7051816239316239|38.07980769230769|-39.74553571428571
2026-01-29 04:25:08.800790+00:00|33.17327905633408|36.235176003720994|35.38240751791682|33.16934753949994|34.39141921122172|-0.738525390625|0.535888671875|-0.34130859375|-1.190185546875|2.38037109375|0.06103515625|-0.8814770299145299|37.90351228632478|-41.27421016483516
2026-01-29 04:25:08.859940+00:00|33.17327905633408|36.22718545886414|35.39433233489211|33.17327905633408|34.39932658538157|-0.738037109375|0.5380859375|-0.345458984375|-1.190185546875|2.349853515625|-0.030517578125|-1.0577724358974359|37.72721688034188|-39.74553571428571
2026-01-29 04:25:08.919061+00:00|33.17327905633408|36.239171428282305|35.39830745581793|33.1811422823036|34.40723427490144|-0.73828125|0.537841796875|-0.343505859375|-1.434326171875|2.38037109375|-0.030517578125|-0.35259081196581193|38.4323985042735|-41.783768315018314
2026-01-29 04:25:08.978811+00:00|33.1811422823036|36.24316695433225|35.39035730496602|33.18507399153282|34.423050601555985|-0.74462890625|0.536865234375|-0.3388671875|-1.251220703125|2.50244140625|0.0|-0.5288862179487179|38.608693910256406|-40.5947992979243
2026-01-29 04:25:09.038020+00:00|33.17721063725298|36.24316695433225|35.39830745581793|33.17327905633408|34.41909640132059|-0.738525390625|0.5361328125|-0.337646484375|-1.15966796875|2.01416015625|-0.1220703125|-0.17629540598290597|38.608693910256406|-41.27421016483516
2026-01-29 04:25:09.097262+00:00|33.17327905633408|36.24316695433225|35.39830745581793|33.18507399153282|34.40723427490144|-0.73583984375|0.534912109375|-0.33349609375|-1.129150390625|2.349853515625|-0.06103515625|-1.0577724358974359|39.49017094017094|-40.08524114774115
2026-01-29 04:25:09.156239+00:00|33.1811422823036|36.235176003720994|35.39830745581793|33.18900576498754|34.40723427490144|-0.73828125|0.534912109375|-0.343505859375|-1.068115234375|2.166748046875|0.030517578125|-1.234067841880342|38.96128472222222|-41.27421016483516
2026-01-29 04:25:09.215332+00:00|33.17327905633408|36.239171428282305|35.39433233489211|33.18900576498754|34.415142280165014|-0.736328125|0.53662109375|-0.33642578125|-1.0986328125|2.227783203125|-0.091552734375|-0.5288862179487179|38.96128472222222|-40.5947992979243
2026-01-29 04:25:09.274488+00:00|33.17327905633408|36.25115831109781|35.38638236599053|33.1811422823036|34.411188238041234|-0.739990234375|0.539794921875|-0.340087890625|-1.190185546875|2.25830078125|0.152587890625|-0.8814770299145299|39.313875534188035|-41.613915598290596
2026-01-29 04:25:09.333488+00:00|33.18507399153282|36.25115831109781|35.39830745581793|33.17721063725298|34.411188238041234|-0.739013671875|0.533935546875|-0.334716796875|-1.007080078125|2.349853515625|0.0|0.0|39.13758012820512|-39.40583028083028
2026-01-29 04:25:09.392784+00:00|33.18507399153282|36.255154141913636|35.40228266779229|33.18900576498754|34.41909640132059|-0.741943359375|0.53466796875|-0.33251953125|-1.312255859375|2.50244140625|0.030517578125|-1.5866586538461538|37.90351228632478|-40.5947992979243
2026-01-29 04:25:09.452268+00:00|33.18900576498754|36.25915007441802|35.40625797086432|33.196869504762276|34.42700488091913|-0.7412109375|0.535888671875|-0.341552734375|-1.15966796875|2.471923828125|0.18310546875|-1.7629540598290598|37.37462606837607|-40.08524114774115
2026-01-29 04:25:09.511910+00:00|33.19293760271512|36.25115831109781|35.40228266779229|33.20080147117608|34.43095923945805|-0.742431640625|0.5361328125|-0.334228515625|-1.28173828125|2.349853515625|0.0|-2.468135683760684|37.72721688034188|-41.44406288156288
2026-01-29 04:25:09.570406+00:00|33.1811422823036|36.25115831109781|35.39433233489211|33.20080147117608|34.44282279060934|-0.738525390625|0.535888671875|-0.3369140625|-1.251220703125|2.166748046875|-0.030517578125|-1.9392494658119657|38.96128472222222|-41.953621031746025
2026-01-29 04:25:09.629840+00:00|33.17721063725298|36.25115831109781|35.39433233489211|33.196869504762276|34.423050601555985|-0.737060546875|0.53662109375|-0.343505859375|-1.129150390625|2.349853515625|0.152587890625|-0.35259081196581193|37.37462606837607|-42.463179181929185
2026-01-29 04:25:09.689225+00:00|33.18900576498754|36.255154141913636|35.39433233489211|33.18900576498754|34.41909640132059|-0.741943359375|0.535400390625|-0.35009765625|-1.0986328125|2.44140625|0.0|-1.7629540598290598|37.022035256410255|-41.783768315018314
2026-01-29 04:25:09.748294+00:00|33.196869504762276|36.26714224469299|35.40228266779229|33.19293760271512|34.43095923945805|-0.739013671875|0.5361328125|-0.33984375|-1.15966796875|2.532958984375|-0.091552734375|-1.234067841880342|38.608693910256406|-40.93450473137973
2026-01-29 04:25:09.807323+00:00|33.196869504762276|36.26714224469299|35.410233365082945|33.20080147117608|34.423050601555985|-0.73681640625|0.535888671875|-0.3349609375|-1.15966796875|2.410888671875|0.1220703125|-1.0577724358974359|37.72721688034188|-42.12347374847374
2026-01-29 04:25:09.866069+00:00|33.20473350200359|36.27113848256363|35.410233365082945|33.20866559729177|34.43886819425512|-0.739013671875|0.53271484375|-0.34375|-1.28173828125|2.593994140625|-0.152587890625|-1.9392494658119657|38.608693910256406|-40.93450473137973
2026-01-29 04:25:09.925439+00:00|33.20080147117608|36.27113848256363|35.414208850497175|33.196869504762276|34.43095923945805|-0.738525390625|0.53662109375|-0.34423828125|-1.068115234375|2.197265625|0.152587890625|-1.9392494658119657|38.96128472222222|-40.93450473137973
2026-01-29 04:25:09.984366+00:00|33.19293760271512|36.27913126402126|35.410233365082945|33.20080147117608|34.423050601555985|-0.740966796875|0.54052734375|-0.336181640625|-1.3427734375|2.25830078125|0.152587890625|-1.7629540598290598|38.07980769230769|-40.42494658119658
2026-01-29 04:25:10.043384+00:00|33.20080147117608|36.27113848256363|35.410233365082945|33.20080147117608|34.44677746633113|-0.736328125|0.5361328125|-0.336181640625|-1.312255859375|2.50244140625|-0.152587890625|-1.234067841880342|38.96128472222222|-42.29332646520146
2026-01-29 04:25:10.102731+00:00|33.20473350200359|36.27113848256363|35.40625797086432|33.20473350200359|34.43095923945805|-0.74169921875|0.53564453125|-0.339111328125|-1.312255859375|2.410888671875|-0.152587890625|-1.7629540598290598|38.07980769230769|-41.10435744810745
2026-01-29 04:25:10.161952+00:00|33.20473350200359|36.28312780770858|35.40228266779229|33.20866559729177|34.42700488091913|-0.740234375|0.53369140625|-0.33740234375|-1.251220703125|2.288818359375|0.06103515625|-1.5866586538461538|37.55092147435897|-41.27421016483516
2026-01-29 04:25:10.221176+00:00|33.20866559729177|36.28312780770858|35.41818442715595|33.20473350200359|34.41909640132059|-0.737548828125|0.534423828125|-0.343994140625|-1.312255859375|2.410888671875|0.06103515625|-0.8814770299145299|37.90351228632478|-40.25509386446887
2026-01-29 04:25:10.280219+00:00|33.20866559729177|36.29511805120433|35.41818442715595|33.21259775708768|34.45468705607004|-0.7421875|0.535888671875|-0.339111328125|-1.40380859375|2.3193359375|-0.1220703125|-1.9392494658119657|38.96128472222222|-40.93450473137973
2026-01-29 04:25:10.339193+00:00|33.21259775708768|36.28712445343473|35.41818442715595|33.21259775708768|34.43491367722072|-0.739501953125|0.53759765625|-0.34228515625|-1.28173828125|2.74658203125|0.091552734375|-1.234067841880342|38.96128472222222|-40.93450473137973
2026-01-29 04:25:10.398559+00:00|33.20866559729177|36.29112120124995|35.414208850497175|33.21652998143833|34.44282279060934|-0.739501953125|0.534912109375|-0.340576171875|-1.251220703125|2.227783203125|0.1220703125|-2.2918402777777778|37.90351228632478|-41.613915598290596
2026-01-29 04:25:10.458306+00:00|33.20080147117608|36.29112120124995|35.42216009510827|33.21259775708768|34.43886819425512|-0.74072265625|0.5380859375|-0.338623046875|-1.15966796875|2.38037109375|0.152587890625|-1.5866586538461538|37.90351228632478|-40.93450473137973
2026-01-29 04:25:10.517443+00:00|33.20080147117608|36.29112120124995|35.42613585440313|33.22439462399166|34.42700488091913|-0.741455078125|0.536376953125|-0.330322265625|-0.885009765625|2.288818359375|0.1220703125|-0.8814770299145299|38.608693910256406|-41.953621031746025
2026-01-29 04:25:10.576505+00:00|33.20866559729177|36.29511805120433|35.410233365082945|33.21652998143833|34.43886819425512|-0.745361328125|0.5361328125|-0.34033203125|-1.28173828125|2.532958984375|0.06103515625|-1.7629540598290598|37.72721688034188|-41.10435744810745
2026-01-29 04:25:10.634980+00:00|33.21652998143833|36.30311205773086|35.40625797086432|33.20473350200359|34.43095923945805|-0.73876953125|0.538330078125|-0.338134765625|-1.03759765625|2.410888671875|-0.030517578125|-0.7051816239316239|37.022035256410255|-41.10435744810745
2026-01-29 04:25:10.694014+00:00|33.22439462399166|36.31110647341478|35.42216009510827|33.22439462399166|34.42700488091913|-0.74072265625|0.531005859375|-0.33740234375|-1.220703125|2.349853515625|0.06103515625|-0.5288862179487179|36.84573985042735|-39.57568299755799
2026-01-29 04:25:10.753020+00:00|33.21259775708768|36.30710921440311|35.42216009510827|33.21652998143833|34.45864197018301|-0.741455078125|0.5341796875|-0.336669921875|-1.3427734375|2.5634765625|-0.1220703125|-2.1155448717948717|38.78498931623931|-40.42494658119658
2026-01-29 04:25:10.811984+00:00|33.21652998143833|36.31110647341478|35.42216009510827|33.21652998143833|34.44677746633113|-0.740478515625|0.536376953125|-0.3330078125|-1.15966796875|2.13623046875|0.152587890625|-1.0577724358974359|38.07980769230769|-41.44406288156288
2026-01-29 04:25:10.870916+00:00|33.20866559729177|36.315103834816114|35.42216009510827|33.21652998143833|34.45073222146874|-0.73974609375|0.53759765625|-0.340576171875|-0.9765625|2.50244140625|0.06103515625|-1.7629540598290598|38.4323985042735|-41.10435744810745
2026-01-29 04:25:10.929911+00:00|33.21259775708768|36.30710921440311|35.42216009510827|33.22439462399166|34.45864197018301|-0.736572265625|0.5390625|-0.339599609375|-1.3427734375|2.62451171875|0.152587890625|-1.234067841880342|37.55092147435897|-40.93450473137973
2026-01-29 04:25:10.989087+00:00|33.22439462399166|36.31110647341478|35.41818442715595|33.21652998143833|34.45073222146874|-0.739013671875|0.53271484375|-0.33984375|-1.007080078125|2.3193359375|0.152587890625|-2.468135683760684|38.4323985042735|-41.783768315018314
2026-01-29 04:25:11.048264+00:00|33.21652998143833|36.315103834816114|35.41818442715595|33.20866559729177|34.45073222146874|-0.738525390625|0.536376953125|-0.33837890625|-1.3427734375|2.349853515625|-0.030517578125|-1.9392494658119657|38.608693910256406|-38.89627213064713
2026-01-29 04:25:11.107300+00:00|33.220462270390556|36.31910129865713|35.42613585440313|33.22832704228841|34.45468705607004|-0.73681640625|0.535888671875|-0.338134765625|-1.190185546875|2.410888671875|0.152587890625|-1.9392494658119657|37.55092147435897|-41.27421016483516
2026-01-29 04:25:11.166356+00:00|33.220462270390556|36.323098864987855|35.42613585440313|33.22832704228841|34.45864197018301|-0.740234375|0.532470703125|-0.337890625|-0.91552734375|2.25830078125|-0.06103515625|-3.3496127136752136|39.313875534188035|-40.5947992979243
2026-01-29 04:25:11.225404+00:00|33.220462270390556|36.32709653385854|35.42613585440313|33.22832704228841|34.45073222146874|-0.739990234375|0.53759765625|-0.339599609375|-1.251220703125|2.349853515625|0.152587890625|-1.4103632478632477|39.84276175213675|-42.80288461538461
2026-01-29 04:25:11.284517+00:00|33.21652998143833|36.331094305319255|35.4301117050897|33.22832704228841|34.46655203713624|-0.73876953125|0.53369140625|-0.3330078125|-1.0986328125|2.593994140625|0.0|-1.234067841880342|38.96128472222222|-41.27421016483516
2026-01-29 04:25:11.343448+00:00|33.21652998143833|36.323098864987855|35.42613585440313|33.22832704228841|34.45468705607004|-0.73583984375|0.536376953125|-0.340576171875|-1.28173828125|2.349853515625|0.0|-1.0577724358974359|37.022035256410255|-42.12347374847374
2026-01-29 04:25:11.402484+00:00|33.22439462399166|36.331094305319255|35.41818442715595|33.21259775708768|34.45864197018301|-0.739013671875|0.537841796875|-0.3349609375|-1.068115234375|2.197265625|0.18310546875|-1.7629540598290598|39.49017094017094|-41.10435744810745
2026-01-29 04:25:11.461800+00:00|33.22832704228841|36.34708641806492|35.42216009510827|33.22439462399166|34.44677746633113|-0.73974609375|0.53466796875|-0.339111328125|-1.373291015625|2.62451171875|0.274658203125|-0.7051816239316239|38.78498931623931|-42.12347374847374
2026-01-29 04:25:11.520733+00:00|33.22439462399166|36.34308823574281|35.43806368083341|33.22439462399166|34.45468705607004|-0.73974609375|0.53662109375|-0.343017578125|-1.312255859375|2.44140625|0.030517578125|-1.234067841880342|38.256103098290595|-41.27421016483516
2026-01-29 04:25:11.579536+00:00|33.22439462399166|36.33509217942009|35.4340876472167|33.23619207315744|34.46259696385579|-0.739501953125|0.5361328125|-0.336181640625|-1.617431640625|2.410888671875|0.030517578125|-0.5288862179487179|37.90351228632478|-39.57568299755799
2026-01-29 04:25:11.638378+00:00|33.220462270390556|36.34308823574281|35.4340876472167|33.22439462399166|34.46259696385579|-0.74169921875|0.538330078125|-0.345458984375|-1.007080078125|2.38037109375|-0.06103515625|-1.7629540598290598|38.07980769230769|-41.44406288156288
2026-01-29 04:25:11.697257+00:00|33.21652998143833|36.34308823574281|35.4340876472167|33.22832704228841|34.46259696385579|-0.737060546875|0.533203125|-0.343017578125|-1.190185546875|2.349853515625|0.091552734375|-1.9392494658119657|37.90351228632478|-40.5947992979243
2026-01-29 04:25:11.756253+00:00|33.22439462399166|36.32709653385854|35.4301117050897|33.22832704228841|34.46259696385579|-0.740478515625|0.535888671875|-0.340576171875|-1.068115234375|2.288818359375|-0.030517578125|-1.5866586538461538|37.90351228632478|-41.27421016483516
2026-01-29 04:25:11.815158+00:00|33.23619207315744|36.33509217942009|35.4301117050897|33.220462270390556|34.43491367722072|-0.738037109375|0.538330078125|-0.341796875|-1.129150390625|2.44140625|-0.091552734375|-1.4103632478632477|38.78498931623931|-41.10435744810745
2026-01-29 04:25:11.874009+00:00|33.21652998143833|36.34708641806492|35.4340876472167|33.220462270390556|34.45073222146874|-0.741455078125|0.533935546875|-0.33642578125|-1.007080078125|2.25830078125|0.091552734375|-1.5866586538461538|37.90351228632478|-42.29332646520146
2026-01-29 04:25:11.933363+00:00|33.232259525328004|36.351084703227855|35.4340876472167|33.22832704228841|34.45468705607004|-0.737548828125|0.535888671875|-0.33935546875|-1.190185546875|2.50244140625|0.18310546875|-0.5288862179487179|38.256103098290595|-41.613915598290596
2026-01-29 04:25:11.992285+00:00|33.22832704228841|36.351084703227855|35.44601602273161|33.232259525328004|34.4705071900724|-0.739501953125|0.542236328125|-0.34326171875|-1.373291015625|2.288818359375|0.091552734375|-2.2918402777777778|38.608693910256406|-40.93450473137973
2026-01-29 04:25:12.051252+00:00|33.232259525328004|36.35908158227625|35.44601602273161|33.220462270390556|34.46259696385579|-0.73583984375|0.537353515625|-0.34228515625|-1.40380859375|2.38037109375|-0.06103515625|-2.1155448717948717|38.4323985042735|-40.42494658119658
2026-01-29 04:25:12.110071+00:00|33.22439462399166|36.351084703227855|35.44601602273161|33.24012468582373|34.478417735104074|-0.74072265625|0.534912109375|-0.338134765625|-1.312255859375|2.288818359375|0.06103515625|-0.7051816239316239|39.49017094017094|-40.42494658119658
2026-01-29 04:25:12.169023+00:00|33.22439462399166|36.34308823574281|35.4301117050897|33.23619207315744|34.48237312729566|-0.737060546875|0.535400390625|-0.34130859375|-1.129150390625|2.5634765625|-0.18310546875|-1.234067841880342|39.66646634615385|-41.613915598290596
2026-01-29 04:25:12.227758+00:00|33.232259525328004|36.355083091281415|35.44203980598871|33.22439462399166|34.45864197018301|-0.738525390625|0.53564453125|-0.342529296875|-1.220703125|2.25830078125|-0.06103515625|0.5288862179487179|37.90351228632478|-40.5947992979243
2026-01-29 04:25:12.286581+00:00|33.22832704228841|36.35908158227625|35.45396873117659|33.232259525328004|34.45864197018301|-0.743896484375|0.534423828125|-0.33984375|-1.251220703125|2.349853515625|0.030517578125|-2.1155448717948717|38.07980769230769|-40.42494658119658
2026-01-29 04:25:12.345387+00:00|33.23619207315744|36.363080176262145|35.44601602273161|33.24012468582373|34.48237312729566|-0.73876953125|0.537353515625|-0.3349609375|-1.373291015625|2.50244140625|-0.1220703125|-1.9392494658119657|38.256103098290595|-40.93450473137973
2026-01-29 04:25:12.404087+00:00|33.22832704228841|36.35908158227625|35.44601602273161|33.232259525328004|34.47446242271235|-0.740966796875|0.531494140625|-0.34228515625|-1.0986328125|2.25830078125|0.152587890625|-1.7629540598290598|39.13758012820512|-40.764652014652015
2026-01-29 04:25:12.462798+00:00|33.22832704228841|36.355083091281415|35.44601602273161|33.24799010585491|34.45073222146874|-0.736083984375|0.531494140625|-0.336669921875|-1.28173828125|2.38037109375|0.274658203125|-2.8207264957264955|38.07980769230769|-41.44406288156288
2026-01-29 04:25:12.521809+00:00|33.22439462399166|36.351084703227855|35.4340876472167|33.24405736337383|34.45864197018301|-0.73486328125|0.537353515625|-0.3388671875|-1.129150390625|2.13623046875|0.152587890625|-0.8814770299145299|39.313875534188035|-40.25509386446887
2026-01-29 04:25:12.580786+00:00|33.232259525328004|36.35908158227625|35.43806368083341|33.22832704228841|34.478417735104074|-0.739013671875|0.53662109375|-0.3388671875|-1.220703125|2.197265625|0.091552734375|-1.234067841880342|36.84573985042735|-41.613915598290596
2026-01-29 04:25:12.639733+00:00|33.232259525328004|36.363080176262145|35.45396873117659|33.23619207315744|34.4705071900724|-0.737548828125|0.531982421875|-0.333251953125|-1.0986328125|2.410888671875|0.0|-2.1155448717948717|39.49017094017094|-41.44406288156288
2026-01-29 04:25:12.698699+00:00|33.232259525328004|36.37107767340814|35.449992331111275|33.24405736337383|34.44677746633113|-0.734130859375|0.533935546875|-0.34375|-1.312255859375|2.50244140625|-0.030517578125|-1.4103632478632477|37.022035256410255|-40.764652014652015
2026-01-29 04:25:12.757764+00:00|33.23619207315744|36.36707887328936|35.45396873117659|33.23619207315744|34.46655203713624|-0.739990234375|0.537353515625|-0.343017578125|-1.251220703125|2.410888671875|-0.152587890625|-2.468135683760684|38.07980769230769|-40.42494658119658
2026-01-29 04:25:12.816767+00:00|33.22832704228841|36.363080176262145|35.449992331111275|33.24012468582373|34.486328599335025|-0.740478515625|0.5361328125|-0.34619140625|-1.03759765625|2.44140625|0.091552734375|-1.7629540598290598|37.37462606837607|-40.08524114774115
2026-01-29 04:25:12.875838+00:00|33.22439462399166|36.35908158227625|35.45396873117659|33.24405736337383|34.478417735104074|-0.738525390625|0.53759765625|-0.3388671875|-1.3427734375|2.50244140625|-0.1220703125|-0.5288862179487179|38.608693910256406|-40.5947992979243
2026-01-29 04:25:12.934755+00:00|33.23619207315744|36.35908158227625|35.44601602273161|33.24012468582373|34.49423978314945|-0.73779296875|0.530029296875|-0.340087890625|-0.946044921875|2.227783203125|0.18310546875|-1.4103632478632477|38.07980769230769|-41.44406288156288
2026-01-29 04:25:12.993579+00:00|33.24799010585491|36.36707887328936|35.44601602273161|33.232259525328004|34.48237312729566|-0.740234375|0.53564453125|-0.3310546875|-1.46484375|2.3193359375|0.0|-1.0577724358974359|39.13758012820512|-42.12347374847374
2026-01-29 04:25:13.052495+00:00|33.232259525328004|36.36707887328936|35.46589848197732|33.23619207315744|34.4705071900724|-0.74365234375|0.53271484375|-0.3388671875|-1.312255859375|2.5634765625|-0.030517578125|-1.5866586538461538|38.256103098290595|-39.915388431013426
2026-01-29 04:25:13.111501+00:00|33.232259525328004|36.36707887328936|35.45396873117659|33.24012468582373|34.486328599335025|-0.738037109375|0.53466796875|-0.340576171875|-1.251220703125|2.38037109375|-0.06103515625|-1.5866586538461538|38.256103098290595|-40.93450473137973
2026-01-29 04:25:13.170446+00:00|33.23619207315744|36.363080176262145|35.46192180656061|33.24405736337383|34.502151286931564|-0.7392578125|0.5380859375|-0.34130859375|-1.190185546875|2.5634765625|0.0|-1.4103632478632477|38.4323985042735|-40.764652014652015
2026-01-29 04:25:13.229509+00:00|33.22832704228841|36.36707887328936|35.457945222976775|33.25192291331393|34.49423978314945|-0.737060546875|0.534423828125|-0.33984375|-1.3427734375|2.25830078125|0.152587890625|-2.64443108974359|37.19833066239316|-41.27421016483516
2026-01-29 04:25:13.288364+00:00|33.22439462399166|36.355083091281415|35.45396873117659|33.24405736337383|34.47446242271235|-0.734130859375|0.538818359375|-0.340576171875|-1.28173828125|2.593994140625|0.06103515625|-2.1155448717948717|38.78498931623931|-41.10435744810745
2026-01-29 04:25:13.347798+00:00|33.25192291331393|36.363080176262145|35.45396873117659|33.23619207315744|34.48237312729566|-0.740478515625|0.538330078125|-0.3408203125|-1.190185546875|2.593994140625|0.091552734375|-1.4103632478632477|37.72721688034188|-40.08524114774115
2026-01-29 04:25:13.406662+00:00|33.23619207315744|36.375076576668675|35.44203980598871|33.232259525328004|34.49028415127026|-0.737548828125|0.532958984375|-0.337646484375|-1.068115234375|2.62451171875|0.1220703125|-0.35259081196581193|38.4323985042735|-41.44406288156288
2026-01-29 04:25:13.465532+00:00|33.24405736337383|36.37107767340814|35.457945222976775|33.24405736337383|34.48237312729566|-0.736083984375|0.53759765625|-0.338134765625|-1.190185546875|2.25830078125|0.152587890625|-1.5866586538461538|37.90351228632478|-40.5947992979243
2026-01-29 04:25:13.524402+00:00|33.24405736337383|36.375076576668675|35.45396873117659|33.24405736337383|34.51006311106596|-0.736083984375|0.5361328125|-0.339111328125|-1.312255859375|2.410888671875|-0.1220703125|-1.4103632478632477|38.4323985042735|-41.783768315018314
2026-01-29 04:25:13.583243+00:00|33.24012468582373|36.37107767340814|35.46192180656061|33.24405736337383|34.51797525593685|-0.73828125|0.539794921875|-0.337646484375|-1.40380859375|2.25830078125|0.152587890625|-1.9392494658119657|38.256103098290595|-41.613915598290596
2026-01-29 04:25:13.642094+00:00|33.232259525328004|36.375076576668675|35.457945222976775|33.25192291331393|34.49028415127026|-0.7392578125|0.5361328125|-0.343017578125|-1.312255859375|2.166748046875|-0.1220703125|-1.0577724358974359|38.78498931623931|-41.783768315018314
2026-01-29 04:25:13.701071+00:00|33.232259525328004|36.36707887328936|35.457945222976775|33.24405736337383|34.51797525593685|-0.74267578125|0.532958984375|-0.33935546875|-1.0986328125|2.410888671875|0.42724609375|-1.4103632478632477|38.4323985042735|-40.08524114774115
2026-01-29 04:25:13.760085+00:00|33.25192291331393|36.383074692815626|35.449992331111275|33.24799010585491|34.502151286931564|-0.73974609375|0.535888671875|-0.3369140625|-1.312255859375|2.532958984375|-0.091552734375|-0.35259081196581193|39.84276175213675|-41.783768315018314
2026-01-29 04:25:13.819678+00:00|33.24405736337383|36.383074692815626|35.4698752492759|33.24405736337383|34.49819549502047|-0.739990234375|0.53515625|-0.339599609375|-1.129150390625|2.62451171875|0.030517578125|-0.8814770299145299|38.608693910256406|-41.953621031746025
2026-01-29 04:25:13.878666+00:00|33.25192291331393|36.383074692815626|35.46589848197732|33.255855785797905|34.514019143385326|-0.738525390625|0.538818359375|-0.334228515625|-1.312255859375|2.716064453125|0.06103515625|-2.1155448717948717|39.84276175213675|-40.42494658119658
2026-01-29 04:25:13.938106+00:00|33.24799010585491|36.383074692815626|35.46589848197732|33.24799010585491|34.525887721928825|-0.74072265625|0.5341796875|-0.339111328125|-0.9765625|2.288818359375|-0.06103515625|-0.8814770299145299|38.256103098290595|-40.93450473137973
2026-01-29 04:25:13.997755+00:00|33.24405736337383|36.391073222131695|35.473852108505525|33.25192291331393|34.50610715893072|-0.737060546875|0.535400390625|-0.343017578125|-1.15966796875|2.50244140625|0.152587890625|-2.8207264957264955|38.4323985042735|-40.764652014652015
2026-01-29 04:25:14.056934+00:00|33.255855785797905|36.391073222131695|35.473852108505525|33.255855785797905|34.51797525593685|-0.74169921875|0.536865234375|-0.339599609375|-1.03759765625|2.227783203125|-0.213623046875|-0.35259081196581193|38.4323985042735|-41.44406288156288
2026-01-29 04:25:14.116009+00:00|33.24012468582373|36.391073222131695|35.4698752492759|33.25192291331393|34.514019143385326|-0.73583984375|0.537353515625|-0.33740234375|-1.251220703125|2.288818359375|-0.030517578125|-0.5288862179487179|37.55092147435897|-41.27421016483516
2026-01-29 04:25:14.174915+00:00|33.24012468582373|36.38707390580237|35.46192180656061|33.255855785797905|34.51006311106596|-0.7421875|0.538330078125|-0.335205078125|-1.3427734375|2.471923828125|-0.18310546875|-2.2918402777777778|39.66646634615385|-42.29332646520146
2026-01-29 04:25:14.233970+00:00|33.255855785797905|36.383074692815626|35.46589848197732|33.24012468582373|34.525887721928825|-0.74267578125|0.534423828125|-0.336669921875|-1.3427734375|2.44140625|0.030517578125|-1.234067841880342|37.55092147435897|-39.57568299755799
2026-01-29 04:25:14.292853+00:00|33.25192291331393|36.391073222131695|35.4698752492759|33.25192291331393|34.525887721928825|-0.73828125|0.53515625|-0.336181640625|-1.03759765625|2.44140625|-0.030517578125|-1.4103632478632477|37.72721688034188|-41.783768315018314
2026-01-29 04:25:14.351692+00:00|33.25192291331393|36.395072641853574|35.473852108505525|33.255855785797905|34.53380050942644|-0.735595703125|0.538818359375|-0.347900390625|-1.40380859375|2.38037109375|0.213623046875|-1.0577724358974359|38.07980769230769|-41.783768315018314
2026-01-29 04:25:14.410518+00:00|33.24799010585491|36.39907216501848|35.4698752492759|33.24799010585491|34.521931448768726|-0.740478515625|0.533447265625|-0.344970703125|-1.03759765625|2.197265625|-0.030517578125|-0.8814770299145299|38.96128472222222|-41.613915598290596
2026-01-29 04:25:14.469302+00:00|33.25192291331393|36.395072641853574|35.47782905971502|33.26372172602913|34.525887721928825|-0.74072265625|0.536865234375|-0.3349609375|-1.220703125|2.38037109375|0.152587890625|-1.9392494658119657|37.55092147435897|-40.5947992979243
2026-01-29 04:25:14.528283+00:00|33.24799010585491|36.395072641853574|35.473852108505525|33.25978872335395|34.521931448768726|-0.73779296875|0.533447265625|-0.339599609375|-1.28173828125|2.777099609375|0.244140625|-1.234067841880342|37.90351228632478|-41.613915598290596
2026-01-29 04:25:14.587553+00:00|33.255855785797905|36.391073222131695|35.46589848197732|33.24799010585491|34.537757023860024|-0.738525390625|0.53564453125|-0.344970703125|-1.251220703125|2.410888671875|0.0|-0.5288862179487179|37.19833066239316|-42.29332646520146
2026-01-29 04:25:14.646721+00:00|33.255855785797905|36.39907216501848|35.46589848197732|33.25192291331393|34.529844075465405|-0.738037109375|0.53515625|-0.341552734375|-1.15966796875|2.62451171875|0.1220703125|-2.468135683760684|39.13758012820512|-40.08524114774115
2026-01-29 04:25:14.706133+00:00|33.255855785797905|36.40307179167644|35.48180610295367|33.255855785797905|34.525887721928825|-0.740478515625|0.532958984375|-0.339111328125|-1.190185546875|2.3193359375|-0.152587890625|-1.9392494658119657|37.55092147435897|-40.93450473137973
2026-01-29 04:25:14.765258+00:00|33.26372172602913|36.407071521877754|35.48180610295367|33.255855785797905|34.541713618814185|-0.73828125|0.534912109375|-0.342529296875|-0.9765625|2.50244140625|-0.1220703125|-1.7629540598290598|37.72721688034188|-39.74553571428571
2026-01-29 04:25:14.824461+00:00|33.26765479387035|36.411071355672675|35.48180610295367|33.26372172602913|34.525887721928825|-0.739990234375|0.534912109375|-0.33935546875|-1.220703125|2.349853515625|0.213623046875|-1.5866586538461538|39.313875534188035|-42.29332646520146
2026-01-29 04:25:14.883800+00:00|33.26372172602913|36.41507129311134|35.48180610295367|33.26765479387035|34.55358388728149|-0.7353515625|0.534912109375|-0.3359375|-1.40380859375|2.25830078125|-0.030517578125|-0.5288862179487179|37.90351228632478|-40.93450473137973
2026-01-29 04:25:14.943070+00:00|33.255855785797905|36.411071355672675|35.48578323827036|33.26765479387035|34.53380050942644|-0.739013671875|0.53759765625|-0.338623046875|-1.068115234375|2.410888671875|0.091552734375|-2.1155448717948717|38.4323985042735|-40.42494658119658
2026-01-29 04:25:15.001569+00:00|33.25192291331393|36.39907216501848|35.48180610295367|33.27158792692478|34.53380050942644|-0.73876953125|0.536865234375|-0.34130859375|-1.190185546875|2.25830078125|-0.030517578125|-0.8814770299145299|38.96128472222222|-40.25509386446887
2026-01-29 04:25:15.060035+00:00|33.26765479387035|36.40307179167644|35.4698752492759|33.255855785797905|34.529844075465405|-0.7392578125|0.536376953125|-0.34033203125|-1.28173828125|2.227783203125|0.030517578125|-0.7051816239316239|38.78498931623931|-41.10435744810745
2026-01-29 04:25:15.118717+00:00|33.26372172602913|36.419071334244165|35.48180610295367|33.25978872335395|34.53380050942644|-0.735107421875|0.53564453125|-0.3369140625|-1.220703125|2.471923828125|0.030517578125|-2.1155448717948717|37.37462606837607|-41.10435744810745
2026-01-29 04:25:15.178075+00:00|33.26765479387035|36.41507129311134|35.48578323827036|33.27158792692478|34.549627050476886|-0.73681640625|0.5380859375|-0.3369140625|-1.190185546875|2.349853515625|0.1220703125|-1.9392494658119657|38.256103098290595|-41.27421016483516
2026-01-29 04:25:15.237397+00:00|33.26765479387035|36.419071334244165|35.493737785334645|33.26372172602913|34.541713618814185|-0.73876953125|0.532958984375|-0.33837890625|-1.0986328125|2.471923828125|0.0|-1.7629540598290598|39.49017094017094|-41.10435744810745
2026-01-29 04:25:15.296470+00:00|33.26765479387035|36.419071334244165|35.48180610295367|33.27158792692478|34.541713618814185|-0.7392578125|0.53515625|-0.332763671875|-1.007080078125|2.3193359375|0.18310546875|-1.4103632478632477|38.4323985042735|-41.10435744810745
2026-01-29 04:25:15.355757+00:00|33.25978872335395|36.407071521877754|35.48578323827036|33.26765479387035|34.549627050476886|-0.741455078125|0.5322265625|-0.34033203125|-1.434326171875|2.685546875|0.0|-0.8814770299145299|37.55092147435897|-40.25509386446887
2026-01-29 04:25:15.414800+00:00|33.25978872335395|36.419071334244165|35.48180610295367|33.28338771783774|34.56149780307783|-0.740966796875|0.5380859375|-0.34326171875|-1.03759765625|2.593994140625|-0.213623046875|-1.234067841880342|38.96128472222222|-41.27421016483516
2026-01-29 04:25:15.474175+00:00|33.26765479387035|36.407071521877754|35.48578323827036|33.26372172602913|34.56149780307783|-0.73779296875|0.537841796875|-0.33642578125|-1.373291015625|2.685546875|0.1220703125|-0.8814770299145299|38.256103098290595|-41.953621031746025
2026-01-29 04:25:15.533440+00:00|33.27552112523949|36.42707172779291|35.48578323827036|33.27158792692478|34.529844075465405|-0.740234375|0.535400390625|-0.340576171875|-1.03759765625|2.3193359375|-0.213623046875|-1.7629540598290598|38.78498931623931|-40.764652014652015
2026-01-29 04:25:15.592483+00:00|33.27158792692478|36.42307147912118|35.48976046571437|33.27552112523949|34.54567029433713|-0.73681640625|0.5390625|-0.335205078125|-1.373291015625|2.50244140625|0.1220703125|-1.5866586538461538|37.55092147435897|-42.29332646520146
2026-01-29 04:25:15.651459+00:00|33.27945438886144|36.42707172779291|35.48976046571437|33.27552112523949|34.573369282961494|-0.741455078125|0.532470703125|-0.333251953125|-1.5869140625|2.38037109375|-0.335693359375|-2.2918402777777778|39.66646634615385|-41.27421016483516
2026-01-29 04:25:15.710453+00:00|33.27158792692478|36.435072536720725|35.48976046571437|33.27552112523949|34.541713618814185|-0.73828125|0.533203125|-0.342041015625|-1.0986328125|2.532958984375|0.091552734375|-1.234067841880342|38.96128472222222|-41.613915598290596
2026-01-29 04:25:15.769515+00:00|33.26372172602913|36.435072536720725|35.493737785334645|33.27945438886144|34.56545488216574|-0.734619140625|0.536865234375|-0.338623046875|-1.40380859375|2.716064453125|-0.274658203125|-1.5866586538461538|38.256103098290595|-41.27421016483516
2026-01-29 04:25:15.828718+00:00|33.26372172602913|36.42307147912118|35.48976046571437|33.27552112523949|34.56149780307783|-0.739990234375|0.53369140625|-0.3408203125|-1.52587890625|2.044677734375|-0.1220703125|-1.0577724358974359|38.78498931623931|-41.44406288156288
2026-01-29 04:25:15.887245+00:00|33.26765479387035|36.42307147912118|35.48976046571437|33.26765479387035|34.569412042110855|-0.73876953125|0.53662109375|-0.340576171875|-1.129150390625|2.3193359375|0.091552734375|-2.2918402777777778|37.90351228632478|-40.93450473137973
2026-01-29 04:25:15.946289+00:00|33.26765479387035|36.439073097077426|35.497715197180355|33.26372172602913|34.54567029433713|-0.73828125|0.5361328125|-0.33642578125|-1.129150390625|2.5634765625|0.0|-1.4103632478632477|37.72721688034188|-40.764652014652015
2026-01-29 04:25:16.005386+00:00|33.26765479387035|36.439073097077426|35.497715197180355|33.27945438886144|34.569412042110855|-0.73876953125|0.54052734375|-0.34521484375|-1.15966796875|2.38037109375|0.091552734375|-1.7629540598290598|38.4323985042735|-40.08524114774115
2026-01-29 04:25:16.064452+00:00|33.27158792692478|36.4430737614299|35.493737785334645|33.27945438886144|34.573369282961494|-0.74169921875|0.533935546875|-0.337158203125|-0.823974609375|2.5634765625|0.1220703125|-2.9970219017094015|38.256103098290595|-39.915388431013426
2026-01-29 04:25:16.123543+00:00|33.27158792692478|36.4430737614299|35.497715197180355|33.27552112523949|34.569412042110855|-0.736328125|0.534423828125|-0.342041015625|-1.312255859375|2.25830078125|0.030517578125|-2.1155448717948717|39.13758012820512|-40.764652014652015
2026-01-29 04:25:16.182542+00:00|33.26372172602913|36.4510754023226|35.493737785334645|33.27552112523949|34.581284007571355|-0.744384765625|0.537353515625|-0.33935546875|-1.190185546875|2.3193359375|0.0|0.0|38.07980769230769|-40.08524114774115
2026-01-29 04:25:16.241597+00:00|33.26765479387035|36.4430737614299|35.50169270130044|33.28338771783774|34.569412042110855|-0.743408203125|0.53759765625|-0.33984375|-1.434326171875|2.5634765625|0.152587890625|-2.468135683760684|38.4323985042735|-42.463179181929185
2026-01-29 04:25:16.300282+00:00|33.27552112523949|36.44707452982817|35.493737785334645|33.27158792692478|34.56149780307783|-0.739013671875|0.53369140625|-0.34375|-1.15966796875|2.349853515625|0.152587890625|-1.5866586538461538|38.256103098290595|-41.953621031746025
2026-01-29 04:25:16.359292+00:00|33.27552112523949|36.4550763789635|35.497715197180355|33.27158792692478|34.55754080479909|-0.738037109375|0.533935546875|-0.3408203125|-1.312255859375|2.44140625|0.06103515625|-0.7051816239316239|38.78498931623931|-42.12347374847374
2026-01-29 04:25:16.418780+00:00|33.27158792692478|36.45907745980111|35.50169270130044|33.28338771783774|34.573369282961494|-0.738037109375|0.537841796875|-0.331787109375|-1.28173828125|2.3193359375|0.1220703125|0.0|39.49017094017094|-40.08524114774115
2026-01-29 04:25:16.478295+00:00|33.27158792692478|36.46707993426793|35.50567029774413|33.28338771783774|34.55754080479909|-0.73779296875|0.53662109375|-0.340576171875|-1.312255859375|2.44140625|0.091552734375|-1.7629540598290598|38.4323985042735|-40.42494658119658
2026-01-29 04:25:16.537388+00:00|33.27158792692478|36.45907745980111|35.50169270130044|33.27945438886144|34.581284007571355|-0.74072265625|0.5361328125|-0.342041015625|-1.03759765625|2.288818359375|-0.030517578125|-2.468135683760684|38.78498931623931|-40.764652014652015
2026-01-29 04:25:16.596238+00:00|33.28338771783774|36.47108132799758|35.50964798656054|33.28338771783774|34.573369282961494|-0.73681640625|0.534423828125|-0.343994140625|-1.40380859375|2.471923828125|0.152587890625|-0.17629540598290597|38.256103098290595|-41.27421016483516
2026-01-29 04:25:16.655065+00:00|33.26372172602913|36.45907745980111|35.50964798656054|33.27945438886144|34.56149780307783|-0.740234375|0.53662109375|-0.342529296875|-1.068115234375|2.5634765625|0.0|-0.5288862179487179|37.90351228632478|-40.25509386446887
2026-01-29 04:25:16.713849+00:00|33.27158792692478|36.46707993426793|35.497715197180355|33.26765479387035|34.597114429773455|-0.740966796875|0.536865234375|-0.337890625|-0.946044921875|2.01416015625|0.06103515625|-2.1155448717948717|38.4323985042735|-41.10435744810745
2026-01-29 04:25:16.772629+00:00|33.27945438886144|36.47908442870124|35.50567029774413|33.27158792692478|34.56545488216574|-0.740966796875|0.53759765625|-0.340576171875|-1.0986328125|2.410888671875|0.06103515625|-1.9392494658119657|38.608693910256406|-40.93450473137973
2026-01-29 04:25:16.831543+00:00|33.27945438886144|36.47908442870124|35.50964798656054|33.287321112215466|34.57732660476563|-0.73974609375|0.535888671875|-0.34326171875|-1.129150390625|2.471923828125|0.06103515625|-1.234067841880342|38.608693910256406|-41.613915598290596
2026-01-29 04:25:16.890784+00:00|33.26765479387035|36.47908442870124|35.50567029774413|33.28338771783774|34.573369282961494|-0.739013671875|0.5361328125|-0.335205078125|-1.15966796875|2.288818359375|-0.091552734375|-0.8814770299145299|37.55092147435897|-40.93450473137973
2026-01-29 04:25:16.949512+00:00|33.27945438886144|36.47908442870124|35.50964798656054|33.27945438886144|34.60107223830937|-0.740966796875|0.533203125|-0.340576171875|-1.129150390625|2.288818359375|0.091552734375|-1.9392494658119657|38.608693910256406|-41.953621031746025
2026-01-29 04:25:17.008343+00:00|33.26765479387035|36.49108986362222|35.52158160773649|33.27945438886144|34.585241491426984|-0.73583984375|0.53515625|-0.33984375|-1.373291015625|2.410888671875|-0.152587890625|-1.5866586538461538|38.96128472222222|-42.6330318986569
2026-01-29 04:25:17.067036+00:00|33.28338771783774|36.47908442870124|35.50567029774413|33.27945438886144|34.573369282961494|-0.7392578125|0.53857421875|-0.339111328125|-1.46484375|2.0751953125|0.091552734375|-0.7051816239316239|39.49017094017094|-42.12347374847374
2026-01-29 04:25:17.125942+00:00|33.27945438886144|36.487087947399345|35.50964798656054|33.27552112523949|34.569412042110855|-0.739990234375|0.531005859375|-0.33349609375|-1.190185546875|2.3193359375|-0.030517578125|-1.234067841880342|38.608693910256406|-40.5947992979243
2026-01-29 04:25:17.184723+00:00|33.28338771783774|36.499094010067154|35.51760364150755|33.29125457204168|34.61294615185233|-0.73681640625|0.53759765625|-0.345703125|-1.312255859375|2.44140625|0.213623046875|-1.7629540598290598|38.4323985042735|-40.764652014652015
2026-01-29 04:25:17.243310+00:00|33.28338771783774|36.495091884494684|35.51760364150755|33.287321112215466|34.597114429773455|-0.740966796875|0.53564453125|-0.33349609375|-1.190185546875|2.227783203125|0.06103515625|-2.1155448717948717|38.78498931623931|-40.764652014652015
2026-01-29 04:25:17.302080+00:00|33.287321112215466|36.495091884494684|35.52158160773649|33.29125457204168|34.59315670247986|-0.7412109375|0.536376953125|-0.33544921875|-1.190185546875|2.3193359375|0.30517578125|-1.234067841880342|38.256103098290595|-41.613915598290596
2026-01-29 04:25:17.360857+00:00|33.27945438886144|36.49108986362222|35.51362576779866|33.287321112215466|34.61294615185233|-0.740478515625|0.537353515625|-0.333251953125|-1.068115234375|2.349853515625|-0.091552734375|-2.2918402777777778|38.608693910256406|-42.29332646520146
2026-01-29 04:25:17.420333+00:00|33.27552112523949|36.495091884494684|35.50964798656054|33.27945438886144|34.60898809930063|-0.735107421875|0.53857421875|-0.34375|-0.946044921875|2.410888671875|0.1220703125|-2.2918402777777778|40.01905715811966|-40.93450473137973
2026-01-29 04:25:17.479798+00:00|33.27158792692478|36.495091884494684|35.50964798656054|33.27945438886144|34.60107223830937|-0.740478515625|0.534912109375|-0.337158203125|-1.190185546875|2.593994140625|0.152587890625|-2.2918402777777778|38.608693910256406|-40.25509386446887
2026-01-29 04:25:17.538748+00:00|33.287321112215466|36.50309624038999|35.51362576779866|33.27552112523949|34.58919905638032|-0.743896484375|0.537353515625|-0.338623046875|-1.15966796875|2.25830078125|0.06103515625|-1.9392494658119657|38.96128472222222|-41.613915598290596
2026-01-29 04:25:17.597601+00:00|33.28338771783774|36.50309624038999|35.52158160773649|33.287321112215466|34.60503012813575|-0.738525390625|0.5361328125|-0.337890625|-1.373291015625|2.349853515625|0.18310546875|-1.4103632478632477|38.78498931623931|-41.10435744810745
2026-01-29 04:25:17.656499+00:00|33.28338771783774|36.511101015488066|35.52158160773649|33.287321112215466|34.60503012813575|-0.739501953125|0.535888671875|-0.34423828125|-1.46484375|2.288818359375|0.091552734375|-2.1155448717948717|39.84276175213675|-39.74553571428571
2026-01-29 04:25:17.715313+00:00|33.287321112215466|36.51510356036408|35.52158160773649|33.29125457204168|34.63273763709702|-0.739990234375|0.535400390625|-0.338623046875|-1.3427734375|2.227783203125|0.1220703125|-1.4103632478632477|37.022035256410255|-39.74553571428571
2026-01-29 04:25:17.774191+00:00|33.287321112215466|36.511101015488066|35.525559666534605|33.29125457204168|34.60898809930063|-0.736328125|0.53759765625|-0.338134765625|-1.434326171875|2.288818359375|0.030517578125|-2.468135683760684|38.4323985042735|-41.44406288156288
2026-01-29 04:25:17.833088+00:00|33.27945438886144|36.50309624038999|35.51760364150755|33.29125457204168|34.61294615185233|-0.740478515625|0.537109375|-0.345703125|-1.15966796875|2.25830078125|0.213623046875|-1.5866586538461538|38.608693910256406|-40.5947992979243
2026-01-29 04:25:17.892345+00:00|33.29125457204168|36.511101015488066|35.52158160773649|33.28338771783774|34.61294615185233|-0.742919921875|0.538818359375|-0.342041015625|-1.251220703125|2.410888671875|-0.06103515625|-1.4103632478632477|38.78498931623931|-42.12347374847374
2026-01-29 04:25:17.951287+00:00|33.29125457204168|36.51510356036408|35.51760364150755|33.28338771783774|34.620862501308466|-0.7392578125|0.533935546875|-0.334228515625|-1.068115234375|2.166748046875|0.213623046875|-2.468135683760684|38.4323985042735|-39.74553571428571
2026-01-29 04:25:18.010259+00:00|33.30305534468198|36.51510356036408|35.529537817950825|33.29912168822784|34.60107223830937|-0.739013671875|0.5322265625|-0.33349609375|-1.40380859375|2.50244140625|0.030517578125|-2.64443108974359|37.90351228632478|-39.915388431013426
2026-01-29 04:25:18.069319+00:00|33.29125457204168|36.51910621019192|35.529537817950825|33.29518809736345|34.63273763709702|-0.7373046875|0.534912109375|-0.3408203125|-1.312255859375|2.349853515625|-0.030517578125|-0.5288862179487179|37.90351228632478|-41.27421016483516
2026-01-29 04:25:18.128252+00:00|33.29125457204168|36.51510356036408|35.529537817950825|33.29518809736345|34.61690428583887|-0.742431640625|0.537353515625|-0.3388671875|-1.220703125|2.349853515625|0.1220703125|-1.0577724358974359|38.78498931623931|-41.783768315018314
2026-01-29 04:25:18.187154+00:00|33.27945438886144|36.511101015488066|35.525559666534605|33.29912168822784|34.62482079830926|-0.74169921875|0.538818359375|-0.338134765625|-1.0986328125|2.532958984375|0.0|-1.0577724358974359|36.669444444444444|-40.764652014652015
2026-01-29 04:25:18.246567+00:00|33.27945438886144|36.50709857551345|35.52158160773649|33.29912168822784|34.62482079830926|-0.73828125|0.533935546875|-0.33984375|-1.251220703125|2.471923828125|-0.030517578125|-1.9392494658119657|37.90351228632478|-41.27421016483516
2026-01-29 04:25:18.305644+00:00|33.29125457204168|36.51510356036408|35.529537817950825|33.28338771783774|34.620862501308466|-0.737548828125|0.53515625|-0.3388671875|-1.129150390625|2.410888671875|0.1220703125|-0.8814770299145299|37.19833066239316|-40.93450473137973
2026-01-29 04:25:18.364847+00:00|33.29518809736345|36.52310896502195|35.525559666534605|33.287321112215466|34.628779176889395|-0.739013671875|0.536865234375|-0.340087890625|-1.312255859375|2.349853515625|0.030517578125|-0.8814770299145299|37.55092147435897|-39.915388431013426
2026-01-29 04:25:18.424407+00:00|33.29125457204168|36.52310896502195|35.529537817950825|33.29912168822784|34.61294615185233|-0.738525390625|0.537353515625|-0.336181640625|-0.8544921875|2.349853515625|0.030517578125|-1.5866586538461538|37.90351228632478|-41.27421016483516
2026-01-29 04:25:18.483433+00:00|33.29912168822784|36.51910621019192|35.529537817950825|33.30305534468198|34.64857229516656|-0.740966796875|0.5380859375|-0.33154296875|-1.251220703125|2.410888671875|0.06103515625|-1.7629540598290598|39.13758012820512|-41.10435744810745
2026-01-29 04:25:18.542458+00:00|33.29912168822784|36.52310896502195|35.54545135078064|33.30698906677276|34.64461350796705|-0.744140625|0.538330078125|-0.334228515625|-1.068115234375|2.3193359375|-0.06103515625|-0.5288862179487179|38.96128472222222|-41.953621031746025
2026-01-29 04:25:18.601362+00:00|33.29125457204168|36.531114789890125|35.5374943988345|33.31092285454747|34.64461350796705|-0.7392578125|0.5361328125|-0.3408203125|-1.129150390625|2.471923828125|0.213623046875|0.7051816239316239|38.07980769230769|-41.10435744810745
2026-01-29 04:25:18.660270+00:00|33.287321112215466|36.52310896502195|35.53351606203444|33.30305534468198|34.64461350796705|-0.739501953125|0.538818359375|-0.341796875|-1.129150390625|2.410888671875|-0.18310546875|-0.7051816239316239|38.4323985042735|-41.44406288156288
2026-01-29 04:25:18.719110+00:00|33.29518809736345|36.51910621019192|35.529537817950825|33.29125457204168|34.620862501308466|-0.73779296875|0.53759765625|-0.333984375|-1.15966796875|2.685546875|0.1220703125|-0.5288862179487179|39.66646634615385|-40.5947992979243
2026-01-29 04:25:18.778154+00:00|33.30305534468198|36.527111824904466|35.54147282840012|33.29912168822784|34.62482079830926|-0.740478515625|0.537353515625|-0.332275390625|-1.007080078125|2.410888671875|-0.18310546875|-1.7629540598290598|39.13758012820512|-41.44406288156288
2026-01-29 04:25:18.837050+00:00|33.29518809736345|36.527111824904466|35.5374943988345|33.30698906677276|34.64857229516656|-0.736328125|0.5390625|-0.34326171875|-1.40380859375|2.50244140625|-0.030517578125|-1.4103632478632477|38.07980769230769|-41.783768315018314
2026-01-29 04:25:18.895570+00:00|33.31092285454747|36.531114789890125|35.54545135078064|33.31092285454747|34.65253116423446|-0.74072265625|0.539794921875|-0.34228515625|-1.03759765625|2.349853515625|0.152587890625|-0.5288862179487179|38.96128472222222|-41.613915598290596
2026-01-29 04:25:18.954469+00:00|33.29912168822784|36.527111824904466|35.54147282840012|33.30698906677276|34.65253116423446|-0.7421875|0.53515625|-0.34033203125|-1.129150390625|2.3193359375|-0.030517578125|-1.4103632478632477|39.13758012820512|-40.08524114774115
2026-01-29 04:25:19.013457+00:00|33.29125457204168|36.52310896502195|35.54545135078064|33.31092285454747|34.656490115219185|-0.73681640625|0.53369140625|-0.33251953125|-1.0986328125|2.227783203125|0.0|-1.7629540598290598|37.37462606837607|-40.42494658119658
2026-01-29 04:25:19.072852+00:00|33.30305534468198|36.51910621019192|35.53351606203444|33.314856708053014|34.656490115219185|-0.7373046875|0.53515625|-0.339599609375|-1.28173828125|2.471923828125|0.1220703125|-2.1155448717948717|37.37462606837607|-40.764652014652015
2026-01-29 04:25:19.132170+00:00|33.30698906677276|36.51910621019192|35.53351606203444|33.29518809736345|34.656490115219185|-0.734130859375|0.528564453125|-0.340087890625|-1.434326171875|2.44140625|0.030517578125|0.5288862179487179|37.90351228632478|-40.25509386446887
2026-01-29 04:25:19.190921+00:00|33.30305534468198|36.531114789890125|35.54545135078064|33.29912168822784|34.6366961789804|-0.7421875|0.537109375|-0.345458984375|-1.220703125|2.3193359375|0.1220703125|-1.234067841880342|39.66646634615385|-40.93450473137973
2026-01-29 04:25:19.250393+00:00|33.31092285454747|36.53912103537192|35.553408674182265|33.31092285454747|34.63273763709702|-0.73681640625|0.53369140625|-0.34423828125|-1.190185546875|2.471923828125|0.091552734375|-0.8814770299145299|38.608693910256406|-42.29332646520146
2026-01-29 04:25:19.309642+00:00|33.30698906677276|36.527111824904466|35.54147282840012|33.314856708053014|34.66440826313095|-0.737548828125|0.53564453125|-0.338623046875|-1.0986328125|2.50244140625|-0.1220703125|-1.234067841880342|39.313875534188035|-42.29332646520146
2026-01-29 04:25:19.368824+00:00|33.30698906677276|36.527111824904466|35.553408674182265|33.29912168822784|34.66836746015451|-0.736083984375|0.540283203125|-0.33984375|-0.9765625|2.410888671875|-0.1220703125|-0.17629540598290597|38.608693910256406|-40.5947992979243
2026-01-29 04:25:19.427706+00:00|33.30305534468198|36.531114789890125|35.553408674182265|33.30698906677276|34.64461350796705|-0.737548828125|0.536376953125|-0.342041015625|-1.03759765625|2.3193359375|0.0|-0.8814770299145299|37.55092147435897|-40.5947992979243
2026-01-29 04:25:19.486879+00:00|33.29518809736345|36.52310896502195|35.54545135078064|33.31092285454747|34.66044914816848|-0.74462890625|0.537109375|-0.337646484375|-1.3427734375|2.471923828125|0.06103515625|-0.7051816239316239|37.022035256410255|-39.74553571428571
2026-01-29 04:25:19.546724+00:00|33.30698906677276|36.527111824904466|35.54545135078064|33.314856708053014|34.684205069825396|-0.7392578125|0.53466796875|-0.338623046875|-1.251220703125|2.593994140625|0.091552734375|-2.1155448717948717|38.4323985042735|-41.44406288156288
2026-01-29 04:25:19.606113+00:00|33.31092285454747|36.51910621019192|35.54545135078064|33.30305534468198|34.67628610057824|-0.740966796875|0.53857421875|-0.337890625|-1.220703125|2.593994140625|-0.1220703125|-1.5866586538461538|38.608693910256406|-40.25509386446887
2026-01-29 04:25:19.665438+00:00|33.29912168822784|36.53511786002912|35.54545135078064|33.30305534468198|34.67628610057824|-0.734619140625|0.5380859375|-0.340576171875|-1.3427734375|2.50244140625|-0.1220703125|-1.0577724358974359|38.07980769230769|-40.08524114774115
2026-01-29 04:25:19.724750+00:00|33.30305534468198|36.53912103537192|35.553408674182265|33.31092285454747|34.65253116423446|-0.739501953125|0.53564453125|-0.34033203125|-1.15966796875|2.044677734375|0.213623046875|-1.5866586538461538|39.66646634615385|-42.29332646520146
2026-01-29 04:25:19.784194+00:00|33.31092285454747|36.531114789890125|35.553408674182265|33.31879062733668|34.68024554407481|-0.738037109375|0.5341796875|-0.341552734375|-1.251220703125|2.593994140625|0.06103515625|-1.5866586538461538|37.90351228632478|-41.27421016483516
2026-01-29 04:25:19.843750+00:00|33.31092285454747|36.53511786002912|35.553408674182265|33.32272461244543|34.68816467787826|-0.738037109375|0.536865234375|-0.33837890625|-1.251220703125|2.349853515625|0.1220703125|-2.1155448717948717|39.13758012820512|-42.80288461538461
2026-01-29 04:25:19.903235+00:00|33.31092285454747|36.53511786002912|35.557387475301766|33.31092285454747|34.68816467787826|-0.739501953125|0.5380859375|-0.337890625|-1.0986328125|2.593994140625|0.030517578125|-0.7051816239316239|38.4323985042735|-42.12347374847374
2026-01-29 04:25:19.962834+00:00|33.31092285454747|36.53912103537192|35.557387475301766|33.30698906677276|34.67232673928754|-0.74072265625|0.538818359375|-0.337890625|-1.068115234375|2.593994140625|0.0|-0.17629540598290597|37.19833066239316|-42.29332646520146
2026-01-29 04:25:20.022304+00:00|33.30305534468198|36.527111824904466|35.56534535662405|33.32272461244543|34.68816467787826|-0.736328125|0.5341796875|-0.33544921875|-1.40380859375|2.50244140625|-0.030517578125|-0.5288862179487179|38.96128472222222|-40.5947992979243
2026-01-29 04:25:20.082017+00:00|33.30305534468198|36.52310896502195|35.56136636943262|33.31879062733668|34.684205069825396|-0.736328125|0.53564453125|-0.3349609375|-1.3427734375|2.227783203125|-0.030517578125|-2.1155448717948717|37.72721688034188|-40.42494658119658
2026-01-29 04:25:20.141510+00:00|33.30305534468198|36.52310896502195|35.54545135078064|33.32272461244543|34.66836746015451|-0.740966796875|0.535888671875|-0.340576171875|-1.220703125|2.38037109375|0.1220703125|-0.35259081196581193|38.07980769230769|-40.764652014652015
2026-01-29 04:25:20.201164+00:00|33.31879062733668|36.527111824904466|35.54942996602489|33.30305534468198|34.70400393407715|-0.740966796875|0.536376953125|-0.343017578125|-1.251220703125|2.44140625|-0.06103515625|-1.0577724358974359|38.4323985042735|-41.44406288156288
2026-01-29 04:25:20.260493+00:00|33.314856708053014|36.53511786002912|35.553408674182265|33.314856708053014|34.66440826313095|-0.7373046875|0.53466796875|-0.33544921875|-1.129150390625|2.3193359375|0.152587890625|0.0|38.07980769230769|-40.764652014652015
2026-01-29 04:25:20.319698+00:00|33.31879062733668|36.53511786002912|35.56136636943262|33.314856708053014|34.68816467787826|-0.743408203125|0.533203125|-0.33544921875|-1.15966796875|2.471923828125|-0.030517578125|-1.234067841880342|39.66646634615385|-40.25509386446887
2026-01-29 04:25:20.378803+00:00|33.31879062733668|36.53511786002912|35.56136636943262|33.326658663426315|34.68816467787826|-0.734375|0.537109375|-0.340087890625|-1.251220703125|2.471923828125|0.030517578125|-1.234067841880342|38.608693910256406|-41.27421016483516
2026-01-29 04:25:20.437886+00:00|33.32272461244543|36.53912103537192|35.56534535662405|33.326658663426315|34.68816467787826|-0.74365234375|0.53271484375|-0.334228515625|-1.220703125|2.471923828125|-0.152587890625|-1.4103632478632477|39.13758012820512|-40.764652014652015
2026-01-29 04:25:20.496743+00:00|33.314856708053014|36.53912103537192|35.56136636943262|33.32272461244543|34.684205069825396|-0.736328125|0.53759765625|-0.336669921875|-1.312255859375|2.3193359375|-0.1220703125|-1.4103632478632477|38.4323985042735|-39.74553571428571
2026-01-29 04:25:20.556275+00:00|33.31879062733668|36.531114789890125|35.569324436925|33.31879062733668|34.70004399633285|-0.739013671875|0.535888671875|-0.3369140625|-1.03759765625|2.25830078125|-0.091552734375|-0.7051816239316239|38.4323985042735|-41.10435744810745
2026-01-29 04:25:20.615488+00:00|33.314856708053014|36.531114789890125|35.553408674182265|33.32272461244543|34.69608414108376|-0.739501953125|0.531982421875|-0.341552734375|-1.220703125|2.44140625|-0.030517578125|-0.8814770299145299|38.608693910256406|-39.915388431013426
2026-01-29 04:25:20.674559+00:00|33.326658663426315|36.52310896502195|35.54942996602489|33.32272461244543|34.71984451097126|-0.738525390625|0.535888671875|-0.341796875|-1.3427734375|2.5634765625|0.152587890625|-2.1155448717948717|38.78498931623931|-40.42494658119658
2026-01-29 04:25:20.733606+00:00|33.326658663426315|36.53511786002912|35.56136636943262|33.33059278032647|34.68024554407481|-0.730224609375|0.5224609375|-0.344482421875|-0.30517578125|2.0751953125|0.396728515625|-2.2918402777777778|37.19833066239316|-39.915388431013426
2026-01-29 04:25:20.792772+00:00|33.326658663426315|36.53912103537192|35.56534535662405|33.34239552701359|34.70004399633285|-0.73876953125|0.538330078125|-0.33837890625|-1.495361328125|2.410888671875|0.152587890625|-1.5866586538461538|38.608693910256406|-40.93450473137973
2026-01-29 04:25:20.851726+00:00|33.326658663426315|36.53912103537192|35.57728287705282|33.334526963193014|34.70796395436486|-0.736328125|0.536865234375|-0.343017578125|-0.946044921875|2.3193359375|0.091552734375|-1.0577724358974359|38.4323985042735|-40.42494658119658
2026-01-29 04:25:20.910824+00:00|33.334526963193014|36.53912103537192|35.569324436925|33.338461212073014|34.71588424276371|-0.73828125|0.539306640625|-0.337646484375|-1.40380859375|2.13623046875|-0.152587890625|-0.17629540598290597|37.90351228632478|-41.27421016483516
2026-01-29 04:25:20.969928+00:00|33.32272461244543|36.53912103537192|35.56534535662405|33.338461212073014|34.70796395436486|-0.73681640625|0.534423828125|-0.33349609375|-1.373291015625|2.3193359375|0.030517578125|-0.8814770299145299|36.84573985042735|-39.915388431013426
2026-01-29 04:25:21.029018+00:00|33.33059278032647|36.531114789890125|35.573303610384926|33.34239552701359|34.711924057244346|-0.73681640625|0.533935546875|-0.337890625|-1.220703125|2.50244140625|0.0|-1.9392494658119657|38.96128472222222|-40.93450473137973
2026-01-29 04:25:21.088019+00:00|33.33059278032647|36.53511786002912|35.56136636943262|33.326658663426315|34.70004399633285|-0.740234375|0.533203125|-0.341796875|-1.251220703125|2.25830078125|-0.06103515625|-1.0577724358974359|39.13758012820512|-41.44406288156288
2026-01-29 04:25:21.147026+00:00|33.34239552701359|36.53912103537192|35.569324436925|33.33059278032647|34.70796395436486|-0.7373046875|0.53759765625|-0.338134765625|-1.190185546875|2.410888671875|0.030517578125|-2.64443108974359|37.90351228632478|-40.25509386446887
2026-01-29 04:25:21.205991+00:00|33.334526963193014|36.53912103537192|35.573303610384926|33.338461212073014|34.68816467787826|-0.7412109375|0.534912109375|-0.3388671875|-1.007080078125|2.13623046875|0.091552734375|-2.468135683760684|37.37462606837607|-40.42494658119658
2026-01-29 04:25:21.265187+00:00|33.334526963193014|36.54312431596884|35.585241690209386|33.35026435526487|34.711924057244346|-0.741943359375|0.53955078125|-0.331787109375|-1.15966796875|2.655029296875|0.1220703125|-1.7629540598290598|38.78498931623931|-40.42494658119658
2026-01-29 04:25:21.324603+00:00|33.34239552701359|36.53912103537192|35.57728287705282|33.34632990806182|34.70004399633285|-0.737548828125|0.536865234375|-0.344482421875|-1.251220703125|2.777099609375|-0.030517578125|-0.5288862179487179|38.256103098290595|-40.5947992979243
2026-01-29 04:25:21.383470+00:00|33.34239552701359|36.547127701870295|35.57728287705282|33.34239552701359|34.70796395436486|-0.73779296875|0.53515625|-0.342041015625|-1.3427734375|2.197265625|0.030517578125|-2.1155448717948717|38.4323985042735|-40.764652014652015
2026-01-29 04:25:21.442527+00:00|33.334526963193014|36.53511786002912|35.58126223697798|33.35026435526487|34.73172581220581|-0.735595703125|0.53466796875|-0.336669921875|-1.03759765625|2.5634765625|-0.06103515625|-1.234067841880342|38.608693910256406|-40.5947992979243
2026-01-29 04:25:21.501449+00:00|33.338461212073014|36.53511786002912|35.569324436925|33.34632990806182|34.711924057244346|-0.7421875|0.532958984375|-0.34033203125|-1.190185546875|2.50244140625|0.152587890625|-1.9392494658119657|38.256103098290595|-42.29332646520146
2026-01-29 04:25:21.560431+00:00|33.3541988686697|36.53912103537192|35.569324436925|33.34239552701359|34.727765295644076|-0.744384765625|0.539794921875|-0.33349609375|-1.129150390625|2.410888671875|0.030517578125|-0.8814770299145299|38.256103098290595|-40.5947992979243
2026-01-29 04:25:21.619285+00:00|33.34239552701359|36.54312431596884|35.585241690209386|33.34632990806182|34.70400393407715|-0.73974609375|0.533447265625|-0.342041015625|-1.251220703125|2.44140625|0.213623046875|-0.35259081196581193|39.84276175213675|-40.42494658119658
2026-01-29 04:25:21.678040+00:00|33.3541988686697|36.547127701870295|35.58126223697798|33.3541988686697|34.74360785937154|-0.739013671875|0.5400390625|-0.334716796875|-1.3427734375|2.288818359375|0.1220703125|-1.5866586538461538|39.313875534188035|-40.5947992979243
2026-01-29 04:25:21.736848+00:00|33.3541988686697|36.54312431596884|35.58126223697798|33.3541988686697|34.71588424276371|-0.737548828125|0.533203125|-0.337890625|-1.40380859375|2.44140625|0.213623046875|-1.0577724358974359|39.49017094017094|-41.10435744810745
2026-01-29 04:25:21.795691+00:00|33.34239552701359|36.54312431596884|35.58126223697798|33.3581334483236|34.73172581220581|-0.733154296875|0.531982421875|-0.333984375|-1.312255859375|2.227783203125|0.18310546875|-1.7629540598290598|38.78498931623931|-41.10435744810745
2026-01-29 04:25:21.854374+00:00|33.34239552701359|36.53511786002912|35.569324436925|33.3541988686697|34.73964709402128|-0.742919921875|0.5400390625|-0.342041015625|-1.556396484375|2.3193359375|-0.091552734375|-0.17629540598290597|37.90351228632478|-41.613915598290596
2026-01-29 04:25:21.913187+00:00|33.36206809427358|36.54312431596884|35.58126223697798|33.35026435526487|34.75549065377197|-0.7373046875|0.5361328125|-0.337890625|-1.15966796875|2.410888671875|0.06103515625|-2.1155448717948717|37.022035256410255|-42.80288461538461
2026-01-29 04:25:21.972165+00:00|33.3541988686697|36.54312431596884|35.589221236796504|33.3581334483236|34.727765295644076|-0.744384765625|0.533203125|-0.343994140625|-0.8544921875|1.77001953125|0.030517578125|-1.7629540598290598|38.4323985042735|-42.12347374847374
2026-01-29 04:25:22.031340+00:00|33.3581334483236|36.547127701870295|35.58126223697798|33.36993758525034|34.71588424276371|-0.744140625|0.53466796875|-0.3427734375|-1.068115234375|2.685546875|0.030517578125|-1.7629540598290598|38.4323985042735|-41.44406288156288
2026-01-29 04:25:22.090104+00:00|33.3541988686697|36.55113119312682|35.585241690209386|33.36600280656677|34.727765295644076|-0.7392578125|0.53759765625|-0.344970703125|-1.15966796875|2.410888671875|0.1220703125|-1.234067841880342|38.96128472222222|-41.953621031746025
2026-01-29 04:25:22.148820+00:00|33.36206809427358|36.55113119312682|35.597180610234204|33.36993758525034|34.727765295644076|-0.74609375|0.5380859375|-0.345458984375|-1.312255859375|2.349853515625|-0.06103515625|-1.234067841880342|37.55092147435897|-41.953621031746025
2026-01-29 04:25:22.207614+00:00|33.3581334483236|36.53912103537192|35.585241690209386|33.36600280656677|34.73964709402128|-0.739990234375|0.53759765625|-0.33935546875|-1.251220703125|2.593994140625|0.213623046875|-1.234067841880342|38.256103098290595|-40.93450473137973
2026-01-29 04:25:22.266379+00:00|33.3581334483236|36.53912103537192|35.585241690209386|33.36600280656677|34.727765295644076|-0.743408203125|0.53759765625|-0.337646484375|-1.28173828125|2.044677734375|-0.06103515625|-2.1155448717948717|38.78498931623931|-41.10435744810745
2026-01-29 04:25:22.325277+00:00|33.36993758525034|36.55513478978895|35.589221236796504|33.3581334483236|34.70796395436486|-0.7431640625|0.535400390625|-0.34765625|-0.91552734375|2.227783203125|0.030517578125|-1.7629540598290598|37.72721688034188|-42.463179181929185
2026-01-29 04:25:22.383950+00:00|33.36600280656677|36.56314229953108|35.597180610234204|33.36993758525034|34.72380486191531|-0.73583984375|0.534423828125|-0.336669921875|-1.15966796875|2.3193359375|0.06103515625|-0.8814770299145299|39.313875534188035|-39.915388431013426
2026-01-29 04:25:22.442705+00:00|33.36600280656677|36.55113119312682|35.597180610234204|33.36993758525034|34.75549065377197|-0.742919921875|0.53369140625|-0.341552734375|-1.3427734375|2.38037109375|0.0|-1.234067841880342|37.19833066239316|-40.25509386446887
2026-01-29 04:25:22.501381+00:00|33.36600280656677|36.56314229953108|35.597180610234204|33.36993758525034|34.727765295644076|-0.73876953125|0.53369140625|-0.3349609375|-1.312255859375|2.349853515625|-0.30517578125|-0.7051816239316239|37.72721688034188|-40.764652014652015
2026-01-29 04:25:22.560122+00:00|33.36206809427358|36.55113119312682|35.589221236796504|33.373872430371364|34.727765295644076|-0.7392578125|0.532470703125|-0.3359375|-1.007080078125|2.349853515625|0.030517578125|-3.3496127136752136|37.19833066239316|-42.29332646520146
2026-01-29 04:25:22.618905+00:00|33.36993758525034|36.55113119312682|35.585241690209386|33.36600280656677|34.735686411648715|-0.74267578125|0.53369140625|-0.335693359375|-1.190185546875|2.74658203125|-0.1220703125|-1.5866586538461538|38.608693910256406|-41.27421016483516
2026-01-29 04:25:22.678429+00:00|33.36993758525034|36.56314229953108|35.597180610234204|33.373872430371364|34.711924057244346|-0.735107421875|0.535400390625|-0.340087890625|-1.190185546875|2.38037109375|0.152587890625|-0.35259081196581193|38.07980769230769|-40.764652014652015
2026-01-29 04:25:22.737369+00:00|33.36993758525034|36.56314229953108|35.60116043718318|33.373872430371364|34.727765295644076|-0.741943359375|0.539306640625|-0.338134765625|-1.220703125|2.410888671875|-0.091552734375|-2.2918402777777778|37.90351228632478|-41.27421016483516
2026-01-29 04:25:22.796144+00:00|33.37780734197696|36.56714621271203|35.597180610234204|33.37780734197696|34.73964709402128|-0.740478515625|0.537109375|-0.33984375|-1.0986328125|2.349853515625|0.0|-0.7051816239316239|39.49017094017094|-41.44406288156288
2026-01-29 04:25:22.855101+00:00|33.381742320114256|36.57115023150027|35.597180610234204|33.381742320114256|34.74360785937154|-0.74072265625|0.537353515625|-0.337646484375|-1.434326171875|2.62451171875|0.091552734375|-0.5288862179487179|39.313875534188035|-42.97273733211233
2026-01-29 04:25:22.913998+00:00|33.373872430371364|36.56714621271203|35.60514035768455|33.38567736483043|34.735686411648715|-0.737060546875|0.533447265625|-0.342041015625|-1.129150390625|2.5634765625|0.0|-0.8814770299145299|37.90351228632478|-40.25509386446887
2026-01-29 04:25:22.972792+00:00|33.373872430371364|36.55913849190682|35.59320087678833|33.38567736483043|34.74360785937154|-0.73876953125|0.533935546875|-0.33740234375|-1.251220703125|2.044677734375|0.1220703125|-0.35259081196581193|39.84276175213675|-41.10435744810745
2026-01-29 04:25:23.031902+00:00|33.389612476172545|36.57115023150027|35.589221236796504|33.37780734197696|34.74756870774786|-0.741455078125|0.53759765625|-0.33935546875|-1.373291015625|2.227783203125|-0.1220703125|-0.7051816239316239|38.07980769230769|-40.08524114774115
2026-01-29 04:25:23.090883+00:00|33.38567736483043|36.57115023150027|35.60116043718318|33.37780734197696|34.711924057244346|-0.739013671875|0.537353515625|-0.33984375|-1.312255859375|2.349853515625|0.152587890625|-1.9392494658119657|37.90351228632478|-41.27421016483516
2026-01-29 04:25:23.149904+00:00|33.389612476172545|36.57115023150027|35.60514035768455|33.38567736483043|34.727765295644076|-0.73974609375|0.535400390625|-0.3359375|-1.495361328125|2.3193359375|-0.030517578125|-0.8814770299145299|37.90351228632478|-42.29332646520146
2026-01-29 04:25:23.208804+00:00|33.38567736483043|36.5751543559461|35.60912037178758|33.389612476172545|34.75549065377197|-0.738037109375|0.5361328125|-0.339111328125|-1.40380859375|2.13623046875|-0.030517578125|-2.1155448717948717|38.78498931623931|-41.44406288156288
2026-01-29 04:25:23.267766+00:00|33.389612476172545|36.57915858610011|35.60514035768455|33.389612476172545|34.751529639198566|-0.742431640625|0.535888671875|-0.339111328125|-1.3427734375|2.349853515625|-0.18310546875|-1.234067841880342|38.256103098290595|-41.613915598290596
2026-01-29 04:25:23.326651+00:00|33.381742320114256|36.56714621271203|35.60514035768455|33.393547654187785|34.75549065377197|-0.739501953125|0.53466796875|-0.33447265625|-1.220703125|2.197265625|-0.1220703125|-1.234067841880342|37.19833066239316|-40.93450473137973
2026-01-29 04:25:23.385588+00:00|33.38567736483043|36.5751543559461|35.597180610234204|33.401418210426186|34.759451751516224|-0.740478515625|0.535400390625|-0.33837890625|-1.190185546875|2.197265625|0.1220703125|-1.234067841880342|37.19833066239316|-41.27421016483516
2026-01-29 04:25:23.445168+00:00|33.39748289892333|36.5751543559461|35.597180610234204|33.389612476172545|34.73964709402128|-0.740478515625|0.533935546875|-0.337158203125|-0.946044921875|2.13623046875|0.18310546875|-0.7051816239316239|38.78498931623931|-40.42494658119658
2026-01-29 04:25:23.504137+00:00|33.401418210426186|36.58316292201272|35.60514035768455|33.389612476172545|34.74360785937154|-0.7392578125|0.53466796875|-0.339599609375|-0.91552734375|2.166748046875|-0.091552734375|-1.9392494658119657|39.313875534188035|-41.613915598290596
2026-01-29 04:25:23.563143+00:00|33.393547654187785|36.58716736373435|35.61310047954146|33.401418210426186|34.71588424276371|-0.739990234375|0.534912109375|-0.342041015625|-1.312255859375|2.5634765625|0.213623046875|-0.5288862179487179|39.313875534188035|-40.93450473137973
2026-01-29 04:25:23.622070+00:00|33.39748289892333|36.58716736373435|35.61708068099529|33.40535358874365|34.751529639198566|-0.74072265625|0.5361328125|-0.336669921875|-1.46484375|2.197265625|0.1220703125|-0.7051816239316239|37.72721688034188|-40.08524114774115
2026-01-29 04:25:23.681184+00:00|33.401418210426186|36.59517656480676|35.62106097619835|33.401418210426186|34.735686411648715|-0.735595703125|0.53369140625|-0.328125|-1.068115234375|2.5634765625|-0.030517578125|-0.17629540598290597|38.256103098290595|-40.25509386446887
2026-01-29 04:25:23.740033+00:00|33.389612476172545|36.58716736373435|35.62106097619835|33.40928903392279|34.751529639198566|-0.739013671875|0.5341796875|-0.347412109375|-1.434326171875|2.349853515625|-0.152587890625|0.0|39.13758012820512|-41.44406288156288
2026-01-29 04:25:23.798939+00:00|33.39748289892333|36.57915858610011|35.60514035768455|33.41716012505452|34.77529697516883|-0.73876953125|0.5322265625|-0.336181640625|-1.129150390625|2.349853515625|0.18310546875|-1.0577724358974359|38.07980769230769|-42.463179181929185
2026-01-29 04:25:23.858556+00:00|33.40928903392279|36.59117191131554|35.60514035768455|33.401418210426186|34.76341293247975|-0.73974609375|0.5341796875|-0.336669921875|-1.28173828125|2.3193359375|-0.06103515625|-1.234067841880342|38.96128472222222|-41.953621031746025
2026-01-29 04:25:23.917562+00:00|33.40928903392279|36.59517656480676|35.60912037178758|33.40928903392279|34.75549065377197|-0.738037109375|0.534423828125|-0.33447265625|-1.190185546875|2.13623046875|0.091552734375|-1.5866586538461538|37.90351228632478|-40.25509386446887
2026-01-29 04:25:23.976521+00:00|33.41716012505452|36.59117191131554|35.61708068099529|33.42109577110165|34.74756870774786|-0.740478515625|0.538818359375|-0.3369140625|-1.0986328125|2.13623046875|-0.091552734375|-1.7629540598290598|38.07980769230769|-40.764652014652015
2026-01-29 04:25:24.036329+00:00|33.40928903392279|36.59517656480676|35.62106097619835|33.41322454601067|34.75549065377197|-0.736083984375|0.53662109375|-0.338134765625|-1.28173828125|2.38037109375|0.274658203125|-1.234067841880342|37.90351228632478|-40.5947992979243
2026-01-29 04:25:24.095122+00:00|33.41322454601067|36.59117191131554|35.61708068099529|33.42503148419894|34.74756870774786|-0.7392578125|0.534912109375|-0.3388671875|-1.3427734375|2.44140625|-0.18310546875|-1.0577724358974359|37.72721688034188|-41.44406288156288
2026-01-29 04:25:24.154529+00:00|33.40535358874365|36.59117191131554|35.61708068099529|33.41716012505452|34.76341293247975|-0.7412109375|0.535400390625|-0.338623046875|-1.251220703125|2.5634765625|-0.152587890625|-2.468135683760684|37.37462606837607|-40.42494658119658
2026-01-29 04:25:24.213464+00:00|33.40928903392279|36.58316292201272|35.61310047954146|33.42109577110165|34.759451751516224|-0.739501953125|0.535400390625|-0.334716796875|-1.251220703125|2.50244140625|0.3662109375|-1.234067841880342|39.66646634615385|-42.6330318986569
2026-01-29 04:25:24.272286+00:00|33.41716012505452|36.58716736373435|35.61310047954146|33.42109577110165|34.76341293247975|-0.74267578125|0.536376953125|-0.3408203125|-1.15966796875|2.38037109375|0.0|-0.7051816239316239|38.07980769230769|-40.764652014652015
2026-01-29 04:25:24.331173+00:00|33.40535358874365|36.599181324258495|35.61310047954146|33.41716012505452|34.74756870774786|-0.7392578125|0.532470703125|-0.33984375|-1.220703125|2.5634765625|0.18310546875|-1.234067841880342|38.256103098290595|-41.613915598290596
2026-01-29 04:25:24.390097+00:00|33.41716012505452|36.603186189721214|35.62106097619835|33.42109577110165|34.74756870774786|-0.744140625|0.536376953125|-0.3359375|-1.312255859375|2.0751953125|0.030517578125|-2.2918402777777778|38.96128472222222|-40.5947992979243
2026-01-29 04:25:24.449077+00:00|33.41716012505452|36.59517656480676|35.625041365199934|33.42503148419894|34.735686411648715|-0.7412109375|0.535888671875|-0.3466796875|-1.312255859375|2.471923828125|0.091552734375|-1.5866586538461538|37.90351228632478|-39.915388431013426
2026-01-29 04:25:24.508070+00:00|33.42109577110165|36.603186189721214|35.625041365199934|33.428967264393805|34.76737419671082|-0.735107421875|0.5341796875|-0.341552734375|-1.220703125|2.593994140625|-0.030517578125|-1.4103632478632477|37.37462606837607|-40.764652014652015
2026-01-29 04:25:24.567512+00:00|33.40535358874365|36.611196238881746|35.62106097619835|33.42109577110165|34.759451751516224|-0.74462890625|0.5390625|-0.33642578125|-1.15966796875|2.44140625|0.0|-1.5866586538461538|38.96128472222222|-41.613915598290596
2026-01-29 04:25:24.626288+00:00|33.41322454601067|36.59517656480676|35.62902184804932|33.4329031117332|34.76737419671082|-0.738037109375|0.533447265625|-0.346923828125|-1.434326171875|2.349853515625|0.1220703125|-0.8814770299145299|38.96128472222222|-40.5947992979243
2026-01-29 04:25:24.685257+00:00|33.428967264393805|36.603186189721214|35.61708068099529|33.41716012505452|34.76341293247975|-0.739990234375|0.5380859375|-0.3408203125|-1.312255859375|2.410888671875|0.152587890625|-1.5866586538461538|38.96128472222222|-40.5947992979243
2026-01-29 04:25:24.744313+00:00|33.428967264393805|36.611196238881746|35.625041365199934|33.42109577110165|34.759451751516224|-0.73828125|0.53759765625|-0.335693359375|-0.8544921875|2.288818359375|0.06103515625|-1.9392494658119657|38.608693910256406|-42.29332646520146
2026-01-29 04:25:24.803371+00:00|33.42109577110165|36.611196238881746|35.62902184804932|33.4329031117332|34.73964709402128|-0.736572265625|0.53369140625|-0.33642578125|-0.9765625|2.471923828125|0.152587890625|-1.4103632478632477|39.13758012820512|-41.10435744810745
2026-01-29 04:25:24.862693+00:00|33.4329031117332|36.61520142268046|35.625041365199934|33.4447110570909|34.76737419671082|-0.738525390625|0.53759765625|-0.34228515625|-1.0986328125|2.13623046875|-0.244140625|-1.0577724358974359|38.4323985042735|-41.44406288156288
2026-01-29 04:25:24.921240+00:00|33.4329031117332|36.61520142268046|35.62106097619835|33.440775008034564|34.771335544257795|-0.74072265625|0.5380859375|-0.341064453125|-1.15966796875|2.3193359375|0.030517578125|-0.8814770299145299|37.19833066239316|-42.29332646520146
2026-01-29 04:25:24.980075+00:00|33.42503148419894|36.61920671269223|35.63300242479562|33.4447110570909|34.77925848949229|-0.737060546875|0.533203125|-0.345458984375|-1.190185546875|2.62451171875|0.030517578125|-1.5866586538461538|38.608693910256406|-40.5947992979243
2026-01-29 04:25:25.039472+00:00|33.43683902626441|36.61520142268046|35.62902184804932|33.4447110570909|34.783220087276675|-0.740234375|0.533935546875|-0.338134765625|-1.190185546875|2.471923828125|0.091552734375|-0.35259081196581193|38.78498931623931|-40.08524114774115
2026-01-29 04:25:25.098790+00:00|33.43683902626441|36.61920671269223|35.625041365199934|33.428967264393805|34.77529697516883|-0.742919921875|0.53466796875|-0.33740234375|-1.190185546875|2.471923828125|0.213623046875|-1.4103632478632477|38.4323985042735|-40.764652014652015
2026-01-29 04:25:25.158000+00:00|33.4329031117332|36.63122322051106|35.625041365199934|33.440775008034564|34.77529697516883|-0.742919921875|0.53369140625|-0.338134765625|-1.312255859375|2.349853515625|0.18310546875|-1.4103632478632477|37.72721688034188|-41.44406288156288
2026-01-29 04:25:25.217237+00:00|33.4447110570909|36.63122322051106|35.63300242479562|33.4329031117332|34.77925848949229|-0.738525390625|0.5380859375|-0.3427734375|-1.251220703125|2.25830078125|-0.152587890625|0.0|38.4323985042735|-42.80288461538461
2026-01-29 04:25:25.276318+00:00|33.44864717348037|36.63122322051106|35.63300242479562|33.4447110570909|34.79114353342078|-0.743408203125|0.53759765625|-0.34423828125|-1.007080078125|2.25830078125|0.091552734375|-1.7629540598290598|38.07980769230769|-40.764652014652015
2026-01-29 04:25:25.335622+00:00|33.44864717348037|36.635228935880264|35.63300242479562|33.44864717348037|34.78718176856995|-0.74169921875|0.536865234375|-0.342529296875|-1.3427734375|2.532958984375|0.0|-0.8814770299145299|37.90351228632478|-41.953621031746025
2026-01-29 04:25:25.395068+00:00|33.45258335725043|36.647246720984185|35.64096386017616|33.44864717348037|34.799067313987905|-0.742431640625|0.534423828125|-0.33642578125|-1.190185546875|2.410888671875|0.0|-1.5866586538461538|37.19833066239316|-41.27421016483516
2026-01-29 04:25:25.454140+00:00|33.43683902626441|36.6392347577152|35.64096386017616|33.4447110570909|34.77529697516883|-0.747314453125|0.536865234375|-0.34033203125|-1.3427734375|2.197265625|0.274658203125|-1.5866586538461538|38.96128472222222|-41.27421016483516
2026-01-29 04:25:25.513301+00:00|33.43683902626441|36.635228935880264|35.63300242479562|33.44864717348037|34.79114353342078|-0.740966796875|0.539794921875|-0.3359375|-1.3427734375|2.0751953125|0.274658203125|-1.4103632478632477|38.78498931623931|-41.44406288156288
2026-01-29 04:25:25.572046+00:00|33.44864717348037|36.635228935880264|35.63300242479562|33.4447110570909|34.77529697516883|-0.739013671875|0.5341796875|-0.34423828125|-1.251220703125|2.349853515625|-0.091552734375|-0.8814770299145299|39.66646634615385|-40.5947992979243
2026-01-29 04:25:25.631080+00:00|33.44864717348037|36.651252862519584|35.63698309548812|33.43683902626441|34.795105381877306|-0.74169921875|0.533935546875|-0.3359375|-1.495361328125|2.532958984375|-0.213623046875|-1.7629540598290598|38.4323985042735|-41.44406288156288
2026-01-29 04:25:25.690425+00:00|33.45258335725043|36.65525911072274|35.6489256717357|33.45258335725043|34.78718176856995|-0.741455078125|0.537109375|-0.344482421875|-1.007080078125|2.532958984375|0.213623046875|-1.5866586538461538|37.55092147435897|-40.93450473137973
2026-01-29 04:25:25.749455+00:00|33.45258335725043|36.65525911072274|35.63300242479562|33.45651960844816|34.78718176856995|-0.73876953125|0.5380859375|-0.3369140625|-1.0986328125|2.349853515625|0.0|-1.9392494658119657|38.96128472222222|-41.953621031746025
2026-01-29 04:25:25.808450+00:00|33.45651960844816|36.65525911072274|35.64494471890896|33.45651960844816|34.78718176856995|-0.739990234375|0.5322265625|-0.34521484375|-1.312255859375|2.410888671875|0.1220703125|-1.234067841880342|38.96128472222222|-41.613915598290596
2026-01-29 04:25:25.867565+00:00|33.45258335725043|36.65926546564447|35.6489256717357|33.46439231331527|34.783220087276675|-0.735595703125|0.53662109375|-0.34423828125|-1.312255859375|2.227783203125|-0.152587890625|-1.9392494658119657|38.256103098290595|-41.953621031746025
2026-01-29 04:25:25.926705+00:00|33.44864717348037|36.651252862519584|35.6489256717357|33.44864717348037|34.8069914293647|-0.738525390625|0.536865234375|-0.34326171875|-1.129150390625|2.716064453125|0.213623046875|-1.0577724358974359|37.72721688034188|-41.10435744810745
2026-01-29 04:25:25.985190+00:00|33.44864717348037|36.65926546564447|35.63300242479562|33.44864717348037|34.80302932980095|-0.741455078125|0.5322265625|-0.333251953125|-1.3427734375|2.197265625|0.152587890625|-2.1155448717948717|38.07980769230769|-40.764652014652015
2026-01-29 04:25:26.044226+00:00|33.45651960844816|36.6632719273353|35.64096386017616|33.45258335725043|34.783220087276675|-0.737548828125|0.536865234375|-0.33837890625|-1.40380859375|2.288818359375|0.06103515625|-2.2918402777777778|37.19833066239316|-40.93450473137973
2026-01-29 04:25:26.103330+00:00|33.45258335725043|36.67128517122649|35.64096386017616|33.46439231331527|34.783220087276675|-0.744873046875|0.5341796875|-0.333740234375|-1.28173828125|2.197265625|-0.06103515625|0.17629540598290597|37.55092147435897|-40.93450473137973
2026-01-29 04:25:26.162332+00:00|33.46832876707907|36.67529195352796|35.64494471890896|33.46832876707907|34.79114353342078|-0.735107421875|0.53564453125|-0.347412109375|-1.28173828125|2.50244140625|0.091552734375|-0.7051816239316239|38.78498931623931|-41.10435744810745
2026-01-29 04:25:26.221297+00:00|33.46439231331527|36.67529195352796|35.6489256717357|33.46439231331527|34.78718176856995|-0.73779296875|0.536376953125|-0.341552734375|-1.495361328125|2.410888671875|0.1220703125|-0.8814770299145299|37.90351228632478|-41.613915598290596
2026-01-29 04:25:26.280260+00:00|33.45258335725043|36.68330583909602|35.6489256717357|33.46832876707907|34.80302932980095|-0.740234375|0.537353515625|-0.342529296875|-1.15966796875|2.197265625|0.091552734375|-1.234067841880342|38.96128472222222|-41.27421016483516
2026-01-29 04:25:26.339315+00:00|33.45258335725043|36.67929884280096|35.64494471890896|33.46832876707907|34.81887823104398|-0.7412109375|0.53515625|-0.334716796875|-1.129150390625|2.3193359375|0.18310546875|-1.0577724358974359|37.72721688034188|-39.74553571428571
2026-01-29 04:25:26.398297+00:00|33.45651960844816|36.67929884280096|35.64096386017616|33.46439231331527|34.81887823104398|-0.74072265625|0.53466796875|-0.34423828125|-1.15966796875|2.471923828125|0.091552734375|-1.4103632478632477|38.78498931623931|-41.783768315018314
2026-01-29 04:25:26.457436+00:00|33.46439231331527|36.695327470619645|35.64494471890896|33.460455927120734|34.783220087276675|-0.7412109375|0.533935546875|-0.340087890625|-1.312255859375|2.288818359375|0.335693359375|-0.8814770299145299|39.313875534188035|-40.93450473137973
2026-01-29 04:25:26.516346+00:00|33.46832876707907|36.6913201529548|35.656887859868164|33.47620187750306|34.80302932980095|-0.741943359375|0.53271484375|-0.341552734375|-1.129150390625|2.13623046875|0.030517578125|-1.234067841880342|38.256103098290595|-40.5947992979243
2026-01-29 04:25:26.575394+00:00|33.46439231331527|36.695327470619645|35.660869095272574|33.47620187750306|34.795105381877306|-0.7392578125|0.538330078125|-0.336181640625|-1.190185546875|2.471923828125|-0.1220703125|-1.7629540598290598|37.72721688034188|-40.764652014652015
2026-01-29 04:25:26.634228+00:00|33.472265288459255|36.70735006716416|35.65290671870571|33.472265288459255|34.81887823104398|-0.73828125|0.5341796875|-0.336669921875|-1.251220703125|2.410888671875|0.0|-1.7629540598290598|37.37462606837607|-40.764652014652015
2026-01-29 04:25:26.693021+00:00|33.46439231331527|36.6913201529548|35.660869095272574|33.47620187750306|34.8069914293647|-0.739501953125|0.529296875|-0.3369140625|-1.129150390625|2.410888671875|0.213623046875|-1.7629540598290598|37.72721688034188|-40.42494658119658
2026-01-29 04:25:26.751960+00:00|33.46439231331527|36.695327470619645|35.64096386017616|33.472265288459255|34.83076578822056|-0.74267578125|0.533203125|-0.341796875|-1.220703125|2.44140625|0.091552734375|-1.234067841880342|37.19833066239316|-41.27421016483516
2026-01-29 04:25:26.810710+00:00|33.472265288459255|36.70735006716416|35.64494471890896|33.460455927120734|34.81491587993793|-0.739501953125|0.536865234375|-0.33935546875|-1.40380859375|2.5634765625|0.06103515625|-2.64443108974359|38.256103098290595|-40.93450473137973
2026-01-29 04:25:26.869490+00:00|33.47620187750306|36.711357814030976|35.660869095272574|33.472265288459255|34.8069914293647|-0.7412109375|0.53515625|-0.3447265625|-1.007080078125|2.13623046875|-0.030517578125|-1.9392494658119657|37.55092147435897|-41.613915598290596
2026-01-29 04:25:26.928288+00:00|33.472265288459255|36.71536566832498|35.656887859868164|33.48013853425766|34.83076578822056|-0.736572265625|0.533935546875|-0.34130859375|-1.312255859375|2.716064453125|-0.091552734375|-0.35259081196581193|37.37462606837607|-40.42494658119658
2026-01-29 04:25:26.987188+00:00|33.47620187750306|36.71536566832498|35.660869095272574|33.48013853425766|34.80302932980095|-0.74169921875|0.532470703125|-0.338623046875|-1.03759765625|2.227783203125|0.0|-2.1155448717948717|38.78498931623931|-40.764652014652015
2026-01-29 04:25:27.045919+00:00|33.46832876707907|36.71536566832498|35.660869095272574|33.47620187750306|34.82284066609424|-0.739501953125|0.53662109375|-0.337158203125|-1.129150390625|2.410888671875|-0.152587890625|-1.7629540598290598|38.78498931623931|-40.42494658119658
2026-01-29 04:25:27.104796+00:00|33.460455927120734|36.711357814030976|35.6489256717357|33.48407525877019|34.82680318513695|-0.7412109375|0.531494140625|-0.336669921875|-1.495361328125|2.197265625|0.244140625|-2.1155448717948717|38.4323985042735|-41.44406288156288
2026-01-29 04:25:27.163507+00:00|33.47620187750306|36.711357814030976|35.656887859868164|33.47620187750306|34.81887823104398|-0.73681640625|0.53466796875|-0.343994140625|-1.220703125|2.410888671875|-0.244140625|-2.468135683760684|38.4323985042735|-40.42494658119658
2026-01-29 04:25:27.222248+00:00|33.47620187750306|36.7193736300967|35.66883184900365|33.472265288459255|34.799067313987905|-0.74072265625|0.536865234375|-0.330810546875|-1.15966796875|2.25830078125|0.0|0.0|39.49017094017094|-40.764652014652015
2026-01-29 04:25:27.281009+00:00|33.48407525877019|36.7193736300967|35.660869095272574|33.48407525877019|34.81095361272759|-0.73779296875|0.53564453125|-0.3388671875|-1.708984375|2.288818359375|0.0|0.17629540598290597|37.55092147435897|-40.5947992979243
2026-01-29 04:25:27.339945+00:00|33.48013853425766|36.72338169939684|35.672813367429114|33.48801205108799|34.8069914293647|-0.736572265625|0.53759765625|-0.341064453125|-1.28173828125|2.197265625|0.091552734375|-1.9392494658119657|38.608693910256406|-41.953621031746025
2026-01-29 04:25:27.398772+00:00|33.472265288459255|36.72338169939684|35.660869095272574|33.48801205108799|34.83076578822056|-0.741455078125|0.540283203125|-0.336669921875|-1.190185546875|2.349853515625|0.1220703125|-0.8814770299145299|40.01905715811966|-41.27421016483516
2026-01-29 04:25:27.457708+00:00|33.47620187750306|36.71536566832498|35.660869095272574|33.49194891125819|34.83076578822056|-0.741943359375|0.53515625|-0.3408203125|-1.28173828125|2.5634765625|0.091552734375|-1.234067841880342|38.256103098290595|-41.27421016483516
2026-01-29 04:25:27.516945+00:00|33.48407525877019|36.70735006716416|35.660869095272574|33.47620187750306|34.83076578822056|-0.7392578125|0.53955078125|-0.33837890625|-1.251220703125|2.197265625|0.0|-0.8814770299145299|38.608693910256406|-41.27421016483516
2026-01-29 04:25:27.575623+00:00|33.49194891125819|36.731398160785204|35.66485042496794|33.48013853425766|34.8426541022003|-0.73974609375|0.536376953125|-0.34033203125|-1.312255859375|2.38037109375|0.06103515625|-1.9392494658119657|38.96128472222222|-41.613915598290596
2026-01-29 04:25:27.634691+00:00|33.48407525877019|36.735406552974666|35.66883184900365|33.48801205108799|34.8426541022003|-0.7412109375|0.5361328125|-0.333740234375|-1.312255859375|2.593994140625|-0.06103515625|-2.64443108974359|38.256103098290595|-40.93450473137973
2026-01-29 04:25:27.693667+00:00|33.48013853425766|36.731398160785204|35.66883184900365|33.49194891125819|34.82680318513695|-0.743408203125|0.5380859375|-0.333984375|-1.03759765625|2.25830078125|0.213623046875|-1.7629540598290598|38.78498931623931|-41.10435744810745
2026-01-29 04:25:27.752768+00:00|33.48801205108799|36.731398160785204|35.66883184900365|33.49194891125819|34.82284066609424|-0.735595703125|0.53466796875|-0.340576171875|-1.068115234375|2.3193359375|0.091552734375|-2.1155448717948717|38.4323985042735|-41.44406288156288
2026-01-29 04:25:27.811610+00:00|33.48407525877019|36.72738987627616|35.672813367429114|33.49194891125819|34.83076578822056|-0.737548828125|0.535888671875|-0.33837890625|-1.190185546875|2.38037109375|0.0|0.0|37.37462606837607|-40.764652014652015
2026-01-29 04:25:27.870486+00:00|33.472265288459255|36.72338169939684|35.66485042496794|33.49194891125819|34.846617041931154|-0.737060546875|0.536376953125|-0.337646484375|-1.251220703125|2.38037109375|0.06103515625|-1.7629540598290598|37.72721688034188|-40.08524114774115
2026-01-29 04:25:27.929442+00:00|33.49982283534456|36.72738987627616|35.66485042496794|33.48407525877019|34.83076578822056|-0.7392578125|0.53515625|-0.338134765625|-1.0986328125|2.288818359375|-0.030517578125|-1.9392494658119657|39.66646634615385|-40.5947992979243
2026-01-29 04:25:27.988218+00:00|33.49194891125819|36.731398160785204|35.672813367429114|33.48407525877019|34.83869124670389|-0.739990234375|0.536865234375|-0.337646484375|-1.190185546875|2.593994140625|0.274658203125|-1.0577724358974359|38.07980769230769|-39.74553571428571
2026-01-29 04:25:28.047077+00:00|33.49588583932797|36.735406552974666|35.672813367429114|33.49982283534456|34.83076578822056|-0.73876953125|0.53857421875|-0.33447265625|-1.220703125|2.3193359375|0.06103515625|-0.5288862179487179|38.256103098290595|-41.27421016483516
2026-01-29 04:25:28.106062+00:00|33.49588583932797|36.735406552974666|35.676794980293494|33.49588583932797|34.8426541022003|-0.739501953125|0.535400390625|-0.335205078125|-1.312255859375|2.44140625|0.152587890625|-1.9392494658119657|38.96128472222222|-42.29332646520146
2026-01-29 04:25:28.165482+00:00|33.49588583932797|36.739415052895254|35.68077668764613|33.49982283534456|34.8426541022003|-0.737548828125|0.53662109375|-0.3388671875|-1.190185546875|2.25830078125|0.244140625|-1.7629540598290598|38.4323985042735|-41.10435744810745
2026-01-29 04:25:28.224507+00:00|33.49588583932797|36.739415052895254|35.68077668764613|33.507697031407076|34.846617041931154|-0.739013671875|0.5361328125|-0.337158203125|-1.220703125|2.349853515625|0.06103515625|-0.5288862179487179|37.90351228632478|-41.613915598290596
2026-01-29 04:25:28.283372+00:00|33.48801205108799|36.731398160785204|35.66883184900365|33.49982283534456|34.83869124670389|-0.73828125|0.53271484375|-0.3427734375|-1.0986328125|2.3193359375|0.1220703125|-0.35259081196581193|38.4323985042735|-40.764652014652015
2026-01-29 04:25:28.342162+00:00|33.49588583932797|36.731398160785204|35.672813367429114|33.49194891125819|34.854543174289404|-0.739013671875|0.537353515625|-0.339599609375|-1.190185546875|2.410888671875|-0.06103515625|-1.4103632478632477|37.72721688034188|-41.10435744810745
2026-01-29 04:25:28.401035+00:00|33.507697031407076|36.74342366059767|35.676794980293494|33.49588583932797|34.87435998267358|-0.739990234375|0.533935546875|-0.343994140625|-1.251220703125|2.25830078125|0.0|-1.4103632478632477|38.07980769230769|-41.783768315018314
2026-01-29 04:25:28.459494+00:00|33.511634231547475|36.74342366059767|35.68077668764613|33.503759899355146|34.854543174289404|-0.73974609375|0.53759765625|-0.338623046875|-1.190185546875|2.471923828125|-0.30517578125|-1.234067841880342|38.256103098290595|-40.93450473137973
2026-01-29 04:25:28.518444+00:00|33.503759899355146|36.74342366059767|35.68077668764613|33.503759899355146|34.85058006594471|-0.73876953125|0.53662109375|-0.334228515625|-1.373291015625|2.197265625|0.06103515625|-2.8207264957264955|38.4323985042735|-41.44406288156288
2026-01-29 04:25:28.577513+00:00|33.48801205108799|36.739415052895254|35.68475848953625|33.511634231547475|34.83869124670389|-0.741943359375|0.5380859375|-0.3359375|-1.007080078125|2.105712890625|0.091552734375|-4.054794337606837|38.96128472222222|-41.613915598290596
2026-01-29 04:25:28.636663+00:00|33.48013853425766|36.731398160785204|35.68475848953625|33.507697031407076|34.85058006594471|-0.74072265625|0.534423828125|-0.3388671875|-1.40380859375|2.197265625|0.091552734375|-1.5866586538461538|38.608693910256406|-40.5947992979243
2026-01-29 04:25:28.695477+00:00|33.511634231547475|36.735406552974666|35.672813367429114|33.49194891125819|34.85058006594471|-0.7392578125|0.539306640625|-0.343017578125|-1.129150390625|2.38037109375|0.0|-0.5288862179487179|38.256103098290595|-41.27421016483516
2026-01-29 04:25:28.754470+00:00|33.507697031407076|36.74743237613268|35.68475848953625|33.49588583932797|34.8426541022003|-0.737060546875|0.535888671875|-0.344970703125|-1.0986328125|2.166748046875|0.0|-2.64443108974359|38.256103098290595|-42.29332646520146
2026-01-29 04:25:28.813323+00:00|33.507697031407076|36.74342366059767|35.676794980293494|33.51950883628251|34.854543174289404|-0.74072265625|0.534912109375|-0.34423828125|-1.0986328125|2.25830078125|0.030517578125|-0.5288862179487179|38.256103098290595|-41.613915598290596
2026-01-29 04:25:28.872239+00:00|33.507697031407076|36.74743237613268|35.68475848953625|33.511634231547475|34.8426541022003|-0.73388671875|0.531982421875|-0.3349609375|-1.251220703125|2.44140625|0.18310546875|-1.234067841880342|39.313875534188035|-41.613915598290596
2026-01-29 04:25:28.931094+00:00|33.511634231547475|36.739415052895254|35.676794980293494|33.507697031407076|34.87435998267358|-0.742431640625|0.53564453125|-0.3349609375|-1.007080078125|2.5634765625|-0.06103515625|-1.7629540598290598|38.4323985042735|-42.12347374847374
2026-01-29 04:25:28.990026+00:00|33.49982283534456|36.739415052895254|35.6967044629252|33.511634231547475|34.854543174289404|-0.7431640625|0.534423828125|-0.3359375|-1.15966796875|2.410888671875|0.213623046875|-1.4103632478632477|37.72721688034188|-41.44406288156288
2026-01-29 04:25:29.048951+00:00|33.503759899355146|36.739415052895254|35.672813367429114|33.51557149982358|34.86246964416563|-0.740478515625|0.5341796875|-0.33935546875|-1.28173828125|2.349853515625|0.06103515625|-0.8814770299145299|38.256103098290595|-41.953621031746025
2026-01-29 04:25:29.107887+00:00|33.51557149982358|36.74743237613268|35.672813367429114|33.507697031407076|34.8426541022003|-0.7412109375|0.53515625|-0.3359375|-1.28173828125|2.38037109375|0.0|-2.1155448717948717|39.49017094017094|-41.10435744810745
2026-01-29 04:25:29.166896+00:00|33.507697031407076|36.74743237613268|35.6967044629252|33.507697031407076|34.854543174289404|-0.7353515625|0.535888671875|-0.336181640625|-1.190185546875|2.38037109375|0.152587890625|-1.0577724358974359|38.78498931623931|-40.764652014652015
2026-01-29 04:25:29.225882+00:00|33.52344624097168|36.75144119955087|35.68475848953625|33.52344624097168|34.85850636701355|-0.738525390625|0.531982421875|-0.339111328125|-1.3427734375|2.227783203125|0.030517578125|-2.64443108974359|37.55092147435897|-42.29332646520146
2026-01-29 04:25:29.285392+00:00|33.52344624097168|36.759459170239666|35.69272237712653|33.51950883628251|34.87435998267358|-0.739013671875|0.53564453125|-0.33642578125|-1.28173828125|2.471923828125|0.152587890625|-0.35259081196581193|37.72721688034188|-41.10435744810745
2026-01-29 04:25:29.344779+00:00|33.51557149982358|36.75545013090294|35.69272237712653|33.52738371393821|34.854543174289404|-0.73681640625|0.5380859375|-0.33837890625|-1.46484375|2.655029296875|0.0|-0.5288862179487179|37.90351228632478|-41.27421016483516
2026-01-29 04:25:29.403495+00:00|33.49982283534456|36.74743237613268|35.6967044629252|33.52344624097168|34.87435998267358|-0.737548828125|0.5361328125|-0.3349609375|-0.91552734375|2.593994140625|0.213623046875|-3.5259081196581197|38.4323985042735|-41.44406288156288
2026-01-29 04:25:29.461966+00:00|33.503759899355146|36.74743237613268|35.688740386013365|33.52344624097168|34.87832359802138|-0.73828125|0.535400390625|-0.343994140625|-1.373291015625|2.410888671875|0.1220703125|-0.17629540598290597|37.90351228632478|-39.915388431013426
2026-01-29 04:25:29.520856+00:00|33.51950883628251|36.759459170239666|35.688740386013365|33.507697031407076|34.85850636701355|-0.740966796875|0.538330078125|-0.33984375|-1.251220703125|2.197265625|0.1220703125|-1.4103632478632477|38.4323985042735|-42.12347374847374
2026-01-29 04:25:29.579975+00:00|33.52344624097168|36.75545013090294|35.6967044629252|33.51950883628251|34.86246964416563|-0.738037109375|0.538330078125|-0.34033203125|-1.312255859375|2.62451171875|-0.06103515625|-1.9392494658119657|38.96128472222222|-41.27421016483516
2026-01-29 04:25:29.639180+00:00|33.52344624097168|36.75545013090294|35.6967044629252|33.52344624097168|34.87039645194727|-0.737060546875|0.536376953125|-0.3408203125|-1.03759765625|2.74658203125|-0.06103515625|-2.1155448717948717|38.4323985042735|-41.783768315018314
2026-01-29 04:25:29.698421+00:00|33.52344624097168|36.76346831761191|35.700686643458596|33.52738371393821|34.886251082775345|-0.739501953125|0.53759765625|-0.337646484375|-1.15966796875|2.227783203125|0.06103515625|-1.7629540598290598|37.72721688034188|-41.44406288156288
2026-01-29 04:25:29.757265+00:00|33.51950883628251|36.759459170239666|35.7086512889274|33.53132125522927|34.87039645194727|-0.73681640625|0.53369140625|-0.340576171875|-1.190185546875|2.50244140625|0.030517578125|-0.7051816239316239|38.4323985042735|-41.10435744810745
2026-01-29 04:25:29.816266+00:00|33.51557149982358|36.75545013090294|35.700686643458596|33.52738371393821|34.87039645194727|-0.74169921875|0.533203125|-0.3408203125|-1.220703125|2.349853515625|0.091552734375|-0.8814770299145299|37.90351228632478|-41.27421016483516
2026-01-29 04:25:29.875336+00:00|33.52738371393821|36.759459170239666|35.69272237712653|33.52344624097168|34.87832359802138|-0.73828125|0.535888671875|-0.334716796875|-1.190185546875|2.25830078125|-0.091552734375|-1.0577724358974359|38.78498931623931|-42.12347374847374
2026-01-29 04:25:29.934637+00:00|33.52738371393821|36.771486936665156|35.69272237712653|33.52344624097168|34.854543174289404|-0.74072265625|0.53515625|-0.34326171875|-1.068115234375|2.38037109375|0.0|-1.5866586538461538|37.55092147435897|-41.27421016483516
2026-01-29 04:25:29.993786+00:00|33.535258864892285|36.759459170239666|35.700686643458596|33.51950883628251|34.85850636701355|-0.7373046875|0.53125|-0.338134765625|-1.373291015625|2.38037109375|-0.213623046875|0.35259081196581193|38.78498931623931|-41.44406288156288
2026-01-29 04:25:30.053036+00:00|33.52738371393821|36.76346831761191|35.7086512889274|33.52738371393821|34.85058006594471|-0.7421875|0.5361328125|-0.337646484375|-1.220703125|2.38037109375|-0.06103515625|-2.1155448717948717|37.72721688034188|-40.08524114774115
2026-01-29 04:25:30.111741+00:00|33.52344624097168|36.76346831761191|35.700686643458596|33.53919654297442|34.87832359802138|-0.739013671875|0.538330078125|-0.341064453125|-1.220703125|2.25830078125|-0.06103515625|-1.4103632478632477|38.78498931623931|-42.463179181929185
2026-01-29 04:25:30.170940+00:00|33.52738371393821|36.76346831761191|35.7086512889274|33.535258864892285|34.89021495227831|-0.734375|0.5361328125|-0.336669921875|-1.190185546875|2.655029296875|-0.06103515625|-1.0577724358974359|37.72721688034188|-40.764652014652015
2026-01-29 04:25:30.229655+00:00|33.52738371393821|36.75545013090294|35.71263375396131|33.547072104584856|34.87435998267358|-0.73876953125|0.533935546875|-0.341064453125|-1.0986328125|2.38037109375|0.18310546875|-1.7629540598290598|39.49017094017094|-41.44406288156288
2026-01-29 04:25:30.288781+00:00|33.52344624097168|36.75545013090294|35.6967044629252|33.535258864892285|34.87039645194727|-0.73779296875|0.540283203125|-0.342041015625|-1.40380859375|2.227783203125|0.1220703125|-0.8814770299145299|37.90351228632478|-40.93450473137973
2026-01-29 04:25:30.347272+00:00|33.53919654297442|36.76747757307015|35.700686643458596|33.53132125522927|34.87039645194727|-0.739990234375|0.533935546875|-0.3505859375|-1.068115234375|2.50244140625|0.1220703125|-1.234067841880342|37.55092147435897|-40.25509386446887
2026-01-29 04:25:30.406225+00:00|33.535258864892285|36.76346831761191|35.716616313927375|33.547072104584856|34.86643300579408|-0.73828125|0.5361328125|-0.334228515625|-1.0986328125|2.44140625|0.18310546875|-0.5288862179487179|39.313875534188035|-42.29332646520146
2026-01-29 04:25:30.465389+00:00|33.535258864892285|36.771486936665156|35.7086512889274|33.53919654297442|34.89021495227831|-0.73974609375|0.53759765625|-0.33740234375|-1.312255859375|2.410888671875|0.213623046875|-0.7051816239316239|37.72721688034188|-42.463179181929185
2026-01-29 04:25:30.524440+00:00|33.535258864892285|36.771486936665156|35.71263375396131|33.543134289522754|34.89814294577832|-0.73828125|0.53515625|-0.338134765625|-1.068115234375|2.50244140625|-0.06103515625|-0.35259081196581193|39.49017094017094|-41.44406288156288
2026-01-29 04:25:30.585135+00:00|33.535258864892285|36.77950598846877|35.71263375396131|33.535258864892285|34.89021495227831|-0.7421875|0.534912109375|-0.3408203125|-1.068115234375|2.25830078125|-0.213623046875|-1.9392494658119657|37.90351228632478|-40.5947992979243
2026-01-29 04:25:30.645681+00:00|33.543134289522754|36.771486936665156|35.716616313927375|33.547072104584856|34.88228729803916|-0.73974609375|0.534423828125|-0.33935546875|-1.3427734375|2.50244140625|-0.18310546875|-0.7051816239316239|38.78498931623931|-40.42494658119658
2026-01-29 04:25:30.704707+00:00|33.535258864892285|36.771486936665156|35.716616313927375|33.535258864892285|34.87832359802138|-0.740966796875|0.535888671875|-0.335693359375|-1.220703125|2.227783203125|0.091552734375|-0.17629540598290597|36.84573985042735|-40.93450473137973
2026-01-29 04:25:30.763842+00:00|33.53132125522927|36.76346831761191|35.72059896887487|33.547072104584856|34.90607127892662|-0.734619140625|0.533935546875|-0.343994140625|-1.190185546875|2.532958984375|-0.06103515625|-0.8814770299145299|38.608693910256406|-40.93450473137973
2026-01-29 04:25:30.822807+00:00|33.535258864892285|36.759459170239666|35.700686643458596|33.547072104584856|34.89814294577832|-0.74169921875|0.53271484375|-0.33984375|-1.190185546875|2.38037109375|-0.1220703125|-1.9392494658119657|38.608693910256406|-40.5947992979243
2026-01-29 04:25:30.882192+00:00|33.535258864892285|36.759459170239666|35.7086512889274|33.53919654297442|34.90210706987227|-0.741455078125|0.537353515625|-0.343994140625|-1.190185546875|2.74658203125|0.06103515625|-1.4103632478632477|38.4323985042735|-41.783768315018314
2026-01-29 04:25:30.942489+00:00|33.547072104584856|36.77950598846877|35.71263375396131|33.535258864892285|34.87435998267358|-0.739501953125|0.53369140625|-0.341552734375|-1.3427734375|2.471923828125|0.06103515625|-1.7629540598290598|38.78498931623931|-41.783768315018314
2026-01-29 04:25:31.001825+00:00|33.547072104584856|36.77950598846877|35.7086512889274|33.535258864892285|34.89021495227831|-0.73876953125|0.537353515625|-0.334716796875|-1.251220703125|2.25830078125|0.091552734375|-1.0577724358974359|37.72721688034188|-41.783768315018314
2026-01-29 04:25:31.060804+00:00|33.53919654297442|36.78351567677879|35.716616313927375|33.547072104584856|34.87832359802138|-0.737060546875|0.535888671875|-0.334716796875|-1.40380859375|2.532958984375|0.152587890625|-1.234067841880342|37.90351228632478|-40.5947992979243
2026-01-29 04:25:31.119235+00:00|33.543134289522754|36.77549640844791|35.716616313927375|33.55494794043847|34.89021495227831|-0.736328125|0.53662109375|-0.335205078125|-1.312255859375|2.25830078125|0.06103515625|-2.64443108974359|38.608693910256406|-41.27421016483516
2026-01-29 04:25:31.178110+00:00|33.547072104584856|36.77549640844791|35.72059896887487|33.543134289522754|34.90210706987227|-0.73828125|0.53466796875|-0.33837890625|-1.312255859375|2.3193359375|-0.030517578125|-0.35259081196581193|38.07980769230769|-41.10435744810745
2026-01-29 04:25:31.237261+00:00|33.53132125522927|36.76747757307015|35.72059896887487|33.547072104584856|34.92589360030274|-0.73779296875|0.535888671875|-0.3486328125|-1.251220703125|2.471923828125|0.1220703125|-3.1733173076923076|37.37462606837607|-40.42494658119658
2026-01-29 04:25:31.296277+00:00|33.53919654297442|36.771486936665156|35.716616313927375|33.543134289522754|34.89814294577832|-0.73876953125|0.533203125|-0.344482421875|-1.312255859375|2.38037109375|-0.1220703125|-0.7051816239316239|38.07980769230769|-41.783768315018314
2026-01-29 04:25:31.354692+00:00|33.543134289522754|36.77950598846877|35.7245817188533|33.543134289522754|34.88228729803916|-0.738525390625|0.53759765625|-0.33349609375|-1.28173828125|2.593994140625|-0.1220703125|-2.1155448717948717|38.07980769230769|-40.764652014652015
2026-01-29 04:25:31.414053+00:00|33.55100998820751|36.77950598846877|35.7285645639119|33.547072104584856|34.90607127892662|-0.741455078125|0.53564453125|-0.33837890625|-1.373291015625|2.197265625|0.1220703125|-1.4103632478632477|38.07980769230769|-40.42494658119658
2026-01-29 04:25:31.473665+00:00|33.547072104584856|36.77950598846877|35.7285645639119|33.55494794043847|34.89417890659644|-0.739990234375|0.532958984375|-0.34033203125|-1.312255859375|2.349853515625|-0.030517578125|-0.7051816239316239|38.4323985042735|-41.10435744810745
2026-01-29 04:25:31.532062+00:00|33.543134289522754|36.77950598846877|35.72059896887487|33.547072104584856|34.90210706987227|-0.739990234375|0.534912109375|-0.3359375|-1.068115234375|2.166748046875|-0.152587890625|-0.7051816239316239|38.78498931623931|-40.764652014652015
2026-01-29 04:25:31.591133+00:00|33.543134289522754|36.77950598846877|35.7285645639119|33.558885961324734|34.91003557299018|-0.741455078125|0.537841796875|-0.33837890625|-1.3427734375|2.25830078125|-0.091552734375|-1.0577724358974359|39.13758012820512|-41.783768315018314
2026-01-29 04:25:31.649951+00:00|33.53919654297442|36.76747757307015|35.7245817188533|33.55494794043847|34.91003557299018|-0.737060546875|0.53466796875|-0.341796875|-1.15966796875|2.227783203125|0.030517578125|-0.8814770299145299|38.96128472222222|-41.27421016483516
2026-01-29 04:25:31.708774+00:00|33.543134289522754|36.77950598846877|35.716616313927375|33.547072104584856|34.90210706987227|-0.738037109375|0.5400390625|-0.342041015625|-1.129150390625|2.410888671875|-0.091552734375|-1.4103632478632477|38.78498931623931|-40.08524114774115
2026-01-29 04:25:31.767533+00:00|33.547072104584856|36.791535378469064|35.7245817188533|33.543134289522754|34.89021495227831|-0.73974609375|0.537353515625|-0.337890625|-1.15966796875|2.410888671875|-0.1220703125|-1.0577724358974359|37.37462606837607|-41.783768315018314
2026-01-29 04:25:31.826300+00:00|33.547072104584856|36.78351567677879|35.7245817188533|33.55494794043847|34.92192896571885|-0.73828125|0.53857421875|-0.3388671875|-1.3427734375|2.471923828125|0.152587890625|-1.0577724358974359|38.07980769230769|-41.44406288156288
2026-01-29 04:25:31.885194+00:00|33.547072104584856|36.787525473428616|35.73254750410001|33.55494794043847|34.92192896571885|-0.736572265625|0.5341796875|-0.3427734375|-1.495361328125|2.3193359375|0.030517578125|-1.234067841880342|37.55092147435897|-41.953621031746025
2026-01-29 04:25:31.943952+00:00|33.55100998820751|36.787525473428616|35.7285645639119|33.55494794043847|34.91003557299018|-0.740478515625|0.540283203125|-0.335205078125|-1.312255859375|2.197265625|0.396728515625|0.17629540598290597|39.313875534188035|-40.5947992979243
2026-01-29 04:25:32.002798+00:00|33.547072104584856|36.791535378469064|35.73254750410001|33.55100998820751|34.90607127892662|-0.7421875|0.537109375|-0.340087890625|-1.190185546875|2.227783203125|0.213623046875|-1.4103632478632477|39.13758012820512|-42.80288461538461
2026-01-29 04:25:32.061497+00:00|33.547072104584856|36.78351567677879|35.7285645639119|33.55494794043847|34.91003557299018|-0.740478515625|0.5380859375|-0.337158203125|-1.129150390625|2.349853515625|-0.06103515625|-1.4103632478632477|38.4323985042735|-40.42494658119658
2026-01-29 04:25:32.120353+00:00|33.55494794043847|36.791535378469064|35.7285645639119|33.55100998820751|34.913999952111|-0.742919921875|0.53515625|-0.336669921875|-1.52587890625|2.471923828125|0.06103515625|-2.468135683760684|38.07980769230769|-40.764652014652015
2026-01-29 04:25:32.179252+00:00|33.566762209252204|36.791535378469064|35.73653053946708|33.558885961324734|34.90607127892662|-0.73876953125|0.53564453125|-0.33837890625|-1.190185546875|2.25830078125|0.1220703125|-1.0577724358974359|38.4323985042735|-39.74553571428571
2026-01-29 04:25:32.238167+00:00|33.56282405091355|36.799555513924645|35.73653053946708|33.57070043638794|34.913999952111|-0.739990234375|0.53515625|-0.3408203125|-1.373291015625|2.716064453125|0.06103515625|-0.35259081196581193|38.78498931623931|-41.10435744810745
2026-01-29 04:25:32.297035+00:00|33.56282405091355|36.791535378469064|35.73653053946708|33.55494794043847|34.933823125272625|-0.7412109375|0.53662109375|-0.339111328125|-1.312255859375|2.288818359375|-0.06103515625|-1.0577724358974359|38.07980769230769|-42.463179181929185
2026-01-29 04:25:32.355819+00:00|33.55100998820751|36.791535378469064|35.740513670062455|33.56282405091355|34.92192896571885|-0.742919921875|0.5361328125|-0.33740234375|-1.373291015625|2.38037109375|0.1220703125|-1.234067841880342|39.66646634615385|-40.25509386446887
2026-01-29 04:25:32.414563+00:00|33.55494794043847|36.78351567677879|35.7245817188533|33.56282405091355|34.92589360030274|-0.740478515625|0.536865234375|-0.342529296875|-1.068115234375|2.50244140625|-0.18310546875|-0.17629540598290597|38.608693910256406|-41.613915598290596
2026-01-29 04:25:32.473307+00:00|33.56282405091355|36.799555513924645|35.7285645639119|33.558885961324734|34.92192896571885|-0.744384765625|0.535400390625|-0.341796875|-1.03759765625|2.3193359375|-0.06103515625|-1.0577724358974359|37.72721688034188|-42.463179181929185
2026-01-29 04:25:32.532093+00:00|33.558885961324734|36.79554539195084|35.73653053946708|33.566762209252204|34.92589360030274|-0.739013671875|0.53564453125|-0.336181640625|-1.15966796875|2.38037109375|0.1220703125|-1.234067841880342|38.256103098290595|-41.613915598290596
2026-01-29 04:25:32.590956+00:00|33.56282405091355|36.799555513924645|35.73653053946708|33.5746387323681|34.92589360030274|-0.7373046875|0.532958984375|-0.3388671875|-1.068115234375|2.197265625|0.1220703125|-1.9392494658119657|38.256103098290595|-41.953621031746025
2026-01-29 04:25:32.649953+00:00|33.566762209252204|36.79554539195084|35.740513670062455|33.566762209252204|34.917964416337725|-0.739990234375|0.532470703125|-0.3408203125|-1.007080078125|2.5634765625|-0.152587890625|-1.0577724358974359|37.37462606837607|-41.10435744810745
2026-01-29 04:25:32.708734+00:00|33.56282405091355|36.799555513924645|35.74449689593541|33.57070043638794|34.933823125272625|-0.74169921875|0.5341796875|-0.337890625|-1.129150390625|2.105712890625|0.18310546875|-2.1155448717948717|37.022035256410255|-41.783768315018314
2026-01-29 04:25:32.767742+00:00|33.547072104584856|36.79554539195084|35.73254750410001|33.56282405091355|34.92192896571885|-0.738037109375|0.537353515625|-0.34375|-1.190185546875|2.50244140625|0.06103515625|-0.7051816239316239|38.78498931623931|-41.44406288156288
2026-01-29 04:25:32.826624+00:00|33.578577097239986|36.79554539195084|35.740513670062455|33.566762209252204|34.917964416337725|-0.739990234375|0.532958984375|-0.335693359375|-1.40380859375|2.38037109375|0.1220703125|-1.4103632478632477|39.13758012820512|-42.80288461538461
2026-01-29 04:25:32.885492+00:00|33.57070043638794|36.799555513924645|35.74449689593541|33.55100998820751|34.90210706987227|-0.741943359375|0.534423828125|-0.3388671875|-1.251220703125|2.410888671875|0.06103515625|-1.234067841880342|39.313875534188035|-41.27421016483516
2026-01-29 04:25:32.944203+00:00|33.57070043638794|36.79554539195084|35.74449689593541|33.5746387323681|34.90607127892662|-0.7412109375|0.53662109375|-0.336669921875|-1.28173828125|2.25830078125|0.3662109375|-0.35259081196581193|37.37462606837607|-41.10435744810745
2026-01-29 04:25:33.003462+00:00|33.57070043638794|36.79554539195084|35.74449689593541|33.5746387323681|34.94571805296039|-0.737548828125|0.537109375|-0.339599609375|-1.220703125|2.3193359375|0.152587890625|-1.0577724358974359|37.37462606837607|-41.44406288156288
2026-01-29 04:25:33.062715+00:00|33.57070043638794|36.799555513924645|35.74848021713552|33.578577097239986|34.933823125272625|-0.741943359375|0.530517578125|-0.339599609375|-1.15966796875|2.38037109375|0.030517578125|-1.7629540598290598|37.72721688034188|-40.764652014652015
2026-01-29 04:25:33.121550+00:00|33.558885961324734|36.79554539195084|35.74848021713552|33.578577097239986|34.94968319977892|-0.74072265625|0.534912109375|-0.33935546875|-1.0986328125|2.410888671875|-0.18310546875|-1.5866586538461538|38.96128472222222|-40.93450473137973
2026-01-29 04:25:33.180470+00:00|33.566762209252204|36.791535378469064|35.74449689593541|33.58251553105072|34.933823125272625|-0.742431640625|0.540771484375|-0.33837890625|-1.46484375|2.166748046875|-0.091552734375|0.0|37.72721688034188|-41.783768315018314
2026-01-29 04:25:33.239043+00:00|33.58251553105072|36.79554539195084|35.740513670062455|33.57070043638794|34.913999952111|-0.740966796875|0.534912109375|-0.34375|-1.15966796875|2.38037109375|0.244140625|-0.8814770299145299|37.90351228632478|-39.915388431013426
2026-01-29 04:25:33.297946+00:00|33.578577097239986|36.79554539195084|35.75644714571439|33.58645403384759|34.933823125272625|-0.740478515625|0.536376953125|-0.332763671875|-1.3427734375|2.471923828125|-0.06103515625|-1.9392494658119657|38.256103098290595|-41.27421016483516
2026-01-29 04:25:33.356912+00:00|33.578577097239986|36.79554539195084|35.75246363371201|33.578577097239986|34.95364843213957|-0.744873046875|0.5400390625|-0.334716796875|-1.373291015625|2.38037109375|0.030517578125|-2.468135683760684|38.78498931623931|-41.44406288156288
2026-01-29 04:25:33.415778+00:00|33.578577097239986|36.80356574444147|35.75644714571439|33.59039260567795|34.94571805296039|-0.739013671875|0.541015625|-0.3408203125|-1.129150390625|2.288818359375|-0.030517578125|-1.7629540598290598|38.4323985042735|-40.764652014652015
2026-01-29 04:25:33.475122+00:00|33.578577097239986|36.80356574444147|35.76043075319188|33.58645403384759|34.95364843213957|-0.73779296875|0.53369140625|-0.34130859375|-1.312255859375|2.50244140625|-0.091552734375|-0.8814770299145299|39.66646634615385|-40.5947992979243
2026-01-29 04:25:33.534175+00:00|33.5746387323681|36.787525473428616|35.75246363371201|33.594331246589206|34.9417529916355|-0.743408203125|0.53515625|-0.3408203125|-1.190185546875|2.38037109375|-0.1220703125|-2.64443108974359|39.313875534188035|-40.93450473137973
2026-01-29 04:25:33.593237+00:00|33.58645403384759|36.791535378469064|35.74848021713552|33.58645403384759|34.96554464295923|-0.739501953125|0.539306640625|-0.341796875|-1.03759765625|2.38037109375|-0.1220703125|-2.468135683760684|37.72721688034188|-40.42494658119658
2026-01-29 04:25:33.652271+00:00|33.594331246589206|36.799555513924645|35.74848021713552|33.58645403384759|34.94571805296039|-0.740478515625|0.536376953125|-0.342041015625|-1.251220703125|2.532958984375|0.152587890625|-1.9392494658119657|40.01905715811966|-41.953621031746025
2026-01-29 04:25:33.711087+00:00|33.58645403384759|36.79554539195084|35.75644714571439|33.58645403384759|34.933823125272625|-0.736572265625|0.53369140625|-0.3408203125|-1.0986328125|2.166748046875|0.396728515625|-1.7629540598290598|38.4323985042735|-40.764652014652015
2026-01-29 04:25:33.769934+00:00|33.594331246589206|36.79554539195084|35.76043075319188|33.594331246589206|34.9417529916355|-0.73876953125|0.532470703125|-0.334228515625|-1.251220703125|2.471923828125|-0.1220703125|-2.468135683760684|38.78498931623931|-41.44406288156288
2026-01-29 04:25:33.829289+00:00|33.59039260567795|36.79554539195084|35.76441445619406|33.59826995662843|34.94968319977892|-0.74267578125|0.535888671875|-0.341552734375|-1.251220703125|2.38037109375|0.030517578125|-2.1155448717948717|37.72721688034188|-42.12347374847374
2026-01-29 04:25:33.888181+00:00|33.59826995662843|36.799555513924645|35.76441445619406|33.606147584279995|34.937788015755814|-0.739990234375|0.537109375|-0.339111328125|-1.3427734375|2.25830078125|0.091552734375|-1.234067841880342|38.256103098290595|-40.5947992979243
2026-01-29 04:25:33.947079+00:00|33.60220873584291|36.78351567677879|35.76043075319188|33.60220873584291|34.96951021797338|-0.73828125|0.53369140625|-0.340087890625|-0.946044921875|2.3193359375|0.335693359375|-1.4103632478632477|38.07980769230769|-38.726419413919416
2026-01-29 04:25:34.005989+00:00|33.594331246589206|36.77950598846877|35.75246363371201|33.59039260567795|34.94571805296039|-0.737548828125|0.535888671875|-0.33642578125|-1.28173828125|2.349853515625|0.1220703125|-2.2918402777777778|39.313875534188035|-40.25509386446887
2026-01-29 04:25:34.065541+00:00|33.60220873584291|36.791535378469064|35.75246363371201|33.59826995662843|34.96157915368127|-0.73974609375|0.540283203125|-0.33349609375|-1.15966796875|2.38037109375|0.0|-1.0577724358974359|39.84276175213675|-40.08524114774115
2026-01-29 04:25:34.124495+00:00|33.60220873584291|36.787525473428616|35.76043075319188|33.59826995662843|34.937788015755814|-0.740966796875|0.53759765625|-0.34130859375|-1.0986328125|2.3193359375|0.274658203125|-2.2918402777777778|36.49314903846154|-41.953621031746025
2026-01-29 04:25:34.183596+00:00|33.606147584279995|36.79554539195084|35.76441445619406|33.61402548901134|34.96554464295923|-0.742919921875|0.536865234375|-0.340087890625|-1.15966796875|2.471923828125|0.244140625|-1.4103632478632477|38.07980769230769|-40.764652014652015
2026-01-29 04:25:34.242710+00:00|33.61008650198704|36.791535378469064|35.76043075319188|33.61796454540007|34.95761375009084|-0.73681640625|0.537841796875|-0.341796875|-1.15966796875|2.38037109375|0.030517578125|-0.35259081196581193|38.78498931623931|-41.44406288156288
2026-01-29 04:25:34.301628+00:00|33.59826995662843|36.791535378469064|35.76839825477026|33.61796454540007|34.95364843213957|-0.73974609375|0.53369140625|-0.336669921875|-1.15966796875|2.38037109375|-0.1220703125|-0.5288862179487179|39.313875534188035|-40.5947992979243
2026-01-29 04:25:34.360548+00:00|33.60220873584291|36.77950598846877|35.772382148969825|33.61796454540007|34.97347587877215|-0.73681640625|0.537841796875|-0.33837890625|-1.15966796875|2.44140625|0.18310546875|-1.5866586538461538|37.90351228632478|-40.5947992979243
2026-01-29 04:25:34.420181+00:00|33.60220873584291|36.77950598846877|35.75644714571439|33.61796454540007|34.94571805296039|-0.741455078125|0.536865234375|-0.336669921875|-1.28173828125|2.349853515625|0.30517578125|0.7051816239316239|38.4323985042735|-41.44406288156288
2026-01-29 04:25:34.479325+00:00|33.61008650198704|36.77950598846877|35.76043075319188|33.61008650198704|34.96554464295923|-0.73828125|0.537109375|-0.343017578125|-1.5869140625|2.44140625|-0.42724609375|-1.9392494658119657|38.608693910256406|-40.93450473137973
2026-01-29 04:25:34.538212+00:00|33.61796454540007|36.791535378469064|35.76043075319188|33.61008650198704|34.94968319977892|-0.740234375|0.535888671875|-0.33935546875|-1.251220703125|2.349853515625|-0.1220703125|-1.234067841880342|38.256103098290595|-42.6330318986569
2026-01-29 04:25:34.597473+00:00|33.61402548901134|36.787525473428616|35.76839825477026|33.62584286646023|34.9417529916355|-0.736328125|0.53564453125|-0.34423828125|-1.3427734375|2.227783203125|0.06103515625|-1.9392494658119657|38.256103098290595|-41.953621031746025
2026-01-29 04:25:34.657055+00:00|33.61796454540007|36.791535378469064|35.76839825477026|33.621903671200585|34.96951021797338|-0.7353515625|0.540283203125|-0.336181640625|-1.556396484375|2.593994140625|0.18310546875|-3.1733173076923076|38.07980769230769|-41.10435744810745
2026-01-29 04:25:34.716283+00:00|33.621903671200585|36.79554539195084|35.76839825477026|33.62978213122625|34.94571805296039|-0.73828125|0.53662109375|-0.34228515625|-1.220703125|2.349853515625|-0.152587890625|-1.5866586538461538|37.90351228632478|-41.953621031746025
2026-01-29 04:25:34.774907+00:00|33.61796454540007|36.80356574444147|35.77636613884232|33.62978213122625|34.985373376361395|-0.7392578125|0.536865234375|-0.3369140625|-1.3427734375|2.3193359375|0.06103515625|-1.9392494658119657|38.96128472222222|-39.915388431013426
2026-01-29 04:25:34.833855+00:00|33.61796454540007|36.787525473428616|35.772382148969825|33.62978213122625|34.96554464295923|-0.73974609375|0.535888671875|-0.339111328125|-1.373291015625|2.532958984375|-0.152587890625|-1.7629540598290598|37.72721688034188|-42.12347374847374
2026-01-29 04:25:34.893157+00:00|33.62978213122625|36.791535378469064|35.77636613884232|33.62978213122625|34.97347587877215|-0.73779296875|0.539794921875|-0.336669921875|-0.946044921875|2.44140625|-0.06103515625|-1.7629540598290598|38.07980769230769|-41.44406288156288
2026-01-29 04:25:34.952187+00:00|33.62978213122625|36.799555513924645|35.76043075319188|33.621903671200585|34.96554464295923|-0.739990234375|0.537109375|-0.343994140625|-1.40380859375|2.0751953125|0.030517578125|-1.5866586538461538|37.90351228632478|-41.953621031746025
2026-01-29 04:25:35.011162+00:00|33.6376608694668|36.80356574444147|35.77636613884232|33.6376608694668|34.937788015755814|-0.7421875|0.539306640625|-0.336669921875|-1.007080078125|2.166748046875|0.213623046875|-2.468135683760684|37.72721688034188|-41.44406288156288
2026-01-29 04:25:35.070403+00:00|33.62978213122625|36.80356574444147|35.77636613884232|33.641600343035975|34.96554464295923|-0.741455078125|0.537353515625|-0.339599609375|-1.251220703125|2.50244140625|-0.030517578125|-2.1155448717948717|37.37462606837607|-42.463179181929185
2026-01-29 04:25:35.129527+00:00|33.6376608694668|36.79554539195084|35.772382148969825|33.641600343035975|34.96157915368127|-0.740234375|0.5380859375|-0.339111328125|-1.220703125|2.349853515625|0.152587890625|-2.1155448717948717|38.78498931623931|-41.10435744810745
2026-01-29 04:25:35.188855+00:00|33.6376608694668|36.79554539195084|35.780350224437086|33.641600343035975|34.96157915368127|-0.74169921875|0.533203125|-0.340087890625|-1.220703125|2.3193359375|0.18310546875|-0.17629540598290597|37.55092147435897|-41.27421016483516
2026-01-29 04:25:35.247875+00:00|33.62584286646023|36.79554539195084|35.772382148969825|33.641600343035975|34.96951021797338|-0.73828125|0.536865234375|-0.34375|-1.03759765625|2.25830078125|0.06103515625|-1.234067841880342|39.66646634615385|-41.27421016483516
2026-01-29 04:25:35.307287+00:00|33.633721465546046|36.79554539195084|35.772382148969825|33.641600343035975|34.95761375009084|-0.74072265625|0.537109375|-0.336181640625|-1.190185546875|2.01416015625|0.06103515625|-2.2918402777777778|38.608693910256406|-40.25509386446887
2026-01-29 04:25:35.365904+00:00|33.6376608694668|36.80356574444147|35.76043075319188|33.641600343035975|34.96554464295923|-0.738037109375|0.535888671875|-0.335205078125|-1.312255859375|2.38037109375|0.06103515625|-0.8814770299145299|38.608693910256406|-40.5947992979243
2026-01-29 04:25:35.425033+00:00|33.64947949930854|36.807576083551794|35.780350224437086|33.64947949930854|34.97347587877215|-0.74072265625|0.538818359375|-0.33837890625|-1.220703125|2.349853515625|0.0|-1.9392494658119657|37.55092147435897|-40.25509386446887
2026-01-29 04:25:35.484225+00:00|33.64947949930854|36.80356574444147|35.780350224437086|33.64947949930854|34.96951021797338|-0.735107421875|0.537109375|-0.340087890625|-1.03759765625|2.38037109375|-0.152587890625|-1.0577724358974359|37.72721688034188|-40.764652014652015
2026-01-29 04:25:35.543473+00:00|33.65341918210669|36.807576083551794|35.788318682990905|33.66523864971623|34.94571805296039|-0.743896484375|0.534912109375|-0.3291015625|-1.46484375|2.532958984375|-0.1220703125|-1.4103632478632477|38.07980769230769|-41.783768315018314
2026-01-29 04:25:35.602518+00:00|33.64553988630075|36.81559708775694|35.780350224437086|33.65735893474255|34.993305471233555|-0.737060546875|0.53759765625|-0.3359375|-1.312255859375|2.288818359375|0.0|-0.35259081196581193|35.964262820512815|-43.14259004884005
2026-01-29 04:25:35.661819+00:00|33.64947949930854|36.81158653130677|35.780350224437086|33.66129875726324|34.96157915368127|-0.739013671875|0.537353515625|-0.34228515625|-1.40380859375|2.50244140625|-0.030517578125|-0.7051816239316239|38.07980769230769|-41.44406288156288
2026-01-29 04:25:35.720901+00:00|33.64947949930854|36.799555513924645|35.784334405803406|33.66129875726324|34.99727164775902|-0.73828125|0.535888671875|-0.3388671875|-1.3427734375|2.655029296875|0.06103515625|-1.234067841880342|38.96128472222222|-40.25509386446887
2026-01-29 04:25:35.779894+00:00|33.65341918210669|36.81158653130677|35.780350224437086|33.65735893474255|34.97744162540397|-0.735595703125|0.53564453125|-0.338623046875|-1.15966796875|2.288818359375|-0.091552734375|-0.35259081196581193|37.72721688034188|-40.42494658119658
2026-01-29 04:25:35.838432+00:00|33.66523864971623|36.819607752953175|35.77636613884232|33.66129875726324|34.97347587877215|-0.73681640625|0.538330078125|-0.347412109375|-1.03759765625|2.349853515625|-0.06103515625|-1.5866586538461538|38.256103098290595|-41.27421016483516
2026-01-29 04:25:35.897445+00:00|33.66523864971623|36.819607752953175|35.788318682990905|33.66523864971623|34.96951021797338|-0.737060546875|0.538330078125|-0.34033203125|-1.03759765625|2.410888671875|0.213623046875|-1.7629540598290598|38.78498931623931|-40.764652014652015
2026-01-29 04:25:35.956484+00:00|33.66129875726324|36.823618526946234|35.796287525027026|33.66129875726324|34.99727164775902|-0.739013671875|0.53515625|-0.33837890625|-1.190185546875|2.0751953125|-0.030517578125|-0.7051816239316239|39.84276175213675|-42.12347374847374
2026-01-29 04:25:36.015696+00:00|33.67311864460862|36.82762940978705|35.79230305604898|33.67311864460862|34.98140745791761|-0.74072265625|0.538818359375|-0.34326171875|-1.312255859375|2.3193359375|0.213623046875|-1.0577724358974359|37.37462606837607|-39.40583028083028
2026-01-29 04:25:36.074724+00:00|33.65735893474255|36.823618526946234|35.780350224437086|33.66523864971623|34.985373376361395|-0.739501953125|0.539306640625|-0.339111328125|-1.28173828125|2.227783203125|0.18310546875|-0.5288862179487179|38.608693910256406|-40.5947992979243
2026-01-29 04:25:36.133848+00:00|33.66523864971623|36.819607752953175|35.79230305604898|33.68493916262304|34.98140745791761|-0.739990234375|0.536865234375|-0.33056640625|-1.312255859375|2.349853515625|0.091552734375|-0.7051816239316239|37.72721688034188|-40.764652014652015
2026-01-29 04:25:36.192846+00:00|33.67311864460862|36.823618526946234|35.784334405803406|33.66917861214904|34.97744162540397|-0.73974609375|0.53564453125|-0.336669921875|-1.220703125|2.62451171875|-0.091552734375|-1.5866586538461538|40.01905715811966|-41.27421016483516
2026-01-29 04:25:36.251871+00:00|33.680998919798355|36.82762940978705|35.784334405803406|33.66129875726324|34.96157915368127|-0.739990234375|0.536865234375|-0.333740234375|-1.312255859375|2.471923828125|-0.091552734375|-0.7051816239316239|38.07980769230769|-41.783768315018314
2026-01-29 04:25:36.311101+00:00|33.67311864460862|36.82762940978705|35.796287525027026|33.67311864460862|34.97347587877215|-0.73974609375|0.529541015625|-0.34375|-1.251220703125|2.410888671875|0.030517578125|-1.5866586538461538|38.608693910256406|-40.25509386446887
2026-01-29 04:25:36.370048+00:00|33.67311864460862|36.83164040152633|35.79230305604898|33.680998919798355|34.985373376361395|-0.738525390625|0.5341796875|-0.342529296875|-1.03759765625|2.25830078125|-0.030517578125|-1.234067841880342|36.84573985042735|-41.27421016483516
2026-01-29 04:25:36.429089+00:00|33.67311864460862|36.82762940978705|35.788318682990905|33.68493916262304|34.97744162540397|-0.741455078125|0.54052734375|-0.335205078125|-1.434326171875|2.25830078125|-0.030517578125|-1.7629540598290598|39.13758012820512|-41.10435744810745
2026-01-29 04:25:36.488215+00:00|33.680998919798355|36.83966271190371|35.8002720899745|33.67705874714267|35.00123791040892|-0.738525390625|0.537109375|-0.34423828125|-1.28173828125|2.44140625|-0.030517578125|-0.35259081196581193|38.4323985042735|-41.783768315018314
2026-01-29 04:25:36.547270+00:00|33.67311864460862|36.81158653130677|35.788318682990905|33.68887947566418|34.993305471233555|-0.740234375|0.535888671875|-0.34130859375|-1.129150390625|2.5634765625|-0.1220703125|0.0|37.37462606837607|-42.80288461538461
2026-01-29 04:25:36.606296+00:00|33.67705874714267|36.82762940978705|35.780350224437086|33.680998919798355|34.97347587877215|-0.737548828125|0.538330078125|-0.3388671875|-1.190185546875|2.25830078125|0.030517578125|-1.9392494658119657|38.608693910256406|-41.27421016483516
2026-01-29 04:25:36.665647+00:00|33.68493916262304|36.83164040152633|35.788318682990905|33.680998919798355|34.989339380783804|-0.737060546875|0.537353515625|-0.341064453125|-1.251220703125|2.44140625|0.213623046875|-1.7629540598290598|38.4323985042735|-40.764652014652015
2026-01-29 04:25:36.724503+00:00|33.68887947566418|36.83565150221489|35.796287525027026|33.67705874714267|34.96554464295923|-0.739501953125|0.535888671875|-0.336181640625|-0.91552734375|2.532958984375|-0.06103515625|-2.8207264957264955|38.78498931623931|-41.783768315018314
2026-01-29 04:25:36.783279+00:00|33.68493916262304|36.83164040152633|35.796287525027026|33.69281985896896|35.00123791040892|-0.737548828125|0.538818359375|-0.337890625|-1.190185546875|2.655029296875|0.274658203125|-1.0577724358974359|37.72721688034188|-40.42494658119658
2026-01-29 04:25:36.842080+00:00|33.69281985896896|36.83966271190371|35.796287525027026|33.70070083655918|34.95761375009084|-0.73583984375|0.534423828125|-0.33740234375|-1.251220703125|2.62451171875|0.1220703125|-1.9392494658119657|38.96128472222222|-40.5947992979243
2026-01-29 04:25:36.900880+00:00|33.69676031258484|36.83966271190371|35.8002720899745|33.69281985896896|34.98140745791761|-0.744384765625|0.537353515625|-0.33740234375|-1.15966796875|2.3193359375|0.0|-2.2918402777777778|38.256103098290595|-41.953621031746025
2026-01-29 04:25:36.959690+00:00|33.68887947566418|36.83164040152633|35.8002720899745|33.69676031258484|34.98140745791761|-0.739501953125|0.53564453125|-0.33544921875|-1.312255859375|2.716064453125|0.152587890625|-1.7629540598290598|37.72721688034188|-41.10435744810745
2026-01-29 04:25:37.018381+00:00|33.69281985896896|36.83565150221489|35.79230305604898|33.69676031258484|34.985373376361395|-0.740234375|0.538330078125|-0.33935546875|-1.220703125|2.5634765625|0.06103515625|-2.8207264957264955|37.022035256410255|-41.44406288156288
2026-01-29 04:25:37.077223+00:00|33.704641430939375|36.84768545848499|35.8002720899745|33.68887947566418|34.97744162540397|-0.738037109375|0.533203125|-0.3388671875|-1.40380859375|2.25830078125|0.1220703125|-1.4103632478632477|38.07980769230769|-41.10435744810745
2026-01-29 04:25:37.135986+00:00|33.704641430939375|36.8436740306434|35.80824150797548|33.71252283110658|35.00123791040892|-0.73681640625|0.537109375|-0.3388671875|-1.15966796875|2.38037109375|0.091552734375|-2.1155448717948717|39.13758012820512|-40.08524114774115
2026-01-29 04:25:37.194785+00:00|33.704641430939375|36.84768545848499|35.80824150797548|33.70858209577267|34.97744162540397|-0.7412109375|0.537109375|-0.338623046875|-1.220703125|2.410888671875|0.1220703125|-1.0577724358974359|38.4323985042735|-42.12347374847374
2026-01-29 04:25:37.253572+00:00|33.70070083655918|36.84768545848499|35.80824150797548|33.71252283110658|34.99727164775902|-0.740966796875|0.535400390625|-0.338134765625|-1.251220703125|2.471923828125|-0.030517578125|-2.1155448717948717|38.4323985042735|-41.10435744810745
2026-01-29 04:25:37.312499+00:00|33.70070083655918|36.83966271190371|35.804256750940795|33.70858209577267|34.97744162540397|-0.73681640625|0.53955078125|-0.3369140625|-1.434326171875|2.105712890625|0.0|-1.7629540598290598|37.72721688034188|-40.08524114774115
2026-01-29 04:25:37.371409+00:00|33.70070083655918|36.83565150221489|35.8002720899745|33.69281985896896|34.985373376361395|-0.74169921875|0.53515625|-0.338623046875|-1.312255859375|2.44140625|0.152587890625|-2.64443108974359|37.19833066239316|-41.27421016483516
2026-01-29 04:25:37.430277+00:00|33.716463636988465|36.85169699547936|35.804256750940795|33.70858209577267|34.989339380783804|-0.73876953125|0.535400390625|-0.3349609375|-1.220703125|2.44140625|-0.1220703125|-1.9392494658119657|37.90351228632478|-41.953621031746025
2026-01-29 04:25:37.489111+00:00|33.704641430939375|36.85169699547936|35.80824150797548|33.71252283110658|34.97744162540397|-0.73974609375|0.540771484375|-0.33984375|-1.15966796875|2.50244140625|-0.213623046875|-2.1155448717948717|38.07980769230769|-41.44406288156288
2026-01-29 04:25:37.548063+00:00|33.70858209577267|36.86373226188675|35.80824150797548|33.72040451346555|35.01710382322216|-0.7353515625|0.535400390625|-0.34521484375|-1.220703125|2.349853515625|0.030517578125|-1.7629540598290598|38.78498931623931|-42.463179181929185
2026-01-29 04:25:37.606893+00:00|33.716463636988465|36.859720397129365|35.80824150797548|33.716463636988465|34.993305471233555|-0.737548828125|0.53662109375|-0.340576171875|-1.373291015625|2.44140625|0.06103515625|-0.17629540598290597|38.608693910256406|-40.5947992979243
2026-01-29 04:25:37.665392+00:00|33.70858209577267|36.85570864167704|35.81621131044761|33.724345460585255|34.98140745791761|-0.73779296875|0.535400390625|-0.34375|-1.129150390625|2.593994140625|-0.030517578125|-1.234067841880342|38.96128472222222|-41.27421016483516
2026-01-29 04:25:37.724262+00:00|33.716463636988465|36.84768545848499|35.804256750940795|33.72040451346555|34.989339380783804|-0.736083984375|0.53466796875|-0.34521484375|-1.251220703125|2.50244140625|-0.030517578125|-0.17629540598290597|39.66646634615385|-40.5947992979243
2026-01-29 04:25:37.783212+00:00|33.728286478395034|36.859720397129365|35.8122263611279|33.716463636988465|34.97744162540397|-0.736083984375|0.53515625|-0.342041015625|-1.190185546875|2.593994140625|0.091552734375|-1.4103632478632477|38.4323985042735|-40.764652014652015
2026-01-29 04:25:37.842376+00:00|33.72040451346555|36.86774423600042|35.81621131044761|33.716463636988465|34.97347587877215|-0.7431640625|0.536865234375|-0.342529296875|-1.373291015625|2.50244140625|0.091552734375|-1.9392494658119657|37.90351228632478|-40.93450473137973
2026-01-29 04:25:37.901306+00:00|33.728286478395034|36.87175631952107|35.8122263611279|33.732227566942356|34.99727164775902|-0.7373046875|0.538818359375|-0.34619140625|-1.15966796875|2.3193359375|0.06103515625|-0.17629540598290597|38.96128472222222|-41.613915598290596
2026-01-29 04:25:37.960197+00:00|33.732227566942356|36.86774423600042|35.82019635598397|33.73616872627446|35.00123791040892|-0.73876953125|0.534912109375|-0.335693359375|-1.220703125|2.349853515625|-0.18310546875|-0.8814770299145299|38.96128472222222|-40.93450473137973
2026-01-29 04:25:38.019053+00:00|33.724345460585255|36.87175631952107|35.81621131044761|33.728286478395034|35.00123791040892|-0.73828125|0.53125|-0.336669921875|-1.0986328125|2.410888671875|0.06103515625|-1.4103632478632477|38.4323985042735|-41.10435744810745
2026-01-29 04:25:38.078009+00:00|33.72040451346555|36.859720397129365|35.80824150797548|33.728286478395034|34.989339380783804|-0.7373046875|0.5390625|-0.346435546875|-1.251220703125|2.105712890625|0.213623046875|-0.5288862179487179|38.256103098290595|-42.6330318986569
2026-01-29 04:25:38.136868+00:00|33.73616872627446|36.859720397129365|35.81621131044761|33.728286478395034|35.005204259231505|-0.739990234375|0.538330078125|-0.33984375|-1.40380859375|2.227783203125|0.18310546875|-0.7051816239316239|38.4323985042735|-41.44406288156288
2026-01-29 04:25:38.195806+00:00|33.74010995643886|36.875768512499576|35.81621131044761|33.728286478395034|34.98140745791761|-0.74072265625|0.5322265625|-0.3388671875|-1.312255859375|2.38037109375|0.152587890625|-1.7629540598290598|38.78498931623931|-40.764652014652015
2026-01-29 04:25:38.254676+00:00|33.73616872627446|36.875768512499576|35.82418149778658|33.73616872627446|34.993305471233555|-0.738525390625|0.53515625|-0.337158203125|-1.434326171875|2.227783203125|-0.1220703125|-1.9392494658119657|38.608693910256406|-42.29332646520146
2026-01-29 04:25:38.313767+00:00|33.74010995643886|36.87978081498687|35.82418149778658|33.744051257482795|34.993305471233555|-0.742919921875|0.536865234375|-0.339111328125|-1.068115234375|2.349853515625|0.06103515625|-1.5866586538461538|38.256103098290595|-40.93450473137973
2026-01-29 04:25:38.372850+00:00|33.74010995643886|36.88780574869139|35.82019635598397|33.744051257482795|35.00123791040892|-0.74169921875|0.537353515625|-0.34326171875|-1.220703125|2.288818359375|0.030517578125|-1.9392494658119657|38.96128472222222|-41.953621031746025
2026-01-29 04:25:38.432300+00:00|33.732227566942356|36.875768512499576|35.81621131044761|33.744051257482795|34.99727164775902|-0.74365234375|0.53369140625|-0.3408203125|-1.190185546875|2.349853515625|-0.213623046875|-1.0577724358974359|38.78498931623931|-40.764652014652015
2026-01-29 04:25:38.491540+00:00|33.73616872627446|36.875768512499576|35.83215207038808|33.744051257482795|34.993305471233555|-0.736083984375|0.537109375|-0.33984375|-1.312255859375|2.62451171875|-0.030517578125|-0.5288862179487179|38.608693910256406|-40.93450473137973
2026-01-29 04:25:38.550491+00:00|33.74010995643886|36.87978081498687|35.8122263611279|33.747992629453734|35.005204259231505|-0.737548828125|0.536865234375|-0.3408203125|-0.946044921875|2.38037109375|0.0|-0.5288862179487179|37.55092147435897|-41.27421016483516
2026-01-29 04:25:38.609571+00:00|33.75193407239914|36.89181838001048|35.82019635598397|33.732227566942356|35.00123791040892|-0.73974609375|0.5322265625|-0.343017578125|-1.3427734375|2.38037109375|-0.030517578125|-1.4103632478632477|37.022035256410255|-40.42494658119658
2026-01-29 04:25:38.668812+00:00|33.747992629453734|36.89583112104185|35.82418149778658|33.74010995643886|34.993305471233555|-0.740478515625|0.533447265625|-0.341064453125|-1.007080078125|2.0751953125|-0.18310546875|-1.5866586538461538|38.96128472222222|-40.93450473137973
2026-01-29 04:25:38.727889+00:00|33.747992629453734|36.89583112104185|35.8281667359048|33.75587558636636|34.985373376361395|-0.74267578125|0.53759765625|-0.340087890625|-1.251220703125|2.50244140625|-0.213623046875|-1.4103632478632477|37.72721688034188|-41.44406288156288
2026-01-29 04:25:38.786691+00:00|33.747992629453734|36.89181838001048|35.82019635598397|33.75587558636636|35.013137215589666|-0.73876953125|0.537841796875|-0.34228515625|-1.251220703125|2.349853515625|-0.030517578125|-1.234067841880342|38.608693910256406|-42.29332646520146
2026-01-29 04:25:38.845624+00:00|33.747992629453734|36.89181838001048|35.82418149778658|33.759817171402744|35.00123791040892|-0.73583984375|0.54052734375|-0.3427734375|-1.46484375|2.349853515625|-0.152587890625|-2.2918402777777778|37.55092147435897|-41.953621031746025
2026-01-29 04:25:38.904425+00:00|33.747992629453734|36.89181838001048|35.83215207038808|33.759817171402744|35.0091706942755|-0.744384765625|0.53564453125|-0.34375|-1.3427734375|2.3193359375|0.06103515625|-1.0577724358974359|38.4323985042735|-41.44406288156288
2026-01-29 04:25:38.963115+00:00|33.75193407239914|36.899843971836674|35.82418149778658|33.75587558636636|35.029004164516266|-0.738525390625|0.53466796875|-0.34326171875|-1.373291015625|2.38037109375|0.1220703125|-1.234067841880342|38.608693910256406|-40.93450473137973
2026-01-29 04:25:39.022109+00:00|33.75193407239914|36.90787000291988|35.82418149778658|33.75587558636636|34.989339380783804|-0.740234375|0.534912109375|-0.3447265625|-1.251220703125|2.0751953125|0.152587890625|-0.17629540598290597|38.256103098290595|-41.27421016483516
2026-01-29 04:25:39.081099+00:00|33.76375882755576|36.90787000291988|35.836137501286146|33.77164235340149|35.00123791040892|-0.738037109375|0.53271484375|-0.33349609375|-1.220703125|2.50244140625|-0.06103515625|-1.234067841880342|38.608693910256406|-41.953621031746025
2026-01-29 04:25:39.140039+00:00|33.75587558636636|36.91188318331007|35.8281667359048|33.76375882755576|35.02107051722169|-0.7421875|0.53759765625|-0.336181640625|-1.312255859375|2.50244140625|-0.091552734375|-1.7629540598290598|37.72721688034188|-41.783768315018314
2026-01-29 04:25:39.198881+00:00|33.759817171402744|36.91589647366743|35.83215207038808|33.77558422318896|35.01710382322216|-0.740234375|0.537353515625|-0.340087890625|-1.068115234375|2.349853515625|-0.091552734375|-2.1155448717948717|38.4323985042735|-41.44406288156288
2026-01-29 04:25:39.257750+00:00|33.75587558636636|36.91188318331007|35.836137501286146|33.77164235340149|34.993305471233555|-0.74169921875|0.537353515625|-0.33349609375|-0.9765625|2.410888671875|0.030517578125|-1.4103632478632477|38.4323985042735|-41.44406288156288
2026-01-29 04:25:39.316762+00:00|33.76375882755576|36.91188318331007|35.8281667359048|33.77164235340149|35.00123791040892|-0.7392578125|0.533935546875|-0.34130859375|-1.3427734375|2.44140625|0.335693359375|-2.9970219017094015|39.313875534188035|-40.93450473137973
2026-01-29 04:25:39.375848+00:00|33.77558422318896|36.923923384486955|35.82418149778658|33.76375882755576|35.005204259231505|-0.7373046875|0.53466796875|-0.34326171875|-1.251220703125|2.44140625|0.18310546875|-1.7629540598290598|39.13758012820512|-40.764652014652015
2026-01-29 04:25:39.434947+00:00|33.77164235340149|36.92793700505115|35.84410865252397|33.76770055487299|34.989339380783804|-0.739990234375|0.534423828125|-0.339599609375|-1.129150390625|2.44140625|-0.274658203125|-0.8814770299145299|39.66646634615385|-41.27421016483516
2026-01-29 04:25:39.494411+00:00|33.779526164282856|36.923923384486955|35.84012302864829|33.77558422318896|35.01710382322216|-0.73828125|0.534912109375|-0.3427734375|-1.251220703125|2.593994140625|0.06103515625|0.17629540598290597|38.608693910256406|-41.27421016483516
2026-01-29 04:25:39.553484+00:00|33.77164235340149|36.93195073578619|35.84012302864829|33.779526164282856|35.02107051722169|-0.736083984375|0.536865234375|-0.337890625|-0.9765625|2.288818359375|-0.152587890625|-2.1155448717948717|38.4323985042735|-42.463179181929185
2026-01-29 04:25:39.612594+00:00|33.78741026057895|36.93997852797281|35.84012302864829|33.78741026057895|35.005204259231505|-0.741455078125|0.53271484375|-0.335693359375|-1.251220703125|2.166748046875|-0.030517578125|-1.4103632478632477|37.72721688034188|-40.42494658119658
2026-01-29 04:25:39.671750+00:00|33.77558422318896|36.94399258952626|35.84012302864829|33.78346817673025|35.00123791040892|-0.73876953125|0.537353515625|-0.3359375|-1.251220703125|2.288818359375|0.213623046875|-2.468135683760684|38.78498931623931|-40.08524114774115
2026-01-29 04:25:39.730954+00:00|33.76770055487299|36.92793700505115|35.836137501286146|33.78346817673025|35.02503729763691|-0.73681640625|0.536376953125|-0.33935546875|-1.3427734375|2.197265625|0.030517578125|-1.234067841880342|39.313875534188035|-41.953621031746025
2026-01-29 04:25:39.790106+00:00|33.78346817673025|36.93195073578619|35.83215207038808|33.77558422318896|35.02503729763691|-0.739013671875|0.5361328125|-0.346435546875|-1.0986328125|2.044677734375|-0.091552734375|-1.7629540598290598|37.72721688034188|-41.10435744810745
2026-01-29 04:25:39.848928+00:00|33.79135241587613|36.94399258952626|35.836137501286146|33.779526164282856|35.0091706942755|-0.7392578125|0.533203125|-0.337646484375|-1.0986328125|2.5634765625|0.0|-1.9392494658119657|38.608693910256406|-40.5947992979243
2026-01-29 04:25:39.907896+00:00|33.78346817673025|36.94800676145462|35.84809437296286|33.795294642669376|35.005204259231505|-0.736083984375|0.53271484375|-0.344970703125|-1.40380859375|2.44140625|0.18310546875|-0.5288862179487179|39.313875534188035|-41.613915598290596
2026-01-29 04:25:39.967352+00:00|33.79135241587613|36.95202104380871|35.84809437296286|33.795294642669376|35.0091706942755|-0.739013671875|0.5390625|-0.345703125|-1.220703125|2.197265625|-0.06103515625|-1.9392494658119657|37.90351228632478|-41.27421016483516
2026-01-29 04:25:40.026316+00:00|33.79135241587613|36.960049939998214|35.84809437296286|33.79135241587613|35.03297111790852|-0.74462890625|0.540283203125|-0.33740234375|-1.3427734375|2.349853515625|-0.091552734375|-0.5288862179487179|37.19833066239316|-41.27421016483516
2026-01-29 04:25:40.085845+00:00|33.79135241587613|36.95603543663958|35.84012302864829|33.795294642669376|35.01710382322216|-0.739990234375|0.533447265625|-0.34326171875|-1.03759765625|2.166748046875|0.030517578125|-1.7629540598290598|38.07980769230769|-41.10435744810745
2026-01-29 04:25:40.145140+00:00|33.779526164282856|36.96406455393577|35.84809437296286|33.79135241587613|35.02107051722169|-0.734375|0.541748046875|-0.344970703125|-1.46484375|2.3193359375|-0.091552734375|-1.7629540598290598|37.37462606837607|-40.764652014652015
2026-01-29 04:25:40.204336+00:00|33.79135241587613|36.960049939998214|35.84410865252397|33.80317931093384|35.013137215589666|-0.7412109375|0.5341796875|-0.331298828125|-1.0986328125|2.410888671875|0.030517578125|-0.7051816239316239|39.13758012820512|-42.12347374847374
2026-01-29 04:25:40.263436+00:00|33.79135241587613|36.960049939998214|35.836137501286146|33.79135241587613|35.01710382322216|-0.74072265625|0.5341796875|-0.33837890625|-1.0986328125|2.50244140625|0.06103515625|-2.2918402777777778|38.608693910256406|-40.5947992979243
2026-01-29 04:25:40.322873+00:00|33.80712175249977|36.96807927850307|35.84410865252397|33.795294642669376|35.01710382322216|-0.73486328125|0.538330078125|-0.343017578125|-1.40380859375|2.197265625|-0.1220703125|-2.1155448717948717|38.4323985042735|-41.783768315018314
2026-01-29 04:25:40.382103+00:00|33.79923694100614|36.97209411375127|35.84410865252397|33.79923694100614|34.989339380783804|-0.743896484375|0.53466796875|-0.3330078125|-0.732421875|2.197265625|-0.152587890625|-0.8814770299145299|38.608693910256406|-40.5947992979243
2026-01-29 04:25:40.441650+00:00|33.79923694100614|36.97209411375127|35.85606610372787|33.80712175249977|35.013137215589666|-0.736572265625|0.54150390625|-0.339111328125|-1.190185546875|2.410888671875|-0.030517578125|-0.8814770299145299|38.256103098290595|-40.5947992979243
2026-01-29 04:25:40.500785+00:00|33.79923694100614|36.9761090597313|35.85606610372787|33.81500685073661|35.03297111790852|-0.740478515625|0.5390625|-0.341064453125|-1.129150390625|2.0751953125|0.0|-1.0577724358974359|38.78498931623931|-41.44406288156288
2026-01-29 04:25:40.559990+00:00|33.80712175249977|36.98413928409133|35.852080190014306|33.811064265751554|35.06074221809223|-0.740966796875|0.53173828125|-0.32861328125|-1.03759765625|2.349853515625|-0.091552734375|-0.8814770299145299|38.96128472222222|-41.27421016483516
2026-01-29 04:25:40.619074+00:00|33.79923694100614|36.98413928409133|35.86005211415312|33.822892236096095|35.029004164516266|-0.737060546875|0.53662109375|-0.330810546875|-1.434326171875|2.655029296875|0.30517578125|-1.234067841880342|37.55092147435897|-40.5947992979243
2026-01-29 04:25:40.677712+00:00|33.80317931093384|36.98012411649427|35.84809437296286|33.811064265751554|35.013137215589666|-0.731689453125|0.538330078125|-0.34765625|-1.15966796875|2.410888671875|-0.1220703125|-1.5866586538461538|37.90351228632478|-40.93450473137973
2026-01-29 04:25:40.736709+00:00|33.81500685073661|36.98413928409133|35.84809437296286|33.80712175249977|35.04090528442549|-0.74267578125|0.53466796875|-0.3310546875|-1.190185546875|2.105712890625|0.06103515625|-1.0577724358974359|38.78498931623931|-40.42494658119658
2026-01-29 04:25:40.795763+00:00|33.811064265751554|36.99216995199134|35.85606610372787|33.80712175249977|35.013137215589666|-0.73876953125|0.535888671875|-0.340576171875|-1.312255859375|2.410888671875|0.3662109375|-0.8814770299145299|37.90351228632478|-40.93450473137973
2026-01-29 04:25:40.854756+00:00|33.80712175249977|37.00020106383977|35.86005211415312|33.822892236096095|35.01710382322216|-0.734130859375|0.53515625|-0.34423828125|-1.28173828125|2.3193359375|-0.091552734375|-2.64443108974359|38.608693910256406|-40.93450473137973
2026-01-29 04:25:40.913907+00:00|33.811064265751554|37.00020106383977|35.85606610372787|33.822892236096095|35.01710382322216|-0.74462890625|0.533447265625|-0.332763671875|-1.15966796875|2.0751953125|0.152587890625|-0.35259081196581193|38.07980769230769|-39.74553571428571
2026-01-29 04:25:40.972821+00:00|33.81500685073661|37.01224856490978|35.86005211415312|33.822892236096095|35.036938157862096|-0.740234375|0.535888671875|-0.338134765625|-1.373291015625|2.593994140625|0.3662109375|-1.234067841880342|38.96128472222222|-40.93450473137973
2026-01-29 04:25:41.031736+00:00|33.811064265751554|37.00020106383977|35.86005211415312|33.82683503656557|35.013137215589666|-0.732666015625|0.53662109375|-0.352783203125|-1.312255859375|2.25830078125|-0.091552734375|-1.7629540598290598|39.13758012820512|-43.14259004884005
2026-01-29 04:25:41.090742+00:00|33.81500685073661|37.00823262004542|35.852080190014306|33.82683503656557|35.029004164516266|-0.740234375|0.533447265625|-0.330322265625|-1.220703125|2.25830078125|-0.274658203125|-1.9392494658119657|38.608693910256406|-39.915388431013426
2026-01-29 04:25:41.149883+00:00|33.83077790895811|37.01224856490978|35.852080190014306|33.822892236096095|35.02107051722169|-0.73876953125|0.533447265625|-0.34033203125|-1.3427734375|2.62451171875|0.18310546875|-2.1155448717948717|38.78498931623931|-40.764652014652015
2026-01-29 04:25:41.209622+00:00|33.83077790895811|37.01626462101672|35.85606610372787|33.822892236096095|35.005204259231505|-0.737548828125|0.53955078125|-0.340087890625|-1.3427734375|2.44140625|-0.030517578125|-0.8814770299145299|37.19833066239316|-41.27421016483516
2026-01-29 04:25:41.268910+00:00|33.82683503656557|37.02028078841721|35.86403822133963|33.818949507502225|35.036938157862096|-0.74462890625|0.53564453125|-0.334716796875|-0.91552734375|2.227783203125|0.0|-1.234067841880342|38.608693910256406|-41.27421016483516
2026-01-29 04:25:41.327892+00:00|33.82683503656557|37.02831345730357|35.86403822133963|33.83077790895811|35.03297111790852|-0.741943359375|0.5322265625|-0.34130859375|-1.312255859375|2.471923828125|0.030517578125|-1.5866586538461538|38.96128472222222|-42.29332646520146
2026-01-29 04:25:41.386784+00:00|33.82683503656557|37.02831345730357|35.86802442533667|33.834720853321244|35.05677465775034|-0.736328125|0.537841796875|-0.345458984375|-1.5869140625|2.227783203125|0.091552734375|0.0|38.78498931623931|-41.10435744810745
2026-01-29 04:25:41.446089+00:00|33.83077790895811|37.02831345730357|35.86802442533667|33.838663869702316|35.044872497647475|-0.73974609375|0.53857421875|-0.3369140625|-0.701904296875|2.13623046875|-0.030517578125|-0.7051816239316239|38.4323985042735|-40.08524114774115
2026-01-29 04:25:41.505273+00:00|33.822892236096095|37.02429706716242|35.86403822133963|33.834720853321244|35.044872497647475|-0.744384765625|0.53759765625|-0.340087890625|-1.434326171875|2.593994140625|0.213623046875|-0.17629540598290597|37.90351228632478|-40.5947992979243
2026-01-29 04:25:41.564270+00:00|33.822892236096095|37.02831345730357|35.85606610372787|33.84260695814885|35.02503729763691|-0.740234375|0.53662109375|-0.345703125|-1.312255859375|2.44140625|-0.030517578125|-1.5866586538461538|37.90351228632478|-40.25509386446887
2026-01-29 04:25:41.623277+00:00|33.834720853321244|37.02831345730357|35.852080190014306|33.82683503656557|35.03297111790852|-0.739501953125|0.52978515625|-0.33154296875|-0.9765625|2.197265625|-0.06103515625|-1.5866586538461538|37.90351228632478|-41.27421016483516
2026-01-29 04:25:41.682576+00:00|33.846550118708365|37.04036329661295|35.86403822133963|33.838663869702316|35.02107051722169|-0.7412109375|0.5341796875|-0.331787109375|-1.03759765625|2.288818359375|0.42724609375|0.5288862179487179|36.49314903846154|-40.25509386446887
2026-01-29 04:25:41.741426+00:00|33.85049335142838|37.04036329661295|35.86403822133963|33.846550118708365|35.02107051722169|-0.7412109375|0.5341796875|-0.343505859375|-1.220703125|2.38037109375|-0.1220703125|-1.5866586538461538|37.90351228632478|-42.29332646520146
2026-01-29 04:25:41.800249+00:00|33.846550118708365|37.04839708073558|35.86802442533667|33.846550118708365|35.04090528442549|-0.7421875|0.536865234375|-0.33642578125|-1.434326171875|2.288818359375|-0.030517578125|-1.7629540598290598|38.78498931623931|-42.12347374847374
2026-01-29 04:25:41.858967+00:00|33.846550118708365|37.04839708073558|35.87998361868739|33.846550118708365|35.029004164516266|-0.741943359375|0.534912109375|-0.340576171875|-1.007080078125|2.349853515625|0.3662109375|-2.1155448717948717|38.78498931623931|-41.10435744810745
2026-01-29 04:25:41.917739+00:00|33.846550118708365|37.04036329661295|35.87201072619399|33.85443665635631|35.02503729763691|-0.737548828125|0.535400390625|-0.345458984375|-1.46484375|2.44140625|0.18310546875|-2.2918402777777778|36.49314903846154|-41.613915598290596
2026-01-29 04:25:41.976398+00:00|33.846550118708365|37.04036329661295|35.86403822133963|33.84260695814885|35.044872497647475|-0.73828125|0.537841796875|-0.3359375|-1.129150390625|2.25830078125|-0.274658203125|-2.1155448717948717|37.72721688034188|-41.783768315018314
2026-01-29 04:25:42.035181+00:00|33.85049335142838|37.04839708073558|35.86802442533667|33.85443665635631|35.02107051722169|-0.7412109375|0.5302734375|-0.343994140625|-1.251220703125|2.38037109375|0.091552734375|-0.35259081196581193|38.78498931623931|-40.42494658119658
2026-01-29 04:25:42.093971+00:00|33.85443665635631|37.05643131166869|35.8759971239611|33.85443665635631|35.04090528442549|-0.736328125|0.531005859375|-0.338623046875|-1.434326171875|2.62451171875|0.091552734375|-1.9392494658119657|39.313875534188035|-40.93450473137973
2026-01-29 04:25:42.153207+00:00|33.85049335142838|37.052414140325254|35.8759971239611|33.85443665635631|35.04090528442549|-0.740478515625|0.53515625|-0.341064453125|-1.007080078125|2.349853515625|-0.06103515625|-1.234067841880342|38.96128472222222|-40.5947992979243
2026-01-29 04:25:42.212059+00:00|33.85838003353956|37.060448594817046|35.8759971239611|33.86626700486215|35.05280718426127|-0.740966796875|0.53564453125|-0.33447265625|-1.251220703125|2.410888671875|0.244140625|-2.468135683760684|38.4323985042735|-39.74553571428571
2026-01-29 04:25:42.270760+00:00|33.85049335142838|37.060448594817046|35.87998361868739|33.862323483025705|35.03297111790852|-0.7373046875|0.538818359375|-0.3427734375|-1.556396484375|2.44140625|0.091552734375|-2.64443108974359|37.90351228632478|-40.5947992979243
2026-01-29 04:25:42.329463+00:00|33.85443665635631|37.052414140325254|35.86802442533667|33.85838003353956|35.03297111790852|-0.740966796875|0.5390625|-0.346923828125|-1.068115234375|2.471923828125|-0.18310546875|-2.9970219017094015|38.256103098290595|-41.27421016483516
2026-01-29 04:25:42.388312+00:00|33.870210599096595|37.06446598982143|35.86802442533667|33.85838003353956|35.01710382322216|-0.73779296875|0.535888671875|-0.33056640625|-1.068115234375|2.532958984375|0.0|-0.8814770299145299|38.256103098290595|-39.57568299755799
2026-01-29 04:25:42.447089+00:00|33.86626700486215|37.06446598982143|35.887956899216306|33.85838003353956|35.029004164516266|-0.740234375|0.5380859375|-0.342529296875|-1.373291015625|2.0751953125|-0.1220703125|-1.5866586538461538|37.55092147435897|-41.953621031746025
2026-01-29 04:25:42.506392+00:00|33.86626700486215|37.06446598982143|35.887956899216306|33.870210599096595|35.03297111790852|-0.737060546875|0.53173828125|-0.338623046875|-1.373291015625|2.471923828125|0.091552734375|-1.234067841880342|37.90351228632478|-42.29332646520146
2026-01-29 04:25:42.566181+00:00|33.862323483025705|37.07250111560313|35.88397021042266|33.882041816662024|35.02503729763691|-0.744384765625|0.536376953125|-0.342041015625|-1.495361328125|2.227783203125|0.091552734375|-2.64443108974359|37.90351228632478|-40.5947992979243
2026-01-29 04:25:42.625022+00:00|33.86626700486215|37.06848349673311|35.887956899216306|33.87415426577638|35.05280718426127|-0.739990234375|0.53857421875|-0.33837890625|-1.3427734375|2.74658203125|0.0|-2.468135683760684|38.78498931623931|-40.764652014652015
2026-01-29 04:25:42.684045+00:00|33.870210599096595|37.07250111560313|35.88397021042266|33.87809800494898|35.029004164516266|-0.731201171875|0.53369140625|-0.337158203125|-1.068115234375|2.197265625|-0.1220703125|-2.9970219017094015|38.608693910256406|-41.27421016483516
2026-01-29 04:25:42.743042+00:00|33.862323483025705|37.06848349673311|35.87998361868739|33.882041816662024|35.036938157862096|-0.746337890625|0.534912109375|-0.3408203125|-1.15966796875|2.227783203125|0.213623046875|-1.0577724358974359|38.78498931623931|-40.08524114774115
2026-01-29 04:25:42.801984+00:00|33.87415426577638|37.07250111560313|35.8759971239611|33.86626700486215|35.02503729763691|-0.735595703125|0.537841796875|-0.336669921875|-1.129150390625|2.197265625|-0.30517578125|-2.8207264957264955|36.31685363247863|-40.764652014652015
2026-01-29 04:25:42.860807+00:00|33.870210599096595|37.08053668942324|35.887956899216306|33.87809800494898|35.0091706942755|-0.737060546875|0.53466796875|-0.342529296875|-1.129150390625|2.38037109375|-0.030517578125|-1.0577724358974359|39.13758012820512|-41.44406288156288
2026-01-29 04:25:42.919878+00:00|33.882041816662024|37.076518846482884|35.887956899216306|33.88598570096292|35.02107051722169|-0.7373046875|0.531982421875|-0.340576171875|-1.068115234375|2.593994140625|0.030517578125|-2.2918402777777778|38.96128472222222|-41.613915598290596
2026-01-29 04:25:42.978803+00:00|33.882041816662024|37.0845546444757|35.88397021042266|33.882041816662024|35.013137215589666|-0.74267578125|0.537353515625|-0.34130859375|-1.52587890625|2.471923828125|0.0|-1.4103632478632477|37.72721688034188|-40.42494658119658
2026-01-29 04:25:43.037818+00:00|33.88598570096292|37.0845546444757|35.887956899216306|33.87809800494898|35.03297111790852|-0.7431640625|0.537109375|-0.347412109375|-1.0986328125|2.38037109375|0.152587890625|-1.9392494658119657|37.90351228632478|-41.953621031746025
2026-01-29 04:25:43.096942+00:00|33.87809800494898|37.08053668942324|35.887956899216306|33.88598570096292|35.03297111790852|-0.7392578125|0.534423828125|-0.34033203125|-1.15966796875|2.197265625|-0.213623046875|-1.5866586538461538|38.608693910256406|-40.5947992979243
2026-01-29 04:25:43.156362+00:00|33.87809800494898|37.07250111560313|35.87998361868739|33.88992965789919|35.06867759952917|-0.739990234375|0.536376953125|-0.33544921875|-1.15966796875|2.410888671875|0.1220703125|-0.8814770299145299|38.608693910256406|-40.93450473137973
2026-01-29 04:25:43.215342+00:00|33.88992965789919|37.08053668942324|35.87998361868739|33.882041816662024|35.04090528442549|-0.73583984375|0.5341796875|-0.3369140625|-1.312255859375|2.716064453125|-0.091552734375|-0.8814770299145299|37.90351228632478|-40.5947992979243
2026-01-29 04:25:43.274183+00:00|33.88598570096292|37.09259089112135|35.88397021042266|33.88598570096292|35.05280718426127|-0.739990234375|0.537109375|-0.335205078125|-1.129150390625|2.62451171875|-0.1220703125|-1.9392494658119657|39.313875534188035|-40.5947992979243
2026-01-29 04:25:43.333128+00:00|33.89781778986793|37.09259089112135|35.89593056817699|33.901761964995444|35.029004164516266|-0.7431640625|0.536376953125|-0.3388671875|-1.434326171875|2.197265625|0.274658203125|-1.234067841880342|37.90351228632478|-41.613915598290596
2026-01-29 04:25:43.391938+00:00|33.88992965789919|37.08857271169131|35.89593056817699|33.89781778986793|35.036938157862096|-0.738037109375|0.538818359375|-0.3466796875|-1.3427734375|2.655029296875|0.274658203125|-0.35259081196581193|38.4323985042735|-41.10435744810745
2026-01-29 04:25:43.450899+00:00|33.901761964995444|37.09259089112135|35.90390462596605|33.89781778986793|35.04090528442549|-0.741455078125|0.5341796875|-0.34130859375|-1.312255859375|2.197265625|-0.3662109375|-2.1155448717948717|38.78498931623931|-40.42494658119658
2026-01-29 04:25:43.510309+00:00|33.88598570096292|37.100627586829376|35.89593056817699|33.89781778986793|35.02107051722169|-0.74169921875|0.53662109375|-0.333251953125|-1.28173828125|2.471923828125|-0.030517578125|-1.0577724358974359|38.78498931623931|-41.783768315018314
2026-01-29 04:25:43.569723+00:00|33.89387368751841|37.09259089112135|35.89593056817699|33.909650533774425|35.01710382322216|-0.739013671875|0.538818359375|-0.340087890625|-1.373291015625|2.227783203125|0.18310546875|-1.9392494658119657|39.313875534188035|-40.5947992979243
2026-01-29 04:25:43.628713+00:00|33.909650533774425|37.09259089112135|35.887956899216306|33.89781778986793|35.05280718426127|-0.73779296875|0.535888671875|-0.337646484375|-1.068115234375|2.25830078125|-0.152587890625|-2.1155448717948717|39.49017094017094|-40.42494658119658
2026-01-29 04:25:43.688118+00:00|33.901761964995444|37.1046461032098|35.887956899216306|33.89387368751841|35.04090528442549|-0.74072265625|0.5322265625|-0.33740234375|-1.15966796875|2.410888671875|0.18310546875|-1.7629540598290598|38.07980769230769|-41.10435744810745
2026-01-29 04:25:43.747332+00:00|33.909650533774425|37.11268347327973|35.90390462596605|33.901761964995444|35.029004164516266|-0.738037109375|0.5341796875|-0.3427734375|-1.15966796875|2.410888671875|-0.06103515625|-3.3496127136752136|39.66646634615385|-41.613915598290596
2026-01-29 04:25:43.806550+00:00|33.91359492752099|37.108664732009515|35.89991754844323|33.91359492752099|35.02107051722169|-0.738037109375|0.536865234375|-0.343994140625|-1.0986328125|2.044677734375|-0.06103515625|-0.5288862179487179|37.19833066239316|-42.6330318986569
2026-01-29 04:25:43.866204+00:00|33.91359492752099|37.108664732009515|35.90390462596605|33.909650533774425|35.036938157862096|-0.740966796875|0.532958984375|-0.343017578125|-1.28173828125|2.288818359375|0.18310546875|-1.9392494658119657|38.256103098290595|-40.5947992979243
2026-01-29 04:25:43.925303+00:00|33.909650533774425|37.108664732009515|35.90390462596605|33.909650533774425|35.048839797576534|-0.740234375|0.53564453125|-0.345703125|-1.495361328125|2.38037109375|0.152587890625|-0.8814770299145299|39.66646634615385|-41.27421016483516
2026-01-29 04:25:43.984344+00:00|33.901761964995444|37.11268347327973|35.89991754844323|33.91359492752099|35.05677465775034|-0.7431640625|0.536376953125|-0.341796875|-1.251220703125|2.50244140625|-0.18310546875|-1.4103632478632477|38.4323985042735|-40.42494658119658
2026-01-29 04:25:44.043469+00:00|33.90570621294847|37.108664732009515|35.907891800795085|33.91753939423546|35.05280718426127|-0.741455078125|0.539306640625|-0.343017578125|-1.220703125|2.62451171875|0.18310546875|-2.1155448717948717|39.49017094017094|-41.783768315018314
2026-01-29 04:25:44.102678+00:00|33.909650533774425|37.108664732009515|35.89593056817699|33.92148393396553|35.04090528442549|-0.739013671875|0.536865234375|-0.345947265625|-1.495361328125|2.349853515625|0.1220703125|-2.468135683760684|38.07980769230769|-42.12347374847374
2026-01-29 04:25:44.161780+00:00|33.91753939423546|37.116702327071664|35.89991754844323|33.91753939423546|35.029004164516266|-0.738525390625|0.539794921875|-0.33740234375|-0.9765625|2.288818359375|0.0|-1.0577724358974359|38.07980769230769|-40.764652014652015
2026-01-29 04:25:44.221222+00:00|33.909650533774425|37.12474037242572|35.907891800795085|33.909650533774425|35.02503729763691|-0.74072265625|0.535888671875|-0.34326171875|-1.251220703125|2.471923828125|0.06103515625|-1.7629540598290598|38.4323985042735|-41.783768315018314
2026-01-29 04:25:44.280431+00:00|33.92148393396553|37.12072129343659|35.90390462596605|33.933317991724834|35.029004164516266|-0.734619140625|0.5341796875|-0.34521484375|-1.190185546875|2.44140625|-0.030517578125|-1.0577724358974359|39.13758012820512|-40.42494658119658
2026-01-29 04:25:44.339475+00:00|33.91753939423546|37.132778868481864|35.91187907297996|33.92148393396553|35.044872497647475|-0.738525390625|0.534912109375|-0.33740234375|-1.129150390625|2.38037109375|0.152587890625|-1.4103632478632477|38.4323985042735|-41.44406288156288
2026-01-29 04:25:44.398644+00:00|33.92148393396553|37.132778868481864|35.907891800795085|33.929373232662726|35.05280718426127|-0.740234375|0.5341796875|-0.343017578125|-1.190185546875|2.105712890625|-0.152587890625|-1.234067841880342|38.96128472222222|-41.613915598290596
2026-01-29 04:25:44.457488+00:00|33.92148393396553|37.128759564090444|35.91187907297996|33.929373232662726|35.048839797576534|-0.735107421875|0.534423828125|-0.341064453125|-1.251220703125|2.38037109375|-0.274658203125|-2.2918402777777778|38.96128472222222|-41.613915598290596
2026-01-29 04:25:44.516812+00:00|33.91753939423546|37.12474037242572|35.907891800795085|33.933317991724834|35.05280718426127|-0.738525390625|0.5361328125|-0.341796875|-1.15966796875|2.410888671875|-0.091552734375|-1.9392494658119657|38.256103098290595|-40.5947992979243
2026-01-29 04:25:44.576217+00:00|33.933317991724834|37.128759564090444|35.90390462596605|33.929373232662726|35.044872497647475|-0.74072265625|0.534423828125|-0.338134765625|-1.220703125|2.471923828125|0.213623046875|-2.2918402777777778|38.256103098290595|-40.25509386446887
2026-01-29 04:25:44.635068+00:00|33.92542854675884|37.14081781565022|35.89593056817699|33.929373232662726|35.044872497647475|-0.7373046875|0.535888671875|-0.339599609375|-1.46484375|2.593994140625|-0.06103515625|-0.7051816239316239|38.78498931623931|-41.44406288156288
2026-01-29 04:25:44.694534+00:00|33.929373232662726|37.14885721434092|35.91187907297996|33.93726282399268|35.02503729763691|-0.7373046875|0.537109375|-0.337646484375|-1.40380859375|2.44140625|0.1220703125|-1.234067841880342|37.90351228632478|-41.953621031746025
2026-01-29 04:25:44.754183+00:00|33.93726282399268|37.14885721434092|35.91586644257018|33.94909776050628|35.04090528442549|-0.744140625|0.533447265625|-0.334716796875|-0.9765625|2.166748046875|-0.030517578125|-0.17629540598290597|37.55092147435897|-40.25509386446887
2026-01-29 04:25:44.813237+00:00|33.93726282399268|37.14885721434092|35.91187907297996|33.933317991724834|35.036938157862096|-0.738037109375|0.537353515625|-0.339111328125|-1.434326171875|2.197265625|0.18310546875|-1.7629540598290598|38.78498931623931|-39.40583028083028
2026-01-29 04:25:44.872401+00:00|33.9451527083358|37.15287708313542|35.91985390961531|33.93726282399268|35.044872497647475|-0.736572265625|0.536376953125|-0.337890625|-0.9765625|2.227783203125|0.0|-0.35259081196581193|39.49017094017094|-40.764652014652015
2026-01-29 04:25:44.931705+00:00|33.929373232662726|37.144837458529594|35.91586644257018|33.94120772951385|35.05280718426127|-0.739501953125|0.533447265625|-0.3447265625|-1.068115234375|2.197265625|0.06103515625|-1.234067841880342|39.66646634615385|-40.93450473137973
2026-01-29 04:25:44.990814+00:00|33.933317991724834|37.144837458529594|35.91586644257018|33.9451527083358|35.05677465775034|-0.7421875|0.534423828125|-0.349365234375|-1.40380859375|2.38037109375|0.0|-2.2918402777777778|37.19833066239316|-40.25509386446887
2026-01-29 04:25:45.050046+00:00|33.933317991724834|37.14885721434092|35.90390462596605|33.933317991724834|35.044872497647475|-0.74072265625|0.533447265625|-0.34130859375|-1.495361328125|2.349853515625|0.030517578125|-1.5866586538461538|38.256103098290595|-40.93450473137973
2026-01-29 04:25:45.109163+00:00|33.9451527083358|37.15287708313542|35.91187907297996|33.92542854675884|35.02503729763691|-0.7421875|0.534912109375|-0.33740234375|-1.007080078125|2.166748046875|0.1220703125|-1.234067841880342|37.90351228632478|-41.953621031746025
2026-01-29 04:25:45.168329+00:00|33.94909776050628|37.160917159879205|35.91985390961531|33.94120772951385|35.044872497647475|-0.7392578125|0.532958984375|-0.343505859375|-1.15966796875|2.3193359375|0.091552734375|-1.7629540598290598|37.72721688034188|-40.42494658119658
2026-01-29 04:25:45.227501+00:00|33.9451527083358|37.164937367931145|35.923841474165044|33.95304288607264|35.048839797576534|-0.739013671875|0.536865234375|-0.337158203125|-1.28173828125|2.44140625|-0.030517578125|-1.0577724358974359|39.49017094017094|-40.764652014652015
2026-01-29 04:25:45.286793+00:00|33.94909776050628|37.164937367931145|35.91985390961531|33.94120772951385|35.06074221809223|-0.7373046875|0.53857421875|-0.33642578125|-1.312255859375|2.25830078125|-0.06103515625|-1.9392494658119657|38.96128472222222|-41.613915598290596
2026-01-29 04:25:45.345933+00:00|33.95304288607264|37.16895768917152|35.91985390961531|33.9451527083358|35.06867759952917|-0.740478515625|0.5322265625|-0.33447265625|-1.190185546875|2.471923828125|-0.06103515625|-1.5866586538461538|38.608693910256406|-41.613915598290596
2026-01-29 04:25:45.405175+00:00|33.93726282399268|37.164937367931145|35.91985390961531|33.94909776050628|35.048839797576534|-0.7421875|0.5390625|-0.344482421875|-1.068115234375|2.38037109375|-0.18310546875|0.8814770299145299|37.90351228632478|-40.93450473137973
2026-01-29 04:25:45.464385+00:00|33.94120772951385|37.164937367931145|35.91985390961531|33.95698808508263|35.05677465775034|-0.7421875|0.535400390625|-0.337646484375|-1.068115234375|2.349853515625|0.0|-0.5288862179487179|37.19833066239316|-41.27421016483516
2026-01-29 04:25:45.523601+00:00|33.94909776050628|37.164937367931145|35.91586644257018|33.94909776050628|35.06867759952917|-0.739501953125|0.533935546875|-0.34228515625|-1.617431640625|2.532958984375|0.213623046875|0.5288862179487179|38.256103098290595|-41.953621031746025
2026-01-29 04:25:45.583021+00:00|33.96093335758377|37.18101933253644|35.91586644257018|33.95698808508263|35.05280718426127|-0.73974609375|0.538818359375|-0.34033203125|-1.312255859375|2.410888671875|0.3662109375|-1.4103632478632477|37.72721688034188|-40.764652014652015
2026-01-29 04:25:45.642435+00:00|33.96093335758377|37.18101933253644|35.91985390961531|33.94909776050628|35.06867759952917|-0.73974609375|0.534912109375|-0.3427734375|-1.251220703125|2.349853515625|-0.152587890625|-1.7629540598290598|39.13758012820512|-41.783768315018314
2026-01-29 04:25:45.701650+00:00|33.95698808508263|37.1850401070439|35.91985390961531|33.94909776050628|35.05677465775034|-0.74072265625|0.5341796875|-0.33447265625|-1.190185546875|2.50244140625|0.244140625|-1.234067841880342|37.55092147435897|-40.25509386446887
2026-01-29 04:25:45.760797+00:00|33.96093335758377|37.1850401070439|35.91985390961531|33.96487870362341|35.072645420721415|-0.735595703125|0.53271484375|-0.343994140625|-1.312255859375|2.3193359375|0.091552734375|-1.7629540598290598|38.07980769230769|-41.44406288156288
2026-01-29 04:25:45.820081+00:00|33.96093335758377|37.18906099499651|35.92782913626911|33.972769616509254|35.048839797576534|-0.739990234375|0.538330078125|-0.333984375|-1.03759765625|2.38037109375|0.06103515625|-0.8814770299145299|38.256103098290595|-42.29332646520146
2026-01-29 04:25:45.879051+00:00|33.95698808508263|37.193081996445585|35.931816895976795|33.96093335758377|35.048839797576534|-0.74609375|0.53564453125|-0.339599609375|-1.40380859375|2.38037109375|0.18310546875|-0.7051816239316239|38.78498931623931|-41.783768315018314
2026-01-29 04:25:45.938007+00:00|33.94909776050628|37.193081996445585|35.92782913626911|33.972769616509254|35.06470986533566|-0.73876953125|0.53662109375|-0.33935546875|-1.678466796875|2.227783203125|-0.152587890625|-2.468135683760684|37.72721688034188|-42.12347374847374
2026-01-29 04:25:45.996455+00:00|33.95304288607264|37.1850401070439|35.91985390961531|33.96093335758377|35.06074221809223|-0.734619140625|0.5361328125|-0.34130859375|-1.15966796875|2.227783203125|0.152587890625|-1.0577724358974359|37.72721688034188|-42.12347374847374
2026-01-29 04:25:46.055327+00:00|33.96487870362341|37.209167138234136|35.931816895976795|33.96093335758377|35.05280718426127|-0.739990234375|0.53564453125|-0.33447265625|-1.373291015625|2.38037109375|0.06103515625|-2.1155448717948717|39.49017094017094|-40.764652014652015
2026-01-29 04:25:46.114387+00:00|33.96487870362341|37.20112434003863|35.931816895976795|33.968824123249476|35.05677465775034|-0.739990234375|0.535888671875|-0.34033203125|-1.251220703125|2.349853515625|0.091552734375|-1.4103632478632477|38.07980769230769|-41.783768315018314
2026-01-29 04:25:46.173457+00:00|33.96487870362341|37.213188707936354|35.939792708402024|33.972769616509254|35.04090528442549|-0.735107421875|0.536865234375|-0.341552734375|-1.312255859375|2.227783203125|0.1220703125|-1.0577724358974359|38.78498931623931|-41.44406288156288
2026-01-29 04:25:46.232355+00:00|33.968824123249476|37.21721039144313|35.939792708402024|33.972769616509254|35.05677465775034|-0.7412109375|0.53271484375|-0.34228515625|-1.220703125|2.349853515625|0.0|-1.7629540598290598|38.07980769230769|-39.74553571428571
2026-01-29 04:25:46.291399+00:00|33.96487870362341|37.209167138234136|35.939792708402024|33.972769616509254|35.07661332896089|-0.739501953125|0.537353515625|-0.34130859375|-1.068115234375|2.5634765625|0.1220703125|-0.8814770299145299|37.90351228632478|-41.27421016483516
2026-01-29 04:25:46.349936+00:00|33.968824123249476|37.20514568228538|35.923841474165044|33.97671518345055|35.05280718426127|-0.734375|0.532470703125|-0.338134765625|-1.373291015625|2.471923828125|0.0|-1.7629540598290598|38.4323985042735|-41.10435744810745
2026-01-29 04:25:46.408883+00:00|33.97671518345055|37.21721039144313|35.92782913626911|33.96487870362341|35.06470986533566|-0.74169921875|0.535888671875|-0.333740234375|-1.190185546875|1.89208984375|-0.213623046875|-0.8814770299145299|39.313875534188035|-39.915388431013426
2026-01-29 04:25:46.468535+00:00|33.98066082412083|37.22927612530657|35.931816895976795|33.968824123249476|35.06867759952917|-0.73779296875|0.535400390625|-0.34814453125|-1.15966796875|2.685546875|0.3662109375|0.17629540598290597|38.608693910256406|-41.27421016483516
2026-01-29 04:25:46.527559+00:00|33.972769616509254|37.23329826454659|35.94378076121882|33.98460653856762|35.048839797576534|-0.735595703125|0.534912109375|-0.341552734375|-1.373291015625|2.50244140625|0.18310546875|-1.4103632478632477|38.07980769230769|-41.44406288156288
2026-01-29 04:25:46.586714+00:00|33.98460653856762|37.23329826454659|35.93580475333795|33.97671518345055|35.05280718426127|-0.744873046875|0.536376953125|-0.332763671875|-1.03759765625|2.0751953125|-0.152587890625|-0.7051816239316239|37.72721688034188|-41.44406288156288
2026-01-29 04:25:46.645776+00:00|33.992498188981415|37.241342885263634|35.94378076121882|33.98855232683866|35.048839797576534|-0.739013671875|0.537109375|-0.336669921875|-1.556396484375|2.349853515625|-0.06103515625|-1.234067841880342|38.608693910256406|-40.25509386446887
2026-01-29 04:25:46.704938+00:00|33.96487870362341|37.22927612530657|35.94378076121882|33.98855232683866|35.06074221809223|-0.73681640625|0.53515625|-0.343017578125|-1.15966796875|2.288818359375|0.274658203125|-1.9392494658119657|37.90351228632478|-40.5947992979243
2026-01-29 04:25:46.764132+00:00|33.98066082412083|37.23329826454659|35.939792708402024|33.99644412504364|35.06470986533566|-0.74169921875|0.535888671875|-0.333740234375|-1.495361328125|2.410888671875|0.06103515625|-1.4103632478632477|38.4323985042735|-40.42494658119658
2026-01-29 04:25:46.822946+00:00|33.98066082412083|37.22927612530657|35.939792708402024|33.972769616509254|35.06470986533566|-0.742431640625|0.537353515625|-0.331787109375|-1.251220703125|2.50244140625|0.030517578125|-2.64443108974359|37.55092147435897|-40.93450473137973
2026-01-29 04:25:46.881865+00:00|33.98855232683866|37.23732051784856|35.939792708402024|33.98855232683866|35.05677465775034|-0.73681640625|0.53271484375|-0.333984375|-1.312255859375|2.471923828125|-0.091552734375|-0.7051816239316239|38.78498931623931|-39.74553571428571
2026-01-29 04:25:46.940751+00:00|33.992498188981415|37.2453653668436|35.947768911837784|34.00039013507268|35.044872497647475|-0.744140625|0.530029296875|-0.333740234375|-1.28173828125|2.655029296875|-0.091552734375|-1.9392494658119657|38.256103098290595|-40.5947992979243
2026-01-29 04:25:46.999726+00:00|33.98855232683866|37.241342885263634|35.94378076121882|33.98855232683866|35.06867759952917|-0.7421875|0.533447265625|-0.3369140625|-1.129150390625|2.410888671875|0.244140625|-1.4103632478632477|38.4323985042735|-40.42494658119658
2026-01-29 04:25:47.058685+00:00|33.98460653856762|37.24938796263962|35.947768911837784|33.992498188981415|35.05280718426127|-0.737060546875|0.534912109375|-0.34130859375|-1.15966796875|2.288818359375|0.18310546875|-1.7629540598290598|38.4323985042735|-41.10435744810745
2026-01-29 04:25:47.117527+00:00|33.98066082412083|37.23732051784856|35.947768911837784|33.99644412504364|35.06867759952917|-0.739501953125|0.5390625|-0.339111328125|-0.8544921875|2.44140625|-0.18310546875|-2.468135683760684|36.669444444444444|-40.764652014652015
2026-01-29 04:25:47.176162+00:00|33.98460653856762|37.241342885263634|35.94378076121882|33.99644412504364|35.06867759952917|-0.73779296875|0.5322265625|-0.336669921875|-1.251220703125|2.166748046875|0.244140625|-2.468135683760684|38.78498931623931|-41.783768315018314
2026-01-29 04:25:47.234873+00:00|33.99644412504364|37.25341067270335|35.939792708402024|33.99644412504364|35.04090528442549|-0.7373046875|0.53662109375|-0.339111328125|-1.15966796875|2.349853515625|0.030517578125|-1.5866586538461538|38.256103098290595|-40.5947992979243
2026-01-29 04:25:47.293831+00:00|33.992498188981415|37.257433497086026|35.955745506680955|34.00039013507268|35.06074221809223|-0.742919921875|0.534423828125|-0.340576171875|-1.312255859375|2.349853515625|-0.091552734375|-1.4103632478632477|38.4323985042735|-41.44406288156288
2026-01-29 04:25:47.352594+00:00|33.99644412504364|37.257433497086026|35.95175716030866|34.0043362191164|35.07661332896089|-0.735107421875|0.539306640625|-0.340087890625|-1.03759765625|2.410888671875|0.0|-1.7629540598290598|38.4323985042735|-41.10435744810745
2026-01-29 04:25:47.411397+00:00|34.00828237722226|37.26145643583925|35.95175716030866|34.00828237722226|35.072645420721415|-0.742431640625|0.53173828125|-0.34228515625|-1.46484375|2.50244140625|0.18310546875|-0.8814770299145299|38.608693910256406|-41.27421016483516
2026-01-29 04:25:47.470211+00:00|33.992498188981415|37.25341067270335|35.95973395100458|34.0122286094379|35.05677465775034|-0.740234375|0.533203125|-0.34375|-1.3427734375|2.3193359375|0.244140625|-1.234067841880342|39.66646634615385|-40.93450473137973
2026-01-29 04:25:47.529182+00:00|33.992498188981415|37.24938796263962|35.939792708402024|34.0122286094379|35.06867759952917|-0.73876953125|0.536865234375|-0.337890625|-1.15966796875|2.471923828125|-0.091552734375|-0.35259081196581193|37.022035256410255|-41.783768315018314
2026-01-29 04:25:47.588206+00:00|34.00828237722226|37.25341067270335|35.947768911837784|34.0043362191164|35.080581324296475|-0.737060546875|0.53515625|-0.345703125|-1.373291015625|2.532958984375|-0.213623046875|-0.8814770299145299|38.608693910256406|-41.27421016483516
2026-01-29 04:25:47.647204+00:00|34.0043362191164|37.26950265666318|35.95973395100458|34.0043362191164|35.05280718426127|-0.7392578125|0.5361328125|-0.340087890625|-1.220703125|2.8076171875|0.18310546875|-1.4103632478632477|37.72721688034188|-41.44406288156288
2026-01-29 04:25:47.706095+00:00|34.0122286094379|37.26547948901441|35.95973395100458|34.02406775121972|35.06470986533566|-0.73876953125|0.53173828125|-0.335693359375|-1.220703125|2.349853515625|0.30517578125|-1.0577724358974359|39.13758012820512|-41.44406288156288
2026-01-29 04:25:47.765122+00:00|34.00039013507268|37.27352593883688|35.95973395100458|34.0122286094379|35.06470986533566|-0.74267578125|0.53564453125|-0.340576171875|-1.007080078125|2.25830078125|-0.091552734375|-0.8814770299145299|38.96128472222222|-40.93450473137973
2026-01-29 04:25:47.824057+00:00|34.00828237722226|37.27352593883688|35.95973395100458|34.0122286094379|35.06867759952917|-0.734619140625|0.53515625|-0.340087890625|-1.434326171875|2.62451171875|0.06103515625|-1.9392494658119657|37.90351228632478|-39.915388431013426
2026-01-29 04:25:47.882871+00:00|34.00039013507268|37.257433497086026|35.95973395100458|34.01617491581095|35.07661332896089|-0.73779296875|0.53759765625|-0.333740234375|-1.220703125|2.410888671875|-0.030517578125|-1.234067841880342|37.90351228632478|-41.27421016483516
2026-01-29 04:25:47.941733+00:00|34.0122286094379|37.257433497086026|35.95175716030866|34.0122286094379|35.080581324296475|-0.739013671875|0.533935546875|-0.3359375|-1.15966796875|2.5634765625|0.152587890625|-2.468135683760684|37.72721688034188|-41.10435744810745
2026-01-29 04:25:48.000514+00:00|34.01617491581095|37.27352593883688|35.95175716030866|34.0043362191164|35.06074221809223|-0.73828125|0.53759765625|-0.342041015625|-1.28173828125|2.44140625|-0.152587890625|-0.8814770299145299|38.256103098290595|-41.613915598290596
2026-01-29 04:25:48.059347+00:00|34.01617491581095|37.27352593883688|35.95973395100458|34.0122286094379|35.06074221809223|-0.739013671875|0.538330078125|-0.343994140625|-1.46484375|2.5634765625|0.06103515625|-2.8207264957264955|39.84276175213675|-41.44406288156288
2026-01-29 04:25:48.118157+00:00|34.00828237722226|37.27352593883688|35.96372249332887|34.02012129638905|35.072645420721415|-0.7431640625|0.537353515625|-0.33984375|-1.129150390625|2.349853515625|0.06103515625|-0.8814770299145299|38.96128472222222|-40.93450473137973
2026-01-29 04:25:48.177099+00:00|34.02012129638905|37.27754933558691|35.95973395100458|34.02012129638905|35.06074221809223|-0.7412109375|0.53466796875|-0.337646484375|-1.556396484375|2.471923828125|0.06103515625|-1.234067841880342|38.608693910256406|-41.953621031746025
2026-01-29 04:25:48.235901+00:00|34.00828237722226|37.27352593883688|35.95973395100458|34.02012129638905|35.072645420721415|-0.737548828125|0.5380859375|-0.33984375|-1.251220703125|2.13623046875|-0.06103515625|-3.1733173076923076|38.07980769230769|-40.764652014652015
2026-01-29 04:25:48.294810+00:00|34.0122286094379|37.27352593883688|35.955745506680955|34.0280142803507|35.084549406776546|-0.74072265625|0.538818359375|-0.33642578125|-1.3427734375|2.3193359375|0.0|-1.9392494658119657|38.96128472222222|-41.613915598290596
2026-01-29 04:25:48.353832+00:00|34.02406775121972|37.27754933558691|35.955745506680955|34.01617491581095|35.06074221809223|-0.739013671875|0.5341796875|-0.3388671875|-1.28173828125|1.983642578125|0.030517578125|-1.9392494658119657|38.96128472222222|-42.29332646520146
2026-01-29 04:25:48.412722+00:00|34.02012129638905|37.28962021381096|35.95973395100458|34.02012129638905|35.088517576449874|-0.7373046875|0.533935546875|-0.3369140625|-0.9765625|2.349853515625|0.1220703125|-2.468135683760684|37.72721688034188|-41.44406288156288
2026-01-29 04:25:48.471848+00:00|34.0280142803507|37.28962021381096|35.96771113370369|34.03590756170394|35.07661332896089|-0.739501953125|0.536865234375|-0.33935546875|-1.190185546875|2.197265625|-0.030517578125|-0.35259081196581193|38.78498931623931|-41.10435744810745
2026-01-29 04:25:48.530733+00:00|34.03196088382958|37.28962021381096|35.96771113370369|34.03196088382958|35.084549406776546|-0.73876953125|0.537109375|-0.334716796875|-1.312255859375|2.44140625|0.244140625|-0.7051816239316239|37.72721688034188|-41.44406288156288
2026-01-29 04:25:48.589826+00:00|34.0280142803507|37.28559647302245|35.96771113370369|34.03590756170394|35.092485833365004|-0.740234375|0.5361328125|-0.333984375|-1.15966796875|2.38037109375|0.06103515625|-0.5288862179487179|38.256103098290595|-41.27421016483516
2026-01-29 04:25:48.648760+00:00|34.02406775121972|37.28962021381096|35.97568870880315|34.03196088382958|35.07661332896089|-0.739501953125|0.53759765625|-0.339111328125|-0.946044921875|2.197265625|0.335693359375|-0.7051816239316239|38.07980769230769|-40.42494658119658
2026-01-29 04:25:48.707747+00:00|34.02406775121972|37.28559647302245|35.95973395100458|34.0280142803507|35.06867759952917|-0.736572265625|0.535888671875|-0.3427734375|-1.068115234375|2.0751953125|0.030517578125|-0.17629540598290597|37.55092147435897|-41.953621031746025
2026-01-29 04:25:48.766688+00:00|34.0398543140214|37.293644069381855|35.96771113370369|34.0280142803507|35.088517576449874|-0.740966796875|0.535888671875|-0.3408203125|-1.068115234375|2.197265625|-0.18310546875|-1.5866586538461538|38.608693910256406|-41.953621031746025
2026-01-29 04:25:48.825660+00:00|34.04380114082966|37.3057163253045|35.97568870880315|34.04380114082966|35.06470986533566|-0.739990234375|0.5361328125|-0.340576171875|-1.007080078125|2.532958984375|0.213623046875|-1.234067841880342|37.90351228632478|-41.613915598290596
2026-01-29 04:25:48.884630+00:00|34.04380114082966|37.301692125077125|35.97568870880315|34.04774804217641|35.09645417757059|-0.740234375|0.539306640625|-0.33837890625|-1.3427734375|2.166748046875|0.06103515625|-2.1155448717948717|38.07980769230769|-40.764652014652015
2026-01-29 04:25:48.943406+00:00|34.03590756170394|37.309740640520545|35.979677643627156|34.04774804217641|35.07661332896089|-0.74267578125|0.53369140625|-0.345947265625|-1.129150390625|2.62451171875|0.06103515625|-0.5288862179487179|38.256103098290595|-40.5947992979243
2026-01-29 04:25:49.002183+00:00|34.03196088382958|37.309740640520545|35.97568870880315|34.04774804217641|35.09645417757059|-0.73974609375|0.53564453125|-0.33984375|-1.28173828125|2.5634765625|-0.274658203125|-0.35259081196581193|38.4323985042735|-41.10435744810745
2026-01-29 04:25:49.061036+00:00|34.02406775121972|37.29766803978663|35.96771113370369|34.04774804217641|35.084549406776546|-0.74267578125|0.534912109375|-0.3408203125|-1.0986328125|2.349853515625|-0.06103515625|-1.9392494658119657|38.608693910256406|-40.5947992979243
2026-01-29 04:25:49.119908+00:00|34.0398543140214|37.29766803978663|35.96372249332887|34.05169501810917|35.100422609115355|-0.741455078125|0.53466796875|-0.336181640625|-1.15966796875|2.227783203125|-0.091552734375|-0.8814770299145299|37.90351228632478|-41.953621031746025
2026-01-29 04:25:49.178876+00:00|34.0398543140214|37.31376507077664|35.97568870880315|34.04774804217641|35.072645420721415|-0.737060546875|0.54052734375|-0.34033203125|-1.40380859375|2.3193359375|-0.06103515625|-1.5866586538461538|37.90351228632478|-41.613915598290596
2026-01-29 04:25:49.238264+00:00|34.04774804217641|37.309740640520545|35.971699872178476|34.04774804217641|35.084549406776546|-0.7392578125|0.53759765625|-0.340087890625|-1.251220703125|2.227783203125|-0.030517578125|-1.7629540598290598|38.4323985042735|-42.463179181929185
2026-01-29 04:25:49.297297+00:00|34.04380114082966|37.317789616124344|35.97568870880315|34.05169501810917|35.07661332896089|-0.737548828125|0.535888671875|-0.333251953125|-1.190185546875|2.532958984375|-0.091552734375|-1.4103632478632477|38.4323985042735|-41.10435744810745
2026-01-29 04:25:49.356241+00:00|34.04774804217641|37.317789616124344|35.98366667670035|34.05169501810917|35.084549406776546|-0.736328125|0.54052734375|-0.34033203125|-1.373291015625|2.3193359375|0.06103515625|-2.468135683760684|38.78498931623931|-41.10435744810745
2026-01-29 04:25:49.415117+00:00|34.04380114082966|37.317789616124344|35.987655808072304|34.05958919392356|35.088517576449874|-0.74462890625|0.532470703125|-0.33447265625|-1.068115234375|2.471923828125|-0.030517578125|-2.1155448717948717|39.49017094017094|-40.764652014652015
2026-01-29 04:25:49.474628+00:00|34.04774804217641|37.309740640520545|35.987655808072304|34.05564206867575|35.07661332896089|-0.73876953125|0.537109375|-0.33935546875|-1.251220703125|2.410888671875|-0.091552734375|-1.5866586538461538|37.55092147435897|-41.613915598290596
2026-01-29 04:25:49.533498+00:00|34.04774804217641|37.309740640520545|35.97568870880315|34.05169501810917|35.088517576449874|-0.737060546875|0.53955078125|-0.3408203125|-1.312255859375|2.532958984375|-0.274658203125|-1.4103632478632477|37.72721688034188|-41.783768315018314
2026-01-29 04:25:49.592583+00:00|34.05958919392356|37.321814276615385|35.97568870880315|34.0398543140214|35.084549406776546|-0.739990234375|0.53955078125|-0.342529296875|-1.0986328125|2.38037109375|0.06103515625|-2.1155448717948717|38.07980769230769|-40.764652014652015
2026-01-29 04:25:49.651618+00:00|34.05564206867575|37.317789616124344|35.987655808072304|34.05958919392356|35.084549406776546|-0.7412109375|0.5400390625|-0.337890625|-1.068115234375|2.3193359375|0.1220703125|-1.0577724358974359|38.4323985042735|-41.44406288156288
2026-01-29 04:25:49.710498+00:00|34.04774804217641|37.321814276615385|35.98366667670035|34.05958919392356|35.09645417757059|-0.740234375|0.537841796875|-0.3388671875|-1.312255859375|2.349853515625|0.06103515625|-2.468135683760684|38.78498931623931|-40.08524114774115
2026-01-29 04:25:49.769283+00:00|34.06353639390045|37.325839052301205|35.979677643627156|34.05958919392356|35.09645417757059|-0.742431640625|0.53515625|-0.33740234375|-1.312255859375|2.44140625|-0.18310546875|-2.64443108974359|37.90351228632478|-40.5947992979243
2026-01-29 04:25:49.828360+00:00|34.05564206867575|37.321814276615385|35.987655808072304|34.06353639390045|35.10439112804795|-0.73681640625|0.538330078125|-0.33984375|-1.312255859375|2.5634765625|0.06103515625|-1.4103632478632477|39.49017094017094|-41.44406288156288
2026-01-29 04:25:49.887447+00:00|34.05169501810917|37.31376507077664|35.979677643627156|34.067483668654006|35.112328428270814|-0.73828125|0.53564453125|-0.336181640625|-1.251220703125|2.25830078125|0.091552734375|-2.2918402777777778|37.19833066239316|-41.953621031746025
2026-01-29 04:25:49.946519+00:00|34.067483668654006|37.317789616124344|35.979677643627156|34.05564206867575|35.092485833365004|-0.73681640625|0.532958984375|-0.341064453125|-1.312255859375|2.197265625|-0.030517578125|-1.234067841880342|38.256103098290595|-41.27421016483516
2026-01-29 04:25:50.005477+00:00|34.06353639390045|37.325839052301205|35.99164503779264|34.05958919392356|35.112328428270814|-0.736328125|0.533935546875|-0.34033203125|-1.129150390625|2.3193359375|0.030517578125|-1.7629540598290598|38.07980769230769|-40.764652014652015
2026-01-29 04:25:50.064495+00:00|34.07143101823192|37.32986394323336|35.987655808072304|34.075378442681824|35.09645417757059|-0.737060546875|0.53271484375|-0.332763671875|-1.129150390625|2.44140625|-0.1220703125|-1.234067841880342|39.66646634615385|-41.27421016483516
2026-01-29 04:25:50.123830+00:00|34.06353639390045|37.32986394323336|35.99164503779264|34.075378442681824|35.108359734416865|-0.73974609375|0.538330078125|-0.338623046875|-1.373291015625|2.5634765625|0.152587890625|-1.5866586538461538|40.37164797008547|-41.613915598290596
2026-01-29 04:25:50.183103+00:00|34.067483668654006|37.325839052301205|35.99962379247745|34.07143101823192|35.124235035230015|-0.738037109375|0.533203125|-0.3369140625|-1.251220703125|2.349853515625|-0.091552734375|-1.5866586538461538|38.256103098290595|-41.27421016483516
2026-01-29 04:25:50.242239+00:00|34.067483668654006|37.32986394323336|35.99563436591109|34.067483668654006|35.112328428270814|-0.731689453125|0.5380859375|-0.3369140625|-1.5869140625|2.25830078125|0.1220703125|-0.5288862179487179|37.19833066239316|-42.29332646520146
2026-01-29 04:25:50.301508+00:00|34.067483668654006|37.317789616124344|35.99962379247745|34.067483668654006|35.100422609115355|-0.738525390625|0.53564453125|-0.344482421875|-1.28173828125|2.349853515625|-0.030517578125|-1.5866586538461538|38.608693910256406|-40.5947992979243
2026-01-29 04:25:50.360621+00:00|34.067483668654006|37.317789616124344|35.98366667670035|34.075378442681824|35.112328428270814|-0.735595703125|0.53271484375|-0.34130859375|-1.3427734375|2.410888671875|-0.030517578125|-1.234067841880342|39.313875534188035|-40.5947992979243
2026-01-29 04:25:50.419728+00:00|34.075378442681824|37.32986394323336|35.98366667670035|34.075378442681824|35.12026607862873|-0.73486328125|0.535888671875|-0.340576171875|-1.28173828125|2.50244140625|0.1220703125|-1.9392494658119657|37.90351228632478|-41.953621031746025
2026-01-29 04:25:50.479365+00:00|34.07143101823192|37.325839052301205|35.987655808072304|34.07143101823192|35.080581324296475|-0.7431640625|0.531982421875|-0.333251953125|-1.40380859375|2.716064453125|-0.091552734375|-2.8207264957264955|37.72721688034188|-40.764652014652015
2026-01-29 04:25:50.538108+00:00|34.07932594205141|37.325839052301205|35.99962379247745|34.0832735163882|35.07661332896089|-0.738037109375|0.53662109375|-0.341796875|-1.0986328125|2.410888671875|0.213623046875|-2.2918402777777778|37.55092147435897|-40.93450473137973
2026-01-29 04:25:50.597505+00:00|34.0832735163882|37.333888949463415|35.99962379247745|34.07932594205141|35.112328428270814|-0.742431640625|0.533935546875|-0.34423828125|-1.068115234375|2.38037109375|-0.030517578125|-1.5866586538461538|39.313875534188035|-41.613915598290596
2026-01-29 04:25:50.656924+00:00|34.08722116574012|37.32986394323336|35.99962379247745|34.0832735163882|35.124235035230015|-0.74267578125|0.530517578125|-0.34326171875|-1.40380859375|2.227783203125|0.274658203125|-0.35259081196581193|39.84276175213675|-41.10435744810745
2026-01-29 04:25:50.716037+00:00|34.07932594205141|37.32986394323336|36.007602941152356|34.08722116574012|35.100422609115355|-0.740966796875|0.5380859375|-0.3310546875|-0.823974609375|2.44140625|-0.18310546875|-0.8814770299145299|38.256103098290595|-40.25509386446887
2026-01-29 04:25:50.775163+00:00|34.07143101823192|37.321814276615385|36.003613317541294|34.0832735163882|35.124235035230015|-0.737548828125|0.533203125|-0.337890625|-1.220703125|2.3193359375|-0.030517578125|-1.0577724358974359|38.78498931623931|-40.42494658119658
2026-01-29 04:25:50.834412+00:00|34.07932594205141|37.317789616124344|35.99563436591109|34.08722116574012|35.11629720965857|-0.7353515625|0.536865234375|-0.3408203125|-1.03759765625|2.25830078125|0.06103515625|-1.7629540598290598|38.4323985042735|-39.74553571428571
2026-01-29 04:25:50.893515+00:00|34.0832735163882|37.321814276615385|35.99563436591109|34.07932594205141|35.09645417757059|-0.74072265625|0.53369140625|-0.335693359375|-1.129150390625|2.410888671875|-0.1220703125|-1.9392494658119657|38.256103098290595|-41.27421016483516
2026-01-29 04:25:50.952060+00:00|34.0832735163882|37.333888949463415|35.99962379247745|34.08722116574012|35.10439112804795|-0.740966796875|0.5380859375|-0.343017578125|-1.3427734375|2.38037109375|0.18310546875|-2.2918402777777778|38.96128472222222|-40.25509386446887
2026-01-29 04:25:51.010962+00:00|34.08722116574012|37.325839052301205|36.007602941152356|34.09511668967963|35.100422609115355|-0.73388671875|0.534423828125|-0.337646484375|-1.3427734375|2.13623046875|-0.06103515625|-0.5288862179487179|37.55092147435897|-40.93450473137973
2026-01-29 04:25:51.070079+00:00|34.091168890154734|37.333888949463415|36.007602941152356|34.091168890154734|35.11629720965857|-0.73583984375|0.535888671875|-0.33837890625|-0.79345703125|2.44140625|-0.06103515625|-1.0577724358974359|37.022035256410255|-41.10435744810745
2026-01-29 04:25:51.128921+00:00|34.091168890154734|37.325839052301205|36.007602941152356|34.09511668967963|35.12026607862873|-0.736328125|0.535400390625|-0.338623046875|-1.220703125|2.3193359375|0.213623046875|-0.8814770299145299|37.55092147435897|-40.5947992979243
2026-01-29 04:25:51.187855+00:00|34.0832735163882|37.317789616124344|36.007602941152356|34.09511668967963|35.12820407951102|-0.73876953125|0.535400390625|-0.34033203125|-0.9765625|2.227783203125|0.1220703125|-1.9392494658119657|38.96128472222222|-41.953621031746025
2026-01-29 04:25:51.246854+00:00|34.07932594205141|37.317789616124344|35.99962379247745|34.091168890154734|35.12820407951102|-0.7392578125|0.536376953125|-0.34326171875|-1.220703125|2.227783203125|0.030517578125|-1.5866586538461538|36.49314903846154|-40.5947992979243
2026-01-29 04:25:51.306084+00:00|34.091168890154734|37.333888949463415|35.99962379247745|34.091168890154734|35.10439112804795|-0.73779296875|0.535400390625|-0.3427734375|-1.129150390625|2.227783203125|0.152587890625|-1.5866586538461538|38.608693910256406|-41.27421016483516
2026-01-29 04:25:51.365099+00:00|34.09511668967963|37.333888949463415|36.007602941152356|34.091168890154734|35.10439112804795|-0.738037109375|0.53515625|-0.3369140625|-1.129150390625|2.5634765625|0.0|-1.0577724358974359|37.72721688034188|-41.10435744810745
2026-01-29 04:25:51.424380+00:00|34.09511668967963|37.32986394323336|36.01159266336032|34.09906456436266|35.12820407951102|-0.734375|0.53173828125|-0.341552734375|-1.129150390625|2.50244140625|0.06103515625|-1.4103632478632477|39.13758012820512|-41.783768315018314
2026-01-29 04:25:51.483521+00:00|34.09906456436266|37.33791407104309|36.015582484214974|34.09906456436266|35.11629720965857|-0.736328125|0.537841796875|-0.33642578125|-1.129150390625|2.50244140625|-0.030517578125|-0.5288862179487179|39.313875534188035|-41.27421016483516
2026-01-29 04:25:51.542947+00:00|34.10301251425136|37.333888949463415|36.015582484214974|34.10301251425136|35.14011173891913|-0.740478515625|0.535888671875|-0.34130859375|-1.46484375|2.288818359375|0.030517578125|-1.0577724358974359|38.4323985042735|-41.44406288156288
2026-01-29 04:25:51.602123+00:00|34.091168890154734|37.333888949463415|36.015582484214974|34.11090863983674|35.11629720965857|-0.737060546875|0.53759765625|-0.345703125|-1.15966796875|2.38037109375|-0.06103515625|-2.468135683760684|37.72721688034188|-39.40583028083028
2026-01-29 04:25:51.660789+00:00|34.08722116574012|37.321814276615385|36.01159266336032|34.09906456436266|35.112328428270814|-0.739013671875|0.53564453125|-0.340087890625|-1.220703125|2.227783203125|0.1220703125|-1.4103632478632477|38.07980769230769|-39.74553571428571
2026-01-29 04:25:51.719872+00:00|34.09906456436266|37.325839052301205|36.003613317541294|34.09511668967963|35.14011173891913|-0.739501953125|0.534912109375|-0.33837890625|-1.190185546875|2.044677734375|-0.06103515625|-1.0577724358974359|38.07980769230769|-42.12347374847374
2026-01-29 04:25:51.778985+00:00|34.106960539393526|37.333888949463415|36.01159266336032|34.10301251425136|35.124235035230015|-0.73779296875|0.5390625|-0.339111328125|-1.46484375|2.3193359375|0.1220703125|-0.35259081196581193|38.4323985042735|-41.783768315018314
2026-01-29 04:25:51.837855+00:00|34.09906456436266|37.333888949463415|36.015582484214974|34.11090863983674|35.124235035230015|-0.74072265625|0.532958984375|-0.3408203125|-1.190185546875|2.349853515625|-0.06103515625|-1.234067841880342|37.90351228632478|-41.613915598290596
2026-01-29 04:25:51.896686+00:00|34.106960539393526|37.33791407104309|36.015582484214974|34.106960539393526|35.12026607862873|-0.741455078125|0.5380859375|-0.343505859375|-0.946044921875|2.38037109375|0.030517578125|-0.8814770299145299|38.256103098290595|-40.93450473137973
2026-01-29 04:25:51.955475+00:00|34.11090863983674|37.33791407104309|36.01957240376589|34.1148568156288|35.12820407951102|-0.745361328125|0.533203125|-0.344970703125|-1.0986328125|2.44140625|0.152587890625|-2.468135683760684|39.13758012820512|-41.44406288156288
2026-01-29 04:25:52.014286+00:00|34.09906456436266|37.333888949463415|36.01957240376589|34.1148568156288|35.12026607862873|-0.738525390625|0.535400390625|-0.339599609375|-1.15966796875|2.38037109375|0.030517578125|-1.7629540598290598|39.13758012820512|-41.44406288156288
2026-01-29 04:25:52.073231+00:00|34.09511668967963|37.32986394323336|36.007602941152356|34.11090863983674|35.12026607862873|-0.737060546875|0.53564453125|-0.343994140625|-1.28173828125|2.349853515625|-0.1220703125|-1.9392494658119657|38.608693910256406|-41.953621031746025
2026-01-29 04:25:52.132038+00:00|34.106960539393526|37.33791407104309|36.01159266336032|34.106960539393526|35.12026607862873|-0.74169921875|0.532470703125|-0.339599609375|-1.15966796875|2.410888671875|0.06103515625|-0.7051816239316239|38.07980769230769|-41.44406288156288
2026-01-29 04:25:52.190827+00:00|34.106960539393526|37.34193930802388|36.02356242206298|34.11090863983674|35.11629720965857|-0.74072265625|0.53759765625|-0.3408203125|-1.52587890625|2.655029296875|0.152587890625|-1.5866586538461538|38.608693910256406|-40.5947992979243
2026-01-29 04:25:52.249633+00:00|34.11090863983674|37.34193930802388|36.02755253915586|34.11880506681746|35.14011173891913|-0.736572265625|0.533203125|-0.340087890625|-0.8544921875|2.25830078125|-0.091552734375|-0.8814770299145299|38.608693910256406|-40.93450473137973
2026-01-29 04:25:52.308490+00:00|34.106960539393526|37.34193930802388|36.015582484214974|34.1148568156288|35.13614243130684|-0.73779296875|0.536376953125|-0.341064453125|-1.312255859375|2.197265625|0.091552734375|-0.35259081196581193|38.07980769230769|-42.463179181929185
2026-01-29 04:25:52.367263+00:00|34.10301251425136|37.3459646604573|36.02356242206298|34.13065027323921|35.144081134405894|-0.74267578125|0.533935546875|-0.3388671875|-0.8544921875|2.288818359375|0.030517578125|-2.9970219017094015|40.01905715811966|-41.953621031746025
2026-01-29 04:25:52.426140+00:00|34.106960539393526|37.33791407104309|36.01957240376589|34.11880506681746|35.13614243130684|-0.73681640625|0.5380859375|-0.3408203125|-1.190185546875|2.349853515625|-0.06103515625|-2.1155448717948717|38.4323985042735|-39.40583028083028
2026-01-29 04:25:52.485117+00:00|34.11880506681746|37.33791407104309|36.01957240376589|34.1148568156288|35.112328428270814|-0.741943359375|0.534423828125|-0.33544921875|-1.129150390625|2.25830078125|-0.18310546875|-2.468135683760684|38.4323985042735|-41.10435744810745
2026-01-29 04:25:52.543861+00:00|34.1148568156288|37.34999012839501|36.03553306992785|34.11090863983674|35.12820407951102|-0.74072265625|0.535400390625|-0.330078125|-1.40380859375|2.50244140625|0.3662109375|-1.0577724358974359|38.78498931623931|-40.764652014652015
2026-01-29 04:25:52.602548+00:00|34.11880506681746|37.34999012839501|36.02356242206298|34.12670179557489|35.12026607862873|-0.740478515625|0.535400390625|-0.338134765625|-1.190185546875|2.44140625|0.030517578125|-1.9392494658119657|39.313875534188035|-41.613915598290596
2026-01-29 04:25:52.661338+00:00|34.12670179557489|37.3459646604573|36.02755253915586|34.12275339345018|35.124235035230015|-0.7412109375|0.536865234375|-0.33837890625|-1.28173828125|2.227783203125|0.152587890625|-1.9392494658119657|37.90351228632478|-41.27421016483516
2026-01-29 04:25:52.720179+00:00|34.106960539393526|37.35401571188879|36.031542755094165|34.12670179557489|35.13614243130684|-0.739013671875|0.5380859375|-0.342041015625|-1.15966796875|2.410888671875|0.091552734375|-0.7051816239316239|38.4323985042735|-42.463179181929185
2026-01-29 04:25:52.778717+00:00|34.11880506681746|37.34193930802388|36.02356242206298|34.13065027323921|35.1480506178159|-0.738525390625|0.538818359375|-0.343994140625|-1.312255859375|2.44140625|0.18310546875|-1.234067841880342|38.608693910256406|-41.27421016483516
2026-01-29 04:25:52.837571+00:00|34.12275339345018|37.34999012839501|36.02356242206298|34.12275339345018|35.12026607862873|-0.738037109375|0.5302734375|-0.33935546875|-1.190185546875|2.166748046875|0.18310546875|-1.234067841880342|39.313875534188035|-40.93450473137973
2026-01-29 04:25:52.896381+00:00|34.12670179557489|37.36206722575031|36.03553306992785|34.12670179557489|35.12820407951102|-0.73974609375|0.531982421875|-0.339599609375|-1.3427734375|2.50244140625|0.152587890625|-1.4103632478632477|37.72721688034188|-41.44406288156288
2026-01-29 04:25:52.955258+00:00|34.12670179557489|37.35401571188879|36.031542755094165|34.1345988264909|35.13217321152041|-0.74072265625|0.53271484375|-0.34130859375|-1.068115234375|2.38037109375|0.030517578125|-1.0577724358974359|37.72721688034188|-40.42494658119658
2026-01-29 04:25:53.014714+00:00|34.13065027323921|37.36206722575031|36.03553306992785|34.14249615994726|35.15995959607176|-0.739013671875|0.535888671875|-0.343505859375|-1.129150390625|2.716064453125|0.091552734375|-2.9970219017094015|39.66646634615385|-41.27421016483516
2026-01-29 04:25:53.073584+00:00|34.13065027323921|37.35804141098987|36.03553306992785|34.1345988264909|35.14011173891913|-0.74365234375|0.536865234375|-0.337158203125|-1.3427734375|2.3193359375|-0.152587890625|-1.4103632478632477|38.07980769230769|-41.783768315018314
2026-01-29 04:25:53.132476+00:00|34.13065027323921|37.34999012839501|36.02755253915586|34.13854745537765|35.124235035230015|-0.73779296875|0.537109375|-0.334228515625|-1.03759765625|2.410888671875|-0.06103515625|-0.35259081196581193|38.07980769230769|-40.764652014652015
2026-01-29 04:25:53.192064+00:00|34.12670179557489|37.35401571188879|36.02356242206298|34.13854745537765|35.144081134405894|-0.739013671875|0.535400390625|-0.34033203125|-1.495361328125|2.410888671875|-0.030517578125|-1.0577724358974359|37.37462606837607|-40.764652014652015
2026-01-29 04:25:53.251005+00:00|34.14644494024719|37.34999012839501|36.031542755094165|34.13065027323921|35.124235035230015|-0.740234375|0.53662109375|-0.3359375|-1.312255859375|2.471923828125|-0.030517578125|-1.5866586538461538|37.90351228632478|-41.27421016483516
2026-01-29 04:25:53.309878+00:00|34.1345988264909|37.35804141098987|36.03952348370649|34.13065027323921|35.144081134405894|-0.73974609375|0.53466796875|-0.348388671875|-1.0986328125|2.349853515625|-0.030517578125|-1.7629540598290598|37.72721688034188|-41.783768315018314
2026-01-29 04:25:53.368760+00:00|34.1345988264909|37.35804141098987|36.03952348370649|34.1345988264909|35.14011173891913|-0.7421875|0.535888671875|-0.34033203125|-1.312255859375|2.532958984375|-0.030517578125|-2.468135683760684|38.4323985042735|-40.764652014652015
2026-01-29 04:25:53.427694+00:00|34.13854745537765|37.36206722575031|36.03952348370649|34.14249615994726|35.14011173891913|-0.74169921875|0.535888671875|-0.3408203125|-1.0986328125|2.227783203125|0.030517578125|-2.64443108974359|38.96128472222222|-40.93450473137973
2026-01-29 04:25:53.486480+00:00|34.13854745537765|37.36206722575031|36.03952348370649|34.14249615994726|35.13614243130684|-0.739013671875|0.53759765625|-0.344482421875|-1.28173828125|1.953125|0.091552734375|-1.9392494658119657|37.90351228632478|-42.29332646520146
2026-01-29 04:25:53.545394+00:00|34.13065027323921|37.35401571188879|36.03952348370649|34.1345988264909|35.13614243130684|-0.740478515625|0.533935546875|-0.33935546875|-1.220703125|2.410888671875|0.152587890625|-2.1155448717948717|38.07980769230769|-41.10435744810745
2026-01-29 04:25:53.604194+00:00|34.13065027323921|37.35804141098987|36.031542755094165|34.14249615994726|35.152020189197685|-0.736083984375|0.53466796875|-0.334228515625|-1.220703125|2.38037109375|-0.152587890625|-1.5866586538461538|38.608693910256406|-39.57568299755799
2026-01-29 04:25:53.663138+00:00|34.14249615994726|37.36609315622138|36.031542755094165|34.13065027323921|35.12026607862873|-0.73388671875|0.53564453125|-0.338623046875|-1.03759765625|2.349853515625|0.1220703125|-0.8814770299145299|38.256103098290595|-40.5947992979243
2026-01-29 04:25:53.722138+00:00|34.14644494024719|37.37011920245493|36.05149531920995|34.13854745537765|35.13217321152041|-0.7392578125|0.535400390625|-0.337646484375|-1.190185546875|2.471923828125|-0.030517578125|-1.234067841880342|38.608693910256406|-41.27421016483516
2026-01-29 04:25:53.781354+00:00|34.13854745537765|37.37011920245493|36.04351399647982|34.14644494024719|35.152020189197685|-0.741943359375|0.53955078125|-0.341064453125|-1.129150390625|2.5634765625|-0.030517578125|-0.8814770299145299|38.96128472222222|-40.93450473137973
2026-01-29 04:25:53.840238+00:00|34.150393796325545|37.37011920245493|36.047504608297686|34.150393796325545|35.14011173891913|-0.73583984375|0.5380859375|-0.340576171875|-1.129150390625|2.349853515625|0.18310546875|-2.64443108974359|38.256103098290595|-41.613915598290596
2026-01-29 04:25:53.899703+00:00|34.14644494024719|37.36609315622138|36.05149531920995|34.16224081970705|35.167899355417774|-0.738037109375|0.534423828125|-0.34033203125|-1.220703125|2.3193359375|0.152587890625|-0.5288862179487179|38.608693910256406|-40.5947992979243
2026-01-29 04:25:53.958673+00:00|34.13854745537765|37.36206722575031|36.047504608297686|34.15829173600764|35.144081134405894|-0.73876953125|0.5341796875|-0.33935546875|-1.312255859375|2.25830078125|0.18310546875|-1.7629540598290598|38.4323985042735|-39.74553571428571
2026-01-29 04:25:54.017513+00:00|34.14644494024719|37.37011920245493|36.03952348370649|34.15829173600764|35.15995959607176|-0.739501953125|0.536376953125|-0.338623046875|-1.52587890625|2.25830078125|-0.152587890625|-1.234067841880342|38.96128472222222|-40.93450473137973
2026-01-29 04:25:54.076486+00:00|34.150393796325545|37.37817164241574|36.03952348370649|34.150393796325545|35.152020189197685|-0.7373046875|0.5380859375|-0.334228515625|-1.312255859375|2.410888671875|0.18310546875|-1.5866586538461538|38.256103098290595|-41.613915598290596
2026-01-29 04:25:54.135505+00:00|34.150393796325545|37.37414536450245|36.04351399647982|34.150393796325545|35.14011173891913|-0.73828125|0.540771484375|-0.341552734375|-1.220703125|2.349853515625|0.091552734375|-1.5866586538461538|37.90351228632478|-41.27421016483516
2026-01-29 04:25:54.194480+00:00|34.150393796325545|37.37817164241574|36.047504608297686|34.15829173600764|35.13217321152041|-0.740966796875|0.537109375|-0.341064453125|-0.91552734375|2.38037109375|-0.030517578125|-1.7629540598290598|37.37462606837607|-39.74553571428571
2026-01-29 04:25:54.253383+00:00|34.15434272822972|37.37817164241574|36.05149531920995|34.15829173600764|35.18377993308468|-0.737548828125|0.538818359375|-0.3427734375|-1.312255859375|2.349853515625|0.06103515625|-1.4103632478632477|38.78498931623931|-40.764652014652015
2026-01-29 04:25:54.312672+00:00|34.150393796325545|37.38622454604604|36.047504608297686|34.150393796325545|35.17980965617426|-0.739990234375|0.53271484375|-0.341796875|-1.15966796875|2.50244140625|0.0|-1.4103632478632477|37.72721688034188|-39.74553571428571
2026-01-29 04:25:54.371470+00:00|34.14644494024719|37.37414536450245|36.05548612926606|34.166189979375645|35.17583946762545|-0.737060546875|0.5341796875|-0.336669921875|-1.068115234375|2.349853515625|0.06103515625|-0.5288862179487179|36.84573985042735|-40.5947992979243
2026-01-29 04:25:54.431004+00:00|34.16224081970705|37.37011920245493|36.047504608297686|34.16224081970705|35.15995959607176|-0.740966796875|0.536376953125|-0.33642578125|-1.3427734375|2.50244140625|0.213623046875|-1.7629540598290598|37.72721688034188|-40.42494658119658
2026-01-29 04:25:54.489898+00:00|34.15829173600764|37.38622454604604|36.04351399647982|34.15434272822972|35.144081134405894|-0.73876953125|0.53662109375|-0.342529296875|-1.220703125|2.410888671875|0.0|-1.9392494658119657|37.19833066239316|-41.27421016483516
2026-01-29 04:25:54.548700+00:00|34.166189979375645|37.39427791375891|36.05548612926606|34.16224081970705|35.144081134405894|-0.739013671875|0.53515625|-0.3388671875|-1.3427734375|2.532958984375|-0.030517578125|-1.4103632478632477|39.13758012820512|-43.14259004884005
2026-01-29 04:25:54.607700+00:00|34.15829173600764|37.39427791375891|36.05548612926606|34.16224081970705|35.163929431661415|-0.739990234375|0.53466796875|-0.337890625|-1.220703125|2.38037109375|0.06103515625|-1.5866586538461538|38.96128472222222|-41.613915598290596
2026-01-29 04:25:54.666766+00:00|34.166189979375645|37.39427791375891|36.05947703851598|34.17803791467372|35.1480506178159|-0.73974609375|0.536865234375|-0.331298828125|-1.28173828125|2.38037109375|0.06103515625|-1.5866586538461538|38.256103098290595|-39.57568299755799
2026-01-29 04:25:54.725866+00:00|34.15829173600764|37.40233174596807|36.05947703851598|34.16224081970705|35.167899355417774|-0.7373046875|0.53515625|-0.343994140625|-1.068115234375|2.655029296875|0.06103515625|-2.1155448717948717|38.07980769230769|-40.08524114774115
2026-01-29 04:25:54.785101+00:00|34.15434272822972|37.39427791375891|36.05947703851598|34.166189979375645|35.17980965617426|-0.73828125|0.540283203125|-0.341796875|-1.3427734375|2.227783203125|0.0|-1.5866586538461538|38.608693910256406|-41.613915598290596
2026-01-29 04:25:54.844240+00:00|34.15434272822972|37.39427791375891|36.047504608297686|34.17013921506111|35.167899355417774|-0.740234375|0.5361328125|-0.337890625|-1.220703125|2.25830078125|0.06103515625|-1.5866586538461538|38.96128472222222|-41.953621031746025
2026-01-29 04:25:54.903127+00:00|34.166189979375645|37.40635883638777|36.05149531920995|34.16224081970705|35.18377993308468|-0.73779296875|0.53759765625|-0.345703125|-1.373291015625|2.166748046875|0.0|-1.7629540598290598|38.07980769230769|-40.42494658119658
2026-01-29 04:25:54.962643+00:00|34.166189979375645|37.40635883638777|36.05149531920995|34.15434272822972|35.152020189197685|-0.739990234375|0.537841796875|-0.334716796875|-1.312255859375|2.38037109375|0.1220703125|-0.7051816239316239|38.07980769230769|-41.44406288156288
2026-01-29 04:25:55.021962+00:00|34.166189979375645|37.41441336611632|36.06346804700945|34.17013921506111|35.17186936738955|-0.73486328125|0.53515625|-0.338134765625|-1.068115234375|2.3193359375|-0.030517578125|-1.5866586538461538|37.90351228632478|-41.27421016483516
2026-01-29 04:25:55.081018+00:00|34.174088526811204|37.410386043086646|36.06346804700945|34.17013921506111|35.18377993308468|-0.740234375|0.53662109375|-0.34326171875|-1.28173828125|2.349853515625|0.030517578125|-2.468135683760684|38.78498931623931|-41.10435744810745
2026-01-29 04:25:55.140245+00:00|34.166189979375645|37.41844080552846|36.06745915479627|34.17803791467372|35.20363264476674|-0.739990234375|0.536376953125|-0.343017578125|-1.40380859375|2.685546875|0.152587890625|-1.4103632478632477|38.78498931623931|-41.10435744810745
2026-01-29 04:25:55.199360+00:00|34.17013921506111|37.41441336611632|36.05947703851598|34.17013921506111|35.17583946762545|-0.7373046875|0.533203125|-0.340087890625|-1.251220703125|2.3193359375|-0.18310546875|-2.8207264957264955|37.37462606837607|-42.463179181929185
2026-01-29 04:25:55.258368+00:00|34.15829173600764|37.410386043086646|36.06745915479627|34.174088526811204|35.19569129447291|-0.73974609375|0.530029296875|-0.337158203125|-1.40380859375|2.288818359375|0.274658203125|-0.8814770299145299|38.96128472222222|-40.5947992979243
2026-01-29 04:25:55.317226+00:00|34.174088526811204|37.410386043086646|36.05548612926606|34.181987378696476|35.18377993308468|-0.73974609375|0.53857421875|-0.339599609375|-1.190185546875|2.227783203125|0.213623046875|-1.5866586538461538|37.19833066239316|-40.93450473137973
2026-01-29 04:25:55.376427+00:00|34.181987378696476|37.422468361374854|36.05947703851598|34.17013921506111|35.163929431661415|-0.740478515625|0.534423828125|-0.3427734375|-1.129150390625|2.410888671875|0.06103515625|-0.8814770299145299|37.90351228632478|-39.915388431013426
2026-01-29 04:25:55.435916+00:00|34.181987378696476|37.422468361374854|36.06745915479627|34.17803791467372|35.187750298405376|-0.74365234375|0.536376953125|-0.34375|-1.312255859375|2.227783203125|0.152587890625|-2.9970219017094015|38.256103098290595|-40.5947992979243
2026-01-29 04:25:55.495020+00:00|34.174088526811204|37.43052382257713|36.075441668449|34.181987378696476|35.187750298405376|-0.736083984375|0.535888671875|-0.33984375|-1.129150390625|2.410888671875|0.152587890625|-2.64443108974359|38.96128472222222|-40.25509386446887
2026-01-29 04:25:55.554196+00:00|34.17803791467372|37.43052382257713|36.06745915479627|34.185936918927155|35.17980965617426|-0.73779296875|0.5390625|-0.33154296875|-1.251220703125|2.38037109375|0.274658203125|-1.0577724358974359|36.669444444444444|-40.08524114774115
2026-01-29 04:25:55.613322+00:00|34.174088526811204|37.43052382257713|36.05548612926606|34.174088526811204|35.167899355417774|-0.73388671875|0.5322265625|-0.34130859375|-1.251220703125|2.166748046875|0.30517578125|0.35259081196581193|37.022035256410255|-41.10435744810745
2026-01-29 04:25:55.672352+00:00|34.16224081970705|37.42649603370717|36.07145036192611|34.17803791467372|35.19569129447291|-0.734375|0.5400390625|-0.341064453125|-1.190185546875|2.197265625|-0.152587890625|-0.35259081196581193|37.022035256410255|-41.783768315018314
2026-01-29 04:25:55.731494+00:00|34.166189979375645|37.41844080552846|36.06346804700945|34.18988653541351|35.17583946762545|-0.742431640625|0.532958984375|-0.337890625|-1.3427734375|2.44140625|0.030517578125|-1.9392494658119657|38.608693910256406|-41.613915598290596
2026-01-29 04:25:55.790305+00:00|34.18988653541351|37.422468361374854|36.06346804700945|34.181987378696476|35.19966192531717|-0.7373046875|0.539794921875|-0.335693359375|-1.373291015625|2.288818359375|0.091552734375|-1.234067841880342|37.55092147435897|-41.27421016483516
2026-01-29 04:25:55.849429+00:00|34.19383622820328|37.44260788893041|36.07145036192611|34.185936918927155|35.15995959607176|-0.73779296875|0.535400390625|-0.342529296875|-1.129150390625|2.38037109375|0.091552734375|-1.234067841880342|38.608693910256406|-40.25509386446887
2026-01-29 04:25:55.908369+00:00|34.181987378696476|37.43857975013702|36.075441668449|34.185936918927155|35.18377993308468|-0.738525390625|0.533447265625|-0.341064453125|-1.129150390625|2.38037109375|0.213623046875|-1.5866586538461538|39.313875534188035|-40.5947992979243
2026-01-29 04:25:55.967289+00:00|34.181987378696476|37.43857975013702|36.075441668449|34.19383622820328|35.20760345287039|-0.7353515625|0.538818359375|-0.338623046875|-1.312255859375|2.3193359375|0.06103515625|-3.1733173076923076|38.4323985042735|-39.74553571428571
2026-01-29 04:25:56.026271+00:00|34.18988653541351|37.44260788893041|36.07943307441445|34.185936918927155|35.19172075218523|-0.741455078125|0.53857421875|-0.342041015625|-1.52587890625|2.50244140625|0.30517578125|-1.234067841880342|37.90351228632478|-40.5947992979243
2026-01-29 04:25:56.085299+00:00|34.181987378696476|37.44260788893041|36.07943307441445|34.19383622820328|35.17186936738955|-0.7373046875|0.536376953125|-0.33740234375|-1.068115234375|2.410888671875|0.244140625|-1.4103632478632477|39.13758012820512|-42.463179181929185
2026-01-29 04:25:56.144452+00:00|34.17803791467372|37.43455172803647|36.06346804700945|34.19383622820328|35.19569129447291|-0.73779296875|0.52978515625|-0.34228515625|-1.495361328125|2.3193359375|0.0|-1.0577724358974359|36.669444444444444|-40.42494658119658
2026-01-29 04:25:56.203451+00:00|34.18988653541351|37.43857975013702|36.06745915479627|34.19383622820328|35.163929431661415|-0.73828125|0.538330078125|-0.337646484375|-1.3427734375|2.349853515625|-0.152587890625|-0.17629540598290597|38.608693910256406|-40.5947992979243
2026-01-29 04:25:56.262347+00:00|34.185936918927155|37.44663614446847|36.075441668449|34.19383622820328|35.17980965617426|-0.7353515625|0.53125|-0.3388671875|-1.434326171875|2.38037109375|0.030517578125|-1.0577724358974359|37.37462606837607|-41.10435744810745
2026-01-29 04:25:56.321304+00:00|34.18988653541351|37.45066451680299|36.075441668449|34.19383622820328|35.18377993308468|-0.73388671875|0.531494140625|-0.337646484375|-1.15966796875|2.410888671875|0.06103515625|-1.5866586538461538|38.256103098290595|-40.93450473137973
2026-01-29 04:25:56.380327+00:00|34.19383622820328|37.44260788893041|36.07943307441445|34.1977859973444|35.19569129447291|-0.73779296875|0.53466796875|-0.342041015625|-1.15966796875|2.532958984375|0.06103515625|-0.7051816239316239|38.07980769230769|-42.12347374847374
2026-01-29 04:25:56.439024+00:00|34.185936918927155|37.45066451680299|36.075441668449|34.1977859973444|35.19966192531717|-0.738037109375|0.53857421875|-0.337158203125|-1.3427734375|2.62451171875|0.274658203125|-1.0577724358974359|39.13758012820512|-40.764652014652015
2026-01-29 04:25:56.497966+00:00|34.181987378696476|37.43857975013702|36.07943307441445|34.1977859973444|35.20760345287039|-0.739501953125|0.53271484375|-0.33984375|-1.0986328125|2.62451171875|0.0|-1.4103632478632477|39.13758012820512|-41.44406288156288
2026-01-29 04:25:56.557245+00:00|34.18988653541351|37.454693005985575|36.07145036192611|34.20173584288443|35.19966192531717|-0.74169921875|0.540283203125|-0.342529296875|-1.251220703125|2.3193359375|0.0|0.0|37.72721688034188|-41.783768315018314
2026-01-29 04:25:56.616705+00:00|34.19383622820328|37.44663614446847|36.06745915479627|34.1977859973444|35.18377993308468|-0.738037109375|0.536865234375|-0.33740234375|-1.28173828125|2.227783203125|0.42724609375|-1.0577724358974359|38.4323985042735|-41.44406288156288
2026-01-29 04:25:56.675629+00:00|34.19383622820328|37.454693005985575|36.0834245798726|34.18988653541351|35.18377993308468|-0.7373046875|0.53759765625|-0.34375|-1.40380859375|2.655029296875|0.091552734375|-1.7629540598290598|38.78498931623931|-41.783768315018314
2026-01-29 04:25:56.734704+00:00|34.20568576487119|37.454693005985575|36.087416184872836|34.20173584288443|35.211574349676994|-0.73876953125|0.53515625|-0.340576171875|-1.251220703125|2.3193359375|-0.030517578125|-1.5866586538461538|37.90351228632478|-41.613915598290596
2026-01-29 04:25:56.793527+00:00|34.20568576487119|37.458721612068246|36.07943307441445|34.20568576487119|35.211574349676994|-0.742919921875|0.538330078125|-0.338134765625|-1.129150390625|2.25830078125|0.1220703125|-1.9392494658119657|38.608693910256406|-40.93450473137973
2026-01-29 04:25:56.852400+00:00|34.1977859973444|37.462750335102555|36.0834245798726|34.1977859973444|35.19569129447291|-0.74169921875|0.537841796875|-0.3388671875|-1.190185546875|2.197265625|0.1220703125|-0.5288862179487179|38.608693910256406|-39.915388431013426
2026-01-29 04:25:56.911131+00:00|34.1977859973444|37.458721612068246|36.0834245798726|34.20173584288443|35.18377993308468|-0.736083984375|0.536376953125|-0.33740234375|-1.220703125|2.44140625|0.06103515625|-2.64443108974359|38.96128472222222|-40.25509386446887
2026-01-29 04:25:56.969912+00:00|34.1977859973444|37.458721612068246|36.06745915479627|34.21358583837616|35.20760345287039|-0.73779296875|0.537109375|-0.340087890625|-1.03759765625|2.166748046875|0.030517578125|-2.9970219017094015|38.96128472222222|-42.29332646520146
2026-01-29 04:25:57.028578+00:00|34.20568576487119|37.4667791751404|36.07943307441445|34.1977859973444|35.17980965617426|-0.74072265625|0.53466796875|-0.342529296875|-1.251220703125|2.288818359375|0.06103515625|-0.8814770299145299|38.608693910256406|-41.27421016483516
2026-01-29 04:25:57.087275+00:00|34.20568576487119|37.462750335102555|36.0834245798726|34.20963576335254|35.187750298405376|-0.73779296875|0.537109375|-0.338134765625|-1.129150390625|2.38037109375|0.091552734375|-0.5288862179487179|38.96128472222222|-41.613915598290596
2026-01-29 04:25:57.146105+00:00|34.20568576487119|37.4667791751404|36.09140788946519|34.20963576335254|35.21554533523516|-0.740966796875|0.534912109375|-0.3427734375|-1.312255859375|2.532958984375|-0.091552734375|-1.234067841880342|37.90351228632478|-40.5947992979243
2026-01-29 04:25:57.204867+00:00|34.20568576487119|37.47080813223357|36.0834245798726|34.20568576487119|35.19966192531717|-0.7392578125|0.5302734375|-0.337158203125|-1.129150390625|2.532958984375|0.30517578125|-1.234067841880342|38.608693910256406|-39.915388431013426
2026-01-29 04:25:57.263722+00:00|34.19383622820328|37.4667791751404|36.09140788946519|34.22148621824175|35.20363264476674|-0.736572265625|0.53759765625|-0.33935546875|-1.28173828125|2.50244140625|-0.030517578125|-1.9392494658119657|38.256103098290595|-39.915388431013426
2026-01-29 04:25:57.322355+00:00|34.20173584288443|37.462750335102555|36.075441668449|34.20173584288443|35.211574349676994|-0.7412109375|0.538818359375|-0.340576171875|-1.251220703125|2.288818359375|0.0|-0.7051816239316239|38.78498931623931|-39.74553571428571
2026-01-29 04:25:57.381079+00:00|34.20963576335254|37.47483720643385|36.09140788946519|34.21358583837616|35.19172075218523|-0.7412109375|0.53515625|-0.33984375|-1.220703125|2.38037109375|-0.213623046875|-3.1733173076923076|37.37462606837607|-42.12347374847374
2026-01-29 04:25:57.440108+00:00|34.20568576487119|37.48289570636297|36.09140788946519|34.22148621824175|35.20760345287039|-0.74365234375|0.535400390625|-0.342529296875|-1.03759765625|2.44140625|0.244140625|-1.5866586538461538|37.19833066239316|-42.6330318986569
2026-01-29 04:25:57.498723+00:00|34.21358583837616|37.47886639779301|36.095399693699505|34.22148621824175|35.19966192531717|-0.734619140625|0.5361328125|-0.3408203125|-1.220703125|2.44140625|-0.06103515625|-0.35259081196581193|39.49017094017094|-41.10435744810745
2026-01-29 04:25:57.557468+00:00|34.22148621824175|37.48692513219538|36.09939159762547|34.20963576335254|35.211574349676994|-0.73388671875|0.5341796875|-0.338623046875|-1.007080078125|2.532958984375|-0.06103515625|-0.7051816239316239|37.72721688034188|-40.764652014652015
2026-01-29 04:25:57.616305+00:00|34.21753598998998|37.47483720643385|36.09140788946519|34.21753598998998|35.21554533523516|-0.740478515625|0.537109375|-0.345703125|-1.251220703125|2.471923828125|-0.1220703125|-2.2918402777777778|38.608693910256406|-41.27421016483516
2026-01-29 04:25:57.675144+00:00|34.20568576487119|37.47483720643385|36.087416184872836|34.21358583837616|35.21554533523516|-0.739013671875|0.533203125|-0.3408203125|-1.28173828125|2.532958984375|-0.06103515625|-2.8207264957264955|39.49017094017094|-41.44406288156288
2026-01-29 04:25:57.734018+00:00|34.22148621824175|37.49095467534221|36.0834245798726|34.21358583837616|35.18377993308468|-0.742431640625|0.53662109375|-0.341552734375|-1.373291015625|2.13623046875|0.244140625|-2.8207264957264955|38.07980769230769|-40.42494658119658
2026-01-29 04:25:57.793044+00:00|34.22148621824175|37.49095467534221|36.095399693699505|34.22148621824175|35.20363264476674|-0.73828125|0.53466796875|-0.34521484375|-1.190185546875|2.3193359375|0.1220703125|-1.0577724358974359|37.37462606837607|-41.44406288156288
2026-01-29 04:25:57.852057+00:00|34.22148621824175|37.48692513219538|36.087416184872836|34.22938690485|35.21554533523516|-0.735595703125|0.5361328125|-0.336669921875|-1.0986328125|2.50244140625|-0.152587890625|-2.2918402777777778|39.66646634615385|-41.953621031746025
2026-01-29 04:25:57.911102+00:00|34.22148621824175|37.48692513219538|36.10338360129305|34.22938690485|35.20760345287039|-0.73974609375|0.5390625|-0.33984375|-1.0986328125|2.288818359375|0.244140625|-0.17629540598290597|38.256103098290595|-41.613915598290596
2026-01-29 04:25:57.970176+00:00|34.22148621824175|37.49095467534221|36.095399693699505|34.22938690485|35.21951640959378|-0.73974609375|0.536376953125|-0.337646484375|-1.129150390625|2.349853515625|-0.091552734375|-1.5866586538461538|40.01905715811966|-42.29332646520146
2026-01-29 04:25:58.029190+00:00|34.20963576335254|37.48289570636297|36.09939159762547|34.23333736330227|35.21554533523516|-0.740478515625|0.533935546875|-0.3388671875|-1.3427734375|2.38037109375|-0.091552734375|-0.8814770299145299|38.608693910256406|-41.953621031746025
2026-01-29 04:25:58.088080+00:00|34.22938690485|37.48692513219538|36.095399693699505|34.22148621824175|35.21951640959378|-0.739013671875|0.532470703125|-0.338623046875|-1.312255859375|2.227783203125|0.30517578125|-1.234067841880342|37.55092147435897|-42.97273733211233
2026-01-29 04:25:58.147098+00:00|34.2254365231791|37.50304400918725|36.087416184872836|34.2254365231791|35.20760345287039|-0.73876953125|0.53564453125|-0.340576171875|-1.251220703125|2.410888671875|0.030517578125|-1.7629540598290598|38.78498931623931|-40.42494658119658
2026-01-29 04:25:58.205949+00:00|34.2254365231791|37.50304400918725|36.10338360129305|34.23333736330227|35.211574349676994|-0.738525390625|0.532958984375|-0.33984375|-1.28173828125|2.532958984375|0.0|-2.1155448717948717|38.4323985042735|-41.44406288156288
2026-01-29 04:25:58.265430+00:00|34.2254365231791|37.49901411378636|36.09939159762547|34.22938690485|35.211574349676994|-0.734375|0.533935546875|-0.3388671875|-1.251220703125|2.3193359375|-0.1220703125|-1.5866586538461538|38.256103098290595|-41.613915598290596
2026-01-29 04:25:58.324398+00:00|34.22148621824175|37.50304400918725|36.1113679080521|34.23333736330227|35.211574349676994|-0.73388671875|0.533935546875|-0.33935546875|-0.9765625|2.44140625|0.030517578125|-1.9392494658119657|37.55092147435897|-41.953621031746025
2026-01-29 04:25:58.383345+00:00|34.22938690485|37.507074022109975|36.10737570475197|34.237287898583475|35.239373115099795|-0.741455078125|0.5341796875|-0.337646484375|-1.28173828125|2.197265625|0.213623046875|-1.5866586538461538|38.96128472222222|-41.613915598290596
2026-01-29 04:25:58.442787+00:00|34.21753598998998|37.49095467534221|36.10737570475197|34.23333736330227|35.21554533523516|-0.7353515625|0.5361328125|-0.345703125|-1.190185546875|2.3193359375|0.06103515625|-0.7051816239316239|37.72721688034188|-40.764652014652015
2026-01-29 04:25:58.501914+00:00|34.21753598998998|37.50304400918725|36.09939159762547|34.24123851074171|35.23143016595958|-0.737548828125|0.537353515625|-0.34228515625|-1.068115234375|2.0751953125|0.213623046875|-0.7051816239316239|38.07980769230769|-41.10435744810745
2026-01-29 04:25:58.560700+00:00|34.22938690485|37.49901411378636|36.09939159762547|34.22148621824175|35.22745882490716|-0.738037109375|0.534423828125|-0.341064453125|-1.3427734375|2.3193359375|-0.06103515625|-0.17629540598290597|37.90351228632478|-40.93450473137973
2026-01-29 04:25:58.619899+00:00|34.22938690485|37.51110415260632|36.10737570475197|34.22938690485|35.21951640959378|-0.7431640625|0.531494140625|-0.33935546875|-1.28173828125|2.410888671875|-0.06103515625|-0.35259081196581193|38.78498931623931|-40.764652014652015
2026-01-29 04:25:58.678886+00:00|34.23333736330227|37.51110415260632|36.1113679080521|34.245189199824665|35.21554533523516|-0.739501953125|0.5380859375|-0.34130859375|-1.220703125|2.44140625|0.152587890625|-2.468135683760684|38.07980769230769|-41.10435744810745
2026-01-29 04:25:58.738049+00:00|34.23333736330227|37.51110415260632|36.10737570475197|34.23333736330227|35.21951640959378|-0.740966796875|0.53564453125|-0.335205078125|-1.0986328125|2.349853515625|-0.18310546875|-2.2918402777777778|38.256103098290595|-42.97273733211233
2026-01-29 04:25:58.796910+00:00|34.22938690485|37.507074022109975|36.10737570475197|34.245189199824665|35.21951640959378|-0.7431640625|0.5390625|-0.33642578125|-1.15966796875|2.197265625|0.1220703125|-2.1155448717948717|39.49017094017094|-40.42494658119658
2026-01-29 04:25:58.855471+00:00|34.2254365231791|37.50304400918725|36.1113679080521|34.23333736330227|35.21951640959378|-0.738037109375|0.5322265625|-0.339599609375|-1.40380859375|2.25830078125|0.030517578125|-0.8814770299145299|38.96128472222222|-40.25509386446887
2026-01-29 04:25:58.914433+00:00|34.22938690485|37.50304400918725|36.10338360129305|34.237287898583475|35.25128820713053|-0.740966796875|0.535888671875|-0.33544921875|-1.40380859375|2.13623046875|0.091552734375|-2.1155448717948717|38.07980769230769|-41.783768315018314
2026-01-29 04:25:58.973299+00:00|34.23333736330227|37.51513440072796|36.10338360129305|34.22938690485|35.19966192531717|-0.73779296875|0.537109375|-0.338134765625|-1.0986328125|2.3193359375|0.0|-1.7629540598290598|38.4323985042735|-40.764652014652015
2026-01-29 04:25:59.032095+00:00|34.237287898583475|37.51513440072796|36.11536021124334|34.245189199824665|35.19966192531717|-0.7392578125|0.535400390625|-0.335693359375|-1.220703125|2.5634765625|-0.06103515625|-1.234067841880342|39.313875534188035|-39.57568299755799
2026-01-29 04:25:59.091047+00:00|34.23333736330227|37.52319525005532|36.1113679080521|34.245189199824665|35.23143016595958|-0.740478515625|0.533203125|-0.33984375|-1.312255859375|2.593994140625|-0.091552734375|-1.234067841880342|37.90351228632478|-42.29332646520146
2026-01-29 04:25:59.150040+00:00|34.23333736330227|37.51513440072796|36.11536021124334|34.245189199824665|35.21951640959378|-0.73779296875|0.5341796875|-0.337158203125|-1.190185546875|2.105712890625|0.06103515625|-0.17629540598290597|40.01905715811966|-40.5947992979243
2026-01-29 04:25:59.208887+00:00|34.22938690485|37.52722585136462|36.11536021124334|34.23333736330227|35.22745882490716|-0.74365234375|0.534423828125|-0.344482421875|-0.91552734375|2.532958984375|0.18310546875|-2.8207264957264955|37.72721688034188|-41.783768315018314
2026-01-29 04:25:59.267738+00:00|34.2254365231791|37.51110415260632|36.10737570475197|34.245189199824665|35.22745882490716|-0.744384765625|0.5380859375|-0.335693359375|-1.46484375|2.38037109375|-0.030517578125|0.8814770299145299|37.19833066239316|-40.5947992979243
2026-01-29 04:25:59.326697+00:00|34.237287898583475|37.51513440072796|36.1113679080521|34.237287898583475|35.24334472328519|-0.740478515625|0.53759765625|-0.3427734375|-1.220703125|2.471923828125|0.1220703125|-1.4103632478632477|39.13758012820512|-41.10435744810745
2026-01-29 04:25:59.385705+00:00|34.245189199824665|37.52319525005532|36.1113679080521|34.237287898583475|35.211574349676994|-0.7392578125|0.53515625|-0.33642578125|-1.007080078125|2.50244140625|0.18310546875|0.0|38.4323985042735|-41.783768315018314
2026-01-29 04:25:59.444162+00:00|34.24123851074171|37.52722585136462|36.11935261437543|34.2530908089559|35.21951640959378|-0.737548828125|0.53369140625|-0.33837890625|-0.9765625|2.227783203125|0.06103515625|-2.2918402777777778|37.19833066239316|-40.5947992979243
2026-01-29 04:25:59.503159+00:00|34.24913996588015|37.52722585136462|36.11935261437543|34.245189199824665|35.211574349676994|-0.73828125|0.536376953125|-0.342529296875|-1.15966796875|2.288818359375|0.06103515625|-0.7051816239316239|38.78498931623931|-40.42494658119658
2026-01-29 04:25:59.562169+00:00|34.23333736330227|37.52722585136462|36.12334511749822|34.24913996588015|35.23143016595958|-0.73828125|0.533935546875|-0.339111328125|-1.068115234375|2.349853515625|0.06103515625|-1.9392494658119657|37.19833066239316|-39.915388431013426
2026-01-29 04:25:59.621223+00:00|34.24123851074171|37.51916476652707|36.11935261437543|34.25704172909985|35.235401596007534|-0.73828125|0.53759765625|-0.338623046875|-1.373291015625|2.3193359375|0.091552734375|-0.17629540598290597|37.19833066239316|-41.27421016483516
2026-01-29 04:25:59.680147+00:00|34.24913996588015|37.51513440072796|36.10737570475197|34.245189199824665|35.23143016595958|-0.7412109375|0.533447265625|-0.338623046875|-1.03759765625|2.25830078125|0.335693359375|0.0|37.37462606837607|-40.764652014652015
2026-01-29 04:25:59.739223+00:00|34.24913996588015|37.52722585136462|36.1113679080521|34.245189199824665|35.235401596007534|-0.73876953125|0.53466796875|-0.340087890625|-1.220703125|2.44140625|-0.18310546875|-1.234067841880342|37.19833066239316|-40.93450473137973
2026-01-29 04:25:59.798719+00:00|34.2530908089559|37.531256570507026|36.12334511749822|34.25704172909985|35.21554533523516|-0.739013671875|0.537109375|-0.34033203125|-1.190185546875|2.50244140625|0.30517578125|-1.4103632478632477|38.4323985042735|-41.783768315018314
2026-01-29 04:25:59.858217+00:00|34.24123851074171|37.531256570507026|36.12733772066156|34.25704172909985|35.22745882490716|-0.7412109375|0.537841796875|-0.3388671875|-1.3427734375|2.44140625|0.1220703125|-0.35259081196581193|38.78498931623931|-40.764652014652015
2026-01-29 04:25:59.916992+00:00|34.2530908089559|37.53528740753421|36.12733772066156|34.25704172909985|35.223487572801446|-0.73828125|0.531494140625|-0.339111328125|-1.28173828125|2.25830078125|-0.213623046875|-1.234067841880342|37.90351228632478|-41.613915598290596
2026-01-29 04:25:59.976032+00:00|34.2530908089559|37.53528740753421|36.13133042391536|34.2530908089559|35.235401596007534|-0.73681640625|0.536376953125|-0.345458984375|-1.373291015625|2.197265625|-0.1220703125|-1.5866586538461538|37.55092147435897|-40.25509386446887
2026-01-29 04:26:00.035240+00:00|34.245189199824665|37.52319525005532|36.12334511749822|34.25704172909985|35.24334472328519|-0.7353515625|0.53564453125|-0.34228515625|-1.15966796875|2.349853515625|-0.213623046875|-2.468135683760684|37.37462606837607|-40.08524114774115
2026-01-29 04:26:00.094420+00:00|34.24913996588015|37.51513440072796|36.12334511749822|34.2530908089559|35.23143016595958|-0.739990234375|0.538330078125|-0.333740234375|-1.28173828125|2.532958984375|0.1220703125|-2.468135683760684|37.72721688034188|-40.42494658119658
2026-01-29 04:26:00.153754+00:00|34.25704172909985|37.52319525005532|36.11935261437543|34.2530908089559|35.25128820713053|-0.738525390625|0.537353515625|-0.332763671875|-1.190185546875|2.3193359375|0.213623046875|-1.4103632478632477|38.78498931623931|-40.764652014652015
2026-01-29 04:26:00.212854+00:00|34.260992726359746|37.531256570507026|36.12733772066156|34.24913996588015|35.235401596007534|-0.73583984375|0.5361328125|-0.33203125|-1.15966796875|2.532958984375|-0.1220703125|-0.8814770299145299|38.256103098290595|-39.915388431013426
2026-01-29 04:26:00.272118+00:00|34.260992726359746|37.53528740753421|36.13133042391536|34.26494380078361|35.21554533523516|-0.739013671875|0.53662109375|-0.335205078125|-1.220703125|2.197265625|0.030517578125|-1.0577724358974359|38.4323985042735|-41.783768315018314
2026-01-29 04:26:00.331176+00:00|34.260992726359746|37.531256570507026|36.13532322730953|34.260992726359746|35.22745882490716|-0.7392578125|0.5390625|-0.332763671875|-1.251220703125|2.38037109375|-0.091552734375|-2.64443108974359|38.608693910256406|-41.27421016483516
2026-01-29 04:26:00.390429+00:00|34.260992726359746|37.53931836249825|36.13532322730953|34.26494380078361|35.24731642061249|-0.736572265625|0.533203125|-0.342529296875|-1.28173828125|2.0751953125|-0.091552734375|-1.5866586538461538|37.90351228632478|-41.613915598290596
2026-01-29 04:26:00.450167+00:00|34.260992726359746|37.53931836249825|36.13532322730953|34.260992726359746|35.24731642061249|-0.738037109375|0.535400390625|-0.345458984375|-1.15966796875|2.197265625|0.30517578125|-1.5866586538461538|38.96128472222222|-41.953621031746025
2026-01-29 04:26:00.508847+00:00|34.25704172909985|37.531256570507026|36.13133042391536|34.268894952418975|35.24334472328519|-0.742431640625|0.537109375|-0.341552734375|-1.28173828125|2.3193359375|0.244140625|-1.7629540598290598|37.37462606837607|-40.42494658119658
2026-01-29 04:26:00.568266+00:00|34.25704172909985|37.52319525005532|36.13133042391536|34.27679748751609|35.25923204793406|-0.73583984375|0.53076171875|-0.340087890625|-1.251220703125|2.38037109375|0.213623046875|-0.7051816239316239|38.78498931623931|-41.783768315018314
2026-01-29 04:26:00.628008+00:00|34.26494380078361|37.51916476652707|36.12733772066156|34.260992726359746|35.235401596007534|-0.739990234375|0.537109375|-0.340576171875|-1.0986328125|2.50244140625|0.1220703125|0.0|38.07980769230769|-40.764652014652015
2026-01-29 04:26:00.686578+00:00|34.26494380078361|37.53528740753421|36.12733772066156|34.260992726359746|35.239373115099795|-0.740234375|0.539306640625|-0.341064453125|-1.40380859375|2.410888671875|0.06103515625|-1.7629540598290598|39.13758012820512|-40.42494658119658
2026-01-29 04:26:00.745804+00:00|34.26494380078361|37.531256570507026|36.13532322730953|34.268894952418975|35.223487572801446|-0.7392578125|0.534423828125|-0.3359375|-1.0986328125|2.0751953125|-0.18310546875|-0.5288862179487179|37.55092147435897|-40.93450473137973
2026-01-29 04:26:00.804905+00:00|34.26494380078361|37.531256570507026|36.13532322730953|34.268894952418975|35.24731642061249|-0.7373046875|0.533447265625|-0.333740234375|-1.220703125|2.38037109375|0.030517578125|-1.234067841880342|37.90351228632478|-41.613915598290596
2026-01-29 04:26:00.864140+00:00|34.27679748751609|37.53931836249825|36.13931613089392|34.27284618131387|35.21554533523516|-0.73681640625|0.536865234375|-0.3359375|-1.03759765625|2.50244140625|-0.030517578125|-1.0577724358974359|39.13758012820512|-41.44406288156288
2026-01-29 04:26:00.923106+00:00|34.268894952418975|37.53528740753421|36.143309134718265|34.27284618131387|35.239373115099795|-0.7421875|0.5322265625|-0.33837890625|-1.007080078125|2.288818359375|0.06103515625|-0.35259081196581193|38.4323985042735|-40.764652014652015
2026-01-29 04:26:00.982184+00:00|34.268894952418975|37.51916476652707|36.13931613089392|34.2807488710734|35.25128820713053|-0.73876953125|0.5390625|-0.3388671875|-1.190185546875|2.349853515625|0.1220703125|-1.0577724358974359|38.07980769230769|-41.10435744810745
2026-01-29 04:26:01.041232+00:00|34.268894952418975|37.52319525005532|36.13133042391536|34.27284618131387|35.24334472328519|-0.7392578125|0.5322265625|-0.339111328125|-1.28173828125|2.25830078125|-0.030517578125|-1.234067841880342|37.55092147435897|-41.953621031746025
2026-01-29 04:26:01.100145+00:00|34.2807488710734|37.53528740753421|36.13532322730953|34.27284618131387|35.235401596007534|-0.7392578125|0.537353515625|-0.33984375|-1.312255859375|2.0751953125|0.152587890625|-1.7629540598290598|37.37462606837607|-41.10435744810745
2026-01-29 04:26:01.159216+00:00|34.268894952418975|37.52722585136462|36.143309134718265|34.27284618131387|35.24334472328519|-0.739990234375|0.53466796875|-0.336181640625|-1.220703125|2.288818359375|0.06103515625|-2.9970219017094015|38.256103098290595|-40.93450473137973
2026-01-29 04:26:01.218217+00:00|34.28470033203382|37.52722585136462|36.143309134718265|34.2807488710734|35.24731642061249|-0.735107421875|0.53759765625|-0.34033203125|-1.373291015625|2.227783203125|0.0|-0.7051816239316239|38.4323985042735|-41.10435744810745
2026-01-29 04:26:01.277248+00:00|34.27679748751609|37.53528740753421|36.143309134718265|34.28470033203382|35.235401596007534|-0.737548828125|0.53466796875|-0.342041015625|-1.190185546875|2.410888671875|-0.030517578125|-2.9970219017094015|39.313875534188035|-41.953621031746025
2026-01-29 04:26:01.336180+00:00|34.27679748751609|37.52722585136462|36.143309134718265|34.288651870444994|35.239373115099795|-0.73779296875|0.533447265625|-0.342529296875|-1.15966796875|2.38037109375|0.213623046875|-0.8814770299145299|38.256103098290595|-39.915388431013426
2026-01-29 04:26:01.395116+00:00|34.27284618131387|37.52319525005532|36.13931613089392|34.2807488710734|35.24334472328519|-0.737548828125|0.534423828125|-0.335205078125|-1.0986328125|2.3193359375|0.06103515625|-2.468135683760684|39.13758012820512|-41.10435744810745
2026-01-29 04:26:01.454520+00:00|34.2807488710734|37.52319525005532|36.13931613089392|34.27679748751609|35.25923204793406|-0.741943359375|0.534912109375|-0.34521484375|-1.495361328125|2.3193359375|0.18310546875|-1.5866586538461538|39.313875534188035|-41.613915598290596
2026-01-29 04:26:01.513612+00:00|34.2807488710734|37.52319525005532|36.13532322730953|34.27679748751609|35.23143016595958|-0.7392578125|0.53564453125|-0.3427734375|-1.312255859375|2.44140625|0.030517578125|-1.234067841880342|38.96128472222222|-41.27421016483516
2026-01-29 04:26:01.572696+00:00|34.292603486355006|37.531256570507026|36.14730223883254|34.27284618131387|35.24731642061249|-0.737060546875|0.534912109375|-0.338134765625|-1.220703125|2.197265625|0.0|0.35259081196581193|38.4323985042735|-40.764652014652015
2026-01-29 04:26:01.631770+00:00|34.292603486355006|37.531256570507026|36.14730223883254|34.292603486355006|35.25128820713053|-0.738525390625|0.53466796875|-0.341796875|-1.220703125|2.532958984375|0.18310546875|-1.4103632478632477|38.07980769230769|-40.42494658119658
2026-01-29 04:26:01.690810+00:00|34.29655517981149|37.52722585136462|36.143309134718265|34.288651870444994|35.25923204793406|-0.738525390625|0.534423828125|-0.343017578125|-1.312255859375|2.25830078125|0.152587890625|-1.9392494658119657|38.256103098290595|-40.5947992979243
2026-01-29 04:26:01.749877+00:00|34.288651870444994|37.52722585136462|36.14730223883254|34.292603486355006|35.23143016595958|-0.74267578125|0.536865234375|-0.336669921875|-1.15966796875|2.532958984375|-0.06103515625|-1.5866586538461538|37.90351228632478|-40.93450473137973
2026-01-29 04:26:01.809003+00:00|34.28470033203382|37.52319525005532|36.1552887481306|34.29655517981149|35.24731642061249|-0.73974609375|0.53466796875|-0.33837890625|-1.220703125|2.50244140625|0.030517578125|-0.8814770299145299|38.608693910256406|-40.5947992979243
2026-01-29 04:26:01.868185+00:00|34.2807488710734|37.52319525005532|36.13931613089392|34.29655517981149|35.23143016595958|-0.7392578125|0.53662109375|-0.340087890625|-1.190185546875|2.50244140625|-0.06103515625|-2.468135683760684|39.13758012820512|-41.783768315018314
2026-01-29 04:26:01.927148+00:00|34.29655517981149|37.52319525005532|36.14730223883254|34.292603486355006|35.239373115099795|-0.73828125|0.536376953125|-0.33642578125|-1.129150390625|2.0751953125|-0.030517578125|-2.8207264957264955|38.78498931623931|-40.42494658119658
2026-01-29 04:26:01.985889+00:00|34.292603486355006|37.52722585136462|36.1512954432867|34.288651870444994|35.24334472328519|-0.73828125|0.535400390625|-0.33544921875|-0.9765625|2.197265625|0.030517578125|-1.0577724358974359|39.49017094017094|-40.764652014652015
2026-01-29 04:26:02.044563+00:00|34.300506950862314|37.53528740753421|36.15928215341398|34.30445879955556|35.25128820713053|-0.737548828125|0.535400390625|-0.3388671875|-1.40380859375|2.50244140625|0.0|-0.35259081196581193|38.4323985042735|-41.783768315018314
2026-01-29 04:26:02.103250+00:00|34.300506950862314|37.53931836249825|36.1552887481306|34.30841072593893|35.25923204793406|-0.736328125|0.541015625|-0.34375|-1.3427734375|2.593994140625|-0.18310546875|-1.0577724358974359|39.13758012820512|-40.764652014652015
2026-01-29 04:26:02.162134+00:00|34.300506950862314|37.53528740753421|36.1552887481306|34.30841072593893|35.23143016595958|-0.744873046875|0.532470703125|-0.335205078125|-1.190185546875|2.227783203125|0.18310546875|-2.468135683760684|38.4323985042735|-41.10435744810745
2026-01-29 04:26:02.221000+00:00|34.29655517981149|37.51916476652707|36.1512954432867|34.312362730060215|35.26717624608608|-0.741943359375|0.53662109375|-0.336669921875|-1.0986328125|2.25830078125|0.18310546875|-1.0577724358974359|38.78498931623931|-42.12347374847374
2026-01-29 04:26:02.279894+00:00|34.300506950862314|37.52319525005532|36.14730223883254|34.300506950862314|35.25128820713053|-0.73828125|0.532470703125|-0.33447265625|-1.0986328125|2.50244140625|-0.213623046875|-0.8814770299145299|38.96128472222222|-41.953621031746025
2026-01-29 04:26:02.338648+00:00|34.30841072593893|37.53931836249825|36.1512954432867|34.300506950862314|35.239373115099795|-0.73974609375|0.53564453125|-0.3369140625|-1.28173828125|2.44140625|0.0|-2.1155448717948717|37.72721688034188|-41.44406288156288
2026-01-29 04:26:02.397479+00:00|34.30445879955556|37.53528740753421|36.15928215341398|34.32026697170852|35.24731642061249|-0.738525390625|0.53125|-0.338623046875|-1.190185546875|2.227783203125|0.06103515625|-1.234067841880342|37.55092147435897|-39.57568299755799
2026-01-29 04:26:02.456816+00:00|34.30841072593893|37.531256570507026|36.1512954432867|34.316314811967516|35.25923204793406|-0.74169921875|0.541259765625|-0.34130859375|-1.46484375|2.288818359375|0.06103515625|-1.234067841880342|38.608693910256406|-41.953621031746025
2026-01-29 04:26:02.515777+00:00|34.312362730060215|37.53931836249825|36.1512954432867|34.316314811967516|35.21951640959378|-0.739013671875|0.534423828125|-0.340087890625|-1.129150390625|2.38037109375|-0.030517578125|-1.7629540598290598|39.13758012820512|-41.10435744810745
2026-01-29 04:26:02.574423+00:00|34.300506950862314|37.53528740753421|36.15928215341398|34.32026697170852|35.25526008288813|-0.73583984375|0.5322265625|-0.341552734375|-0.9765625|2.3193359375|0.18310546875|-0.5288862179487179|38.608693910256406|-41.27421016483516
2026-01-29 04:26:02.633269+00:00|34.30841072593893|37.52319525005532|36.1552887481306|34.32026697170852|35.24334472328519|-0.73828125|0.53662109375|-0.340576171875|-1.129150390625|2.44140625|0.06103515625|-1.9392494658119657|37.90351228632478|-41.27421016483516
2026-01-29 04:26:02.692066+00:00|34.324219209331204|37.53528740753421|36.1512954432867|34.316314811967516|35.223487572801446|-0.741943359375|0.5341796875|-0.336669921875|-1.40380859375|2.471923828125|0.1220703125|-1.7629540598290598|38.4323985042735|-41.44406288156288
2026-01-29 04:26:02.750820+00:00|34.32026697170852|37.531256570507026|36.16327565918692|34.324219209331204|35.223487572801446|-0.73974609375|0.533447265625|-0.33740234375|-1.312255859375|2.410888671875|0.30517578125|-1.7629540598290598|38.78498931623931|-41.44406288156288
2026-01-29 04:26:02.809567+00:00|34.316314811967516|37.531256570507026|36.15928215341398|34.32817152488337|35.25526008288813|-0.744384765625|0.538330078125|-0.34619140625|-1.220703125|2.44140625|0.1220703125|-0.5288862179487179|39.313875534188035|-40.25509386446887
2026-01-29 04:26:02.868935+00:00|34.324219209331204|37.531256570507026|36.16327565918692|34.324219209331204|35.235401596007534|-0.736328125|0.535400390625|-0.338623046875|-1.40380859375|2.410888671875|0.030517578125|0.35259081196581193|37.37462606837607|-41.10435744810745
2026-01-29 04:26:02.927954+00:00|34.312362730060215|37.52722585136462|36.167269265499215|34.32817152488337|35.24731642061249|-0.736572265625|0.538818359375|-0.345947265625|-1.190185546875|2.44140625|-0.030517578125|-1.4103632478632477|38.07980769230769|-41.44406288156288
2026-01-29 04:26:02.986893+00:00|34.316314811967516|37.52319525005532|36.15928215341398|34.32817152488337|35.239373115099795|-0.74267578125|0.537841796875|-0.337890625|-1.434326171875|2.410888671875|-0.06103515625|-0.5288862179487179|39.313875534188035|-40.5947992979243
2026-01-29 04:26:03.045978+00:00|34.324219209331204|37.51513440072796|36.1552887481306|34.324219209331204|35.239373115099795|-0.740478515625|0.534912109375|-0.33984375|-1.312255859375|2.166748046875|0.030517578125|-1.0577724358974359|38.78498931623931|-41.44406288156288
2026-01-29 04:26:03.104866+00:00|34.332123918413004|37.52722585136462|36.1512954432867|34.32026697170852|35.223487572801446|-0.739501953125|0.5380859375|-0.34326171875|-1.251220703125|2.62451171875|0.152587890625|-1.0577724358974359|38.78498931623931|-40.764652014652015
2026-01-29 04:26:03.163860+00:00|34.32817152488337|37.53528740753421|36.17126297240094|34.34002893959598|35.21554533523516|-0.737548828125|0.537841796875|-0.33935546875|-1.03759765625|2.13623046875|0.06103515625|-1.5866586538461538|38.256103098290595|-40.5947992979243
2026-01-29 04:26:03.222887+00:00|34.332123918413004|37.52722585136462|36.167269265499215|34.34398156734528|35.25128820713053|-0.739013671875|0.5390625|-0.3359375|-1.220703125|2.227783203125|0.30517578125|-2.64443108974359|37.90351228632478|-40.5947992979243
2026-01-29 04:26:03.281750+00:00|34.33607638996796|37.52319525005532|36.167269265499215|34.33607638996796|35.24334472328519|-0.74072265625|0.532958984375|-0.342529296875|-1.28173828125|2.5634765625|0.1220703125|-1.234067841880342|38.256103098290595|-40.93450473137973
2026-01-29 04:26:03.340802+00:00|34.32817152488337|37.52319525005532|36.17126297240094|34.33607638996796|35.22745882490716|-0.738037109375|0.53271484375|-0.337158203125|-0.9765625|2.44140625|0.274658203125|-1.0577724358974359|39.13758012820512|-40.42494658119658
2026-01-29 04:26:03.399457+00:00|34.332123918413004|37.51513440072796|36.15928215341398|34.351887057398585|35.24334472328519|-0.740966796875|0.536865234375|-0.340576171875|-1.129150390625|2.166748046875|0.06103515625|-1.5866586538461538|39.313875534188035|-41.27421016483516
2026-01-29 04:26:03.458454+00:00|34.347934273263434|37.51916476652707|36.16327565918692|34.33607638996796|35.23143016595958|-0.7451171875|0.53759765625|-0.33837890625|-1.220703125|2.38037109375|0.30517578125|-1.4103632478632477|38.78498931623931|-41.783768315018314
2026-01-29 04:26:03.518055+00:00|34.33607638996796|37.531256570507026|36.167269265499215|34.332123918413004|35.235401596007534|-0.7392578125|0.53857421875|-0.342529296875|-1.190185546875|2.471923828125|0.030517578125|-1.7629540598290598|39.13758012820512|-42.12347374847374
2026-01-29 04:26:03.576851+00:00|34.34002893959598|37.531256570507026|36.167269265499215|34.34398156734528|35.239373115099795|-0.740234375|0.537109375|-0.337646484375|-1.3427734375|2.288818359375|0.030517578125|-0.7051816239316239|38.07980769230769|-41.10435744810745
2026-01-29 04:26:03.636396+00:00|34.347934273263434|37.52722585136462|36.17126297240094|34.347934273263434|35.24731642061249|-0.743408203125|0.532470703125|-0.33642578125|-1.28173828125|2.349853515625|0.030517578125|-1.234067841880342|38.608693910256406|-40.93450473137973
2026-01-29 04:26:03.695345+00:00|34.34002893959598|37.52722585136462|36.175256779941776|34.347934273263434|35.239373115099795|-0.73828125|0.53759765625|-0.340087890625|-1.373291015625|2.532958984375|0.030517578125|-0.7051816239316239|38.4323985042735|-42.463179181929185
2026-01-29 04:26:03.754128+00:00|34.33607638996796|37.531256570507026|36.183244697140935|34.347934273263434|35.24334472328519|-0.74169921875|0.536376953125|-0.339599609375|-1.007080078125|2.410888671875|0.152587890625|-1.9392494658119657|38.96128472222222|-40.93450473137973
2026-01-29 04:26:03.813093+00:00|34.34002893959598|37.51513440072796|36.17126297240094|34.35583991979854|35.24334472328519|-0.73779296875|0.535888671875|-0.3388671875|-1.220703125|2.38037109375|0.091552734375|-0.5288862179487179|38.96128472222222|-40.5947992979243
2026-01-29 04:26:03.872315+00:00|34.35583991979854|37.52319525005532|36.17126297240094|34.34398156734528|35.24334472328519|-0.742431640625|0.53564453125|-0.341552734375|-1.220703125|2.0751953125|-0.1220703125|-1.5866586538461538|37.55092147435897|-42.29332646520146
2026-01-29 04:26:03.931878+00:00|34.35583991979854|37.52722585136462|36.167269265499215|34.347934273263434|35.21951640959378|-0.7392578125|0.53125|-0.33642578125|-1.46484375|2.13623046875|-0.1220703125|-2.468135683760684|38.4323985042735|-41.44406288156288
2026-01-29 04:26:03.991014+00:00|34.347934273263434|37.52722585136462|36.175256779941776|34.347934273263434|35.22745882490716|-0.73876953125|0.538330078125|-0.341552734375|-1.312255859375|2.13623046875|0.1220703125|-2.2918402777777778|37.55092147435897|-40.93450473137973
2026-01-29 04:26:04.049959+00:00|34.35583991979854|37.52722585136462|36.17925068817175|34.35979286051122|35.21554533523516|-0.740966796875|0.538330078125|-0.33984375|-1.190185546875|2.25830078125|0.335693359375|-1.234067841880342|37.19833066239316|-41.613915598290596
2026-01-29 04:26:04.109124+00:00|34.35979286051122|37.52722585136462|36.17925068817175|34.35979286051122|35.24731642061249|-0.7421875|0.53564453125|-0.3408203125|-1.129150390625|2.532958984375|-0.030517578125|-1.234067841880342|38.608693910256406|-40.93450473137973
2026-01-29 04:26:04.168031+00:00|34.35583991979854|37.531256570507026|36.17925068817175|34.363745879584656|35.239373115099795|-0.740234375|0.536865234375|-0.33837890625|-1.251220703125|2.410888671875|0.18310546875|-1.7629540598290598|39.49017094017094|-42.463179181929185
2026-01-29 04:26:04.226825+00:00|34.34398156734528|37.51916476652707|36.18723880689902|34.36769897706648|35.239373115099795|-0.7421875|0.534423828125|-0.338623046875|-1.220703125|2.227783203125|-0.030517578125|-1.5866586538461538|38.96128472222222|-40.5947992979243
2026-01-29 04:26:04.286144+00:00|34.35979286051122|37.51916476652707|36.175256779941776|34.351887057398585|35.22745882490716|-0.742919921875|0.5400390625|-0.337646484375|-1.312255859375|2.38037109375|-0.06103515625|-0.8814770299145299|37.90351228632478|-40.5947992979243
2026-01-29 04:26:04.345066+00:00|34.363745879584656|37.52722585136462|36.175256779941776|34.351887057398585|35.21554533523516|-0.739501953125|0.532470703125|-0.334228515625|-1.3427734375|2.166748046875|0.244140625|-1.5866586538461538|39.66646634615385|-40.5947992979243
2026-01-29 04:26:04.403954+00:00|34.351887057398585|37.53528740753421|36.18723880689902|34.35979286051122|35.22745882490716|-0.738525390625|0.53759765625|-0.33935546875|-1.190185546875|2.655029296875|0.091552734375|-1.234067841880342|38.256103098290595|-40.93450473137973
2026-01-29 04:26:04.462881+00:00|34.36769897706648|37.531256570507026|36.183244697140935|34.36769897706648|35.24334472328519|-0.73876953125|0.539794921875|-0.33935546875|-1.220703125|2.227783203125|-0.030517578125|-1.9392494658119657|37.90351228632478|-40.93450473137973
2026-01-29 04:26:04.522001+00:00|34.37165215300496|37.531256570507026|36.19123301749613|34.37560540744772|35.25128820713053|-0.73876953125|0.535400390625|-0.34765625|-1.312255859375|2.593994140625|0.091552734375|-1.4103632478632477|38.07980769230769|-41.44406288156288
2026-01-29 04:26:04.580785+00:00|34.351887057398585|37.531256570507026|36.183244697140935|34.37165215300496|35.23143016595958|-0.738525390625|0.535888671875|-0.34033203125|-1.3427734375|2.288818359375|0.1220703125|-2.8207264957264955|37.37462606837607|-41.44406288156288
2026-01-29 04:26:04.639804+00:00|34.35583991979854|37.52722585136462|36.18723880689902|34.37165215300496|35.21554533523516|-0.741455078125|0.537841796875|-0.339599609375|-1.03759765625|2.166748046875|0.030517578125|-1.7629540598290598|39.13758012820512|-41.10435744810745
2026-01-29 04:26:04.698646+00:00|34.37165215300496|37.52319525005532|36.175256779941776|34.363745879584656|35.25526008288813|-0.742431640625|0.539306640625|-0.33837890625|-1.03759765625|2.532958984375|-0.18310546875|-1.4103632478632477|39.49017094017094|-42.12347374847374
2026-01-29 04:26:04.757567+00:00|34.37165215300496|37.53528740753421|36.17925068817175|34.35979286051122|35.21554533523516|-0.737548828125|0.540771484375|-0.34326171875|-1.129150390625|2.5634765625|-0.1220703125|-1.5866586538461538|38.96128472222222|-39.57568299755799
2026-01-29 04:26:04.816631+00:00|34.37560540744772|37.53931836249825|36.18723880689902|34.37165215300496|35.223487572801446|-0.738037109375|0.53369140625|-0.337890625|-1.220703125|2.532958984375|-0.030517578125|-1.0577724358974359|38.4323985042735|-40.764652014652015
2026-01-29 04:26:04.875736+00:00|34.37560540744772|37.53528740753421|36.183244697140935|34.37560540744772|35.26320410231705|-0.73828125|0.532958984375|-0.335205078125|-1.0986328125|2.410888671875|-0.06103515625|-0.35259081196581193|38.07980769230769|-41.44406288156288
2026-01-29 04:26:04.935243+00:00|34.383512152038236|37.547380626444124|36.18723880689902|34.37560540744772|35.25526008288813|-0.7353515625|0.536376953125|-0.340576171875|-1.03759765625|2.44140625|0.1220703125|-1.234067841880342|39.313875534188035|-41.953621031746025
2026-01-29 04:26:04.994700+00:00|34.37165215300496|37.55141193552981|36.19922174140686|34.37560540744772|35.239373115099795|-0.73876953125|0.5361328125|-0.3359375|-1.3427734375|2.410888671875|0.152587890625|-2.2918402777777778|38.256103098290595|-41.953621031746025
2026-01-29 04:26:05.053834+00:00|34.37165215300496|37.547380626444124|36.195227328982014|34.383512152038236|35.223487572801446|-0.73828125|0.534912109375|-0.3349609375|-1.373291015625|2.197265625|-0.152587890625|-1.0577724358974359|38.4323985042735|-39.74553571428571
2026-01-29 04:26:05.112803+00:00|34.37165215300496|37.53931836249825|36.17925068817175|34.37165215300496|35.239373115099795|-0.7373046875|0.53662109375|-0.34521484375|-1.03759765625|2.3193359375|0.030517578125|-1.4103632478632477|38.4323985042735|-42.463179181929185
2026-01-29 04:26:05.172162+00:00|34.38746564228188|37.547380626444124|36.18723880689902|34.3795587404428|35.235401596007534|-0.735107421875|0.537841796875|-0.344482421875|-1.251220703125|2.288818359375|0.06103515625|-0.7051816239316239|39.49017094017094|-40.764652014652015
2026-01-29 04:26:05.231181+00:00|34.383512152038236|37.547380626444124|36.195227328982014|34.37560540744772|35.239373115099795|-0.7412109375|0.533935546875|-0.3359375|-0.946044921875|2.0751953125|0.18310546875|-1.5866586538461538|37.19833066239316|-41.953621031746025
2026-01-29 04:26:05.290343+00:00|34.383512152038236|37.555443362760116|36.19922174140686|34.38746564228188|35.235401596007534|-0.739501953125|0.53955078125|-0.334716796875|-1.251220703125|2.349853515625|0.152587890625|-1.0577724358974359|38.78498931623931|-41.44406288156288
2026-01-29 04:26:05.349422+00:00|34.383512152038236|37.555443362760116|36.19922174140686|34.3953728589056|35.235401596007534|-0.7421875|0.537109375|-0.339599609375|-0.823974609375|2.50244140625|0.0|-1.7629540598290598|39.13758012820512|-40.764652014652015
2026-01-29 04:26:05.408381+00:00|34.38746564228188|37.56350657186175|36.19922174140686|34.3953728589056|35.25128820713053|-0.743896484375|0.53515625|-0.34228515625|-1.28173828125|2.105712890625|-0.1220703125|-1.234067841880342|37.90351228632478|-40.25509386446887
2026-01-29 04:26:05.468073+00:00|34.37560540744772|37.567538353836994|36.20321625482035|34.38746564228188|35.25128820713053|-0.737060546875|0.53125|-0.338623046875|-1.28173828125|2.471923828125|0.335693359375|-2.8207264957264955|37.37462606837607|-40.42494658119658
2026-01-29 04:26:05.527242+00:00|34.3795587404428|37.555443362760116|36.19922174140686|34.39141921122172|35.24731642061249|-0.739990234375|0.53662109375|-0.33837890625|-0.8544921875|2.197265625|0.030517578125|-0.5288862179487179|37.55092147435897|-41.27421016483516
2026-01-29 04:26:05.586329+00:00|34.38746564228188|37.559474908186814|36.19123301749613|34.39141921122172|35.24334472328519|-0.742431640625|0.53515625|-0.340087890625|-1.15966796875|2.5634765625|-0.091552734375|-1.9392494658119657|38.608693910256406|-41.613915598290596
2026-01-29 04:26:05.645522+00:00|34.3953728589056|37.56350657186175|36.183244697140935|34.38746564228188|35.23143016595958|-0.7373046875|0.537841796875|-0.33935546875|-1.373291015625|2.349853515625|0.42724609375|-1.234067841880342|37.55092147435897|-41.27421016483516
2026-01-29 04:26:05.704621+00:00|34.3953728589056|37.57560227289605|36.20321625482035|34.39141921122172|35.24334472328519|-0.738525390625|0.53564453125|-0.341064453125|-1.28173828125|2.227783203125|-0.06103515625|-0.5288862179487179|38.96128472222222|-41.27421016483516
2026-01-29 04:26:05.763907+00:00|34.39932658538157|37.57157025416444|36.20321625482035|34.3953728589056|35.27114847928999|-0.73828125|0.533203125|-0.34228515625|-1.129150390625|2.44140625|0.18310546875|-1.0577724358974359|38.78498931623931|-42.12347374847374
2026-01-29 04:26:05.822394+00:00|34.39141921122172|37.57157025416444|36.195227328982014|34.39932658538157|35.239373115099795|-0.7421875|0.538818359375|-0.337890625|-1.373291015625|2.410888671875|-0.091552734375|-1.234067841880342|37.90351228632478|-41.27421016483516
2026-01-29 04:26:05.881962+00:00|34.38746564228188|37.57560227289605|36.20321625482035|34.40723427490144|35.24731642061249|-0.739501953125|0.536865234375|-0.33544921875|-1.007080078125|2.3193359375|0.18310546875|-1.7629540598290598|38.4323985042735|-40.08524114774115
2026-01-29 04:26:05.941272+00:00|34.39141921122172|37.579634410084|36.20321625482035|34.39932658538157|35.24731642061249|-0.736572265625|0.53955078125|-0.340087890625|-1.312255859375|2.44140625|0.030517578125|-1.9392494658119657|37.55092147435897|-41.27421016483516
2026-01-29 04:26:06.000450+00:00|34.3953728589056|37.57157025416444|36.19922174140686|34.403280390697546|35.235401596007534|-0.74169921875|0.53173828125|-0.33642578125|-0.9765625|2.3193359375|0.0|-1.5866586538461538|39.313875534188035|-40.5947992979243
2026-01-29 04:26:06.059548+00:00|34.403280390697546|37.567538353836994|36.195227328982014|34.38746564228188|35.25526008288813|-0.740478515625|0.5341796875|-0.33837890625|-1.312255859375|2.532958984375|-0.030517578125|-1.9392494658119657|38.608693910256406|-41.27421016483516
2026-01-29 04:26:06.118538+00:00|34.3953728589056|37.57560227289605|36.19922174140686|34.3953728589056|35.223487572801446|-0.73583984375|0.535888671875|-0.34130859375|-1.312255859375|2.5634765625|-0.06103515625|-1.7629540598290598|38.07980769230769|-41.10435744810745
2026-01-29 04:26:06.177533+00:00|34.39932658538157|37.5836666657799|36.20321625482035|34.403280390697546|35.235401596007534|-0.740478515625|0.538330078125|-0.334716796875|-1.0986328125|2.44140625|-0.274658203125|-1.234067841880342|39.313875534188035|-41.27421016483516
2026-01-29 04:26:06.236741+00:00|34.39932658538157|37.579634410084|36.20721086927267|34.411188238041234|35.25128820713053|-0.74072265625|0.5361328125|-0.341796875|-1.03759765625|2.0751953125|0.06103515625|-1.234067841880342|38.608693910256406|-41.27421016483516
2026-01-29 04:26:06.295707+00:00|34.403280390697546|37.579634410084|36.20721086927267|34.403280390697546|35.25128820713053|-0.738037109375|0.53564453125|-0.33642578125|-1.220703125|2.227783203125|-0.091552734375|-3.3496127136752136|37.55092147435897|-40.25509386446887
2026-01-29 04:26:06.354707+00:00|34.38746564228188|37.579634410084|36.20721086927267|34.403280390697546|35.24334472328519|-0.739013671875|0.534423828125|-0.33935546875|-1.28173828125|2.349853515625|-0.06103515625|-0.7051816239316239|38.07980769230769|-40.42494658119658
2026-01-29 04:26:06.413815+00:00|34.39141921122172|37.57560227289605|36.20321625482035|34.415142280165014|35.25923204793406|-0.74072265625|0.5390625|-0.34228515625|-1.129150390625|2.532958984375|0.06103515625|-1.4103632478632477|39.13758012820512|-41.10435744810745
2026-01-29 04:26:06.472820+00:00|34.40723427490144|37.57157025416444|36.19922174140686|34.403280390697546|35.24731642061249|-0.737548828125|0.538330078125|-0.33544921875|-1.28173828125|2.38037109375|0.152587890625|-2.9970219017094015|38.608693910256406|-40.93450473137973
2026-01-29 04:26:06.531815+00:00|34.40723427490144|37.5836666657799|36.21120558481374|34.3953728589056|35.22745882490716|-0.740966796875|0.5322265625|-0.337646484375|-1.251220703125|2.471923828125|-0.1220703125|-1.4103632478632477|38.78498931623931|-40.764652014652015
2026-01-29 04:26:06.590877+00:00|34.40723427490144|37.5836666657799|36.215200401493405|34.415142280165014|35.24334472328519|-0.73974609375|0.534912109375|-0.3388671875|-1.373291015625|2.166748046875|0.091552734375|-0.17629540598290597|37.90351228632478|-40.25509386446887
2026-01-29 04:26:06.650150+00:00|34.403280390697546|37.5836666657799|36.21120558481374|34.40723427490144|35.25526008288813|-0.7412109375|0.534912109375|-0.333984375|-1.220703125|2.105712890625|0.1220703125|-2.2918402777777778|37.90351228632478|-39.23597756410256
2026-01-29 04:26:06.709242+00:00|34.39932658538157|37.59173153290419|36.20721086927267|34.411188238041234|35.25923204793406|-0.73681640625|0.53857421875|-0.334228515625|-1.312255859375|2.471923828125|0.06103515625|-1.5866586538461538|38.256103098290595|-41.613915598290596
2026-01-29 04:26:06.768336+00:00|34.3953728589056|37.587699040036|36.21120558481374|34.415142280165014|35.25128820713053|-0.73779296875|0.533935546875|-0.336669921875|-1.068115234375|2.5634765625|0.091552734375|-1.4103632478632477|37.72721688034188|-40.764652014652015
2026-01-29 04:26:06.827464+00:00|34.39932658538157|37.579634410084|36.20721086927267|34.411188238041234|35.25128820713053|-0.736328125|0.537353515625|-0.341552734375|-1.251220703125|2.38037109375|0.030517578125|-1.7629540598290598|39.13758012820512|-41.44406288156288
2026-01-29 04:26:06.886631+00:00|34.403280390697546|37.579634410084|36.20321625482035|34.411188238041234|35.25526008288813|-0.740478515625|0.53369140625|-0.343017578125|-1.312255859375|2.288818359375|-0.06103515625|-1.234067841880342|37.90351228632478|-41.613915598290596
2026-01-29 04:26:06.945415+00:00|34.41909640132059|37.59576414443649|36.19922174140686|34.39932658538157|35.235401596007534|-0.73876953125|0.537841796875|-0.341796875|-1.129150390625|2.716064453125|0.06103515625|-1.5866586538461538|39.66646634615385|-41.27421016483516
2026-01-29 04:26:07.004262+00:00|34.411188238041234|37.59576414443649|36.215200401493405|34.41909640132059|35.24334472328519|-0.738037109375|0.533935546875|-0.3388671875|-1.220703125|2.5634765625|-0.06103515625|-2.2918402777777778|38.256103098290595|-40.5947992979243
2026-01-29 04:26:07.063169+00:00|34.41909640132059|37.5997968746849|36.215200401493405|34.41909640132059|35.25526008288813|-0.736328125|0.535888671875|-0.337890625|-1.190185546875|2.25830078125|0.091552734375|-0.17629540598290597|38.96128472222222|-40.25509386446887
2026-01-29 04:26:07.121929+00:00|34.415142280165014|37.60786269153806|36.21120558481374|34.415142280165014|35.25923204793406|-0.740234375|0.534423828125|-0.342529296875|-0.8544921875|2.3193359375|0.0|-1.4103632478632477|38.07980769230769|-41.783768315018314
2026-01-29 04:26:07.180600+00:00|34.40723427490144|37.59173153290419|36.215200401493405|34.42700488091913|35.235401596007534|-0.73828125|0.5322265625|-0.334716796875|-1.251220703125|2.44140625|0.091552734375|-1.9392494658119657|38.96128472222222|-40.25509386446887
2026-01-29 04:26:07.239251+00:00|34.40723427490144|37.587699040036|36.20321625482035|34.40723427490144|35.25526008288813|-0.73828125|0.53466796875|-0.3330078125|-1.0986328125|2.44140625|0.030517578125|-1.7629540598290598|38.07980769230769|-42.12347374847374
2026-01-29 04:26:07.297968+00:00|34.411188238041234|37.60382972370144|36.21120558481374|34.41909640132059|35.24334472328519|-0.741943359375|0.534912109375|-0.336669921875|-1.007080078125|2.227783203125|0.06103515625|-1.9392494658119657|39.313875534188035|-41.613915598290596
2026-01-29 04:26:07.356892+00:00|34.415142280165014|37.61189577824683|36.22319033846861|34.423050601555985|35.239373115099795|-0.740478515625|0.53466796875|-0.3427734375|-1.40380859375|2.44140625|-0.18310546875|-2.9970219017094015|37.90351228632478|-40.93450473137973
2026-01-29 04:26:07.416169+00:00|34.41909640132059|37.60786269153806|36.215200401493405|34.43491367722072|35.26320410231705|-0.740234375|0.5380859375|-0.338134765625|-1.3427734375|2.410888671875|-0.06103515625|-2.2918402777777778|39.313875534188035|-40.93450473137973
2026-01-29 04:26:07.475069+00:00|34.415142280165014|37.61189577824683|36.22319033846861|34.423050601555985|35.25526008288813|-0.7412109375|0.53857421875|-0.341552734375|-1.251220703125|2.044677734375|0.152587890625|-1.4103632478632477|38.07980769230769|-41.783768315018314
2026-01-29 04:26:07.533872+00:00|34.415142280165014|37.61592898387977|36.22319033846861|34.43095923945805|35.26717624608608|-0.741455078125|0.532958984375|-0.339599609375|-1.312255859375|2.25830078125|-0.152587890625|-1.0577724358974359|38.07980769230769|-41.44406288156288
2026-01-29 04:26:07.592632+00:00|34.411188238041234|37.60382972370144|36.215200401493405|34.43095923945805|35.25526008288813|-0.737060546875|0.529052734375|-0.34326171875|-1.15966796875|2.197265625|0.0|-0.17629540598290597|37.55092147435897|-41.613915598290596
2026-01-29 04:26:07.651420+00:00|34.42700488091913|37.61189577824683|36.215200401493405|34.42700488091913|35.27114847928999|-0.7412109375|0.5341796875|-0.336669921875|-1.129150390625|2.685546875|-0.06103515625|-0.8814770299145299|38.256103098290595|-42.29332646520146
2026-01-29 04:26:07.709867+00:00|34.423050601555985|37.61996230848894|36.22718545886414|34.42700488091913|35.25526008288813|-0.73974609375|0.535400390625|-0.338623046875|-1.15966796875|2.288818359375|-0.152587890625|-1.4103632478632477|38.78498931623931|-40.764652014652015
2026-01-29 04:26:07.768954+00:00|34.42700488091913|37.61996230848894|36.2311806805983|34.42700488091913|35.28703830743058|-0.738037109375|0.53857421875|-0.336181640625|-1.3427734375|2.197265625|-0.1220703125|-1.7629540598290598|38.4323985042735|-40.42494658119658
2026-01-29 04:26:07.827826+00:00|34.43095923945805|37.62802931484396|36.2311806805983|34.43095923945805|35.25923204793406|-0.7412109375|0.534423828125|-0.341064453125|-1.0986328125|2.410888671875|-0.1220703125|-1.7629540598290598|38.07980769230769|-40.42494658119658
2026-01-29 04:26:07.886799+00:00|34.415142280165014|37.61996230848894|36.22718545886414|34.43095923945805|35.26717624608608|-0.73681640625|0.53759765625|-0.34033203125|-1.40380859375|2.25830078125|0.091552734375|-0.7051816239316239|38.4323985042735|-40.42494658119658
2026-01-29 04:26:07.945666+00:00|34.411188238041234|37.61189577824683|36.21919531936169|34.43095923945805|35.25923204793406|-0.739013671875|0.533447265625|-0.33056640625|-1.0986328125|2.471923828125|-0.030517578125|-1.0577724358974359|38.4323985042735|-40.764652014652015
2026-01-29 04:26:08.004524+00:00|34.43095923945805|37.61996230848894|36.22319033846861|34.423050601555985|35.26717624608608|-0.740234375|0.535888671875|-0.341064453125|-1.312255859375|2.288818359375|0.244140625|-0.7051816239316239|38.78498931623931|-42.80288461538461
2026-01-29 04:26:08.063489+00:00|34.43491367722072|37.62802931484396|36.22718545886414|34.42700488091913|35.24731642061249|-0.742919921875|0.538818359375|-0.339111328125|-1.373291015625|2.410888671875|0.091552734375|-1.4103632478632477|37.72721688034188|-41.10435744810745
2026-01-29 04:26:08.122277+00:00|34.43886819425512|37.62802931484396|36.2311806805983|34.43491367722072|35.235401596007534|-0.741943359375|0.536376953125|-0.337890625|-1.007080078125|2.5634765625|0.18310546875|-1.234067841880342|38.608693910256406|-41.613915598290596
2026-01-29 04:26:08.181268+00:00|34.43095923945805|37.62399575212635|36.22319033846861|34.43886819425512|35.26717624608608|-0.736328125|0.5341796875|-0.348876953125|-1.220703125|2.166748046875|0.152587890625|-0.35259081196581193|38.4323985042735|-40.764652014652015
2026-01-29 04:26:08.240230+00:00|34.43491367722072|37.636096797728555|36.235176003720994|34.44677746633113|35.25923204793406|-0.73779296875|0.534423828125|-0.3388671875|-1.129150390625|2.471923828125|0.091552734375|-1.0577724358974359|38.78498931623931|-41.783768315018314
2026-01-29 04:26:08.299046+00:00|34.42700488091913|37.61996230848894|36.235176003720994|34.44282279060934|35.26320410231705|-0.737548828125|0.533203125|-0.341064453125|-1.068115234375|2.44140625|-0.152587890625|-2.468135683760684|39.13758012820512|-40.764652014652015
2026-01-29 04:26:08.357947+00:00|34.43491367722072|37.62399575212635|36.21919531936169|34.43095923945805|35.27114847928999|-0.7373046875|0.53173828125|-0.34716796875|-1.3427734375|2.532958984375|-0.06103515625|-1.234067841880342|37.55092147435897|-39.915388431013426
2026-01-29 04:26:08.417552+00:00|34.43886819425512|37.6401307179994|36.22718545886414|34.43491367722072|35.26320410231705|-0.740234375|0.533447265625|-0.335205078125|-1.251220703125|2.471923828125|0.06103515625|-0.8814770299145299|36.49314903846154|-41.613915598290596
2026-01-29 04:26:08.476482+00:00|34.43886819425512|37.6401307179994|36.239171428282305|34.43095923945805|35.235401596007534|-0.743896484375|0.534423828125|-0.332763671875|-1.15966796875|2.50244140625|0.06103515625|-1.9392494658119657|38.608693910256406|-41.953621031746025
2026-01-29 04:26:08.535317+00:00|34.43886819425512|37.64416475755888|36.239171428282305|34.44677746633113|35.25526008288813|-0.740966796875|0.537841796875|-0.344482421875|-1.373291015625|2.349853515625|-0.06103515625|-2.8207264957264955|39.13758012820512|-40.764652014652015
2026-01-29 04:26:08.594212+00:00|34.44282279060934|37.648198916458966|36.239171428282305|34.44282279060934|35.26320410231705|-0.7451171875|0.537841796875|-0.337646484375|-1.434326171875|2.288818359375|0.0|-1.5866586538461538|38.256103098290595|-41.27421016483516
2026-01-29 04:26:08.653079+00:00|34.43886819425512|37.648198916458966|36.239171428282305|34.44677746633113|35.25923204793406|-0.740234375|0.53515625|-0.33349609375|-1.007080078125|2.105712890625|0.244140625|-1.9392494658119657|37.90351228632478|-40.5947992979243
2026-01-29 04:26:08.711943+00:00|34.43886819425512|37.64416475755888|36.235176003720994|34.45073222146874|35.25526008288813|-0.73974609375|0.5361328125|-0.33740234375|-1.28173828125|2.593994140625|-0.030517578125|-3.1733173076923076|38.4323985042735|-41.10435744810745
2026-01-29 04:26:08.770808+00:00|34.45073222146874|37.65223319475183|36.235176003720994|34.44677746633113|35.28703830743058|-0.744140625|0.53564453125|-0.3369140625|-1.40380859375|2.44140625|0.0|-1.9392494658119657|37.55092147435897|-40.93450473137973
2026-01-29 04:26:08.829690+00:00|34.45073222146874|37.66030210972389|36.235176003720994|34.44282279060934|35.275120801977664|-0.737060546875|0.533447265625|-0.333984375|-1.3427734375|2.410888671875|-0.030517578125|-1.4103632478632477|38.4323985042735|-41.44406288156288
2026-01-29 04:26:08.888656+00:00|34.44677746633113|37.66030210972389|36.239171428282305|34.45468705607004|35.28703830743058|-0.736083984375|0.533935546875|-0.343994140625|-1.40380859375|2.74658203125|0.1220703125|-0.8814770299145299|38.256103098290595|-42.29332646520146
2026-01-29 04:26:08.948101+00:00|34.45864197018301|37.664336746507445|36.24316695433225|34.45864197018301|35.27114847928999|-0.73828125|0.537109375|-0.3388671875|-1.251220703125|2.50244140625|-0.06103515625|-1.9392494658119657|39.313875534188035|-40.93450473137973
2026-01-29 04:26:09.007029+00:00|34.45073222146874|37.66030210972389|36.239171428282305|34.45073222146874|35.2790932141977|-0.737548828125|0.537841796875|-0.3408203125|-1.46484375|2.532958984375|-0.1220703125|-0.8814770299145299|36.84573985042735|-40.25509386446887
2026-01-29 04:26:09.065817+00:00|34.44282279060934|37.66030210972389|36.239171428282305|34.45864197018301|35.27114847928999|-0.740234375|0.534423828125|-0.342529296875|-1.251220703125|2.44140625|0.244140625|-1.4103632478632477|38.07980769230769|-42.12347374847374
2026-01-29 04:26:09.124749+00:00|34.45073222146874|37.66030210972389|36.247162581920804|34.46259696385579|35.2790932141977|-0.739013671875|0.535888671875|-0.33837890625|-1.15966796875|2.166748046875|0.152587890625|-1.4103632478632477|38.4323985042735|-41.44406288156288
2026-01-29 04:26:09.183592+00:00|34.46259696385579|37.66030210972389|36.235176003720994|34.45073222146874|35.24731642061249|-0.737548828125|0.534912109375|-0.338134765625|-1.373291015625|2.197265625|0.18310546875|-1.234067841880342|37.90351228632478|-41.27421016483516
2026-01-29 04:26:09.242329+00:00|34.46259696385579|37.67240637892996|36.24316695433225|34.45864197018301|35.26717624608608|-0.7392578125|0.535888671875|-0.33642578125|-1.28173828125|2.227783203125|-0.091552734375|-1.4103632478632477|38.4323985042735|-41.10435744810745
2026-01-29 04:26:09.301267+00:00|34.45864197018301|37.66837150289206|36.247162581920804|34.4705071900724|35.283065715999044|-0.73876953125|0.5361328125|-0.341552734375|-1.0986328125|2.38037109375|-0.213623046875|-0.8814770299145299|38.96128472222222|-40.93450473137973
2026-01-29 04:26:09.360068+00:00|34.45864197018301|37.67240637892996|36.25115831109781|34.46655203713624|35.2790932141977|-0.740234375|0.537109375|-0.33642578125|-1.129150390625|2.44140625|0.274658203125|-0.7051816239316239|38.4323985042735|-41.10435744810745
2026-01-29 04:26:09.419305+00:00|34.45468705607004|37.68047649017399|36.247162581920804|34.46655203713624|35.29101098854113|-0.7421875|0.538330078125|-0.34423828125|-1.708984375|2.410888671875|-0.3662109375|-1.9392494658119657|38.96128472222222|-40.93450473137973
2026-01-29 04:26:09.479199+00:00|34.45468705607004|37.67240637892996|36.24316695433225|34.47446242271235|35.28703830743058|-0.744384765625|0.53955078125|-0.347412109375|-1.556396484375|2.288818359375|0.0|-2.468135683760684|38.78498931623931|-41.783768315018314
2026-01-29 04:26:09.538068+00:00|34.46259696385579|37.67240637892996|36.247162581920804|34.4705071900724|35.283065715999044|-0.697021484375|0.518310546875|-0.327392578125|3.72314453125|1.77001953125|1.46484375|-0.8814770299145299|38.256103098290595|-41.27421016483516
2026-01-29 04:26:09.597176+00:00|34.46655203713624|37.67644137467329|36.239171428282305|34.46259696385579|35.28703830743058|-0.720947265625|0.52587890625|-0.326904296875|0.06103515625|2.166748046875|0.335693359375|-1.4103632478632477|39.49017094017094|-40.764652014652015
2026-01-29 04:26:09.656150+00:00|34.46655203713624|37.68854708065669|36.255154141913636|34.46259696385579|35.25923204793406|-0.74267578125|0.539794921875|-0.33984375|-1.40380859375|2.62451171875|0.06103515625|-1.5866586538461538|38.256103098290595|-41.613915598290596
2026-01-29 04:26:09.715044+00:00|34.46259696385579|37.68854708065669|36.255154141913636|34.47446242271235|35.275120801977664|-0.736328125|0.53369140625|-0.34228515625|-1.46484375|2.593994140625|0.0|-0.7051816239316239|38.78498931623931|-43.14259004884005
2026-01-29 04:26:09.773770+00:00|34.4705071900724|37.69661815079502|36.255154141913636|34.4705071900724|35.29498375937965|-0.737060546875|0.53759765625|-0.338623046875|-1.251220703125|2.655029296875|0.091552734375|-2.468135683760684|36.669444444444444|-40.764652014652015
2026-01-29 04:26:09.832777+00:00|34.4705071900724|37.69661815079502|36.255154141913636|34.478417735104074|35.275120801977664|-0.73779296875|0.539794921875|-0.348388671875|-1.251220703125|2.38037109375|-0.030517578125|-1.234067841880342|39.66646634615385|-41.613915598290596
2026-01-29 04:26:09.891565+00:00|34.46259696385579|37.69661815079502|36.26314610866115|34.47446242271235|35.283065715999044|-0.740478515625|0.53369140625|-0.333251953125|-0.946044921875|2.288818359375|-0.030517578125|-0.7051816239316239|38.78498931623931|-39.40583028083028
2026-01-29 04:26:09.950785+00:00|34.4705071900724|37.68854708065669|36.247162581920804|34.4705071900724|35.29498375937965|-0.7373046875|0.53662109375|-0.341796875|-1.373291015625|2.38037109375|0.213623046875|-0.7051816239316239|38.78498931623931|-41.783768315018314
2026-01-29 04:26:10.009893+00:00|34.478417735104074|37.70065386586566|36.24316695433225|34.46655203713624|35.26717624608608|-0.7392578125|0.533935546875|-0.342041015625|-1.220703125|2.50244140625|0.18310546875|-1.5866586538461538|38.96128472222222|-40.5947992979243
2026-01-29 04:26:10.069088+00:00|34.478417735104074|37.70065386586566|36.255154141913636|34.478417735104074|35.283065715999044|-0.739501953125|0.533447265625|-0.3359375|-1.373291015625|2.50244140625|0.030517578125|-2.9970219017094015|38.96128472222222|-41.613915598290596
2026-01-29 04:26:10.128282+00:00|34.48237312729566|37.70872565627013|36.25915007441802|34.486328599335025|35.28703830743058|-0.73779296875|0.537353515625|-0.33984375|-1.28173828125|2.349853515625|0.152587890625|-1.234067841880342|38.96128472222222|-42.6330318986569
2026-01-29 04:26:10.187328+00:00|34.478417735104074|37.71276173170867|36.26314610866115|34.48237312729566|35.2790932141977|-0.742919921875|0.5341796875|-0.34375|-1.190185546875|2.38037109375|-0.152587890625|-1.5866586538461538|37.19833066239316|-40.93450473137973
2026-01-29 04:26:10.246234+00:00|34.48237312729566|37.71276173170867|36.25915007441802|34.486328599335025|35.29895661999478|-0.740966796875|0.5341796875|-0.34326171875|-1.220703125|2.349853515625|-0.1220703125|-1.0577724358974359|38.78498931623931|-41.44406288156288
2026-01-29 04:26:10.305507+00:00|34.47446242271235|37.71276173170867|36.25915007441802|34.486328599335025|35.29101098854113|-0.737060546875|0.537109375|-0.34228515625|-1.190185546875|2.349853515625|0.1220703125|-1.234067841880342|37.55092147435897|-42.29332646520146
2026-01-29 04:26:10.364625+00:00|34.47446242271235|37.7046897010066|36.247162581920804|34.49028415127026|35.29101098854113|-0.740966796875|0.535888671875|-0.343994140625|-1.129150390625|2.410888671875|0.1220703125|-1.4103632478632477|38.78498931623931|-40.764652014652015
2026-01-29 04:26:10.424092+00:00|34.48237312729566|37.71276173170867|36.25115831109781|34.478417735104074|35.30690261075074|-0.741455078125|0.5341796875|-0.341796875|-1.251220703125|2.197265625|0.274658203125|-1.5866586538461538|37.90351228632478|-41.27421016483516
2026-01-29 04:26:10.483233+00:00|34.49028415127026|37.72487067959463|36.255154141913636|34.48237312729566|35.275120801977664|-0.737548828125|0.534912109375|-0.3408203125|-1.129150390625|2.44140625|-0.091552734375|-0.8814770299145299|39.313875534188035|-41.27421016483516
2026-01-29 04:26:10.542080+00:00|34.486328599335025|37.716797927374046|36.26314610866115|34.486328599335025|35.28703830743058|-0.738525390625|0.5341796875|-0.33837890625|-1.312255859375|2.44140625|0.0|-1.9392494658119657|37.19833066239316|-41.27421016483516
2026-01-29 04:26:10.601072+00:00|34.49028415127026|37.728907236254315|36.26714224469299|34.49423978314945|35.30690261075074|-0.744873046875|0.5341796875|-0.338623046875|-1.0986328125|2.38037109375|0.1220703125|-1.234067841880342|37.90351228632478|-41.27421016483516
2026-01-29 04:26:10.660416+00:00|34.49028415127026|37.728907236254315|36.26314610866115|34.49423978314945|35.29895661999478|-0.7392578125|0.53515625|-0.34228515625|-1.312255859375|2.471923828125|0.030517578125|-2.2918402777777778|37.90351228632478|-40.93450473137973
2026-01-29 04:26:10.719507+00:00|34.49028415127026|37.728907236254315|36.26714224469299|34.49819549502047|35.29101098854113|-0.744140625|0.53369140625|-0.344970703125|-1.007080078125|2.13623046875|0.0|-1.5866586538461538|39.313875534188035|-41.613915598290596
2026-01-29 04:26:10.778757+00:00|34.48237312729566|37.72487067959463|36.27113848256363|34.49819549502047|35.31484896120031|-0.73876953125|0.53466796875|-0.337890625|-1.220703125|2.227783203125|0.091552734375|-0.8814770299145299|38.608693910256406|-41.613915598290596
2026-01-29 04:26:10.837910+00:00|34.478417735104074|37.7329439133498|36.255154141913636|34.49819549502047|35.31484896120031|-0.739990234375|0.534423828125|-0.3291015625|-1.861572265625|2.593994140625|-0.06103515625|-0.8814770299145299|38.96128472222222|-40.93450473137973
2026-01-29 04:26:10.897181+00:00|34.49819549502047|37.7329439133498|36.255154141913636|34.48237312729566|35.28703830743058|-0.73681640625|0.53955078125|-0.3369140625|-1.03759765625|2.5634765625|0.06103515625|-1.4103632478632477|38.4323985042735|-40.764652014652015
2026-01-29 04:26:10.956516+00:00|34.49028415127026|37.73698071093327|36.27113848256363|34.478417735104074|35.275120801977664|-0.741943359375|0.53466796875|-0.34423828125|-1.068115234375|2.593994140625|0.1220703125|-1.5866586538461538|37.90351228632478|-40.93450473137973
2026-01-29 04:26:11.015570+00:00|34.49819549502047|37.741017629057126|36.27913126402126|34.502151286931564|35.28703830743058|-0.74169921875|0.534912109375|-0.34033203125|-1.251220703125|2.227783203125|0.06103515625|-1.234067841880342|38.256103098290595|-41.613915598290596
2026-01-29 04:26:11.074671+00:00|34.49819549502047|37.749091827134635|36.26714224469299|34.502151286931564|35.30292957043554|-0.734375|0.533935546875|-0.346435546875|-1.312255859375|2.471923828125|0.18310546875|-0.7051816239316239|38.78498931623931|-41.783768315018314
2026-01-29 04:26:11.133957+00:00|34.49819549502047|37.745054667773445|36.26314610866115|34.51006311106596|35.29895661999478|-0.734619140625|0.535888671875|-0.341552734375|-1.190185546875|2.5634765625|0.06103515625|-1.7629540598290598|38.78498931623931|-41.783768315018314
2026-01-29 04:26:11.192932+00:00|34.49028415127026|37.745054667773445|36.28312780770858|34.49819549502047|35.31087574098939|-0.74560546875|0.537841796875|-0.338134765625|-1.251220703125|2.288818359375|0.18310546875|-1.7629540598290598|38.4323985042735|-41.44406288156288
2026-01-29 04:26:11.251900+00:00|34.49028415127026|37.745054667773445|36.27113848256363|34.50610715893072|35.31087574098939|-0.735595703125|0.53369140625|-0.342529296875|-1.129150390625|2.44140625|0.091552734375|-0.8814770299145299|37.90351228632478|-41.953621031746025
2026-01-29 04:26:11.311133+00:00|34.49819549502047|37.745054667773445|36.27113848256363|34.49423978314945|35.29895661999478|-0.740234375|0.537109375|-0.34375|-0.762939453125|2.50244140625|0.06103515625|-1.5866586538461538|37.90351228632478|-40.5947992979243
2026-01-29 04:26:11.370120+00:00|34.50610715893072|37.75716650800041|36.26714224469299|34.49423978314945|35.29498375937965|-0.73974609375|0.533935546875|-0.342041015625|-0.9765625|2.288818359375|-0.1220703125|-0.35259081196581193|38.78498931623931|-40.764652014652015
2026-01-29 04:26:11.429507+00:00|34.502151286931564|37.76120402960947|36.27113848256363|34.502151286931564|35.29895661999478|-0.73828125|0.53466796875|-0.336181640625|-1.251220703125|2.5634765625|0.152587890625|-0.5288862179487179|38.608693910256406|-39.915388431013426
2026-01-29 04:26:11.488465+00:00|34.502151286931564|37.76120402960947|36.27113848256363|34.50610715893072|35.31882227143217|-0.737060546875|0.534423828125|-0.337890625|-1.3427734375|2.777099609375|0.0|-2.468135683760684|39.49017094017094|-40.764652014652015
2026-01-29 04:26:11.547410+00:00|34.50610715893072|37.76120402960947|36.28312780770858|34.51006311106596|35.31882227143217|-0.740478515625|0.535888671875|-0.3408203125|-1.068115234375|2.471923828125|0.335693359375|-2.468135683760684|37.022035256410255|-42.12347374847374
2026-01-29 04:26:11.606402+00:00|34.502151286931564|37.77735532510707|36.28312780770858|34.502151286931564|35.30292957043554|-0.734375|0.5361328125|-0.347412109375|-1.03759765625|2.38037109375|0.213623046875|-1.5866586538461538|38.608693910256406|-41.613915598290596
2026-01-29 04:26:11.665525+00:00|34.502151286931564|37.76120402960947|36.28312780770858|34.51006311106596|35.31484896120031|-0.74169921875|0.532470703125|-0.337890625|-1.220703125|2.38037109375|-0.091552734375|-1.4103632478632477|38.78498931623931|-41.10435744810745
2026-01-29 04:26:11.723985+00:00|34.49819549502047|37.75716650800041|36.26714224469299|34.51006311106596|35.31882227143217|-0.73974609375|0.534423828125|-0.332275390625|-1.007080078125|2.74658203125|0.274658203125|-1.9392494658119657|37.55092147435897|-40.93450473137973
2026-01-29 04:26:11.782857+00:00|34.502151286931564|37.77735532510707|36.27913126402126|34.50610715893072|35.30690261075074|-0.739990234375|0.5390625|-0.347900390625|-1.40380859375|2.5634765625|0.06103515625|-1.9392494658119657|37.55092147435897|-40.93450473137973
2026-01-29 04:26:11.841854+00:00|34.50610715893072|37.77735532510707|36.28312780770858|34.51006311106596|35.31087574098939|-0.740966796875|0.539306640625|-0.3369140625|-1.220703125|2.410888671875|0.213623046875|-1.9392494658119657|37.55092147435897|-41.613915598290596
2026-01-29 04:26:11.900788+00:00|34.51006311106596|37.78139345150822|36.275134822323025|34.51006311106596|35.31882227143217|-0.73779296875|0.5390625|-0.334716796875|-1.0986328125|2.44140625|0.091552734375|-1.9392494658119657|38.256103098290595|-40.5947992979243
2026-01-29 04:26:11.959876+00:00|34.51006311106596|37.77735532510707|36.28312780770858|34.51006311106596|35.30292957043554|-0.74267578125|0.530517578125|-0.333251953125|-1.40380859375|2.197265625|0.1220703125|-0.5288862179487179|39.313875534188035|-41.27421016483516
2026-01-29 04:26:12.018394+00:00|34.502151286931564|37.773317319768864|36.28312780770858|34.514019143385326|35.346637967753395|-0.740478515625|0.53125|-0.34521484375|-1.007080078125|2.44140625|-0.18310546875|-2.1155448717948717|36.669444444444444|-41.44406288156288
2026-01-29 04:26:12.078146+00:00|34.502151286931564|37.773317319768864|36.27913126402126|34.514019143385326|35.32279567173413|-0.735595703125|0.53564453125|-0.338623046875|-1.46484375|2.532958984375|0.152587890625|-1.5866586538461538|38.256103098290595|-40.93450473137973
2026-01-29 04:26:12.137502+00:00|34.50610715893072|37.773317319768864|36.27113848256363|34.502151286931564|35.29498375937965|-0.73974609375|0.539306640625|-0.342041015625|-1.251220703125|2.593994140625|-0.030517578125|-0.8814770299145299|38.256103098290595|-41.27421016483516
2026-01-29 04:26:12.196268+00:00|34.50610715893072|37.78139345150822|36.27913126402126|34.50610715893072|35.31484896120031|-0.740234375|0.535400390625|-0.333740234375|-1.220703125|2.532958984375|-0.06103515625|-1.0577724358974359|37.72721688034188|-41.10435744810745
2026-01-29 04:26:12.255106+00:00|34.51006311106596|37.78139345150822|36.28312780770858|34.51797525593685|35.31882227143217|-0.7392578125|0.537109375|-0.34228515625|-1.3427734375|2.5634765625|0.1220703125|-1.0577724358974359|38.78498931623931|-41.44406288156288
2026-01-29 04:26:12.313899+00:00|34.514019143385326|37.79350855761271|36.28312780770858|34.514019143385326|35.30292957043554|-0.7392578125|0.54052734375|-0.338134765625|-1.129150390625|2.197265625|0.335693359375|-1.4103632478632477|37.72721688034188|-39.74553571428571
2026-01-29 04:26:12.372827+00:00|34.514019143385326|37.79754716878904|36.28712445343473|34.514019143385326|35.330742742743496|-0.736083984375|0.536865234375|-0.33642578125|-1.251220703125|2.38037109375|0.030517578125|-0.35259081196581193|38.07980769230769|-42.12347374847374
2026-01-29 04:26:12.431661+00:00|34.502151286931564|37.789470067708805|36.28712445343473|34.514019143385326|35.330742742743496|-0.739501953125|0.533935546875|-0.33642578125|-1.3427734375|2.38037109375|0.06103515625|-1.4103632478632477|38.4323985042735|-41.10435744810745
2026-01-29 04:26:12.490558+00:00|34.502151286931564|37.78543169902463|36.275134822323025|34.514019143385326|35.31484896120031|-0.73486328125|0.53564453125|-0.337890625|-1.312255859375|2.410888671875|0.06103515625|-2.64443108974359|38.96128472222222|-41.613915598290596
2026-01-29 04:26:12.549586+00:00|34.502151286931564|37.801585901289855|36.28312780770858|34.514019143385326|35.31484896120031|-0.7421875|0.533935546875|-0.34033203125|-1.15966796875|2.288818359375|-0.030517578125|-1.7629540598290598|37.72721688034188|-41.783768315018314
2026-01-29 04:26:12.608275+00:00|34.51006311106596|37.801585901289855|36.29112120124995|34.51797525593685|35.32279567173413|-0.738525390625|0.53369140625|-0.34033203125|-1.434326171875|2.288818359375|0.152587890625|-0.8814770299145299|38.256103098290595|-42.29332646520146
2026-01-29 04:26:12.667109+00:00|34.51006311106596|37.80562475516774|36.28312780770858|34.51797525593685|35.32676916215485|-0.736328125|0.536865234375|-0.341552734375|-1.190185546875|2.3193359375|0.091552734375|-1.0577724358974359|37.37462606837607|-41.44406288156288
2026-01-29 04:26:12.725587+00:00|34.51006311106596|37.80562475516774|36.29511805120433|34.521931448768726|35.33471641354873|-0.74365234375|0.53271484375|-0.3359375|-1.312255859375|2.38037109375|0.0|-0.5288862179487179|38.256103098290595|-40.93450473137973
2026-01-29 04:26:12.785156+00:00|34.50610715893072|37.80562475516774|36.29112120124995|34.51797525593685|35.32279567173413|-0.740478515625|0.538330078125|-0.337890625|-1.3427734375|2.44140625|0.30517578125|-0.7051816239316239|38.4323985042735|-41.44406288156288
2026-01-29 04:26:12.844811+00:00|34.502151286931564|37.801585901289855|36.28712445343473|34.51797525593685|35.31484896120031|-0.73486328125|0.535400390625|-0.34033203125|-1.068115234375|2.471923828125|0.091552734375|-0.17629540598290597|38.256103098290595|-41.953621031746025
2026-01-29 04:26:12.903583+00:00|34.502151286931564|37.80562475516774|36.28312780770858|34.514019143385326|35.3386901746195|-0.742919921875|0.534423828125|-0.33642578125|-0.885009765625|2.288818359375|0.030517578125|-1.0577724358974359|38.4323985042735|-41.44406288156288
2026-01-29 04:26:12.962693+00:00|34.525887721928825|37.821781385495626|36.29511805120433|34.51006311106596|35.32279567173413|-0.739990234375|0.536376953125|-0.333740234375|-1.190185546875|2.5634765625|0.091552734375|-1.9392494658119657|36.84573985042735|-42.29332646520146
2026-01-29 04:26:13.021794+00:00|34.51797525593685|37.81774204558644|36.30311205773086|34.514019143385326|35.31087574098939|-0.738037109375|0.536376953125|-0.344482421875|-1.0986328125|2.349853515625|0.244140625|-0.17629540598290597|38.96128472222222|-41.953621031746025
2026-01-29 04:26:13.081522+00:00|34.514019143385326|37.813702827263626|36.299115003347936|34.51797525593685|35.30292957043554|-0.74462890625|0.5322265625|-0.3349609375|-1.0986328125|2.227783203125|-0.06103515625|-1.4103632478632477|39.49017094017094|-42.80288461538461
2026-01-29 04:26:13.140743+00:00|34.51797525593685|37.81774204558644|36.299115003347936|34.514019143385326|35.330742742743496|-0.740234375|0.54052734375|-0.341064453125|-1.15966796875|2.44140625|0.030517578125|-1.7629540598290598|37.37462606837607|-40.764652014652015
2026-01-29 04:26:13.200058+00:00|34.51797525593685|37.82582084704359|36.299115003347936|34.521931448768726|35.3386901746195|-0.7373046875|0.536376953125|-0.35107421875|-1.251220703125|2.349853515625|0.274658203125|-1.4103632478632477|37.72721688034188|-41.10435744810745
2026-01-29 04:26:13.259819+00:00|34.51006311106596|37.82582084704359|36.29511805120433|34.51797525593685|35.32279567173413|-0.740478515625|0.53466796875|-0.333740234375|-1.068115234375|2.105712890625|0.1220703125|0.17629540598290597|38.96128472222222|-42.29332646520146
2026-01-29 04:26:13.319147+00:00|34.514019143385326|37.82582084704359|36.29511805120433|34.525887721928825|35.330742742743496|-0.73876953125|0.5400390625|-0.335205078125|-1.52587890625|2.593994140625|0.335693359375|-2.2918402777777778|37.55092147435897|-40.93450473137973
2026-01-29 04:26:13.378084+00:00|34.514019143385326|37.81774204558644|36.29511805120433|34.525887721928825|35.31087574098939|-0.7373046875|0.539306640625|-0.349609375|-1.220703125|2.532958984375|0.152587890625|-1.7629540598290598|38.07980769230769|-42.463179181929185
2026-01-29 04:26:13.437980+00:00|34.521931448768726|37.81774204558644|36.29112120124995|34.51006311106596|35.3386901746195|-0.740966796875|0.534912109375|-0.3408203125|-1.007080078125|2.3193359375|-0.030517578125|-1.5866586538461538|38.608693910256406|-40.5947992979243
2026-01-29 04:26:13.498030+00:00|34.525887721928825|37.821781385495626|36.29511805120433|34.51797525593685|35.34266402600474|-0.73876953125|0.534423828125|-0.335205078125|-1.495361328125|2.593994140625|0.030517578125|-1.5866586538461538|37.19833066239316|-40.93450473137973
2026-01-29 04:26:13.557253+00:00|34.521931448768726|37.82986043028262|36.29112120124995|34.514019143385326|35.32676916215485|-0.73583984375|0.538818359375|-0.34423828125|-1.190185546875|2.38037109375|0.030517578125|-1.5866586538461538|37.90351228632478|-41.27421016483516
2026-01-29 04:26:13.616526+00:00|34.529844075465405|37.83793996204372|36.30311205773086|34.525887721928825|35.32279567173413|-0.744873046875|0.534423828125|-0.333984375|-1.03759765625|2.197265625|0.06103515625|-1.7629540598290598|38.78498931623931|-40.08524114774115
2026-01-29 04:26:13.675700+00:00|34.51797525593685|37.83793996204372|36.30311205773086|34.521931448768726|35.35061199991435|-0.744384765625|0.5380859375|-0.332763671875|-1.03759765625|2.593994140625|0.1220703125|-1.4103632478632477|38.07980769230769|-41.44406288156288
2026-01-29 04:26:13.734904+00:00|34.53380050942644|37.83390013526525|36.30710921440311|34.529844075465405|35.330742742743496|-0.736572265625|0.536376953125|-0.343505859375|-1.068115234375|2.50244140625|0.152587890625|0.0|38.78498931623931|-41.783768315018314
2026-01-29 04:26:13.794004+00:00|34.521931448768726|37.83793996204372|36.299115003347936|34.525887721928825|35.330742742743496|-0.74072265625|0.534912109375|-0.337890625|-1.068115234375|2.3193359375|-0.213623046875|0.35259081196581193|37.72721688034188|-41.10435744810745
2026-01-29 04:26:13.853078+00:00|34.51797525593685|37.82986043028262|36.30311205773086|34.53380050942644|35.330742742743496|-0.74365234375|0.530517578125|-0.34326171875|-1.190185546875|2.410888671875|0.30517578125|-0.8814770299145299|38.608693910256406|-40.93450473137973
2026-01-29 04:26:13.912082+00:00|34.521931448768726|37.83390013526525|36.29112120124995|34.53380050942644|35.35856033566898|-0.7373046875|0.533935546875|-0.3466796875|-1.251220703125|2.5634765625|0.1220703125|-1.9392494658119657|37.90351228632478|-42.97273733211233
2026-01-29 04:26:13.971110+00:00|34.521931448768726|37.83793996204372|36.29511805120433|34.521931448768726|35.346637967753395|-0.736083984375|0.53466796875|-0.344482421875|-1.03759765625|2.288818359375|-0.06103515625|-1.4103632478632477|39.13758012820512|-41.44406288156288
2026-01-29 04:26:14.030029+00:00|34.53380050942644|37.84197991067043|36.30710921440311|34.521931448768726|35.31484896120031|-0.73681640625|0.538330078125|-0.333251953125|-1.129150390625|2.5634765625|0.18310546875|-1.7629540598290598|37.37462606837607|-40.42494658119658
2026-01-29 04:26:14.089011+00:00|34.529844075465405|37.84197991067043|36.31110647341478|34.537757023860024|35.34266402600474|-0.7412109375|0.53271484375|-0.348876953125|-0.823974609375|2.349853515625|-0.18310546875|-0.8814770299145299|37.55092147435897|-40.93450473137973
2026-01-29 04:26:14.148266+00:00|34.529844075465405|37.846019981198026|36.30311205773086|34.541713618814185|35.32676916215485|-0.73681640625|0.534423828125|-0.34228515625|-1.495361328125|2.166748046875|-0.1220703125|-2.8207264957264955|39.13758012820512|-41.10435744810745
2026-01-29 04:26:14.207286+00:00|34.525887721928825|37.846019981198026|36.315103834816114|34.541713618814185|35.346637967753395|-0.7421875|0.53564453125|-0.334716796875|-1.190185546875|2.471923828125|0.244140625|-1.4103632478632477|39.49017094017094|-41.10435744810745
2026-01-29 04:26:14.266078+00:00|34.525887721928825|37.83793996204372|36.31110647341478|34.537757023860024|35.33471641354873|-0.734375|0.536865234375|-0.34375|-1.220703125|2.197265625|-0.030517578125|-1.5866586538461538|37.90351228632478|-40.25509386446887
2026-01-29 04:26:14.325073+00:00|34.521931448768726|37.83793996204372|36.30311205773086|34.529844075465405|35.346637967753395|-0.739013671875|0.53662109375|-0.33935546875|-1.190185546875|2.105712890625|0.091552734375|-0.35259081196581193|38.78498931623931|-41.44406288156288
2026-01-29 04:26:14.384001+00:00|34.53380050942644|37.84197991067043|36.30311205773086|34.521931448768726|35.32279567173413|-0.7451171875|0.53759765625|-0.339599609375|-1.251220703125|2.166748046875|0.1220703125|-1.5866586538461538|37.90351228632478|-41.953621031746025
2026-01-29 04:26:14.442812+00:00|34.53380050942644|37.846019981198026|36.315103834816114|34.53380050942644|35.34266402600474|-0.74169921875|0.5361328125|-0.34326171875|-1.190185546875|2.532958984375|0.091552734375|-1.0577724358974359|37.72721688034188|-41.44406288156288
2026-01-29 04:26:14.501750+00:00|34.53380050942644|37.846019981198026|36.30710921440311|34.541713618814185|35.36650903365984|-0.73974609375|0.536376953125|-0.340087890625|-1.46484375|2.410888671875|0.091552734375|-1.7629540598290598|38.4323985042735|-40.42494658119658
2026-01-29 04:26:14.560909+00:00|34.529844075465405|37.846019981198026|36.31110647341478|34.537757023860024|35.346637967753395|-0.7392578125|0.534912109375|-0.341796875|-1.15966796875|2.197265625|0.091552734375|-0.7051816239316239|37.72721688034188|-41.783768315018314
2026-01-29 04:26:14.619822+00:00|34.529844075465405|37.85006017367874|36.315103834816114|34.54567029433713|35.346637967753395|-0.738525390625|0.538330078125|-0.3359375|-0.79345703125|2.471923828125|0.1220703125|-2.468135683760684|38.4323985042735|-41.783768315018314
2026-01-29 04:26:14.678791+00:00|34.525887721928825|37.84197991067043|36.31110647341478|34.541713618814185|35.346637967753395|-0.73779296875|0.53662109375|-0.3427734375|-1.251220703125|2.410888671875|-0.030517578125|-1.0577724358974359|38.07980769230769|-40.08524114774115
2026-01-29 04:26:14.737811+00:00|34.537757023860024|37.84197991067043|36.31110647341478|34.53380050942644|35.37843276069583|-0.74072265625|0.53466796875|-0.3427734375|-1.03759765625|2.166748046875|0.213623046875|-1.5866586538461538|38.96128472222222|-42.97273733211233
2026-01-29 04:26:14.796816+00:00|34.541713618814185|37.854100488165045|36.30710921440311|34.53380050942644|35.32279567173413|-0.7412109375|0.537841796875|-0.330322265625|-1.28173828125|2.685546875|0.1220703125|-1.7629540598290598|38.4323985042735|-40.08524114774115
2026-01-29 04:26:14.855731+00:00|34.541713618814185|37.85006017367874|36.31910129865713|34.541713618814185|35.330742742743496|-0.7412109375|0.535888671875|-0.340576171875|-1.251220703125|2.532958984375|0.152587890625|-1.5866586538461538|37.55092147435897|-41.613915598290596
2026-01-29 04:26:14.914626+00:00|34.537757023860024|37.846019981198026|36.315103834816114|34.54567029433713|35.33471641354873|-0.7373046875|0.5361328125|-0.340087890625|-1.129150390625|2.349853515625|0.244140625|-1.0577724358974359|39.13758012820512|-42.12347374847374
2026-01-29 04:26:14.974164+00:00|34.541713618814185|37.854100488165045|36.31910129865713|34.549627050476886|35.346637967753395|-0.740234375|0.536865234375|-0.332275390625|-1.3427734375|2.410888671875|0.0|-1.234067841880342|39.313875534188035|-40.5947992979243
2026-01-29 04:26:15.033503+00:00|34.54567029433713|37.85006017367874|36.315103834816114|34.54567029433713|35.35061199991435|-0.737548828125|0.53857421875|-0.341796875|-0.946044921875|2.593994140625|0.152587890625|-0.35259081196581193|37.72721688034188|-40.764652014652015
2026-01-29 04:26:15.092846+00:00|34.529844075465405|37.85006017367874|36.323098864987855|34.54567029433713|35.36650903365984|-0.735595703125|0.535400390625|-0.34326171875|-1.3427734375|2.3193359375|0.030517578125|-1.5866586538461538|38.608693910256406|-41.27421016483516
2026-01-29 04:26:15.152201+00:00|34.53380050942644|37.84197991067043|36.30710921440311|34.541713618814185|35.3545861225366|-0.74560546875|0.536865234375|-0.332275390625|-1.373291015625|2.50244140625|-0.091552734375|-0.8814770299145299|37.55092147435897|-40.93450473137973
2026-01-29 04:26:15.210697+00:00|34.54567029433713|37.846019981198026|36.31910129865713|34.54567029433713|35.362534639360376|-0.738037109375|0.536376953125|-0.341796875|-1.3427734375|2.62451171875|-0.091552734375|-2.2918402777777778|38.256103098290595|-39.23597756410256
2026-01-29 04:26:15.270111+00:00|34.54567029433713|37.85006017367874|36.323098864987855|34.54567029433713|35.34266402600474|-0.739013671875|0.537841796875|-0.35009765625|-1.312255859375|2.349853515625|-0.152587890625|-2.2918402777777778|37.90351228632478|-41.613915598290596
2026-01-29 04:26:15.329520+00:00|34.54567029433713|37.85006017367874|36.32709653385854|34.55358388728149|35.35061199991435|-0.7470703125|0.53369140625|-0.337158203125|-1.373291015625|2.105712890625|0.152587890625|-1.7629540598290598|38.78498931623931|-41.44406288156288
2026-01-29 04:26:15.388488+00:00|34.549627050476886|37.85006017367874|36.323098864987855|34.55754080479909|35.362534639360376|-0.741943359375|0.535400390625|-0.336181640625|-1.312255859375|2.5634765625|0.18310546875|-2.1155448717948717|39.49017094017094|-40.764652014652015
2026-01-29 04:26:15.447676+00:00|34.54567029433713|37.846019981198026|36.323098864987855|34.55358388728149|35.3545861225366|-0.734375|0.5390625|-0.343017578125|-1.495361328125|2.288818359375|0.30517578125|-2.1155448717948717|37.72721688034188|-41.10435744810745
2026-01-29 04:26:15.507041+00:00|34.541713618814185|37.858140924709176|36.323098864987855|34.549627050476886|35.37048351861631|-0.73486328125|0.533203125|-0.340576171875|-1.15966796875|2.166748046875|-0.244140625|-2.468135683760684|39.13758012820512|-40.764652014652015
2026-01-29 04:26:15.565553+00:00|34.537757023860024|37.84197991067043|36.323098864987855|34.56149780307783|35.3545861225366|-0.740478515625|0.53515625|-0.333984375|-1.40380859375|2.50244140625|0.1220703125|-0.5288862179487179|37.90351228632478|-42.29332646520146
2026-01-29 04:26:15.624375+00:00|34.549627050476886|37.846019981198026|36.323098864987855|34.54567029433713|35.3545861225366|-0.73486328125|0.537353515625|-0.3427734375|-1.40380859375|2.5634765625|-0.030517578125|-2.2918402777777778|38.608693910256406|-40.93450473137973
2026-01-29 04:26:15.683048+00:00|34.55754080479909|37.846019981198026|36.323098864987855|34.549627050476886|35.3386901746195|-0.737060546875|0.5390625|-0.345703125|-1.0986328125|2.3193359375|0.244140625|-1.4103632478632477|38.78498931623931|-40.42494658119658
2026-01-29 04:26:15.742045+00:00|34.549627050476886|37.84197991067043|36.323098864987855|34.55358388728149|35.346637967753395|-0.746337890625|0.534423828125|-0.334228515625|-0.9765625|2.288818359375|-0.152587890625|-1.5866586538461538|38.256103098290595|-41.613915598290596
2026-01-29 04:26:15.800822+00:00|34.55754080479909|37.846019981198026|36.331094305319255|34.55754080479909|35.35856033566898|-0.737548828125|0.53857421875|-0.337646484375|-1.28173828125|2.50244140625|0.030517578125|-1.7629540598290598|38.07980769230769|-40.764652014652015
2026-01-29 04:26:15.859830+00:00|34.55358388728149|37.846019981198026|36.32709653385854|34.56149780307783|35.35856033566898|-0.736572265625|0.533935546875|-0.34619140625|-1.129150390625|2.288818359375|0.335693359375|-1.234067841880342|38.256103098290595|-41.953621031746025
2026-01-29 04:26:15.919115+00:00|34.549627050476886|37.83793996204372|36.323098864987855|34.56149780307783|35.35856033566898|-0.73876953125|0.5341796875|-0.332763671875|-1.312255859375|2.288818359375|-0.1220703125|-0.7051816239316239|38.07980769230769|-40.42494658119658
2026-01-29 04:26:15.978159+00:00|34.55358388728149|37.84197991067043|36.31910129865713|34.56149780307783|35.35856033566898|-0.735595703125|0.537841796875|-0.338623046875|-1.373291015625|2.44140625|0.213623046875|-1.234067841880342|38.256103098290595|-40.25509386446887
2026-01-29 04:26:16.037205+00:00|34.55754080479909|37.83793996204372|36.31910129865713|34.54567029433713|35.3386901746195|-0.73974609375|0.534912109375|-0.34814453125|-1.129150390625|2.44140625|0.30517578125|-1.9392494658119657|38.608693910256406|-41.613915598290596
2026-01-29 04:26:16.096233+00:00|34.55754080479909|37.85006017367874|36.331094305319255|34.55358388728149|35.3545861225366|-0.741455078125|0.538818359375|-0.340576171875|-1.3427734375|2.44140625|-0.030517578125|-1.234067841880342|40.72423878205128|-41.27421016483516
2026-01-29 04:26:16.155262+00:00|34.56545488216574|37.85006017367874|36.33509217942009|34.56545488216574|35.35061199991435|-0.743408203125|0.53369140625|-0.341552734375|-1.190185546875|2.471923828125|0.06103515625|-1.7629540598290598|38.4323985042735|-40.08524114774115
2026-01-29 04:26:16.214258+00:00|34.56149780307783|37.846019981198026|36.33509217942009|34.56149780307783|35.346637967753395|-0.733154296875|0.5400390625|-0.341796875|-1.434326171875|2.38037109375|-0.030517578125|-2.2918402777777778|38.256103098290595|-40.93450473137973
2026-01-29 04:26:16.273370+00:00|34.56545488216574|37.846019981198026|36.33509217942009|34.573369282961494|35.362534639360376|-0.745849609375|0.537841796875|-0.337646484375|-0.8544921875|2.50244140625|-0.1220703125|-1.0577724358974359|37.37462606837607|-41.44406288156288
2026-01-29 04:26:16.332424+00:00|34.55754080479909|37.84197991067043|36.33509217942009|34.56149780307783|35.3545861225366|-0.7431640625|0.533935546875|-0.334228515625|-1.15966796875|2.410888671875|0.06103515625|-1.7629540598290598|38.07980769230769|-40.08524114774115
2026-01-29 04:26:16.391349+00:00|34.55754080479909|37.83390013526525|36.31910129865713|34.56545488216574|35.36650903365984|-0.732666015625|0.5380859375|-0.34814453125|-1.0986328125|2.25830078125|0.030517578125|-3.1733173076923076|38.07980769230769|-42.463179181929185
2026-01-29 04:26:16.450258+00:00|34.56149780307783|37.84197991067043|36.32709653385854|34.55358388728149|35.37048351861631|-0.736572265625|0.540283203125|-0.334228515625|-1.068115234375|2.532958984375|-0.030517578125|-2.1155448717948717|37.72721688034188|-40.42494658119658
2026-01-29 04:26:16.509221+00:00|34.56149780307783|37.846019981198026|36.33509217942009|34.56149780307783|35.33471641354873|-0.7451171875|0.533203125|-0.33203125|-0.9765625|2.716064453125|0.18310546875|-1.9392494658119657|37.55092147435897|-40.93450473137973
2026-01-29 04:26:16.568169+00:00|34.56545488216574|37.84197991067043|36.331094305319255|34.569412042110855|35.3545861225366|-0.73095703125|0.537109375|-0.345947265625|-1.129150390625|2.410888671875|0.030517578125|-1.7629540598290598|38.4323985042735|-40.42494658119658
2026-01-29 04:26:16.627271+00:00|34.569412042110855|37.846019981198026|36.33509217942009|34.55754080479909|35.36650903365984|-0.73779296875|0.5361328125|-0.34716796875|-0.9765625|2.44140625|0.213623046875|-0.8814770299145299|36.84573985042735|-40.93450473137973
2026-01-29 04:26:16.686357+00:00|34.56545488216574|37.84197991067043|36.33509217942009|34.573369282961494|35.37048351861631|-0.741455078125|0.533447265625|-0.329345703125|-1.5869140625|2.197265625|0.091552734375|-1.234067841880342|38.256103098290595|-41.953621031746025
2026-01-29 04:26:16.745524+00:00|34.55754080479909|37.83390013526525|36.33509217942009|34.56545488216574|35.3545861225366|-0.739501953125|0.53369140625|-0.340087890625|-1.556396484375|2.593994140625|0.244140625|-1.7629540598290598|37.022035256410255|-41.783768315018314
2026-01-29 04:26:16.804742+00:00|34.56149780307783|37.83390013526525|36.331094305319255|34.573369282961494|35.35856033566898|-0.7333984375|0.5390625|-0.3447265625|-1.251220703125|2.227783203125|0.030517578125|-0.5288862179487179|38.96128472222222|-39.57568299755799
2026-01-29 04:26:16.863799+00:00|34.56545488216574|37.83793996204372|36.32709653385854|34.56149780307783|35.346637967753395|-0.744873046875|0.537109375|-0.336181640625|-1.190185546875|2.166748046875|0.030517578125|-0.5288862179487179|38.256103098290595|-41.27421016483516
2026-01-29 04:26:16.922376+00:00|34.569412042110855|37.85006017367874|36.33909015621123|34.55754080479909|35.34266402600474|-0.7392578125|0.5341796875|-0.33349609375|-1.434326171875|2.532958984375|-0.030517578125|-1.4103632478632477|39.49017094017094|-41.10435744810745
2026-01-29 04:26:16.981463+00:00|34.573369282961494|37.846019981198026|36.34708641806492|34.57732660476563|35.37048351861631|-0.733642578125|0.53515625|-0.34814453125|-1.129150390625|2.349853515625|0.030517578125|-2.468135683760684|37.72721688034188|-40.42494658119658
2026-01-29 04:26:17.040219+00:00|34.56545488216574|37.85006017367874|36.34308823574281|34.581284007571355|35.37843276069583|-0.739013671875|0.538330078125|-0.3349609375|-1.0986328125|2.349853515625|-0.030517578125|-2.468135683760684|37.37462606837607|-41.10435744810745
2026-01-29 04:26:17.098963+00:00|34.573369282961494|37.854100488165045|36.34308823574281|34.581284007571355|35.37445809427868|-0.743408203125|0.53076171875|-0.333740234375|-1.28173828125|2.50244140625|0.1220703125|-3.5259081196581197|38.07980769230769|-41.783768315018314
2026-01-29 04:26:17.157856+00:00|34.56149780307783|37.83793996204372|36.34308823574281|34.57732660476563|35.37048351861631|-0.73583984375|0.53759765625|-0.345947265625|-1.15966796875|2.349853515625|-0.030517578125|-2.1155448717948717|39.84276175213675|-41.44406288156288
2026-01-29 04:26:17.216622+00:00|34.573369282961494|37.85006017367874|36.33909015621123|34.573369282961494|35.32279567173413|-0.739501953125|0.53759765625|-0.34912109375|-0.885009765625|2.25830078125|0.091552734375|-2.468135683760684|38.07980769230769|-41.10435744810745
2026-01-29 04:26:17.275601+00:00|34.573369282961494|37.854100488165045|36.34308823574281|34.56545488216574|35.346637967753395|-0.746337890625|0.5322265625|-0.332763671875|-1.28173828125|2.227783203125|0.152587890625|-1.4103632478632477|37.72721688034188|-40.08524114774115
2026-01-29 04:26:17.334415+00:00|34.581284007571355|37.858140924709176|36.34308823574281|34.57732660476563|35.3545861225366|-0.737548828125|0.533203125|-0.34765625|-1.46484375|2.593994140625|0.18310546875|-2.2918402777777778|38.608693910256406|-40.93450473137973
2026-01-29 04:26:17.393142+00:00|34.573369282961494|37.858140924709176|36.34708641806492|34.585241491426984|35.37048351861631|-0.735107421875|0.536865234375|-0.34423828125|-1.64794921875|2.349853515625|0.030517578125|-1.0577724358974359|38.4323985042735|-41.783768315018314
2026-01-29 04:26:17.452163+00:00|34.569412042110855|37.862181483363884|36.34708641806492|34.581284007571355|35.38240751791682|-0.7451171875|0.53369140625|-0.33544921875|-0.885009765625|2.38037109375|-0.30517578125|-1.234067841880342|37.90351228632478|-39.23597756410256
2026-01-29 04:26:17.511005+00:00|34.56149780307783|37.854100488165045|36.355083091281415|34.581284007571355|35.35856033566898|-0.742919921875|0.53271484375|-0.337646484375|-1.46484375|2.899169921875|0.091552734375|-1.0577724358974359|37.72721688034188|-42.12347374847374
2026-01-29 04:26:17.569921+00:00|34.569412042110855|37.858140924709176|36.34308823574281|34.573369282961494|35.35856033566898|-0.73486328125|0.535888671875|-0.341796875|-1.3427734375|2.13623046875|-0.091552734375|-0.35259081196581193|39.13758012820512|-40.42494658119658
2026-01-29 04:26:17.628787+00:00|34.581284007571355|37.862181483363884|36.34308823574281|34.569412042110855|35.37843276069583|-0.74072265625|0.53515625|-0.34033203125|-1.28173828125|2.38037109375|-0.1220703125|-2.1155448717948717|39.13758012820512|-41.44406288156288
2026-01-29 04:26:17.687603+00:00|34.573369282961494|37.862181483363884|36.34708641806492|34.581284007571355|35.36650903365984|-0.7451171875|0.53515625|-0.33349609375|-1.220703125|2.532958984375|0.42724609375|-2.468135683760684|38.07980769230769|-40.764652014652015
2026-01-29 04:26:17.746367+00:00|34.57732660476563|37.86622216418152|36.351084703227855|34.58919905638032|35.362534639360376|-0.734130859375|0.537109375|-0.35205078125|-1.434326171875|2.38037109375|-0.274658203125|-1.7629540598290598|39.13758012820512|-40.42494658119658
2026-01-29 04:26:17.805228+00:00|34.573369282961494|37.87026296721439|36.34708641806492|34.573369282961494|35.37048351861631|-0.739990234375|0.537353515625|-0.34033203125|-0.8544921875|1.89208984375|0.244140625|-1.0577724358974359|37.72721688034188|-41.44406288156288
2026-01-29 04:26:17.864058+00:00|34.56149780307783|37.862181483363884|36.355083091281415|34.581284007571355|35.36650903365984|-0.74462890625|0.5380859375|-0.328369140625|-0.885009765625|2.593994140625|0.030517578125|-1.7629540598290598|38.4323985042735|-40.42494658119658
2026-01-29 04:26:17.922755+00:00|34.56149780307783|37.862181483363884|36.34708641806492|34.573369282961494|35.37445809427868|-0.73681640625|0.535888671875|-0.343017578125|-1.28173828125|2.227783203125|-0.213623046875|-1.4103632478632477|38.78498931623931|-42.12347374847374
2026-01-29 04:26:17.981359+00:00|34.581284007571355|37.874303892515115|36.34708641806492|34.573369282961494|35.346637967753395|-0.73876953125|0.541259765625|-0.3408203125|-0.885009765625|2.471923828125|0.1220703125|-2.468135683760684|39.13758012820512|-40.08524114774115
2026-01-29 04:26:18.040450+00:00|34.569412042110855|37.86622216418152|36.355083091281415|34.573369282961494|35.37048351861631|-0.742431640625|0.5380859375|-0.334716796875|-1.28173828125|2.25830078125|0.30517578125|-1.4103632478632477|38.78498931623931|-40.764652014652015
2026-01-29 04:26:18.099288+00:00|34.57732660476563|37.87026296721439|36.351084703227855|34.585241491426984|35.38240751791682|-0.73828125|0.535400390625|-0.34326171875|-1.617431640625|2.685546875|0.335693359375|-0.35259081196581193|37.37462606837607|-41.10435744810745
2026-01-29 04:26:18.158187+00:00|34.585241491426984|37.878344940135946|36.355083091281415|34.58919905638032|35.35856033566898|-0.7353515625|0.538818359375|-0.347900390625|-1.3427734375|2.25830078125|0.30517578125|-1.5866586538461538|38.96128472222222|-40.93450473137973
2026-01-29 04:26:18.217261+00:00|34.573369282961494|37.878344940135946|36.35908158227625|34.58919905638032|35.36650903365984|-0.74267578125|0.5322265625|-0.332275390625|-1.15966796875|2.349853515625|0.030517578125|-0.17629540598290597|38.96128472222222|-42.29332646520146
2026-01-29 04:26:18.276249+00:00|34.569412042110855|37.87026296721439|36.351084703227855|34.58919905638032|35.39035730496602|-0.739990234375|0.5380859375|-0.340576171875|-1.46484375|2.74658203125|-0.030517578125|-1.234067841880342|37.19833066239316|-41.613915598290596
2026-01-29 04:26:18.335062+00:00|34.585241491426984|37.874303892515115|36.34308823574281|34.569412042110855|35.35856033566898|-0.73876953125|0.534423828125|-0.345458984375|-1.3427734375|2.44140625|-0.244140625|-1.5866586538461538|38.256103098290595|-42.29332646520146
2026-01-29 04:26:18.394699+00:00|34.581284007571355|37.878344940135946|36.355083091281415|34.57732660476563|35.37445809427868|-0.740966796875|0.534423828125|-0.335693359375|-1.434326171875|2.227783203125|-0.091552734375|-1.5866586538461538|37.55092147435897|-40.5947992979243
2026-01-29 04:26:18.453945+00:00|34.58919905638032|37.88642740254835|36.363080176262145|34.573369282961494|35.3545861225366|-0.74169921875|0.531494140625|-0.332275390625|-1.46484375|2.349853515625|-0.091552734375|-1.4103632478632477|38.4323985042735|-41.783768315018314
2026-01-29 04:26:18.513412+00:00|34.58919905638032|37.88238611012952|36.363080176262145|34.59315670247986|35.37048351861631|-0.734619140625|0.538818359375|-0.343017578125|-1.129150390625|2.471923828125|-0.152587890625|-2.468135683760684|37.72721688034188|-40.42494658119658
2026-01-29 04:26:18.572341+00:00|34.58919905638032|37.890468817444855|36.355083091281415|34.59315670247986|35.40625797086432|-0.737548828125|0.534423828125|-0.342529296875|-0.91552734375|2.25830078125|0.274658203125|0.35259081196581193|38.78498931623931|-41.10435744810745
2026-01-29 04:26:18.631323+00:00|34.57732660476563|37.890468817444855|36.35908158227625|34.58919905638032|35.35856033566898|-0.740478515625|0.533203125|-0.333984375|-1.15966796875|2.471923828125|-0.030517578125|-1.4103632478632477|38.07980769230769|-41.10435744810745
2026-01-29 04:26:18.690285+00:00|34.573369282961494|37.88238611012952|36.363080176262145|34.58919905638032|35.37048351861631|-0.73388671875|0.5380859375|-0.345947265625|-1.15966796875|2.38037109375|-0.06103515625|-2.468135683760684|38.4323985042735|-41.44406288156288
2026-01-29 04:26:18.750164+00:00|34.581284007571355|37.88238611012952|36.351084703227855|34.58919905638032|35.37048351861631|-0.73681640625|0.53564453125|-0.33837890625|-0.732421875|2.13623046875|-0.030517578125|-1.234067841880342|38.608693910256406|-41.27421016483516
2026-01-29 04:26:18.809135+00:00|34.58919905638032|37.89451035487161|36.35908158227625|34.581284007571355|35.38638236599053|-0.746337890625|0.533447265625|-0.332275390625|-0.946044921875|2.13623046875|0.1220703125|-2.468135683760684|36.31685363247863|-39.74553571428571
2026-01-29 04:26:18.868063+00:00|34.58919905638032|37.90259379752541|36.355083091281415|34.585241491426984|35.3386901746195|-0.7412109375|0.541015625|-0.34375|-1.3427734375|2.471923828125|-0.091552734375|-1.4103632478632477|38.4323985042735|-41.783768315018314
2026-01-29 04:26:18.927048+00:00|34.58919905638032|37.89451035487161|36.36707887328936|34.60107223830937|35.37843276069583|-0.7421875|0.541015625|-0.34375|-1.434326171875|2.593994140625|-0.1220703125|-1.7629540598290598|38.78498931623931|-42.12347374847374
2026-01-29 04:26:18.985612+00:00|34.59315670247986|37.90663570285761|36.36707887328936|34.60107223830937|35.362534639360376|-0.742919921875|0.531005859375|-0.33056640625|-1.03759765625|2.593994140625|-0.3662109375|-1.234067841880342|38.96128472222222|-41.27421016483516
2026-01-29 04:26:19.044695+00:00|34.597114429773455|37.90663570285761|36.363080176262145|34.597114429773455|35.38638236599053|-0.7421875|0.53125|-0.3359375|-1.495361328125|2.655029296875|0.06103515625|-1.9392494658119657|37.90351228632478|-39.57568299755799
2026-01-29 04:26:19.103625+00:00|34.57732660476563|37.90259379752541|36.36707887328936|34.60107223830937|35.39830745581793|-0.736572265625|0.53466796875|-0.345947265625|-1.251220703125|2.288818359375|0.1220703125|-2.1155448717948717|38.78498931623931|-41.783768315018314
2026-01-29 04:26:19.163030+00:00|34.58919905638032|37.90259379752541|36.363080176262145|34.60107223830937|35.39035730496602|-0.73974609375|0.53564453125|-0.333984375|-1.007080078125|2.38037109375|-0.152587890625|-0.17629540598290597|38.256103098290595|-41.613915598290596
2026-01-29 04:26:19.221929+00:00|34.59315670247986|37.89855201488086|36.363080176262145|34.585241491426984|35.39433233489211|-0.744873046875|0.535400390625|-0.330078125|-1.068115234375|2.3193359375|0.0|-1.9392494658119657|37.55092147435897|-41.953621031746025
2026-01-29 04:26:19.280793+00:00|34.597114429773455|37.91067773092993|36.36707887328936|34.60107223830937|35.362534639360376|-0.732666015625|0.537353515625|-0.344970703125|-1.220703125|2.197265625|0.274658203125|0.0|38.4323985042735|-41.44406288156288
2026-01-29 04:26:19.339911+00:00|34.60107223830937|37.91471988179512|36.36707887328936|34.60503012813575|35.37048351861631|-0.740966796875|0.539306640625|-0.345703125|-1.03759765625|2.288818359375|0.30517578125|-1.7629540598290598|38.07980769230769|-40.08524114774115
2026-01-29 04:26:19.398842+00:00|34.60503012813575|37.91471988179512|36.37107767340814|34.60503012813575|35.37445809427868|-0.744873046875|0.534423828125|-0.328857421875|-0.946044921875|2.349853515625|0.244140625|-2.64443108974359|37.19833066239316|-41.613915598290596
2026-01-29 04:26:19.458025+00:00|34.59315670247986|37.92280455211369|36.37107767340814|34.61294615185233|35.40228266779229|-0.737060546875|0.53857421875|-0.34228515625|-1.15966796875|2.410888671875|0.396728515625|-1.234067841880342|40.37164797008547|-41.27421016483516
2026-01-29 04:26:19.517532+00:00|34.585241491426984|37.91471988179512|36.375076576668675|34.60503012813575|35.37843276069583|-0.739013671875|0.534912109375|-0.3447265625|-1.0986328125|2.166748046875|0.213623046875|-1.234067841880342|38.96128472222222|-40.93450473137973
2026-01-29 04:26:19.576412+00:00|34.585241491426984|37.91471988179512|36.35908158227625|34.60503012813575|35.38638236599053|-0.7470703125|0.53125|-0.330078125|-1.220703125|2.288818359375|-0.152587890625|-1.7629540598290598|38.07980769230769|-41.44406288156288
2026-01-29 04:26:19.635319+00:00|34.60107223830937|37.92684707167217|36.363080176262145|34.60107223830937|35.362534639360376|-0.735595703125|0.53857421875|-0.34375|-1.556396484375|2.349853515625|0.0|-1.9392494658119657|37.90351228632478|-40.93450473137973
2026-01-29 04:26:19.694182+00:00|34.60107223830937|37.92684707167217|36.37107767340814|34.59315670247986|35.37445809427868|-0.735595703125|0.537353515625|-0.342529296875|-1.190185546875|2.471923828125|0.091552734375|-1.7629540598290598|38.78498931623931|-41.783768315018314
2026-01-29 04:26:19.753294+00:00|34.60107223830937|37.9308897142335|36.37907558312111|34.61294615185233|35.38240751791682|-0.7431640625|0.533935546875|-0.328369140625|-1.129150390625|2.197265625|-0.213623046875|-1.9392494658119657|37.55092147435897|-40.93450473137973
2026-01-29 04:26:19.812299+00:00|34.61294615185233|37.9308897142335|36.37907558312111|34.60898809930063|35.37445809427868|-0.741455078125|0.532958984375|-0.3427734375|-1.40380859375|2.5634765625|0.274658203125|-1.0577724358974359|38.07980769230769|-42.12347374847374
2026-01-29 04:26:19.871062+00:00|34.60898809930063|37.9308897142335|36.383074692815626|34.620862501308466|35.39433233489211|-0.735595703125|0.53955078125|-0.342529296875|-1.15966796875|2.44140625|0.0|-0.7051816239316239|37.72721688034188|-40.42494658119658
2026-01-29 04:26:19.929941+00:00|34.59315670247986|37.92684707167217|36.375076576668675|34.60503012813575|35.36650903365984|-0.73974609375|0.534912109375|-0.3359375|-1.129150390625|2.410888671875|-0.18310546875|-1.7629540598290598|38.4323985042735|-41.783768315018314
2026-01-29 04:26:19.989000+00:00|34.60503012813575|37.93493247985043|36.37107767340814|34.60898809930063|35.37843276069583|-0.74267578125|0.532470703125|-0.331787109375|-1.220703125|2.288818359375|0.18310546875|-1.5866586538461538|37.55092147435897|-41.27421016483516
2026-01-29 04:26:20.048192+00:00|34.60898809930063|37.94706151555948|36.37107767340814|34.597114429773455|35.38240751791682|-0.735595703125|0.537353515625|-0.34423828125|-1.251220703125|2.166748046875|0.244140625|-1.234067841880342|38.96128472222222|-42.29332646520146
2026-01-29 04:26:20.107436+00:00|34.61294615185233|37.94706151555948|36.383074692815626|34.60898809930063|35.39433233489211|-0.741455078125|0.535888671875|-0.346435546875|-1.068115234375|2.166748046875|0.18310546875|-1.5866586538461538|38.256103098290595|-41.613915598290596
2026-01-29 04:26:20.166468+00:00|34.60898809930063|37.95110477392387|36.37907558312111|34.61690428583887|35.37843276069583|-0.738037109375|0.532958984375|-0.3388671875|-0.91552734375|2.13623046875|0.213623046875|0.8814770299145299|37.55092147435897|-41.27421016483516
2026-01-29 04:26:20.225779+00:00|34.61294615185233|37.95110477392387|36.383074692815626|34.61690428583887|35.410233365082945|-0.735595703125|0.54150390625|-0.349609375|-1.007080078125|2.62451171875|-0.06103515625|-0.5288862179487179|37.90351228632478|-41.27421016483516
2026-01-29 04:26:20.284430+00:00|34.620862501308466|37.95919166066034|36.375076576668675|34.61690428583887|35.39830745581793|-0.7333984375|0.535400390625|-0.341796875|-1.007080078125|2.349853515625|0.30517578125|-1.0577724358974359|37.72721688034188|-41.10435744810745
2026-01-29 04:26:20.343698+00:00|34.60503012813575|37.94706151555948|36.383074692815626|34.61690428583887|35.39035730496602|-0.74560546875|0.52880859375|-0.33837890625|-1.007080078125|2.197265625|0.18310546875|-1.5866586538461538|39.313875534188035|-40.93450473137973
2026-01-29 04:26:20.402756+00:00|34.60503012813575|37.94706151555948|36.375076576668675|34.620862501308466|35.37843276069583|-0.739501953125|0.53759765625|-0.330322265625|-1.373291015625|2.410888671875|-0.030517578125|-1.4103632478632477|36.669444444444444|-41.10435744810745
2026-01-29 04:26:20.461944+00:00|34.620862501308466|37.95110477392387|36.375076576668675|34.60898809930063|35.37048351861631|-0.74169921875|0.538330078125|-0.342041015625|-1.129150390625|2.5634765625|0.06103515625|-1.234067841880342|38.608693910256406|-41.27421016483516
2026-01-29 04:26:20.520713+00:00|34.620862501308466|37.963235289137685|36.383074692815626|34.60503012813575|35.39433233489211|-0.743408203125|0.53515625|-0.336181640625|-1.28173828125|2.166748046875|-0.335693359375|-2.468135683760684|38.4323985042735|-41.44406288156288
2026-01-29 04:26:20.580323+00:00|34.61690428583887|37.963235289137685|36.37907558312111|34.62482079830926|35.38240751791682|-0.739990234375|0.536376953125|-0.3349609375|-1.28173828125|2.44140625|0.1220703125|-1.7629540598290598|38.07980769230769|-41.783768315018314
2026-01-29 04:26:20.639366+00:00|34.61690428583887|37.96727904109116|36.383074692815626|34.620862501308466|35.40625797086432|-0.739013671875|0.535400390625|-0.340576171875|-1.373291015625|2.410888671875|0.091552734375|-2.8207264957264955|38.4323985042735|-41.783768315018314
2026-01-29 04:26:20.699225+00:00|34.62482079830926|37.96727904109116|36.38707390580237|34.62482079830926|35.39433233489211|-0.73779296875|0.537353515625|-0.341064453125|-1.190185546875|2.13623046875|0.030517578125|-0.5288862179487179|37.55092147435897|-40.93450473137973
2026-01-29 04:26:20.758156+00:00|34.620862501308466|37.979411038335|36.391073222131695|34.620862501308466|35.40228266779229|-0.74365234375|0.53515625|-0.336669921875|-1.068115234375|2.44140625|0.335693359375|-1.9392494658119657|37.19833066239316|-40.5947992979243
2026-01-29 04:26:20.817260+00:00|34.60898809930063|37.963235289137685|36.391073222131695|34.628779176889395|35.39035730496602|-0.733154296875|0.535888671875|-0.350830078125|-1.312255859375|2.38037109375|-0.030517578125|-2.8207264957264955|38.78498931623931|-40.42494658119658
2026-01-29 04:26:20.876484+00:00|34.61294615185233|37.971322916573456|36.37907558312111|34.620862501308466|35.40625797086432|-0.740234375|0.536865234375|-0.340087890625|-1.251220703125|2.44140625|0.1220703125|-2.2918402777777778|37.55092147435897|-40.93450473137973
2026-01-29 04:26:20.935568+00:00|34.62482079830926|37.97536691563715|36.37907558312111|34.60503012813575|35.39035730496602|-0.742919921875|0.535888671875|-0.337158203125|-1.15966796875|2.349853515625|0.0|-0.35259081196581193|39.13758012820512|-42.12347374847374
2026-01-29 04:26:20.995831+00:00|34.61294615185233|37.98345528471947|36.38707390580237|34.61294615185233|35.37048351861631|-0.737060546875|0.537109375|-0.338623046875|-1.434326171875|2.25830078125|0.152587890625|-0.5288862179487179|38.256103098290595|-39.23597756410256
2026-01-29 04:26:21.054943+00:00|34.628779176889395|37.987499654843305|36.391073222131695|34.61294615185233|35.39035730496602|-0.737548828125|0.53466796875|-0.3486328125|-1.15966796875|2.38037109375|-0.1220703125|-1.7629540598290598|37.72721688034188|-41.10435744810745
2026-01-29 04:26:21.113982+00:00|34.62482079830926|37.979411038335|36.391073222131695|34.63273763709702|35.39830745581793|-0.741455078125|0.5380859375|-0.3369140625|-1.434326171875|2.532958984375|0.0|-0.17629540598290597|38.256103098290595|-40.93450473137973
2026-01-29 04:26:21.172933+00:00|34.62482079830926|37.98345528471947|36.395072641853574|34.62482079830926|35.39830745581793|-0.730224609375|0.535888671875|-0.33349609375|-1.220703125|2.349853515625|0.030517578125|-2.468135683760684|37.37462606837607|-42.12347374847374
2026-01-29 04:26:21.232140+00:00|34.6366961789804|37.987499654843305|36.395072641853574|34.64065480258762|35.40228266779229|-0.734130859375|0.534912109375|-0.3408203125|-1.190185546875|2.44140625|0.0|-1.234067841880342|37.19833066239316|-41.953621031746025
2026-01-29 04:26:21.291332+00:00|34.620862501308466|37.9915441487592|36.395072641853574|34.6366961789804|35.40625797086432|-0.74609375|0.53759765625|-0.34033203125|-1.0986328125|2.288818359375|-0.152587890625|-0.7051816239316239|37.72721688034188|-41.44406288156288
2026-01-29 04:26:21.349984+00:00|34.62482079830926|37.979411038335|36.38707390580237|34.628779176889395|35.40228266779229|-0.738525390625|0.535888671875|-0.337646484375|-1.129150390625|2.5634765625|0.30517578125|-1.5866586538461538|39.313875534188035|-40.93450473137973
2026-01-29 04:26:21.408901+00:00|34.628779176889395|37.9915441487592|36.391073222131695|34.620862501308466|35.39830745581793|-0.73583984375|0.53662109375|-0.340576171875|-1.28173828125|2.3193359375|-0.091552734375|-0.8814770299145299|39.66646634615385|-41.953621031746025
2026-01-29 04:26:21.468425+00:00|34.63273763709702|38.00367837378559|36.391073222131695|34.62482079830926|35.40625797086432|-0.737548828125|0.535400390625|-0.33154296875|-0.885009765625|2.044677734375|0.091552734375|-2.468135683760684|39.49017094017094|-41.10435744810745
2026-01-29 04:26:21.526564+00:00|34.63273763709702|37.99963350817774|36.39907216501848|34.628779176889395|35.37843276069583|-0.7431640625|0.533203125|-0.339111328125|-0.946044921875|2.227783203125|0.18310546875|-1.5866586538461538|38.256103098290595|-40.5947992979243
2026-01-29 04:26:21.585125+00:00|34.63273763709702|37.99963350817774|36.39907216501848|34.64065480258762|35.414208850497175|-0.73828125|0.536376953125|-0.346435546875|-1.312255859375|2.532958984375|-0.152587890625|-2.1155448717948717|37.72721688034188|-41.783768315018314
2026-01-29 04:26:21.643763+00:00|34.628779176889395|38.00772336339628|36.39907216501848|34.63273763709702|35.410233365082945|-0.740966796875|0.53857421875|-0.341552734375|-1.220703125|2.25830078125|0.06103515625|-0.8814770299145299|37.90351228632478|-40.5947992979243
2026-01-29 04:26:21.702744+00:00|34.62482079830926|37.99963350817774|36.395072641853574|34.64065480258762|35.42216009510827|-0.7392578125|0.53564453125|-0.333984375|-1.129150390625|2.227783203125|-0.06103515625|-0.35259081196581193|38.07980769230769|-41.10435744810745
2026-01-29 04:26:21.761817+00:00|34.6366961789804|37.99963350817774|36.395072641853574|34.628779176889395|35.39830745581793|-0.735595703125|0.534423828125|-0.338134765625|-1.3427734375|2.471923828125|-0.244140625|-0.8814770299145299|39.313875534188035|-40.5947992979243
2026-01-29 04:26:21.820812+00:00|34.6366961789804|38.00772336339628|36.39907216501848|34.628779176889395|35.410233365082945|-0.734130859375|0.534912109375|-0.33447265625|-1.15966796875|2.38037109375|0.06103515625|-0.8814770299145299|37.55092147435897|-39.915388431013426
2026-01-29 04:26:21.879797+00:00|34.64065480258762|38.01176847706233|36.39907216501848|34.64461350796705|35.42613585440313|-0.741943359375|0.5322265625|-0.33544921875|-1.190185546875|2.13623046875|-0.1220703125|-1.9392494658119657|37.19833066239316|-41.27421016483516
2026-01-29 04:26:21.938772+00:00|34.6366961789804|38.01176847706233|36.395072641853574|34.64065480258762|35.414208850497175|-0.736572265625|0.53564453125|-0.341552734375|-1.28173828125|2.532958984375|0.030517578125|-1.7629540598290598|38.78498931623931|-40.08524114774115
2026-01-29 04:26:21.997483+00:00|34.64857229516656|38.015813714836554|36.40307179167644|34.64461350796705|35.39830745581793|-0.74169921875|0.537109375|-0.350341796875|-1.0986328125|2.471923828125|0.030517578125|-1.9392494658119657|38.256103098290595|-41.27421016483516
2026-01-29 04:26:22.055988+00:00|34.63273763709702|38.00772336339628|36.407071521877754|34.65253116423446|35.414208850497175|-0.741455078125|0.533447265625|-0.336669921875|-1.129150390625|2.349853515625|-0.06103515625|0.0|38.4323985042735|-41.10435744810745
2026-01-29 04:26:22.115629+00:00|34.64857229516656|38.015813714836554|36.391073222131695|34.64857229516656|35.410233365082945|-0.743896484375|0.533447265625|-0.33544921875|-1.0986328125|2.471923828125|0.091552734375|-1.234067841880342|38.256103098290595|-40.25509386446887
2026-01-29 04:26:22.174867+00:00|34.64461350796705|38.019859076771525|36.39907216501848|34.64065480258762|35.38240751791682|-0.740234375|0.534912109375|-0.34130859375|-1.220703125|2.349853515625|-0.091552734375|-2.468135683760684|39.13758012820512|-40.42494658119658
2026-01-29 04:26:22.233803+00:00|34.64461350796705|38.02390456292005|36.40307179167644|34.64461350796705|35.39830745581793|-0.738037109375|0.53759765625|-0.33984375|-1.190185546875|2.3193359375|0.18310546875|-1.234067841880342|38.96128472222222|-40.25509386446887
2026-01-29 04:26:22.292628+00:00|34.65253116423446|38.02795017333477|36.407071521877754|34.65253116423446|35.42216009510827|-0.737060546875|0.534423828125|-0.335205078125|-1.15966796875|2.5634765625|0.091552734375|-0.17629540598290597|37.55092147435897|-41.953621031746025
2026-01-29 04:26:22.351493+00:00|34.64857229516656|38.02390456292005|36.411071355672675|34.66044914816848|35.42613585440313|-0.73779296875|0.53564453125|-0.343994140625|-1.220703125|2.3193359375|0.091552734375|-1.234067841880342|38.608693910256406|-40.93450473137973
2026-01-29 04:26:22.410552+00:00|34.64857229516656|38.02795017333477|36.41507129311134|34.64857229516656|35.410233365082945|-0.738525390625|0.537841796875|-0.341064453125|-1.251220703125|2.38037109375|0.1220703125|-1.0577724358974359|38.4323985042735|-40.764652014652015
2026-01-29 04:26:22.469391+00:00|34.64065480258762|38.02390456292005|36.41507129311134|34.66044914816848|35.39830745581793|-0.74072265625|0.533935546875|-0.341064453125|-1.556396484375|2.227783203125|0.1220703125|-1.234067841880342|39.66646634615385|-41.27421016483516
2026-01-29 04:26:22.528202+00:00|34.64857229516656|38.02390456292005|36.39907216501848|34.64857229516656|35.414208850497175|-0.73681640625|0.5380859375|-0.339111328125|-1.373291015625|2.3193359375|0.213623046875|-1.7629540598290598|38.78498931623931|-40.42494658119658
2026-01-29 04:26:22.586974+00:00|34.656490115219185|38.03199590806861|36.407071521877754|34.656490115219185|35.39830745581793|-0.740234375|0.536376953125|-0.342041015625|-1.251220703125|2.410888671875|-0.1220703125|-1.7629540598290598|39.49017094017094|-41.10435744810745
2026-01-29 04:26:22.645914+00:00|34.656490115219185|38.03199590806861|36.407071521877754|34.65253116423446|35.40228266779229|-0.741455078125|0.533935546875|-0.332763671875|-1.312255859375|2.105712890625|0.213623046875|-0.5288862179487179|38.96128472222222|-41.613915598290596
2026-01-29 04:26:22.704723+00:00|34.66044914816848|38.02795017333477|36.411071355672675|34.66440826313095|35.41818442715595|-0.7392578125|0.5341796875|-0.336181640625|-1.434326171875|2.685546875|0.18310546875|-1.234067841880342|38.96128472222222|-40.93450473137973
2026-01-29 04:26:22.763550+00:00|34.66044914816848|38.03604176717397|36.41507129311134|34.656490115219185|35.414208850497175|-0.734130859375|0.53271484375|-0.3466796875|-1.3427734375|2.50244140625|0.0|-1.234067841880342|38.256103098290595|-40.5947992979243
2026-01-29 04:26:22.822227+00:00|34.64857229516656|38.02390456292005|36.411071355672675|34.66044914816848|35.4301117050897|-0.739501953125|0.535400390625|-0.33935546875|-1.220703125|2.288818359375|0.0|-1.4103632478632477|38.78498931623931|-41.10435744810745
2026-01-29 04:26:22.881159+00:00|34.65253116423446|38.02795017333477|36.407071521877754|34.65253116423446|35.40625797086432|-0.740478515625|0.535400390625|-0.340087890625|-1.068115234375|2.44140625|0.18310546875|-2.2918402777777778|38.256103098290595|-41.953621031746025
2026-01-29 04:26:22.939951+00:00|34.66440826313095|38.04818009124784|36.411071355672675|34.656490115219185|35.40625797086432|-0.739990234375|0.536376953125|-0.33740234375|-1.007080078125|2.593994140625|0.06103515625|-2.2918402777777778|38.608693910256406|-40.93450473137973
2026-01-29 04:26:22.998972+00:00|34.66044914816848|38.04008775070383|36.419071334244165|34.67232673928754|35.42216009510827|-0.7392578125|0.539306640625|-0.337158203125|-1.434326171875|2.349853515625|-0.06103515625|-1.4103632478632477|38.4323985042735|-40.42494658119658
2026-01-29 04:26:23.057984+00:00|34.66440826313095|38.04008775070383|36.42307147912118|34.67232673928754|35.4301117050897|-0.741455078125|0.53759765625|-0.334228515625|-1.15966796875|2.44140625|0.213623046875|-1.0577724358974359|38.4323985042735|-41.783768315018314
2026-01-29 04:26:23.117446+00:00|34.66044914816848|38.04008775070383|36.41507129311134|34.67232673928754|35.40625797086432|-0.735107421875|0.535400390625|-0.343994140625|-1.251220703125|2.44140625|0.06103515625|-1.7629540598290598|37.022035256410255|-40.42494658119658
2026-01-29 04:26:23.176392+00:00|34.656490115219185|38.052226448367605|36.419071334244165|34.67628610057824|35.42216009510827|-0.734375|0.536865234375|-0.340576171875|-1.3427734375|2.197265625|0.091552734375|-0.5288862179487179|37.90351228632478|-40.93450473137973
2026-01-29 04:26:23.235244+00:00|34.66440826313095|38.04008775070383|36.42707172779291|34.67628610057824|35.4301117050897|-0.7431640625|0.53466796875|-0.3330078125|-1.129150390625|2.105712890625|0.274658203125|-0.35259081196581193|38.4323985042735|-41.10435744810745
2026-01-29 04:26:23.294146+00:00|34.66836746015451|38.04008775070383|36.411071355672675|34.67232673928754|35.42216009510827|-0.7373046875|0.53759765625|-0.337890625|-1.251220703125|2.44140625|0.152587890625|-2.1155448717948717|38.07980769230769|-40.42494658119658
2026-01-29 04:26:23.353123+00:00|34.68024554407481|38.04413385871089|36.41507129311134|34.66440826313095|35.414208850497175|-0.73486328125|0.540771484375|-0.345458984375|-1.251220703125|2.227783203125|0.1220703125|-0.17629540598290597|38.96128472222222|-41.953621031746025
2026-01-29 04:26:23.412035+00:00|34.66836746015451|38.04818009124784|36.42707172779291|34.66836746015451|35.410233365082945|-0.743408203125|0.536865234375|-0.330322265625|-1.03759765625|2.227783203125|-0.091552734375|-1.0577724358974359|38.4323985042735|-42.80288461538461
2026-01-29 04:26:23.470903+00:00|34.67232673928754|38.04818009124784|36.42307147912118|34.684205069825396|35.41818442715595|-0.7392578125|0.534912109375|-0.34033203125|-1.434326171875|2.44140625|0.3662109375|-1.5866586538461538|38.256103098290595|-42.29332646520146
2026-01-29 04:26:23.529977+00:00|34.67628610057824|38.052226448367605|36.42707172779291|34.684205069825396|35.4301117050897|-0.73681640625|0.53076171875|-0.345947265625|-1.251220703125|2.3193359375|0.0|-0.17629540598290597|39.313875534188035|-41.613915598290596
2026-01-29 04:26:23.589093+00:00|34.66836746015451|38.052226448367605|36.42707172779291|34.67628610057824|35.42216009510827|-0.744384765625|0.537353515625|-0.333740234375|-0.9765625|2.227783203125|-0.152587890625|-1.234067841880342|39.313875534188035|-40.93450473137973
2026-01-29 04:26:23.648162+00:00|34.66836746015451|38.03604176717397|36.41507129311134|34.68024554407481|35.44601602273161|-0.74267578125|0.5361328125|-0.337890625|-1.495361328125|2.471923828125|0.091552734375|-1.234067841880342|38.256103098290595|-41.27421016483516
2026-01-29 04:26:23.707046+00:00|34.68024554407481|38.04008775070383|36.411071355672675|34.66440826313095|35.44601602273161|-0.73486328125|0.535888671875|-0.34716796875|-1.46484375|2.44140625|0.0|-0.35259081196581193|38.4323985042735|-40.08524114774115
2026-01-29 04:26:23.766013+00:00|34.68024554407481|38.06031953656628|36.41507129311134|34.67628610057824|35.40228266779229|-0.737548828125|0.534912109375|-0.3388671875|-1.0986328125|2.471923828125|0.244140625|-2.2918402777777778|38.96128472222222|-40.93450473137973
2026-01-29 04:26:23.824971+00:00|34.67232673928754|38.05627293012276|36.431072080309264|34.68024554407481|35.39830745581793|-0.7431640625|0.534912109375|-0.331298828125|-1.0986328125|2.50244140625|-0.091552734375|-2.8207264957264955|38.4323985042735|-41.10435744810745
2026-01-29 04:26:23.883920+00:00|34.67628610057824|38.05627293012276|36.42307147912118|34.68816467787826|35.4340876472167|-0.732177734375|0.539794921875|-0.343017578125|-1.251220703125|2.5634765625|-0.030517578125|-0.8814770299145299|37.55092147435897|-41.953621031746025
2026-01-29 04:26:23.942824+00:00|34.68024554407481|38.06031953656628|36.42707172779291|34.684205069825396|35.43806368083341|-0.73486328125|0.536376953125|-0.343505859375|-0.9765625|2.0751953125|0.18310546875|-1.7629540598290598|38.4323985042735|-41.10435744810745
2026-01-29 04:26:24.001916+00:00|34.67232673928754|38.052226448367605|36.42707172779291|34.68816467787826|35.41818442715595|-0.74609375|0.53076171875|-0.336181640625|-1.129150390625|2.3193359375|0.152587890625|-0.8814770299145299|37.90351228632478|-39.57568299755799
2026-01-29 04:26:24.061071+00:00|34.67232673928754|38.04818009124784|36.419071334244165|34.68816467787826|35.39035730496602|-0.734130859375|0.53759765625|-0.3408203125|-1.3427734375|2.410888671875|0.152587890625|-1.234067841880342|38.256103098290595|-40.5947992979243
2026-01-29 04:26:24.119929+00:00|34.68024554407481|38.05627293012276|36.419071334244165|34.67628610057824|35.42613585440313|-0.734375|0.537353515625|-0.340576171875|-1.220703125|2.197265625|0.091552734375|-1.5866586538461538|37.55092147435897|-42.29332646520146
2026-01-29 04:26:24.178895+00:00|34.68816467787826|38.068413123729044|36.42707172779291|34.684205069825396|35.414208850497175|-0.743408203125|0.537841796875|-0.32958984375|-1.28173828125|2.593994140625|0.030517578125|-2.468135683760684|37.72721688034188|-42.80288461538461
2026-01-29 04:26:24.238103+00:00|34.68024554407481|38.064366267750756|36.431072080309264|34.68816467787826|35.414208850497175|-0.7373046875|0.5361328125|-0.336181640625|-1.52587890625|2.44140625|0.06103515625|-1.4103632478632477|38.07980769230769|-41.10435744810745
2026-01-29 04:26:24.297077+00:00|34.68816467787826|38.064366267750756|36.42707172779291|34.69608414108376|35.4301117050897|-0.730712890625|0.53564453125|-0.34130859375|-1.15966796875|2.288818359375|-0.091552734375|0.17629540598290597|38.608693910256406|-41.27421016483516
2026-01-29 04:26:24.355924+00:00|34.68816467787826|38.064366267750756|36.435072536720725|34.69212436828161|35.449992331111275|-0.738037109375|0.5341796875|-0.33642578125|-0.91552734375|2.471923828125|0.213623046875|0.0|38.07980769230769|-40.764652014652015
2026-01-29 04:26:24.414921+00:00|34.67628610057824|38.064366267750756|36.431072080309264|34.68816467787826|35.449992331111275|-0.739990234375|0.53369140625|-0.33544921875|-1.3427734375|2.685546875|-0.06103515625|-0.8814770299145299|36.84573985042735|-41.613915598290596
2026-01-29 04:26:24.473690+00:00|34.684205069825396|38.06031953656628|36.42307147912118|34.68816467787826|35.4301117050897|-0.740234375|0.53369140625|-0.34326171875|-1.40380859375|2.38037109375|0.091552734375|-1.4103632478632477|38.07980769230769|-40.764652014652015
2026-01-29 04:26:24.532739+00:00|34.69608414108376|38.068413123729044|36.42707172779291|34.684205069825396|35.39830745581793|-0.7412109375|0.536865234375|-0.336181640625|-1.068115234375|2.471923828125|0.06103515625|-2.2918402777777778|38.96128472222222|-39.915388431013426
2026-01-29 04:26:24.591579+00:00|34.69212436828161|38.068413123729044|36.431072080309264|34.68816467787826|35.41818442715595|-0.73828125|0.53759765625|-0.3330078125|-1.007080078125|2.471923828125|-0.091552734375|-0.35259081196581193|38.78498931623931|-40.764652014652015
2026-01-29 04:26:24.650502+00:00|34.68816467787826|38.076507210278294|36.435072536720725|34.70796395436486|35.42613585440313|-0.738037109375|0.537841796875|-0.339599609375|-1.129150390625|2.50244140625|0.091552734375|-1.234067841880342|38.608693910256406|-40.93450473137973
2026-01-29 04:26:24.709434+00:00|34.70004399633285|38.068413123729044|36.439073097077426|34.69608414108376|35.4340876472167|-0.743408203125|0.53857421875|-0.33544921875|-1.190185546875|2.38037109375|0.213623046875|-2.468135683760684|39.13758012820512|-42.12347374847374
2026-01-29 04:26:24.768445+00:00|34.69212436828161|38.072460104553954|36.4430737614299|34.69608414108376|35.40625797086432|-0.741943359375|0.537353515625|-0.330810546875|-1.190185546875|2.13623046875|0.244140625|-2.1155448717948717|38.07980769230769|-41.44406288156288
2026-01-29 04:26:24.827480+00:00|34.684205069825396|38.064366267750756|36.435072536720725|34.70004399633285|35.4340876472167|-0.73876953125|0.53271484375|-0.3427734375|-1.068115234375|2.50244140625|0.274658203125|-1.7629540598290598|39.49017094017094|-41.44406288156288
2026-01-29 04:26:24.886512+00:00|34.69212436828161|38.064366267750756|36.42707172779291|34.69608414108376|35.4340876472167|-0.74560546875|0.537353515625|-0.35498046875|-2.044677734375|2.105712890625|0.244140625|-2.1155448717948717|36.669444444444444|-40.764652014652015
2026-01-29 04:26:24.945464+00:00|34.70400393407715|38.076507210278294|36.431072080309264|34.68816467787826|35.41818442715595|-0.744140625|0.53466796875|-0.3447265625|-1.15966796875|2.471923828125|0.030517578125|-0.8814770299145299|38.608693910256406|-41.613915598290596
2026-01-29 04:26:25.004476+00:00|34.70004399633285|38.076507210278294|36.439073097077426|34.70004399633285|35.42613585440313|-0.738525390625|0.5380859375|-0.340087890625|-1.434326171875|2.593994140625|0.06103515625|-1.4103632478632477|38.07980769230769|-40.764652014652015
2026-01-29 04:26:25.063763+00:00|34.70004399633285|38.076507210278294|36.439073097077426|34.70796395436486|35.44203980598871|-0.73828125|0.54150390625|-0.347900390625|-1.251220703125|2.50244140625|0.06103515625|-1.4103632478632477|37.72721688034188|-40.08524114774115
2026-01-29 04:26:25.122363+00:00|34.70796395436486|38.076507210278294|36.439073097077426|34.70004399633285|35.4340876472167|-0.73876953125|0.534423828125|-0.33837890625|-1.220703125|2.410888671875|0.06103515625|-2.2918402777777778|37.55092147435897|-40.93450473137973
2026-01-29 04:26:25.181476+00:00|34.68816467787826|38.08055444095493|36.439073097077426|34.711924057244346|35.44203980598871|-0.740966796875|0.531005859375|-0.33740234375|-1.03759765625|2.38037109375|0.091552734375|-1.234067841880342|38.608693910256406|-40.5947992979243
2026-01-29 04:26:25.240656+00:00|34.69608414108376|38.08055444095493|36.435072536720725|34.70400393407715|35.449992331111275|-0.733154296875|0.539794921875|-0.34814453125|-1.3427734375|2.44140625|0.152587890625|-1.5866586538461538|39.313875534188035|-41.613915598290596
2026-01-29 04:26:25.299777+00:00|34.70400393407715|38.076507210278294|36.431072080309264|34.70004399633285|35.4340876472167|-0.744384765625|0.535888671875|-0.33544921875|-1.129150390625|2.0751953125|0.244140625|-2.468135683760684|38.4323985042735|-41.44406288156288
2026-01-29 04:26:25.358579+00:00|34.70796395436486|38.09269688322627|36.435072536720725|34.70004399633285|35.4340876472167|-0.7421875|0.532470703125|-0.332275390625|-1.251220703125|2.227783203125|0.030517578125|-1.4103632478632477|38.4323985042735|-41.783768315018314
2026-01-29 04:26:25.418146+00:00|34.70400393407715|38.09269688322627|36.44707452982817|34.711924057244346|35.41818442715595|-0.728759765625|0.537353515625|-0.352294921875|-1.068115234375|2.349853515625|-0.030517578125|-2.1155448717948717|37.022035256410255|-42.463179181929185
2026-01-29 04:26:25.477587+00:00|34.70796395436486|38.09269688322627|36.4510754023226|34.711924057244346|35.414208850497175|-0.740966796875|0.534423828125|-0.344970703125|-1.068115234375|2.44140625|0.244140625|-2.64443108974359|39.66646634615385|-41.953621031746025
2026-01-29 04:26:25.536301+00:00|34.70400393407715|38.100792470470196|36.4510754023226|34.71588424276371|35.44601602273161|-0.745849609375|0.53271484375|-0.3349609375|-1.068115234375|2.471923828125|-0.30517578125|-1.4103632478632477|38.07980769230769|-40.42494658119658
2026-01-29 04:26:25.595260+00:00|34.71588424276371|38.09269688322627|36.4510754023226|34.71588424276371|35.44203980598871|-0.738037109375|0.541259765625|-0.346435546875|-1.251220703125|2.44140625|0.152587890625|-1.7629540598290598|37.72721688034188|-41.44406288156288
2026-01-29 04:26:25.654705+00:00|34.70004399633285|38.08864927737602|36.44707452982817|34.70400393407715|35.42613585440313|-0.73681640625|0.5322265625|-0.342041015625|-1.251220703125|2.38037109375|0.274658203125|-1.9392494658119657|39.313875534188035|-41.613915598290596
2026-01-29 04:26:25.714000+00:00|34.69608414108376|38.08864927737602|36.4430737614299|34.71984451097126|35.45396873117659|-0.746826171875|0.532470703125|-0.333984375|-1.40380859375|2.13623046875|-0.274658203125|-1.5866586538461538|38.608693910256406|-40.93450473137973
2026-01-29 04:26:25.772888+00:00|34.711924057244346|38.096744614240095|36.439073097077426|34.70796395436486|35.42613585440313|-0.73583984375|0.54052734375|-0.341552734375|-1.434326171875|2.685546875|0.0|-1.5866586538461538|38.256103098290595|-41.613915598290596
2026-01-29 04:26:25.831963+00:00|34.71588424276371|38.10484045196961|36.4550763789635|34.70796395436486|35.44203980598871|-0.7373046875|0.53759765625|-0.34326171875|-1.068115234375|2.38037109375|0.1220703125|-1.7629540598290598|38.4323985042735|-41.44406288156288
2026-01-29 04:26:25.891202+00:00|34.71588424276371|38.10484045196961|36.4510754023226|34.71588424276371|35.4340876472167|-0.748046875|0.5380859375|-0.332763671875|-1.190185546875|2.288818359375|-0.3662109375|0.0|38.07980769230769|-40.764652014652015
2026-01-29 04:26:25.950361+00:00|34.71984451097126|38.108888558791136|36.4510754023226|34.71984451097126|35.4340876472167|-0.73583984375|0.53662109375|-0.346923828125|-1.373291015625|2.777099609375|0.0|-1.9392494658119657|37.90351228632478|-40.25509386446887
2026-01-29 04:26:26.009664+00:00|34.711924057244346|38.10484045196961|36.45907745980111|34.71984451097126|35.44203980598871|-0.73046875|0.534912109375|-0.34375|-1.0986328125|2.349853515625|0.152587890625|-2.468135683760684|37.022035256410255|-41.44406288156288
2026-01-29 04:26:26.069150+00:00|34.70796395436486|38.108888558791136|36.4510754023226|34.72380486191531|35.4301117050897|-0.74853515625|0.537109375|-0.331298828125|-1.03759765625|2.288818359375|-0.030517578125|-1.7629540598290598|38.4323985042735|-43.14259004884005
2026-01-29 04:26:26.128211+00:00|34.70004399633285|38.100792470470196|36.4550763789635|34.71984451097126|35.449992331111275|-0.74169921875|0.528564453125|-0.337646484375|-1.251220703125|2.50244140625|0.1220703125|-1.0577724358974359|38.07980769230769|-40.42494658119658
2026-01-29 04:26:26.187244+00:00|34.711924057244346|38.100792470470196|36.44707452982817|34.71588424276371|35.44601602273161|-0.73046875|0.5390625|-0.345458984375|-1.373291015625|2.288818359375|0.030517578125|-0.7051816239316239|38.78498931623931|-41.44406288156288
2026-01-29 04:26:26.246374+00:00|34.71984451097126|38.108888558791136|36.4430737614299|34.70796395436486|35.449992331111275|-0.747314453125|0.535400390625|-0.330810546875|-1.129150390625|2.227783203125|0.030517578125|-0.8814770299145299|38.256103098290595|-40.93450473137973
2026-01-29 04:26:26.305403+00:00|34.71984451097126|38.11698514861206|36.4550763789635|34.71984451097126|35.44203980598871|-0.740234375|0.53369140625|-0.335693359375|-1.434326171875|2.593994140625|0.396728515625|-1.0577724358974359|38.07980769230769|-40.764652014652015
2026-01-29 04:26:26.364509+00:00|34.71588424276371|38.11698514861206|36.4550763789635|34.727765295644076|35.45396873117659|-0.736083984375|0.539794921875|-0.349609375|-1.617431640625|2.3193359375|-0.1220703125|-1.7629540598290598|39.13758012820512|-40.764652014652015
2026-01-29 04:26:26.423865+00:00|34.73172581220581|38.12508224035582|36.463078644885854|34.72380486191531|35.473852108505525|-0.73876953125|0.53466796875|-0.334228515625|-1.068115234375|2.62451171875|-0.244140625|-0.17629540598290597|38.608693910256406|-41.953621031746025
2026-01-29 04:26:26.482998+00:00|34.727765295644076|38.12103363171707|36.45907745980111|34.72380486191531|35.449992331111275|-0.741943359375|0.537109375|-0.330810546875|-1.28173828125|2.44140625|0.244140625|-1.4103632478632477|39.84276175213675|-40.08524114774115
2026-01-29 04:26:26.542082+00:00|34.70796395436486|38.12103363171707|36.45907745980111|34.71984451097126|35.44203980598871|-0.728271484375|0.53271484375|-0.34716796875|-1.46484375|2.532958984375|0.1220703125|-1.5866586538461538|38.256103098290595|-41.953621031746025
2026-01-29 04:26:26.601184+00:00|34.711924057244346|38.11698514861206|36.45907745980111|34.727765295644076|35.44203980598871|-0.738525390625|0.5390625|-0.341552734375|-0.885009765625|2.227783203125|0.1220703125|-0.17629540598290597|37.90351228632478|-41.27421016483516
2026-01-29 04:26:26.660283+00:00|34.711924057244346|38.1129367909877|36.4550763789635|34.72380486191531|35.46192180656061|-0.74658203125|0.534423828125|-0.330810546875|-1.190185546875|2.349853515625|-0.030517578125|-1.234067841880342|38.96128472222222|-42.29332646520146
2026-01-29 04:26:26.719295+00:00|34.727765295644076|38.12508224035582|36.4510754023226|34.71984451097126|35.46192180656061|-0.73779296875|0.5341796875|-0.354248046875|-1.495361328125|2.44140625|0.091552734375|-2.8207264957264955|39.13758012820512|-41.44406288156288
2026-01-29 04:26:26.778376+00:00|34.71984451097126|38.12913097458102|36.46707993426793|34.72380486191531|35.43806368083341|-0.733154296875|0.534912109375|-0.34814453125|-1.129150390625|2.25830078125|-0.06103515625|-3.1733173076923076|38.78498931623931|-41.44406288156288
2026-01-29 04:26:26.837499+00:00|34.727765295644076|38.12103363171707|36.463078644885854|34.72380486191531|35.473852108505525|-0.74462890625|0.534423828125|-0.324462890625|-1.15966796875|2.197265625|-0.152587890625|-0.8814770299145299|39.66646634615385|-39.915388431013426
2026-01-29 04:26:26.896511+00:00|34.73172581220581|38.12508224035582|36.463078644885854|34.727765295644076|35.44601602273161|-0.735107421875|0.534912109375|-0.342041015625|-1.5869140625|2.655029296875|0.3662109375|-1.9392494658119657|37.90351228632478|-41.613915598290596
2026-01-29 04:26:26.955625+00:00|34.71984451097126|38.133179834445684|36.46707993426793|34.73172581220581|35.46192180656061|-0.738037109375|0.5419921875|-0.34375|-1.15966796875|2.532958984375|-0.091552734375|-1.0577724358974359|37.72721688034188|-41.783768315018314
2026-01-29 04:26:27.014707+00:00|34.711924057244346|38.12103363171707|36.45907745980111|34.73964709402128|35.473852108505525|-0.739013671875|0.53271484375|-0.32958984375|-1.0986328125|2.197265625|0.335693359375|-0.5288862179487179|38.608693910256406|-41.27421016483516
2026-01-29 04:26:27.074060+00:00|34.727765295644076|38.13722882000269|36.4510754023226|34.727765295644076|35.457945222976775|-0.737060546875|0.538818359375|-0.33935546875|-1.434326171875|2.716064453125|0.30517578125|-1.234067841880342|38.608693910256406|-40.93450473137973
2026-01-29 04:26:27.133639+00:00|34.73172581220581|38.12913097458102|36.4510754023226|34.71984451097126|35.44203980598871|-0.7314453125|0.537109375|-0.346435546875|-1.220703125|2.3193359375|-0.18310546875|-0.7051816239316239|36.669444444444444|-39.74553571428571
2026-01-29 04:26:27.192945+00:00|34.727765295644076|38.14127793130484|36.463078644885854|34.727765295644076|35.457945222976775|-0.74267578125|0.531982421875|-0.333740234375|-1.129150390625|2.01416015625|-0.152587890625|-1.4103632478632477|37.72721688034188|-40.764652014652015
2026-01-29 04:26:27.251589+00:00|34.735686411648715|38.13722882000269|36.463078644885854|34.735686411648715|35.44203980598871|-0.7421875|0.539306640625|-0.33740234375|-1.312255859375|2.716064453125|0.274658203125|-1.234067841880342|38.608693910256406|-41.27421016483516
2026-01-29 04:26:27.310330+00:00|34.727765295644076|38.133179834445684|36.46707993426793|34.735686411648715|35.46589848197732|-0.7353515625|0.53759765625|-0.351318359375|-0.91552734375|2.410888671875|0.213623046875|-2.468135683760684|39.49017094017094|-41.10435744810745
2026-01-29 04:26:27.369181+00:00|34.735686411648715|38.145327168405345|36.46707993426793|34.735686411648715|35.449992331111275|-0.7412109375|0.532958984375|-0.337890625|-1.068115234375|2.25830078125|-0.274658203125|-2.1155448717948717|38.07980769230769|-40.764652014652015
2026-01-29 04:26:27.427619+00:00|34.72380486191531|38.13722882000269|36.47108132799758|34.74756870774786|35.46589848197732|-0.74072265625|0.533935546875|-0.3388671875|-1.373291015625|2.38037109375|0.152587890625|-1.9392494658119657|39.313875534188035|-40.93450473137973
2026-01-29 04:26:27.488185+00:00|34.735686411648715|38.145327168405345|36.4550763789635|34.727765295644076|35.46192180656061|-0.733154296875|0.53515625|-0.349609375|-1.40380859375|2.410888671875|0.152587890625|-1.9392494658119657|38.96128472222222|-40.5947992979243
2026-01-29 04:26:27.547315+00:00|34.735686411648715|38.13722882000269|36.46707993426793|34.735686411648715|35.47782905971502|-0.74462890625|0.537109375|-0.33984375|-0.946044921875|2.25830078125|-0.42724609375|-0.35259081196581193|38.07980769230769|-39.40583028083028
2026-01-29 04:26:27.606656+00:00|34.74360785937154|38.14937653135672|36.45907745980111|34.735686411648715|35.45396873117659|-0.74072265625|0.53271484375|-0.33740234375|-1.46484375|2.349853515625|0.396728515625|-2.468135683760684|39.13758012820512|-42.463179181929185
2026-01-29 04:26:27.665391+00:00|34.73964709402128|38.14937653135672|36.47108132799758|34.74756870774786|35.46589848197732|-0.736328125|0.53759765625|-0.34814453125|-1.190185546875|2.3193359375|0.30517578125|-0.7051816239316239|38.4323985042735|-42.12347374847374
2026-01-29 04:26:27.724155+00:00|34.74360785937154|38.145327168405345|36.47908442870124|34.74360785937154|35.48976046571437|-0.741943359375|0.532958984375|-0.336669921875|-1.007080078125|2.349853515625|0.091552734375|-0.7051816239316239|38.4323985042735|-40.764652014652015
2026-01-29 04:26:27.783285+00:00|34.73964709402128|38.157475635024866|36.47908442870124|34.73964709402128|35.473852108505525|-0.74169921875|0.536376953125|-0.33642578125|-1.15966796875|2.44140625|0.30517578125|-0.35259081196581193|37.72721688034188|-40.764652014652015
2026-01-29 04:26:27.842344+00:00|34.735686411648715|38.15342602021235|36.47108132799758|34.74360785937154|35.46192180656061|-0.735595703125|0.53173828125|-0.348388671875|-1.373291015625|2.471923828125|0.396728515625|-1.7629540598290598|39.13758012820512|-40.42494658119658
2026-01-29 04:26:27.901527+00:00|34.73172581220581|38.14127793130484|36.47108132799758|34.73964709402128|35.48976046571437|-0.74169921875|0.5380859375|-0.33544921875|-1.373291015625|2.25830078125|0.1220703125|-2.2918402777777778|38.256103098290595|-40.93450473137973
2026-01-29 04:26:27.960463+00:00|34.735686411648715|38.13722882000269|36.463078644885854|34.73172581220581|35.47782905971502|-0.735107421875|0.53466796875|-0.33544921875|-1.03759765625|2.410888671875|0.3662109375|-1.9392494658119657|39.313875534188035|-41.27421016483516
2026-01-29 04:26:28.019318+00:00|34.73964709402128|38.14937653135672|36.463078644885854|34.73172581220581|35.473852108505525|-0.741943359375|0.536376953125|-0.33984375|-1.52587890625|2.25830078125|-0.06103515625|-1.7629540598290598|37.37462606837607|-40.764652014652015
2026-01-29 04:26:28.078213+00:00|34.74756870774786|38.157475635024866|36.47908442870124|34.751529639198566|35.46192180656061|-0.73681640625|0.536865234375|-0.341796875|-1.15966796875|2.288818359375|0.06103515625|-1.4103632478632477|39.84276175213675|-42.12347374847374
2026-01-29 04:26:28.137113+00:00|34.74360785937154|38.14937653135672|36.47508282612529|34.751529639198566|35.493737785334645|-0.742431640625|0.537353515625|-0.336181640625|-1.251220703125|2.25830078125|0.030517578125|-1.7629540598290598|38.4323985042735|-41.44406288156288
2026-01-29 04:26:28.195910+00:00|34.74756870774786|38.14937653135672|36.47908442870124|34.74360785937154|35.47782905971502|-0.744140625|0.537353515625|-0.33837890625|-1.3427734375|2.593994140625|0.06103515625|-0.35259081196581193|38.78498931623931|-40.764652014652015
2026-01-29 04:26:28.254681+00:00|34.73172581220581|38.145327168405345|36.47908442870124|34.74756870774786|35.46192180656061|-0.73291015625|0.534912109375|-0.345947265625|-1.52587890625|2.166748046875|0.030517578125|-2.468135683760684|37.72721688034188|-42.463179181929185
2026-01-29 04:26:28.313536+00:00|34.73964709402128|38.13722882000269|36.46707993426793|34.74360785937154|35.473852108505525|-0.7392578125|0.539794921875|-0.340087890625|-1.0986328125|2.38037109375|-0.18310546875|-0.7051816239316239|37.022035256410255|-40.764652014652015
2026-01-29 04:26:28.372476+00:00|34.74756870774786|38.157475635024866|36.46707993426793|34.74756870774786|35.45396873117659|-0.74169921875|0.53125|-0.336181640625|-1.3427734375|2.593994140625|0.213623046875|0.17629540598290597|39.313875534188035|-41.27421016483516
2026-01-29 04:26:28.431878+00:00|34.74360785937154|38.15342602021235|36.47508282612529|34.751529639198566|35.46589848197732|-0.739013671875|0.534423828125|-0.343017578125|-1.312255859375|2.532958984375|0.18310546875|-1.5866586538461538|37.90351228632478|-40.5947992979243
2026-01-29 04:26:28.491023+00:00|34.74756870774786|38.14937653135672|36.483086135775864|34.751529639198566|35.497715197180355|-0.735107421875|0.5390625|-0.34716796875|-1.0986328125|2.471923828125|0.06103515625|-0.7051816239316239|38.78498931623931|-39.40583028083028
2026-01-29 04:26:28.550332+00:00|34.74756870774786|38.161525375847305|36.483086135775864|34.759451751516224|35.47782905971502|-0.742431640625|0.534912109375|-0.33349609375|-1.0986328125|2.410888671875|0.0|-2.9970219017094015|38.256103098290595|-41.27421016483516
2026-01-29 04:26:28.609766+00:00|34.75549065377197|38.15342602021235|36.483086135775864|34.759451751516224|35.493737785334645|-0.742919921875|0.535400390625|-0.340576171875|-1.5869140625|2.777099609375|0.335693359375|-0.7051816239316239|38.78498931623931|-42.12347374847374
2026-01-29 04:26:28.669157+00:00|34.75549065377197|38.161525375847305|36.483086135775864|34.759451751516224|35.493737785334645|-0.728759765625|0.53857421875|-0.35009765625|-1.40380859375|2.349853515625|-0.1220703125|-0.8814770299145299|39.313875534188035|-41.953621031746025
2026-01-29 04:26:28.728556+00:00|34.74360785937154|38.157475635024866|36.487087947399345|34.759451751516224|35.473852108505525|-0.7412109375|0.538330078125|-0.338623046875|-0.79345703125|2.3193359375|-0.18310546875|-0.8814770299145299|38.256103098290595|-40.25509386446887
2026-01-29 04:26:28.787802+00:00|34.74756870774786|38.14937653135672|36.47908442870124|34.751529639198566|35.48578323827036|-0.739013671875|0.532470703125|-0.32763671875|-1.434326171875|2.99072265625|0.213623046875|-1.4103632478632477|38.78498931623931|-40.42494658119658
2026-01-29 04:26:28.847812+00:00|34.759451751516224|38.145327168405345|36.47908442870124|34.751529639198566|35.493737785334645|-0.72998046875|0.536376953125|-0.346923828125|-1.312255859375|2.410888671875|-0.42724609375|-1.9392494658119657|38.96128472222222|-39.57568299755799
2026-01-29 04:26:28.906870+00:00|34.76341293247975|38.15342602021235|36.47908442870124|34.75549065377197|35.50964798656054|-0.7412109375|0.535400390625|-0.335693359375|-1.068115234375|2.288818359375|-0.06103515625|-0.17629540598290597|37.19833066239316|-40.25509386446887
2026-01-29 04:26:28.966734+00:00|34.759451751516224|38.157475635024866|36.49108986362222|34.76341293247975|35.493737785334645|-0.742919921875|0.534423828125|-0.333740234375|-1.3427734375|2.44140625|0.091552734375|-1.0577724358974359|39.13758012820512|-40.42494658119658
2026-01-29 04:26:29.025536+00:00|34.759451751516224|38.161525375847305|36.49108986362222|34.759451751516224|35.47782905971502|-0.73046875|0.541748046875|-0.354736328125|-1.251220703125|2.471923828125|-0.030517578125|-1.0577724358974359|38.07980769230769|-41.10435744810745
2026-01-29 04:26:29.085120+00:00|34.771335544257795|38.161525375847305|36.487087947399345|34.76737419671082|35.493737785334645|-0.7392578125|0.53759765625|-0.34130859375|-1.068115234375|2.25830078125|0.091552734375|-0.8814770299145299|39.313875534188035|-41.27421016483516
2026-01-29 04:26:29.144812+00:00|34.771335544257795|38.16557524273276|36.49108986362222|34.76737419671082|35.473852108505525|-0.741943359375|0.531494140625|-0.3271484375|-1.15966796875|2.593994140625|0.213623046875|-1.0577724358974359|38.78498931623931|-41.44406288156288
2026-01-29 04:26:29.204408+00:00|34.76737419671082|38.16557524273276|36.483086135775864|34.76341293247975|35.50567029774413|-0.735107421875|0.542236328125|-0.343994140625|-1.190185546875|2.410888671875|-0.06103515625|-2.1155448717948717|38.07980769230769|-41.44406288156288
2026-01-29 04:26:29.263299+00:00|34.759451751516224|38.16557524273276|36.495091884494684|34.76737419671082|35.48578323827036|-0.738525390625|0.5361328125|-0.3427734375|-0.48828125|2.166748046875|0.06103515625|-1.7629540598290598|36.31685363247863|-41.10435744810745
2026-01-29 04:26:29.322249+00:00|34.76341293247975|38.157475635024866|36.49108986362222|34.76341293247975|35.497715197180355|-0.745849609375|0.531494140625|-0.334228515625|-1.15966796875|2.227783203125|-0.152587890625|-0.17629540598290597|38.256103098290595|-40.93450473137973
2026-01-29 04:26:29.381272+00:00|34.76737419671082|38.15342602021235|36.483086135775864|34.77529697516883|35.47782905971502|-0.736083984375|0.53857421875|-0.34228515625|-1.251220703125|2.3193359375|-0.030517578125|-0.7051816239316239|37.37462606837607|-39.74553571428571
2026-01-29 04:26:29.440540+00:00|34.759451751516224|38.16962523573386|36.487087947399345|34.76341293247975|35.50964798656054|-0.739501953125|0.539794921875|-0.348876953125|-1.068115234375|2.3193359375|0.06103515625|-1.0577724358974359|38.4323985042735|-41.44406288156288
2026-01-29 04:26:29.499906+00:00|34.76737419671082|38.16962523573386|36.49108986362222|34.76737419671082|35.47782905971502|-0.741943359375|0.52978515625|-0.333740234375|-1.068115234375|2.3193359375|-0.06103515625|-2.1155448717948717|38.07980769230769|-41.10435744810745
2026-01-29 04:26:29.559168+00:00|34.771335544257795|38.16962523573386|36.49108986362222|34.77925848949229|35.497715197180355|-0.73974609375|0.535888671875|-0.336181640625|-1.312255859375|2.50244140625|0.06103515625|-0.7051816239316239|38.4323985042735|-40.764652014652015
2026-01-29 04:26:29.618617+00:00|34.77529697516883|38.16962523573386|36.495091884494684|34.77529697516883|35.497715197180355|-0.736328125|0.535888671875|-0.349853515625|-1.28173828125|2.38037109375|0.18310546875|-1.0577724358974359|38.78498931623931|-40.764652014652015
2026-01-29 04:26:29.678205+00:00|34.771335544257795|38.16962523573386|36.495091884494684|34.771335544257795|35.51362576779866|-0.741455078125|0.53759765625|-0.336181640625|-1.068115234375|2.50244140625|0.1220703125|-1.234067841880342|37.19833066239316|-41.613915598290596
2026-01-29 04:26:29.737387+00:00|34.77925848949229|38.1777256002959|36.499094010067154|34.77529697516883|35.497715197180355|-0.74365234375|0.536376953125|-0.33447265625|-1.373291015625|2.62451171875|0.274658203125|-1.4103632478632477|39.13758012820512|-43.14259004884005
2026-01-29 04:26:29.796318+00:00|34.759451751516224|38.16557524273276|36.495091884494684|34.77925848949229|35.48180610295367|-0.735595703125|0.532470703125|-0.34033203125|-1.129150390625|2.25830078125|0.06103515625|-2.1155448717948717|38.4323985042735|-41.783768315018314
2026-01-29 04:26:29.855315+00:00|34.76737419671082|38.161525375847305|36.483086135775864|34.77529697516883|35.51362576779866|-0.739501953125|0.537109375|-0.344482421875|-1.0986328125|2.349853515625|0.244140625|-1.9392494658119657|38.608693910256406|-40.93450473137973
2026-01-29 04:26:29.914242+00:00|34.783220087276675|38.17367535490399|36.49108986362222|34.771335544257795|35.50169270130044|-0.7431640625|0.533203125|-0.337158203125|-1.312255859375|2.38037109375|0.030517578125|-0.35259081196581193|37.37462606837607|-41.10435744810745
2026-01-29 04:26:29.973276+00:00|34.771335544257795|38.181775971962566|36.499094010067154|34.76737419671082|35.50169270130044|-0.7353515625|0.538330078125|-0.34423828125|-0.946044921875|2.471923828125|0.0|-0.7051816239316239|38.4323985042735|-41.44406288156288
2026-01-29 04:26:30.032179+00:00|34.77529697516883|38.1777256002959|36.49108986362222|34.77529697516883|35.497715197180355|-0.7353515625|0.5322265625|-0.341796875|-1.129150390625|2.38037109375|0.06103515625|-1.7629540598290598|38.4323985042735|-41.10435744810745
2026-01-29 04:26:30.091349+00:00|34.771335544257795|38.181775971962566|36.499094010067154|34.77925848949229|35.497715197180355|-0.7490234375|0.539306640625|-0.336669921875|-1.0986328125|2.44140625|-0.06103515625|-0.35259081196581193|37.72721688034188|-42.463179181929185
2026-01-29 04:26:30.150463+00:00|34.76737419671082|38.1777256002959|36.50309624038999|34.78718176856995|35.50567029774413|-0.7392578125|0.537353515625|-0.3408203125|-1.3427734375|2.685546875|-0.091552734375|-1.5866586538461538|38.608693910256406|-41.27421016483516
2026-01-29 04:26:30.209820+00:00|34.771335544257795|38.16962523573386|36.499094010067154|34.78718176856995|35.497715197180355|-0.733154296875|0.534423828125|-0.345703125|-1.007080078125|2.197265625|0.0|-0.35259081196581193|39.49017094017094|-41.44406288156288
2026-01-29 04:26:30.269013+00:00|34.76341293247975|38.17367535490399|36.495091884494684|34.77925848949229|35.51362576779866|-0.739013671875|0.5322265625|-0.33984375|-1.28173828125|2.044677734375|0.0|-1.0577724358974359|38.07980769230769|-40.42494658119658
2026-01-29 04:26:30.328184+00:00|34.783220087276675|38.185826469957135|36.49108986362222|34.759451751516224|35.50169270130044|-0.745849609375|0.534912109375|-0.3349609375|-1.5869140625|2.38037109375|-0.091552734375|-0.8814770299145299|38.96128472222222|-41.613915598290596
2026-01-29 04:26:30.386916+00:00|34.77925848949229|38.19392784514156|36.499094010067154|34.771335544257795|35.493737785334645|-0.735595703125|0.540283203125|-0.346923828125|-1.495361328125|2.288818359375|0.0|-2.1155448717948717|38.78498931623931|-40.764652014652015
2026-01-29 04:26:30.446437+00:00|34.77925848949229|38.185826469957135|36.50309624038999|34.79114353342078|35.50964798656054|-0.733642578125|0.535400390625|-0.334716796875|-1.15966796875|2.38037109375|0.1220703125|-1.5866586538461538|38.256103098290595|-40.93450473137973
2026-01-29 04:26:30.505065+00:00|34.78718176856995|38.185826469957135|36.499094010067154|34.78718176856995|35.51760364150755|-0.738525390625|0.53515625|-0.33740234375|-1.068115234375|2.593994140625|-0.06103515625|-2.2918402777777778|37.55092147435897|-41.27421016483516
2026-01-29 04:26:30.563673+00:00|34.783220087276675|38.18987709433242|36.50709857551345|34.783220087276675|35.50964798656054|-0.7353515625|0.540283203125|-0.347412109375|-1.220703125|2.44140625|0.091552734375|-1.5866586538461538|38.256103098290595|-40.93450473137973
2026-01-29 04:26:30.622735+00:00|34.77925848949229|38.181775971962566|36.50309624038999|34.79114353342078|35.52158160773649|-0.737548828125|0.538818359375|-0.34521484375|-0.946044921875|2.197265625|0.244140625|-0.17629540598290597|36.84573985042735|-41.27421016483516
2026-01-29 04:26:30.681854+00:00|34.783220087276675|38.185826469957135|36.499094010067154|34.78718176856995|35.54147282840012|-0.74462890625|0.532958984375|-0.33251953125|-1.28173828125|2.349853515625|0.0|-2.2918402777777778|38.256103098290595|-40.93450473137973
2026-01-29 04:26:30.741232+00:00|34.79114353342078|38.19392784514156|36.495091884494684|34.783220087276675|35.51760364150755|-0.7333984375|0.533203125|-0.349609375|-1.312255859375|2.655029296875|-0.1220703125|-1.7629540598290598|38.4323985042735|-41.44406288156288
2026-01-29 04:26:30.800360+00:00|34.79114353342078|38.19392784514156|36.50309624038999|34.77925848949229|35.48976046571437|-0.736328125|0.537109375|-0.3486328125|-1.15966796875|2.3193359375|-0.152587890625|-0.8814770299145299|39.313875534188035|-40.25509386446887
2026-01-29 04:26:30.859288+00:00|34.79114353342078|38.18987709433242|36.50709857551345|34.78718176856995|35.51760364150755|-0.743408203125|0.53369140625|-0.336181640625|-1.40380859375|2.105712890625|-0.30517578125|-1.5866586538461538|38.608693910256406|-41.613915598290596
2026-01-29 04:26:30.918552+00:00|34.795105381877306|38.18987709433242|36.50309624038999|34.78718176856995|35.51760364150755|-0.740966796875|0.535888671875|-0.3447265625|-1.64794921875|2.593994140625|-0.030517578125|-2.2918402777777778|37.19833066239316|-40.25509386446887
2026-01-29 04:26:30.977820+00:00|34.78718176856995|38.19797872243748|36.511101015488066|34.79114353342078|35.52158160773649|-0.734130859375|0.535400390625|-0.340576171875|-1.312255859375|2.532958984375|0.030517578125|-2.468135683760684|37.72721688034188|-40.08524114774115
2026-01-29 04:26:31.036878+00:00|34.783220087276675|38.19797872243748|36.51510356036408|34.79114353342078|35.52158160773649|-0.7451171875|0.531005859375|-0.32763671875|-1.190185546875|2.166748046875|-0.06103515625|-1.4103632478632477|38.4323985042735|-41.44406288156288
2026-01-29 04:26:31.096268+00:00|34.77925848949229|38.19797872243748|36.51510356036408|34.79114353342078|35.5374943988345|-0.73828125|0.537353515625|-0.33837890625|-1.434326171875|2.38037109375|0.213623046875|-1.4103632478632477|37.72721688034188|-41.10435744810745
2026-01-29 04:26:31.155414+00:00|34.78718176856995|38.185826469957135|36.499094010067154|34.79114353342078|35.53351606203444|-0.73486328125|0.539794921875|-0.35205078125|-1.068115234375|2.288818359375|0.30517578125|-1.9392494658119657|38.608693910256406|-40.5947992979243
2026-01-29 04:26:31.214423+00:00|34.78718176856995|38.19392784514156|36.499094010067154|34.79114353342078|35.525559666534605|-0.7421875|0.525146484375|-0.32666015625|-1.15966796875|2.0751953125|-0.213623046875|-0.7051816239316239|38.4323985042735|-41.44406288156288
2026-01-29 04:26:31.273458+00:00|34.79114353342078|38.20202972627334|36.51510356036408|34.795105381877306|35.51362576779866|-0.739501953125|0.533203125|-0.34228515625|-1.495361328125|2.685546875|0.091552734375|-2.64443108974359|40.37164797008547|-41.953621031746025
2026-01-29 04:26:31.332445+00:00|34.79114353342078|38.19797872243748|36.51910621019192|34.79114353342078|35.54545135078064|-0.7353515625|0.53759765625|-0.3486328125|-1.3427734375|2.532958984375|-0.091552734375|-1.7629540598290598|39.49017094017094|-40.764652014652015
2026-01-29 04:26:31.391385+00:00|34.795105381877306|38.206080856702044|36.511101015488066|34.799067313987905|35.5374943988345|-0.7392578125|0.533447265625|-0.32763671875|-1.007080078125|2.3193359375|-0.579833984375|-1.234067841880342|37.90351228632478|-41.27421016483516
2026-01-29 04:26:31.450659+00:00|34.79114353342078|38.206080856702044|36.52310896502195|34.81095361272759|35.54545135078064|-0.745361328125|0.5361328125|-0.333740234375|-1.190185546875|2.288818359375|0.30517578125|-1.7629540598290598|37.37462606837607|-39.40583028083028
2026-01-29 04:26:31.509617+00:00|34.795105381877306|38.19797872243748|36.52310896502195|34.799067313987905|35.529537817950825|-0.737548828125|0.533447265625|-0.34619140625|-1.190185546875|2.50244140625|-0.152587890625|-2.1155448717948717|38.4323985042735|-41.44406288156288
2026-01-29 04:26:31.568810+00:00|34.79114353342078|38.19392784514156|36.50709857551345|34.799067313987905|35.5374943988345|-0.737548828125|0.540283203125|-0.34228515625|-1.190185546875|2.227783203125|-0.030517578125|-2.8207264957264955|38.07980769230769|-40.764652014652015
2026-01-29 04:26:31.627789+00:00|34.80302932980095|38.20202972627334|36.511101015488066|34.799067313987905|35.51362576779866|-0.743896484375|0.53662109375|-0.330078125|-1.15966796875|2.410888671875|0.1220703125|-0.8814770299145299|38.256103098290595|-39.57568299755799
2026-01-29 04:26:31.686951+00:00|34.8069914293647|38.206080856702044|36.52310896502195|34.79114353342078|35.54942996602489|-0.739501953125|0.5390625|-0.344482421875|-1.434326171875|2.685546875|0.152587890625|-1.4103632478632477|38.4323985042735|-42.463179181929185
2026-01-29 04:26:31.746102+00:00|34.81095361272759|38.206080856702044|36.52310896502195|34.81491587993793|35.525559666534605|-0.733154296875|0.535400390625|-0.339599609375|-1.28173828125|2.288818359375|0.06103515625|-1.4103632478632477|37.72721688034188|-41.10435744810745
2026-01-29 04:26:31.805301+00:00|34.80302932980095|38.20202972627334|36.52310896502195|34.80302932980095|35.52158160773649|-0.74462890625|0.530517578125|-0.339111328125|-1.28173828125|2.471923828125|0.091552734375|0.5288862179487179|38.256103098290595|-40.5947992979243
2026-01-29 04:26:31.863835+00:00|34.799067313987905|38.206080856702044|36.52310896502195|34.80302932980095|35.54147282840012|-0.74169921875|0.535400390625|-0.337890625|-1.46484375|2.532958984375|0.030517578125|-2.468135683760684|38.4323985042735|-40.08524114774115
2026-01-29 04:26:31.922937+00:00|34.795105381877306|38.20202972627334|36.527111824904466|34.8069914293647|35.53351606203444|-0.73095703125|0.5361328125|-0.350341796875|-1.28173828125|2.227783203125|-0.06103515625|-1.4103632478632477|38.4323985042735|-42.463179181929185
2026-01-29 04:26:31.981974+00:00|34.79114353342078|38.19392784514156|36.51510356036408|34.8069914293647|35.54942996602489|-0.743408203125|0.52978515625|-0.334716796875|-1.068115234375|2.25830078125|-0.030517578125|-1.234067841880342|38.256103098290595|-40.5947992979243
2026-01-29 04:26:32.040972+00:00|34.81095361272759|38.21013211377664|36.51910621019192|34.80302932980095|35.54147282840012|-0.74560546875|0.534912109375|-0.334228515625|-1.190185546875|2.25830078125|0.274658203125|-1.9392494658119657|37.19833066239316|-40.5947992979243
2026-01-29 04:26:32.100202+00:00|34.81887823104398|38.206080856702044|36.527111824904466|34.795105381877306|35.525559666534605|-0.736083984375|0.5390625|-0.3466796875|-1.15966796875|2.532958984375|0.091552734375|-0.5288862179487179|37.55092147435897|-41.953621031746025
2026-01-29 04:26:32.159144+00:00|34.8069914293647|38.21418349755032|36.52310896502195|34.81491587993793|35.50964798656054|-0.73828125|0.533935546875|-0.337646484375|-0.9765625|2.227783203125|0.244140625|-0.7051816239316239|38.07980769230769|-40.764652014652015
2026-01-29 04:26:32.217985+00:00|34.81491587993793|38.206080856702044|36.52310896502195|34.81095361272759|35.50964798656054|-0.741943359375|0.53173828125|-0.33349609375|-1.220703125|2.0751953125|0.06103515625|-2.2918402777777778|38.608693910256406|-41.613915598290596
2026-01-29 04:26:32.276742+00:00|34.81095361272759|38.21418349755032|36.53511786002912|34.81095361272759|35.51362576779866|-0.739990234375|0.5390625|-0.3369140625|-1.220703125|2.471923828125|0.030517578125|-1.9392494658119657|38.256103098290595|-41.613915598290596
2026-01-29 04:26:32.335480+00:00|34.81095361272759|38.20202972627334|36.527111824904466|34.80302932980095|35.553408674182265|-0.732421875|0.5380859375|-0.3486328125|-1.0986328125|2.3193359375|0.0|-1.9392494658119657|38.256103098290595|-40.5947992979243
2026-01-29 04:26:32.394223+00:00|34.81095361272759|38.19797872243748|36.52310896502195|34.799067313987905|35.5374943988345|-0.74462890625|0.535888671875|-0.338134765625|-0.885009765625|2.44140625|-0.244140625|-1.4103632478632477|38.07980769230769|-41.10435744810745
2026-01-29 04:26:32.453071+00:00|34.81095361272759|38.21013211377664|36.52310896502195|34.795105381877306|35.51760364150755|-0.74462890625|0.53564453125|-0.34033203125|-1.3427734375|2.74658203125|0.213623046875|-1.4103632478632477|38.4323985042735|-40.42494658119658
2026-01-29 04:26:32.511878+00:00|34.81095361272759|38.206080856702044|36.527111824904466|34.81095361272759|35.529537817950825|-0.731201171875|0.536376953125|-0.346435546875|-1.129150390625|2.655029296875|-0.06103515625|-1.4103632478632477|37.37462606837607|-40.42494658119658
2026-01-29 04:26:32.570762+00:00|34.81095361272759|38.206080856702044|36.52310896502195|34.81887823104398|35.54545135078064|-0.74072265625|0.54052734375|-0.337158203125|-1.40380859375|2.166748046875|-0.213623046875|-1.7629540598290598|38.78498931623931|-40.764652014652015
2026-01-29 04:26:32.629748+00:00|34.80302932980095|38.206080856702044|36.531114789890125|34.8069914293647|35.525559666534605|-0.7431640625|0.5341796875|-0.340087890625|-1.220703125|2.655029296875|0.06103515625|-1.234067841880342|38.256103098290595|-40.93450473137973
2026-01-29 04:26:32.688777+00:00|34.799067313987905|38.20202972627334|36.52310896502195|34.81095361272759|35.553408674182265|-0.7392578125|0.5390625|-0.345458984375|-1.15966796875|2.349853515625|-0.091552734375|-1.9392494658119657|37.90351228632478|-40.93450473137973
2026-01-29 04:26:32.747601+00:00|34.80302932980095|38.19392784514156|36.52310896502195|34.81887823104398|35.5374943988345|-0.7392578125|0.540771484375|-0.343017578125|-1.007080078125|2.38037109375|0.1220703125|-2.2918402777777778|38.96128472222222|-41.953621031746025
2026-01-29 04:26:32.806316+00:00|34.81095361272759|38.21013211377664|36.51910621019192|34.8069914293647|35.525559666534605|-0.743896484375|0.534423828125|-0.330078125|-1.220703125|2.25830078125|0.091552734375|-1.9392494658119657|39.313875534188035|-42.6330318986569
2026-01-29 04:26:32.865174+00:00|34.8069914293647|38.21013211377664|36.531114789890125|34.81887823104398|35.529537817950825|-0.7392578125|0.5390625|-0.34326171875|-1.40380859375|2.410888671875|-0.030517578125|-0.8814770299145299|38.608693910256406|-42.29332646520146
2026-01-29 04:26:32.923911+00:00|34.81491587993793|38.21013211377664|36.53511786002912|34.81887823104398|35.553408674182265|-0.734619140625|0.538330078125|-0.351318359375|-1.312255859375|2.593994140625|-0.030517578125|-1.7629540598290598|37.72721688034188|-41.783768315018314
2026-01-29 04:26:32.982878+00:00|34.81095361272759|38.21013211377664|36.531114789890125|34.81491587993793|35.56136636943262|-0.742431640625|0.533447265625|-0.340087890625|-1.220703125|2.197265625|-0.030517578125|-0.5288862179487179|39.313875534188035|-40.5947992979243
2026-01-29 04:26:33.041756+00:00|34.8069914293647|38.19797872243748|36.53511786002912|34.81491587993793|35.52158160773649|-0.74169921875|0.53515625|-0.334716796875|-1.64794921875|2.593994140625|-0.091552734375|-1.0577724358974359|38.78498931623931|-41.10435744810745
2026-01-29 04:26:33.100544+00:00|34.8069914293647|38.19392784514156|36.52310896502195|34.81095361272759|35.54147282840012|-0.73876953125|0.5341796875|-0.34619140625|-1.129150390625|2.25830078125|0.030517578125|-2.468135683760684|39.84276175213675|-41.783768315018314
2026-01-29 04:26:33.159359+00:00|34.81887823104398|38.21013211377664|36.527111824904466|34.8069914293647|35.54147282840012|-0.73681640625|0.5361328125|-0.342041015625|-1.220703125|2.38037109375|-0.213623046875|-1.9392494658119657|38.96128472222222|-40.93450473137973
2026-01-29 04:26:33.218892+00:00|34.81887823104398|38.21013211377664|36.53912103537192|34.81095361272759|35.53351606203444|-0.743896484375|0.5322265625|-0.33447265625|-1.251220703125|2.38037109375|0.091552734375|-1.0577724358974359|38.07980769230769|-41.44406288156288
2026-01-29 04:26:33.277821+00:00|34.81491587993793|38.21418349755032|36.547127701870295|34.82680318513695|35.53351606203444|-0.736083984375|0.5400390625|-0.33935546875|-1.312255859375|2.288818359375|0.152587890625|-1.5866586538461538|40.01905715811966|-40.5947992979243
2026-01-29 04:26:33.336830+00:00|34.81887823104398|38.21013211377664|36.53912103537192|34.82284066609424|35.553408674182265|-0.736328125|0.534423828125|-0.342529296875|-0.8544921875|2.13623046875|0.1220703125|-1.5866586538461538|38.256103098290595|-40.93450473137973
2026-01-29 04:26:33.396011+00:00|34.82284066609424|38.21418349755032|36.53511786002912|34.82284066609424|35.54942996602489|-0.740234375|0.531494140625|-0.334228515625|-1.3427734375|2.25830078125|0.030517578125|-1.5866586538461538|39.313875534188035|-41.27421016483516
2026-01-29 04:26:33.455094+00:00|34.81095361272759|38.20202972627334|36.53912103537192|34.82284066609424|35.5374943988345|-0.737548828125|0.53955078125|-0.343994140625|-1.190185546875|2.349853515625|0.091552734375|-1.234067841880342|37.90351228632478|-40.93450473137973
2026-01-29 04:26:33.514159+00:00|34.81491587993793|38.19797872243748|36.531114789890125|34.83076578822056|35.553408674182265|-0.734619140625|0.5380859375|-0.3427734375|-1.46484375|2.288818359375|0.06103515625|-2.8207264957264955|37.72721688034188|-41.783768315018314
2026-01-29 04:26:33.573089+00:00|34.81887823104398|38.19797872243748|36.527111824904466|34.81887823104398|35.54545135078064|-0.74462890625|0.5341796875|-0.3408203125|-1.068115234375|2.288818359375|0.06103515625|0.0|39.13758012820512|-41.44406288156288
2026-01-29 04:26:33.632196+00:00|34.81887823104398|38.21013211377664|36.53912103537192|34.81491587993793|35.553408674182265|-0.7421875|0.537109375|-0.34228515625|-1.40380859375|2.5634765625|0.244140625|-1.4103632478632477|38.07980769230769|-41.783768315018314
2026-01-29 04:26:33.691152+00:00|34.82680318513695|38.206080856702044|36.547127701870295|34.82284066609424|35.51760364150755|-0.733154296875|0.534912109375|-0.345703125|-1.312255859375|2.410888671875|-0.396728515625|-0.7051816239316239|38.07980769230769|-40.764652014652015
2026-01-29 04:26:33.750074+00:00|34.82284066609424|38.21013211377664|36.54312431596884|34.82680318513695|35.56534535662405|-0.74365234375|0.536376953125|-0.346923828125|-1.190185546875|2.227783203125|-0.1220703125|-1.0577724358974359|39.13758012820512|-41.44406288156288
2026-01-29 04:26:33.809072+00:00|34.82284066609424|38.21418349755032|36.54312431596884|34.83076578822056|35.56136636943262|-0.744384765625|0.536376953125|-0.3408203125|-1.46484375|2.38037109375|0.213623046875|-1.0577724358974359|38.78498931623931|-41.783768315018314
2026-01-29 04:26:33.867962+00:00|34.81095361272759|38.20202972627334|36.547127701870295|34.81887823104398|35.5374943988345|-0.736572265625|0.537841796875|-0.346435546875|-1.251220703125|2.288818359375|0.244140625|-2.2918402777777778|37.19833066239316|-41.27421016483516
2026-01-29 04:26:33.926876+00:00|34.81491587993793|38.20202972627334|36.53511786002912|34.83076578822056|35.56136636943262|-0.735595703125|0.53662109375|-0.34228515625|-1.251220703125|2.410888671875|0.30517578125|-1.4103632478632477|38.07980769230769|-41.10435744810745
2026-01-29 04:26:33.986446+00:00|34.82284066609424|38.21013211377664|36.53511786002912|34.82680318513695|35.54942996602489|-0.73876953125|0.537841796875|-0.336181640625|-1.129150390625|2.44140625|0.06103515625|-1.4103632478632477|38.78498931623931|-41.783768315018314
2026-01-29 04:26:34.045489+00:00|34.82284066609424|38.21823500807591|36.54312431596884|34.81887823104398|35.54545135078064|-0.73828125|0.532958984375|-0.340087890625|-1.220703125|2.197265625|0.06103515625|-1.0577724358974359|39.49017094017094|-40.42494658119658
2026-01-29 04:26:34.104705+00:00|34.82680318513695|38.206080856702044|36.54312431596884|34.83472847539343|35.54147282840012|-0.73486328125|0.534423828125|-0.33642578125|-1.251220703125|2.532958984375|0.0|-0.8814770299145299|38.256103098290595|-41.613915598290596
2026-01-29 04:26:34.163522+00:00|34.82284066609424|38.206080856702044|36.547127701870295|34.83869124670389|35.56534535662405|-0.74169921875|0.528564453125|-0.333984375|-0.9765625|2.25830078125|0.030517578125|-2.468135683760684|39.49017094017094|-41.44406288156288
2026-01-29 04:26:34.222447+00:00|34.83076578822056|38.21823500807591|36.54312431596884|34.82680318513695|35.569324436925|-0.74267578125|0.536376953125|-0.33837890625|-1.40380859375|2.25830078125|-0.18310546875|-1.7629540598290598|37.37462606837607|-41.783768315018314
2026-01-29 04:26:34.281289+00:00|34.82680318513695|38.20202972627334|36.547127701870295|34.83869124670389|35.54942996602489|-0.741455078125|0.538330078125|-0.344482421875|-0.732421875|2.685546875|0.42724609375|-2.1155448717948717|38.07980769230769|-41.44406288156288
2026-01-29 04:26:34.340109+00:00|34.82284066609424|38.19797872243748|36.53912103537192|34.83076578822056|35.57728287705282|-0.739990234375|0.533447265625|-0.337158203125|-1.373291015625|2.44140625|0.0|-0.8814770299145299|37.55092147435897|-41.953621031746025
2026-01-29 04:26:34.398985+00:00|34.83076578822056|38.21013211377664|36.54312431596884|34.83472847539343|35.529537817950825|-0.74365234375|0.5390625|-0.33349609375|-1.0986328125|2.62451171875|0.0|-0.7051816239316239|38.78498931623931|-40.764652014652015
2026-01-29 04:26:34.458221+00:00|34.83076578822056|38.21418349755032|36.55113119312682|34.83869124670389|35.54147282840012|-0.741455078125|0.537841796875|-0.34326171875|-1.0986328125|2.25830078125|0.1220703125|0.17629540598290597|39.66646634615385|-40.5947992979243
2026-01-29 04:26:34.517403+00:00|34.8426541022003|38.21418349755032|36.55113119312682|34.83869124670389|35.54545135078064|-0.7392578125|0.534423828125|-0.33984375|-1.373291015625|2.3193359375|-0.06103515625|-0.7051816239316239|38.78498931623931|-42.12347374847374
2026-01-29 04:26:34.576229+00:00|34.83869124670389|38.21418349755032|36.55113119312682|34.8426541022003|35.54942996602489|-0.74658203125|0.53662109375|-0.33349609375|-1.068115234375|2.288818359375|0.030517578125|-1.5866586538461538|38.256103098290595|-41.613915598290596
2026-01-29 04:26:34.635323+00:00|34.83076578822056|38.21418349755032|36.55113119312682|34.8426541022003|35.553408674182265|-0.739501953125|0.5341796875|-0.34130859375|-1.434326171875|2.3193359375|-0.1220703125|-1.0577724358974359|37.37462606837607|-41.783768315018314
2026-01-29 04:26:34.694450+00:00|34.82680318513695|38.21418349755032|36.55513478978895|34.8426541022003|35.56534535662405|-0.73388671875|0.53759765625|-0.345458984375|-1.52587890625|2.38037109375|-0.091552734375|-0.7051816239316239|38.78498931623931|-42.12347374847374
2026-01-29 04:26:34.753975+00:00|34.83869124670389|38.21418349755032|36.547127701870295|34.8426541022003|35.56534535662405|-0.7373046875|0.53173828125|-0.340087890625|-1.373291015625|2.50244140625|-0.06103515625|-1.4103632478632477|38.07980769230769|-41.10435744810745
2026-01-29 04:26:34.812806+00:00|34.83472847539343|38.21418349755032|36.547127701870295|34.83472847539343|35.56136636943262|-0.7431640625|0.53662109375|-0.33984375|-1.373291015625|2.5634765625|-0.030517578125|-0.8814770299145299|37.90351228632478|-40.25509386446887
2026-01-29 04:26:34.871832+00:00|34.8426541022003|38.22228664540671|36.55513478978895|34.83472847539343|35.557387475301766|-0.734619140625|0.53662109375|-0.33740234375|-1.40380859375|2.3193359375|-0.030517578125|-0.8814770299145299|40.01905715811966|-41.613915598290596
2026-01-29 04:26:34.930656+00:00|34.83869124670389|38.22228664540671|36.55913849190682|34.846617041931154|35.56136636943262|-0.73828125|0.536376953125|-0.33935546875|-1.0986328125|2.105712890625|0.18310546875|-0.5288862179487179|39.313875534188035|-40.93450473137973
2026-01-29 04:26:34.989573+00:00|34.846617041931154|38.22228664540671|36.55513478978895|34.8426541022003|35.56534535662405|-0.744873046875|0.52880859375|-0.334228515625|-1.220703125|2.410888671875|-0.030517578125|-1.0577724358974359|38.78498931623931|-40.42494658119658
2026-01-29 04:26:35.048488+00:00|34.846617041931154|38.22228664540671|36.56714621271203|34.85058006594471|35.56136636943262|-0.736572265625|0.53515625|-0.341064453125|-1.3427734375|2.410888671875|0.06103515625|-1.234067841880342|38.608693910256406|-41.613915598290596
2026-01-29 04:26:35.107480+00:00|34.83869124670389|38.22228664540671|36.55913849190682|34.8426541022003|35.569324436925|-0.739501953125|0.53857421875|-0.341552734375|-1.129150390625|2.227783203125|0.0|-1.0577724358974359|37.72721688034188|-42.463179181929185
2026-01-29 04:26:35.166835+00:00|34.85058006594471|38.21823500807591|36.55513478978895|34.854543174289404|35.573303610384926|-0.74365234375|0.53173828125|-0.3349609375|-0.885009765625|2.410888671875|0.030517578125|-0.8814770299145299|38.608693910256406|-42.29332646520146
2026-01-29 04:26:35.226120+00:00|34.854543174289404|38.2263384095956|36.547127701870295|34.846617041931154|35.58126223697798|-0.739013671875|0.5341796875|-0.339111328125|-1.495361328125|2.471923828125|0.091552734375|-0.7051816239316239|38.4323985042735|-40.764652014652015
2026-01-29 04:26:35.285347+00:00|34.85058006594471|38.2263384095956|36.56314229953108|34.83869124670389|35.569324436925|-0.735107421875|0.53759765625|-0.343017578125|-1.46484375|2.197265625|0.030517578125|-0.8814770299145299|37.90351228632478|-42.97273733211233
2026-01-29 04:26:35.344516+00:00|34.85058006594471|38.2263384095956|36.55513478978895|34.85850636701355|35.569324436925|-0.742919921875|0.53125|-0.3349609375|-1.0986328125|2.3193359375|0.091552734375|-2.1155448717948717|37.72721688034188|-42.463179181929185
2026-01-29 04:26:35.403842+00:00|34.8426541022003|38.2344423187601|36.55913849190682|34.85850636701355|35.573303610384926|-0.742431640625|0.53515625|-0.339599609375|-1.52587890625|2.471923828125|0.152587890625|-1.9392494658119657|39.313875534188035|-39.915388431013426
2026-01-29 04:26:35.463064+00:00|34.854543174289404|38.2344423187601|36.56314229953108|34.86643300579408|35.56136636943262|-0.733154296875|0.5361328125|-0.3427734375|-1.434326171875|2.532958984375|0.0|-1.5866586538461538|39.66646634615385|-40.93450473137973
2026-01-29 04:26:35.522213+00:00|34.846617041931154|38.23039030069566|36.56714621271203|34.85850636701355|35.573303610384926|-0.741943359375|0.540283203125|-0.341552734375|-0.9765625|2.13623046875|0.18310546875|-0.7051816239316239|38.4323985042735|-41.44406288156288
2026-01-29 04:26:35.581484+00:00|34.846617041931154|38.2263384095956|36.56714621271203|34.86643300579408|35.569324436925|-0.741943359375|0.53515625|-0.330810546875|-1.129150390625|2.0751953125|0.1220703125|-0.35259081196581193|38.78498931623931|-39.066124847374844
2026-01-29 04:26:35.640090+00:00|34.85058006594471|38.21418349755032|36.55513478978895|34.85058006594471|35.589221236796504|-0.738037109375|0.534912109375|-0.341552734375|-1.52587890625|2.5634765625|-0.06103515625|-2.468135683760684|38.4323985042735|-40.08524114774115
2026-01-29 04:26:35.699008+00:00|34.86643300579408|38.2344423187601|36.55913849190682|34.85850636701355|35.557387475301766|-0.73974609375|0.535400390625|-0.344482421875|-1.007080078125|2.685546875|0.06103515625|-1.7629540598290598|38.4323985042735|-40.764652014652015
2026-01-29 04:26:35.757725+00:00|34.86246964416563|38.2344423187601|36.56714621271203|34.87039645194727|35.573303610384926|-0.74365234375|0.5341796875|-0.330810546875|-1.28173828125|2.3193359375|-0.335693359375|-1.0577724358974359|38.78498931623931|-42.80288461538461
2026-01-29 04:26:35.817006+00:00|34.86643300579408|38.23039030069566|36.57115023150027|34.87039645194727|35.58126223697798|-0.739990234375|0.5361328125|-0.34521484375|-1.434326171875|2.593994140625|-0.152587890625|-1.5866586538461538|38.96128472222222|-41.613915598290596
2026-01-29 04:26:35.876291+00:00|34.86246964416563|38.2263384095956|36.56714621271203|34.87039645194727|35.57728287705282|-0.73681640625|0.5361328125|-0.34228515625|-1.0986328125|2.410888671875|-0.274658203125|-1.5866586538461538|37.19833066239316|-40.25509386446887
2026-01-29 04:26:35.935449+00:00|34.854543174289404|38.2344423187601|36.56714621271203|34.87039645194727|35.58126223697798|-0.7392578125|0.53466796875|-0.33447265625|-1.129150390625|2.0751953125|-0.152587890625|-1.4103632478632477|39.49017094017094|-41.783768315018314
2026-01-29 04:26:35.994488+00:00|34.854543174289404|38.23039030069566|36.56714621271203|34.87039645194727|35.589221236796504|-0.737548828125|0.53564453125|-0.34033203125|-1.190185546875|2.62451171875|0.1220703125|-2.1155448717948717|38.78498931623931|-40.42494658119658
2026-01-29 04:26:36.054016+00:00|34.87039645194727|38.2263384095956|36.56314229953108|34.87039645194727|35.57728287705282|-0.728515625|0.540771484375|-0.345458984375|-1.129150390625|2.288818359375|-0.091552734375|-0.35259081196581193|37.72721688034188|-40.764652014652015
2026-01-29 04:26:36.112077+00:00|34.87435998267358|38.23849446384196|36.56714621271203|34.87039645194727|35.54545135078064|-0.73779296875|0.537109375|-0.34228515625|-1.129150390625|2.3193359375|-0.091552734375|-1.0577724358974359|38.07980769230769|-42.12347374847374
2026-01-29 04:26:36.170824+00:00|34.86643300579408|38.2344423187601|36.57115023150027|34.88228729803916|35.573303610384926|-0.74755859375|0.535888671875|-0.330810546875|-1.15966796875|2.5634765625|0.152587890625|-0.8814770299145299|37.90351228632478|-40.25509386446887
2026-01-29 04:26:36.230037+00:00|34.87039645194727|38.2344423187601|36.5751543559461|34.87435998267358|35.59320087678833|-0.740234375|0.53369140625|-0.341796875|-1.312255859375|2.288818359375|0.030517578125|-1.0577724358974359|37.72721688034188|-42.12347374847374
2026-01-29 04:26:36.289060+00:00|34.87435998267358|38.23849446384196|36.57115023150027|34.87039645194727|35.569324436925|-0.73583984375|0.537109375|-0.356201171875|-1.15966796875|2.38037109375|0.518798828125|-2.2918402777777778|39.313875534188035|-41.27421016483516
2026-01-29 04:26:36.348121+00:00|34.86246964416563|38.23039030069566|36.5751543559461|34.88228729803916|35.585241690209386|-0.74365234375|0.533203125|-0.330078125|-1.007080078125|2.0751953125|0.06103515625|-2.64443108974359|37.90351228632478|-40.25509386446887
2026-01-29 04:26:36.407208+00:00|34.86643300579408|38.23039030069566|36.56314229953108|34.88228729803916|35.573303610384926|-0.73974609375|0.5390625|-0.3427734375|-1.52587890625|2.3193359375|0.152587890625|-0.8814770299145299|38.96128472222222|-42.29332646520146
2026-01-29 04:26:36.466330+00:00|34.87435998267358|38.2263384095956|36.56714621271203|34.86643300579408|35.569324436925|-0.73681640625|0.53857421875|-0.34423828125|-1.220703125|2.471923828125|0.1220703125|-1.234067841880342|38.256103098290595|-40.93450473137973
2026-01-29 04:26:36.525397+00:00|34.87435998267358|38.23849446384196|36.57115023150027|34.87039645194727|35.573303610384926|-0.74609375|0.532958984375|-0.341552734375|-1.251220703125|2.471923828125|-0.152587890625|-1.5866586538461538|37.90351228632478|-40.93450473137973
2026-01-29 04:26:36.584319+00:00|34.87435998267358|38.24254673599421|36.5751543559461|34.88228729803916|35.585241690209386|-0.743896484375|0.5361328125|-0.341796875|-1.373291015625|2.5634765625|-0.06103515625|-0.17629540598290597|38.256103098290595|-41.27421016483516
2026-01-29 04:26:36.643293+00:00|34.88228729803916|38.24659913527017|36.57915858610011|34.87435998267358|35.58126223697798|-0.73876953125|0.535400390625|-0.347900390625|-1.434326171875|2.197265625|-0.274658203125|-0.8814770299145299|39.313875534188035|-39.915388431013426
2026-01-29 04:26:36.702344+00:00|34.88228729803916|38.2344423187601|36.5751543559461|34.89021495227831|35.56136636943262|-0.741455078125|0.536376953125|-0.341552734375|-1.03759765625|2.38037109375|-0.152587890625|-1.7629540598290598|39.13758012820512|-41.10435744810745
2026-01-29 04:26:36.761775+00:00|34.86643300579408|38.2344423187601|36.57915858610011|34.88228729803916|35.56136636943262|-0.740966796875|0.5361328125|-0.3330078125|-1.129150390625|2.3193359375|0.335693359375|-1.9392494658119657|37.55092147435897|-40.25509386446887
2026-01-29 04:26:36.820874+00:00|34.88228729803916|38.23849446384196|36.56314229953108|34.89021495227831|35.597180610234204|-0.738525390625|0.539794921875|-0.34375|-1.617431640625|2.3193359375|0.152587890625|-1.7629540598290598|38.78498931623931|-41.44406288156288
2026-01-29 04:26:36.879868+00:00|34.886251082775345|38.23849446384196|36.56714621271203|34.87435998267358|35.60116043718318|-0.73779296875|0.537353515625|-0.33935546875|-1.03759765625|2.349853515625|-0.030517578125|-1.9392494658119657|39.313875534188035|-41.613915598290596
2026-01-29 04:26:36.938343+00:00|34.89417890659644|38.23849446384196|36.57915858610011|34.88228729803916|35.589221236796504|-0.741455078125|0.533203125|-0.339599609375|-1.190185546875|1.953125|-0.213623046875|-1.5866586538461538|38.96128472222222|-40.93450473137973
2026-01-29 04:26:36.997473+00:00|34.886251082775345|38.24659913527017|36.58716736373435|34.886251082775345|35.59320087678833|-0.73779296875|0.535400390625|-0.336181640625|-1.3427734375|2.197265625|0.335693359375|-0.8814770299145299|36.84573985042735|-40.93450473137973
2026-01-29 04:26:37.056866+00:00|34.886251082775345|38.24254673599421|36.57915858610011|34.89021495227831|35.60912037178758|-0.738037109375|0.534423828125|-0.346923828125|-1.3427734375|2.5634765625|0.0|-1.234067841880342|38.256103098290595|-41.613915598290596
2026-01-29 04:26:37.115400+00:00|34.88228729803916|38.24254673599421|36.58316292201272|34.89417890659644|35.585241690209386|-0.74658203125|0.533935546875|-0.33935546875|-1.0986328125|2.410888671875|-0.213623046875|-1.9392494658119657|38.608693910256406|-41.613915598290596
2026-01-29 04:26:37.174293+00:00|34.88228729803916|38.24659913527017|36.58316292201272|34.89814294577832|35.60912037178758|-0.7412109375|0.538818359375|-0.333984375|-1.312255859375|2.410888671875|-0.030517578125|-0.7051816239316239|38.07980769230769|-41.44406288156288
2026-01-29 04:26:37.233166+00:00|34.89021495227831|38.2344423187601|36.5751543559461|34.89021495227831|35.589221236796504|-0.739013671875|0.53564453125|-0.341064453125|-1.0986328125|2.01416015625|0.213623046875|-0.8814770299145299|37.90351228632478|-40.5947992979243
2026-01-29 04:26:37.291935+00:00|34.89417890659644|38.25470431540526|36.57915858610011|34.89021495227831|35.57728287705282|-0.735107421875|0.53759765625|-0.3349609375|-1.28173828125|2.38037109375|0.213623046875|-1.9392494658119657|38.96128472222222|-40.93450473137973
2026-01-29 04:26:37.350766+00:00|34.886251082775345|38.25470431540526|36.58316292201272|34.90210706987227|35.58126223697798|-0.7431640625|0.53759765625|-0.33447265625|-1.15966796875|2.3193359375|0.091552734375|-1.4103632478632477|36.669444444444444|-40.42494658119658
2026-01-29 04:26:37.409532+00:00|34.89814294577832|38.25470431540526|36.58316292201272|34.90210706987227|35.58126223697798|-0.737060546875|0.53369140625|-0.34326171875|-1.0986328125|2.410888671875|0.1220703125|-1.9392494658119657|37.90351228632478|-41.27421016483516
2026-01-29 04:26:37.468525+00:00|34.89814294577832|38.25065166172277|36.58316292201272|34.89417890659644|35.57728287705282|-0.731689453125|0.534423828125|-0.339599609375|-1.0986328125|2.349853515625|-0.030517578125|-2.1155448717948717|38.07980769230769|-41.10435744810745
2026-01-29 04:26:37.527487+00:00|34.87832359802138|38.25065166172277|36.57915858610011|34.89814294577832|35.589221236796504|-0.748779296875|0.5302734375|-0.33642578125|-1.0986328125|2.3193359375|-0.244140625|-2.1155448717948717|38.78498931623931|-42.12347374847374
2026-01-29 04:26:37.586391+00:00|34.89021495227831|38.24254673599421|36.57915858610011|34.90210706987227|35.59320087678833|-0.736328125|0.5341796875|-0.341796875|-1.52587890625|2.62451171875|-0.1220703125|-1.7629540598290598|38.07980769230769|-40.764652014652015
2026-01-29 04:26:37.645206+00:00|34.90210706987227|38.24659913527017|36.5751543559461|34.89021495227831|35.585241690209386|-0.738525390625|0.53662109375|-0.347900390625|-1.251220703125|2.38037109375|0.0|-1.5866586538461538|36.84573985042735|-40.93450473137973
2026-01-29 04:26:37.704099+00:00|34.89814294577832|38.25470431540526|36.58316292201272|34.89417890659644|35.59320087678833|-0.74365234375|0.533447265625|-0.3388671875|-1.129150390625|2.166748046875|0.030517578125|-2.1155448717948717|37.72721688034188|-40.764652014652015
2026-01-29 04:26:37.763031+00:00|34.90210706987227|38.25875709637069|36.58716736373435|34.90607127892662|35.589221236796504|-0.73876953125|0.535400390625|-0.332275390625|-1.220703125|2.471923828125|0.18310546875|-1.9392494658119657|37.19833066239316|-40.93450473137973
2026-01-29 04:26:37.821802+00:00|34.90210706987227|38.25065166172277|36.59117191131554|34.90607127892662|35.60116043718318|-0.73583984375|0.535400390625|-0.34619140625|-1.28173828125|2.593994140625|0.335693359375|-1.7629540598290598|38.07980769230769|-41.44406288156288
2026-01-29 04:26:37.880576+00:00|34.90210706987227|38.25470431540526|36.59117191131554|34.90607127892662|35.585241690209386|-0.7373046875|0.54248046875|-0.344482421875|-0.91552734375|2.166748046875|0.030517578125|-1.9392494658119657|37.55092147435897|-41.953621031746025
2026-01-29 04:26:37.939466+00:00|34.89814294577832|38.25065166172277|36.58716736373435|34.91003557299018|35.60116043718318|-0.744384765625|0.5341796875|-0.33251953125|-1.373291015625|2.38037109375|0.0|-2.1155448717948717|37.72721688034188|-40.42494658119658
2026-01-29 04:26:37.998246+00:00|34.91003557299018|38.25470431540526|36.58716736373435|34.89417890659644|35.60116043718318|-0.736328125|0.53662109375|-0.346923828125|-1.3427734375|2.410888671875|-0.091552734375|-0.7051816239316239|38.78498931623931|-40.42494658119658
2026-01-29 04:26:38.057275+00:00|34.91003557299018|38.26281000467219|36.59517656480676|34.90210706987227|35.589221236796504|-0.7392578125|0.537353515625|-0.345458984375|-1.15966796875|2.410888671875|0.18310546875|-1.234067841880342|37.90351228632478|-41.613915598290596
2026-01-29 04:26:38.116219+00:00|34.90210706987227|38.25875709637069|36.59517656480676|34.917964416337725|35.597180610234204|-0.739013671875|0.533447265625|-0.33740234375|-1.129150390625|2.349853515625|0.18310546875|-1.0577724358974359|37.022035256410255|-40.08524114774115
2026-01-29 04:26:38.175409+00:00|34.90607127892662|38.25875709637069|36.59117191131554|34.92192896571885|35.625041365199934|-0.735595703125|0.53662109375|-0.33984375|-1.495361328125|2.3193359375|-0.152587890625|-1.7629540598290598|39.13758012820512|-40.764652014652015
2026-01-29 04:26:38.234177+00:00|34.917964416337725|38.26281000467219|36.58316292201272|34.913999952111|35.60514035768455|-0.7314453125|0.535400390625|-0.345703125|-1.251220703125|2.349853515625|0.06103515625|-0.35259081196581193|39.13758012820512|-40.08524114774115
2026-01-29 04:26:38.293272+00:00|34.913999952111|38.25875709637069|36.59517656480676|34.913999952111|35.597180610234204|-0.744384765625|0.532958984375|-0.33837890625|-1.40380859375|2.3193359375|-0.18310546875|0.0|38.07980769230769|-42.12347374847374
2026-01-29 04:26:38.352131+00:00|34.90607127892662|38.24659913527017|36.59117191131554|34.92192896571885|35.61310047954146|-0.7421875|0.53369140625|-0.340576171875|-1.495361328125|2.655029296875|0.06103515625|-1.0577724358974359|39.49017094017094|-40.764652014652015
2026-01-29 04:26:38.411232+00:00|34.917964416337725|38.26281000467219|36.58716736373435|34.91003557299018|35.60912037178758|-0.734375|0.53857421875|-0.345703125|-1.251220703125|2.593994140625|-0.091552734375|-1.5866586538461538|37.90351228632478|-39.915388431013426
2026-01-29 04:26:38.470298+00:00|34.913999952111|38.26686304036292|36.599181324258495|34.913999952111|35.57728287705282|-0.7451171875|0.537353515625|-0.334716796875|-1.46484375|2.25830078125|0.213623046875|-2.2918402777777778|38.256103098290595|-41.27421016483516
2026-01-29 04:26:38.529270+00:00|34.913999952111|38.26281000467219|36.603186189721214|34.92589360030274|35.589221236796504|-0.740966796875|0.532470703125|-0.333984375|-1.190185546875|2.532958984375|0.152587890625|-1.9392494658119657|37.90351228632478|-41.27421016483516
2026-01-29 04:26:38.588029+00:00|34.92589360030274|38.25875709637069|36.599181324258495|34.917964416337725|35.62106097619835|-0.733642578125|0.537109375|-0.340576171875|-1.0986328125|2.288818359375|-0.1220703125|-1.0577724358974359|36.669444444444444|-40.42494658119658
2026-01-29 04:26:38.646871+00:00|34.913999952111|38.26281000467219|36.599181324258495|34.92589360030274|35.62902184804932|-0.740478515625|0.54052734375|-0.34228515625|-1.190185546875|2.532958984375|0.274658203125|-0.8814770299145299|38.96128472222222|-39.23597756410256
2026-01-29 04:26:38.705984+00:00|34.913999952111|38.25470431540526|36.60719116124545|34.92589360030274|35.61708068099529|-0.73779296875|0.5390625|-0.339599609375|-0.823974609375|2.655029296875|0.18310546875|-1.7629540598290598|39.13758012820512|-41.10435744810745
2026-01-29 04:26:38.765145+00:00|34.917964416337725|38.25065166172277|36.59517656480676|34.937788015755814|35.61310047954146|-0.73876953125|0.53271484375|-0.346435546875|-1.03759765625|2.532958984375|-0.030517578125|-0.8814770299145299|37.55092147435897|-41.613915598290596
2026-01-29 04:26:38.824127+00:00|34.92192896571885|38.26281000467219|36.59117191131554|34.92192896571885|35.60912037178758|-0.73583984375|0.538330078125|-0.341552734375|-1.190185546875|2.3193359375|0.1220703125|-0.5288862179487179|37.90351228632478|-41.613915598290596
2026-01-29 04:26:38.883289+00:00|34.92985832013784|38.26686304036292|36.61520142268046|34.917964416337725|35.597180610234204|-0.7421875|0.53173828125|-0.33740234375|-0.91552734375|2.288818359375|-0.152587890625|0.35259081196581193|37.72721688034188|-41.783768315018314
2026-01-29 04:26:38.942275+00:00|34.92985832013784|38.27091620349597|36.603186189721214|34.933823125272625|35.61708068099529|-0.739990234375|0.531494140625|-0.342041015625|-1.3427734375|2.44140625|-0.244140625|-0.7051816239316239|37.72721688034188|-40.764652014652015
2026-01-29 04:26:39.001474+00:00|34.92192896571885|38.26686304036292|36.603186189721214|34.933823125272625|35.62902184804932|-0.738037109375|0.536376953125|-0.34521484375|-0.9765625|2.166748046875|-0.1220703125|-0.8814770299145299|36.84573985042735|-40.93450473137973
2026-01-29 04:26:39.060318+00:00|34.92589360030274|38.26281000467219|36.611196238881746|34.933823125272625|35.625041365199934|-0.7353515625|0.5361328125|-0.34716796875|-1.28173828125|2.38037109375|-0.1220703125|-0.7051816239316239|38.78498931623931|-40.764652014652015
2026-01-29 04:26:39.119299+00:00|34.92192896571885|38.24659913527017|36.603186189721214|34.9417529916355|35.60912037178758|-0.745849609375|0.534912109375|-0.335205078125|-1.312255859375|2.50244140625|0.1220703125|-0.35259081196581193|36.669444444444444|-41.783768315018314
2026-01-29 04:26:39.178253+00:00|34.92589360030274|38.24659913527017|36.59517656480676|34.92589360030274|35.62106097619835|-0.740234375|0.53173828125|-0.34375|-0.946044921875|2.44140625|0.091552734375|-0.8814770299145299|39.66646634615385|-40.5947992979243
2026-01-29 04:26:39.237075+00:00|34.937788015755814|38.26281000467219|36.603186189721214|34.92985832013784|35.61310047954146|-0.736572265625|0.5380859375|-0.340087890625|-0.91552734375|2.13623046875|0.274658203125|-1.7629540598290598|38.4323985042735|-40.42494658119658
2026-01-29 04:26:39.295959+00:00|34.937788015755814|38.26281000467219|36.60719116124545|34.9417529916355|35.597180610234204|-0.740478515625|0.534912109375|-0.332763671875|-1.220703125|2.166748046875|0.0|-1.4103632478632477|38.07980769230769|-40.764652014652015
2026-01-29 04:26:39.355333+00:00|34.9417529916355|38.25875709637069|36.603186189721214|34.9417529916355|35.62902184804932|-0.73974609375|0.53955078125|-0.341552734375|-1.068115234375|2.25830078125|0.152587890625|-1.234067841880342|37.55092147435897|-41.27421016483516
2026-01-29 04:26:39.414219+00:00|34.937788015755814|38.26281000467219|36.60719116124545|34.94571805296039|35.60912037178758|-0.736572265625|0.5341796875|-0.346435546875|-1.5869140625|2.410888671875|0.030517578125|-1.0577724358974359|39.49017094017094|-42.463179181929185
2026-01-29 04:26:39.473598+00:00|34.9417529916355|38.26686304036292|36.611196238881746|34.937788015755814|35.63300242479562|-0.742919921875|0.530029296875|-0.330810546875|-1.434326171875|2.349853515625|-0.335693359375|-1.0577724358974359|38.78498931623931|-41.10435744810745
2026-01-29 04:26:39.532951+00:00|34.92985832013784|38.25875709637069|36.60719116124545|34.9417529916355|35.62106097619835|-0.74169921875|0.537109375|-0.33349609375|-1.40380859375|2.5634765625|0.213623046875|-1.0577724358974359|37.72721688034188|-40.764652014652015
2026-01-29 04:26:39.591851+00:00|34.92985832013784|38.25470431540526|36.599181324258495|34.94968319977892|35.62902184804932|-0.736328125|0.535888671875|-0.352294921875|-1.007080078125|2.62451171875|0.0|-1.4103632478632477|37.37462606837607|-41.44406288156288
2026-01-29 04:26:39.650772+00:00|34.937788015755814|38.25470431540526|36.599181324258495|34.933823125272625|35.60514035768455|-0.741455078125|0.539794921875|-0.339599609375|-1.52587890625|2.50244140625|-0.030517578125|-2.2918402777777778|36.84573985042735|-41.953621031746025
2026-01-29 04:26:39.709709+00:00|34.94571805296039|38.26281000467219|36.611196238881746|34.933823125272625|35.63300242479562|-0.740478515625|0.5361328125|-0.334716796875|-1.220703125|2.5634765625|0.18310546875|-1.234067841880342|38.96128472222222|-41.613915598290596
2026-01-29 04:26:39.768736+00:00|34.94571805296039|38.27091620349597|36.61520142268046|34.94968319977892|35.59320087678833|-0.734375|0.538330078125|-0.34375|-1.190185546875|2.685546875|0.06103515625|-1.9392494658119657|37.55092147435897|-41.27421016483516
2026-01-29 04:26:39.827737+00:00|34.94968319977892|38.26281000467219|36.60719116124545|34.95364843213957|35.65290671870571|-0.73583984375|0.5390625|-0.338134765625|-0.91552734375|2.166748046875|0.396728515625|-1.234067841880342|37.90351228632478|-41.27421016483516
2026-01-29 04:26:39.886540+00:00|34.937788015755814|38.26686304036292|36.611196238881746|34.94571805296039|35.62902184804932|-0.74365234375|0.537109375|-0.329833984375|-1.0986328125|2.3193359375|0.0|-1.5866586538461538|38.608693910256406|-40.93450473137973
2026-01-29 04:26:39.945565+00:00|34.937788015755814|38.26281000467219|36.61520142268046|34.94968319977892|35.625041365199934|-0.738037109375|0.534423828125|-0.342529296875|-1.190185546875|2.5634765625|0.0|-1.5866586538461538|37.90351228632478|-40.93450473137973
2026-01-29 04:26:40.004758+00:00|34.937788015755814|38.25875709637069|36.60719116124545|34.95761375009084|35.625041365199934|-0.733642578125|0.533203125|-0.3486328125|-1.190185546875|2.25830078125|-0.091552734375|-1.0577724358974359|38.78498931623931|-41.783768315018314
2026-01-29 04:26:40.063609+00:00|34.95364843213957|38.26281000467219|36.60719116124545|34.9417529916355|35.64494471890896|-0.73779296875|0.533935546875|-0.337646484375|-1.556396484375|2.166748046875|0.0|-1.0577724358974359|38.4323985042735|-40.08524114774115
2026-01-29 04:26:40.122477+00:00|34.95364843213957|38.27091620349597|36.61920671269223|34.9417529916355|35.6489256717357|-0.73876953125|0.535888671875|-0.337158203125|-1.46484375|2.74658203125|0.1220703125|-0.8814770299145299|39.66646634615385|-40.93450473137973
2026-01-29 04:26:40.182244+00:00|34.95364843213957|38.27091620349597|36.61520142268046|34.95761375009084|35.62902184804932|-0.7373046875|0.539794921875|-0.345458984375|-1.220703125|2.44140625|0.030517578125|-1.5866586538461538|38.256103098290595|-40.93450473137973
2026-01-29 04:26:40.241760+00:00|34.95364843213957|38.274969494124605|36.61920671269223|34.96554464295923|35.65290671870571|-0.7421875|0.531982421875|-0.34130859375|-1.28173828125|2.25830078125|0.1220703125|-1.7629540598290598|38.4323985042735|-41.44406288156288
2026-01-29 04:26:40.301037+00:00|34.95364843213957|38.27091620349597|36.61920671269223|34.95761375009084|35.62902184804932|-0.741455078125|0.53271484375|-0.326171875|-1.312255859375|2.655029296875|0.091552734375|-1.5866586538461538|38.608693910256406|-41.613915598290596
2026-01-29 04:26:40.360288+00:00|34.95364843213957|38.283076458081155|36.62321210896761|34.95761375009084|35.656887859868164|-0.735107421875|0.535888671875|-0.342529296875|-1.220703125|2.349853515625|-0.030517578125|-0.7051816239316239|38.07980769230769|-40.42494658119658
2026-01-29 04:26:40.420091+00:00|34.94571805296039|38.27091620349597|36.61920671269223|34.96157915368127|35.63698309548812|-0.73974609375|0.532470703125|-0.339599609375|-0.8544921875|2.25830078125|0.1220703125|-1.234067841880342|38.608693910256406|-40.25509386446887
2026-01-29 04:26:40.478934+00:00|34.94968319977892|38.27091620349597|36.61920671269223|34.96157915368127|35.6489256717357|-0.7421875|0.534423828125|-0.3330078125|-1.434326171875|2.38037109375|-0.06103515625|-1.9392494658119657|38.256103098290595|-40.5947992979243
2026-01-29 04:26:40.538048+00:00|34.96157915368127|38.27902291230197|36.61520142268046|34.95364843213957|35.62902184804932|-0.739990234375|0.541259765625|-0.334228515625|-1.15966796875|2.25830078125|0.1220703125|0.17629540598290597|37.90351228632478|-41.27421016483516
2026-01-29 04:26:40.597252+00:00|34.96554464295923|38.283076458081155|36.61920671269223|34.95761375009084|35.60514035768455|-0.736328125|0.537109375|-0.345947265625|-0.8544921875|2.349853515625|0.0|-1.234067841880342|38.96128472222222|-41.27421016483516
2026-01-29 04:26:40.656467+00:00|34.96951021797338|38.2911839326577|36.62321210896761|34.97347587877215|35.64096386017616|-0.747802734375|0.533447265625|-0.333251953125|-1.3427734375|2.044677734375|-0.091552734375|-1.9392494658119657|38.608693910256406|-41.613915598290596
2026-01-29 04:26:40.715888+00:00|34.96554464295923|38.28713013151531|36.627217611556944|34.97347587877215|35.656887859868164|-0.73974609375|0.539306640625|-0.33984375|-1.46484375|2.410888671875|0.244140625|-1.0577724358974359|38.07980769230769|-41.783768315018314
2026-01-29 04:26:40.774944+00:00|34.95761375009084|38.2911839326577|36.62321210896761|34.97744162540397|35.64494471890896|-0.734619140625|0.5361328125|-0.351318359375|-1.03759765625|2.38037109375|0.1220703125|-1.5866586538461538|38.256103098290595|-41.27421016483516
2026-01-29 04:26:40.834141+00:00|34.96157915368127|38.2911839326577|36.61920671269223|34.96157915368127|35.656887859868164|-0.744384765625|0.536376953125|-0.340087890625|-1.495361328125|2.532958984375|-0.244140625|-1.7629540598290598|39.13758012820512|-41.783768315018314
2026-01-29 04:26:40.893314+00:00|34.95761375009084|38.28713013151531|36.627217611556944|34.97744162540397|35.63300242479562|-0.739990234375|0.537841796875|-0.33251953125|-1.3427734375|2.532958984375|0.244140625|-1.4103632478632477|38.78498931623931|-41.10435744810745
2026-01-29 04:26:40.952223+00:00|34.96157915368127|38.27902291230197|36.61520142268046|34.96951021797338|35.64494471890896|-0.734619140625|0.536865234375|-0.3427734375|-1.28173828125|2.655029296875|0.1220703125|-1.5866586538461538|37.90351228632478|-41.953621031746025
2026-01-29 04:26:41.011278+00:00|34.97347587877215|38.2911839326577|36.61520142268046|34.96554464295923|35.61708068099529|-0.73828125|0.53759765625|-0.3388671875|-0.8544921875|2.25830078125|0.18310546875|-1.5866586538461538|37.55092147435897|-41.953621031746025
2026-01-29 04:26:41.070401+00:00|34.97347587877215|38.303346102866215|36.62321210896761|34.97347587877215|35.64096386017616|-0.737548828125|0.5322265625|-0.336181640625|-1.28173828125|2.410888671875|0.18310546875|-0.7051816239316239|39.13758012820512|-41.10435744810745
2026-01-29 04:26:41.129491+00:00|34.97744162540397|38.303346102866215|36.63122322051106|34.97744162540397|35.6489256717357|-0.743408203125|0.533203125|-0.346923828125|-1.03759765625|2.5634765625|-0.152587890625|-1.7629540598290598|39.13758012820512|-42.80288461538461
2026-01-29 04:26:41.188804+00:00|34.96554464295923|38.29523786156159|36.627217611556944|34.97347587877215|35.63698309548812|-0.7373046875|0.540283203125|-0.34228515625|-1.28173828125|2.50244140625|0.0|-1.5866586538461538|37.55092147435897|-41.27421016483516
2026-01-29 04:26:41.247800+00:00|34.97347587877215|38.29929191827995|36.63122322051106|34.97744162540397|35.64494471890896|-0.7421875|0.53515625|-0.3359375|-1.0986328125|2.0751953125|-0.091552734375|-1.0577724358974359|38.07980769230769|-40.08524114774115
2026-01-29 04:26:41.306897+00:00|34.96951021797338|38.29929191827995|36.63122322051106|34.985373376361395|35.65290671870571|-0.740966796875|0.537109375|-0.341552734375|-1.495361328125|2.5634765625|-0.335693359375|-0.17629540598290597|39.313875534188035|-41.613915598290596
2026-01-29 04:26:41.366003+00:00|34.97347587877215|38.29523786156159|36.61520142268046|34.98140745791761|35.63300242479562|-0.7353515625|0.534423828125|-0.338623046875|-1.068115234375|2.105712890625|0.06103515625|-2.64443108974359|37.90351228632478|-41.953621031746025
2026-01-29 04:26:41.425015+00:00|34.97744162540397|38.29929191827995|36.61520142268046|34.97744162540397|35.64096386017616|-0.74365234375|0.535888671875|-0.33740234375|-1.28173828125|2.288818359375|-0.030517578125|-1.7629540598290598|39.13758012820512|-40.764652014652015
2026-01-29 04:26:41.484235+00:00|34.985373376361395|38.30740041537342|36.63122322051106|34.97744162540397|35.63698309548812|-0.744140625|0.52978515625|-0.336669921875|-1.40380859375|2.50244140625|-0.030517578125|-2.9970219017094015|37.90351228632478|-40.5947992979243
2026-01-29 04:26:41.543272+00:00|34.97744162540397|38.29929191827995|36.62321210896761|34.989339380783804|35.62902184804932|-0.73583984375|0.537353515625|-0.337890625|-1.15966796875|2.227783203125|0.030517578125|-0.35259081196581193|37.37462606837607|-40.42494658119658
2026-01-29 04:26:41.602463+00:00|34.98140745791761|38.30740041537342|36.6392347577152|34.989339380783804|35.64096386017616|-0.739501953125|0.533447265625|-0.335693359375|-1.129150390625|2.349853515625|0.244140625|-1.0577724358974359|39.49017094017094|-39.74553571428571
2026-01-29 04:26:41.661639+00:00|34.98140745791761|38.30740041537342|36.63122322051106|34.97744162540397|35.66883184900365|-0.739990234375|0.535400390625|-0.335693359375|-1.03759765625|2.410888671875|-0.030517578125|-1.5866586538461538|39.313875534188035|-41.613915598290596
2026-01-29 04:26:41.720808+00:00|34.97744162540397|38.30740041537342|36.63122322051106|34.989339380783804|35.6489256717357|-0.736328125|0.53759765625|-0.345458984375|-1.251220703125|2.44140625|-0.030517578125|-0.7051816239316239|39.13758012820512|-42.80288461538461
2026-01-29 04:26:41.779836+00:00|34.97744162540397|38.303346102866215|36.635228935880264|35.005204259231505|35.64494471890896|-0.73291015625|0.533935546875|-0.349365234375|-1.220703125|2.105712890625|0.030517578125|-1.234067841880342|37.55092147435897|-40.93450473137973
2026-01-29 04:26:41.839010+00:00|34.98140745791761|38.303346102866215|36.61920671269223|34.98140745791761|35.6489256717357|-0.743408203125|0.533935546875|-0.333984375|-1.373291015625|2.197265625|-0.244140625|-0.7051816239316239|38.4323985042735|-40.08524114774115
2026-01-29 04:26:41.897977+00:00|34.98140745791761|38.31956412095349|36.62321210896761|34.97744162540397|35.63698309548812|-0.744140625|0.53857421875|-0.34130859375|-1.190185546875|2.50244140625|-0.091552734375|-3.1733173076923076|37.72721688034188|-41.44406288156288
2026-01-29 04:26:41.956914+00:00|34.985373376361395|38.31145485585489|36.635228935880264|34.98140745791761|35.660869095272574|-0.737548828125|0.53662109375|-0.347900390625|-1.312255859375|2.5634765625|-0.030517578125|-1.7629540598290598|36.669444444444444|-41.10435744810745
2026-01-29 04:26:42.015942+00:00|34.99727164775902|38.315509424363825|36.635228935880264|34.985373376361395|35.660869095272574|-0.739990234375|0.53466796875|-0.341552734375|-1.373291015625|2.288818359375|0.213623046875|-1.234067841880342|39.313875534188035|-40.25509386446887
2026-01-29 04:26:42.074983+00:00|34.989339380783804|38.315509424363825|36.6392347577152|34.99727164775902|35.65290671870571|-0.740234375|0.5341796875|-0.33642578125|-1.312255859375|2.410888671875|0.091552734375|-1.234067841880342|37.90351228632478|-40.93450473137973
2026-01-29 04:26:42.134047+00:00|34.989339380783804|38.31956412095349|36.6392347577152|35.00123791040892|35.62902184804932|-0.734619140625|0.53662109375|-0.34326171875|-1.28173828125|2.471923828125|0.152587890625|-1.234067841880342|38.608693910256406|-42.6330318986569
2026-01-29 04:26:42.193265+00:00|34.989339380783804|38.315509424363825|36.64324068606629|34.99727164775902|35.64494471890896|-0.73779296875|0.537353515625|-0.341796875|-1.251220703125|2.349853515625|-0.030517578125|-2.64443108974359|37.19833066239316|-42.29332646520146
2026-01-29 04:26:42.252099+00:00|34.989339380783804|38.31145485585489|36.63122322051106|35.00123791040892|35.660869095272574|-0.7431640625|0.536865234375|-0.33251953125|-1.220703125|2.227783203125|0.091552734375|-1.0577724358974359|39.13758012820512|-41.10435744810745
2026-01-29 04:26:42.311080+00:00|34.993305471233555|38.323618945677026|36.63122322051106|34.989339380783804|35.6489256717357|-0.736572265625|0.536376953125|-0.3408203125|-1.434326171875|2.44140625|0.06103515625|-1.5866586538461538|39.313875534188035|-41.953621031746025
2026-01-29 04:26:42.369771+00:00|34.993305471233555|38.323618945677026|36.6392347577152|35.00123791040892|35.65290671870571|-0.735595703125|0.537841796875|-0.349365234375|-1.15966796875|2.410888671875|0.3662109375|-1.9392494658119657|38.608693910256406|-41.27421016483516
2026-01-29 04:26:42.428509+00:00|34.989339380783804|38.32767389858793|36.6392347577152|35.00123791040892|35.66883184900365|-0.743896484375|0.53369140625|-0.338134765625|-1.129150390625|2.532958984375|-0.030517578125|-0.7051816239316239|37.37462606837607|-41.783768315018314
2026-01-29 04:26:42.486761+00:00|35.00123791040892|38.32767389858793|36.64324068606629|35.0091706942755|35.656887859868164|-0.736328125|0.533203125|-0.345458984375|-1.220703125|2.593994140625|-0.152587890625|-2.64443108974359|38.256103098290595|-41.27421016483516
2026-01-29 04:26:42.545793+00:00|34.989339380783804|38.315509424363825|36.647246720984185|35.00123791040892|35.6489256717357|-0.737548828125|0.536865234375|-0.34814453125|-1.251220703125|2.288818359375|0.06103515625|-0.8814770299145299|37.55092147435897|-41.613915598290596
2026-01-29 04:26:42.604585+00:00|34.993305471233555|38.323618945677026|36.63122322051106|34.993305471233555|35.66485042496794|-0.739501953125|0.535400390625|-0.340576171875|-1.03759765625|2.44140625|-0.06103515625|-2.1155448717948717|38.78498931623931|-41.44406288156288
2026-01-29 04:26:42.663355+00:00|35.00123791040892|38.331728979739125|36.6392347577152|35.00123791040892|35.64096386017616|-0.73828125|0.532470703125|-0.3408203125|-1.068115234375|2.38037109375|-0.213623046875|-2.8207264957264955|38.4323985042735|-42.12347374847374
2026-01-29 04:26:42.722115+00:00|35.00123791040892|38.33578418918398|36.64324068606629|35.00123791040892|35.656887859868164|-0.73828125|0.532958984375|-0.343994140625|-1.220703125|2.227783203125|0.244140625|-1.5866586538461538|38.96128472222222|-40.5947992979243
2026-01-29 04:26:42.781001+00:00|35.013137215589666|38.33578418918398|36.6392347577152|35.0091706942755|35.660869095272574|-0.73779296875|0.5380859375|-0.33447265625|-1.28173828125|2.13623046875|0.030517578125|-0.8814770299145299|38.608693910256406|-42.29332646520146
2026-01-29 04:26:42.839749+00:00|35.005204259231505|38.34389499316802|36.647246720984185|35.013137215589666|35.63698309548812|-0.74072265625|0.531494140625|-0.3359375|-1.0986328125|2.5634765625|0.152587890625|-1.9392494658119657|38.96128472222222|-41.953621031746025
2026-01-29 04:26:42.898548+00:00|34.989339380783804|38.32767389858793|36.64324068606629|35.0091706942755|35.660869095272574|-0.73876953125|0.53759765625|-0.3447265625|-1.220703125|2.593994140625|-0.152587890625|-0.8814770299145299|38.256103098290595|-41.613915598290596
2026-01-29 04:26:42.957293+00:00|35.005204259231505|38.32767389858793|36.6392347577152|34.99727164775902|35.66883184900365|-0.73974609375|0.53662109375|-0.344482421875|-1.251220703125|2.44140625|-0.1220703125|-0.7051816239316239|37.022035256410255|-40.764652014652015
2026-01-29 04:26:43.016229+00:00|35.0091706942755|38.339839526975936|36.64324068606629|35.005204259231505|35.656887859868164|-0.743408203125|0.53271484375|-0.336181640625|-1.0986328125|2.166748046875|-0.1220703125|-0.35259081196581193|38.4323985042735|-39.74553571428571
2026-01-29 04:26:43.075563+00:00|35.0091706942755|38.347950587813784|36.647246720984185|35.013137215589666|35.65290671870571|-0.738525390625|0.535888671875|-0.3447265625|-1.5869140625|2.74658203125|-0.06103515625|-1.7629540598290598|38.78498931623931|-41.44406288156288
2026-01-29 04:26:43.134372+00:00|35.013137215589666|38.34389499316802|36.651252862519584|35.01710382322216|35.672813367429114|-0.736083984375|0.5341796875|-0.34228515625|-1.129150390625|2.410888671875|0.213623046875|-1.0577724358974359|37.72721688034188|-42.12347374847374
2026-01-29 04:26:43.193290+00:00|35.01710382322216|38.347950587813784|36.651252862519584|35.013137215589666|35.656887859868164|-0.7392578125|0.541015625|-0.34228515625|-1.03759765625|2.38037109375|0.152587890625|-1.7629540598290598|39.13758012820512|-39.74553571428571
2026-01-29 04:26:43.252462+00:00|34.99727164775902|38.347950587813784|36.651252862519584|35.013137215589666|35.660869095272574|-0.74365234375|0.53515625|-0.342529296875|-1.129150390625|2.227783203125|-0.030517578125|-1.234067841880342|37.55092147435897|-40.93450473137973
2026-01-29 04:26:43.312037+00:00|34.99727164775902|38.339839526975936|36.651252862519584|35.02107051722169|35.68475848953625|-0.7392578125|0.5380859375|-0.34228515625|-1.129150390625|2.166748046875|0.06103515625|-1.5866586538461538|38.256103098290595|-42.6330318986569
2026-01-29 04:26:43.370745+00:00|35.005204259231505|38.347950587813784|36.647246720984185|35.01710382322216|35.656887859868164|-0.74169921875|0.5361328125|-0.337158203125|-0.762939453125|2.166748046875|0.030517578125|-0.8814770299145299|36.84573985042735|-40.93450473137973
2026-01-29 04:26:43.434137+00:00|35.02503729763691|38.35606216267905|36.64324068606629|35.02107051722169|35.65290671870571|-0.74169921875|0.53369140625|-0.33935546875|-1.28173828125|2.532958984375|0.030517578125|-1.4103632478632477|37.72721688034188|-41.10435744810745
2026-01-29 04:26:43.493608+00:00|35.013137215589666|38.347950587813784|36.65525911072274|35.02503729763691|35.6489256717357|-0.74267578125|0.5400390625|-0.34033203125|-1.40380859375|2.50244140625|-0.091552734375|-1.9392494658119657|37.90351228632478|-40.93450473137973
2026-01-29 04:26:43.552637+00:00|35.0091706942755|38.34389499316802|36.647246720984185|35.01710382322216|35.676794980293494|-0.738037109375|0.534912109375|-0.344482421875|-1.15966796875|2.166748046875|0.18310546875|-1.9392494658119657|38.608693910256406|-41.613915598290596
2026-01-29 04:26:43.611514+00:00|35.01710382322216|38.36011814300508|36.651252862519584|35.013137215589666|35.6489256717357|-0.739501953125|0.53564453125|-0.340576171875|-1.0986328125|2.197265625|0.091552734375|-1.234067841880342|37.55092147435897|-41.613915598290596
2026-01-29 04:26:43.670302+00:00|35.02107051722169|38.36417425199795|36.65926546564447|35.029004164516266|35.64494471890896|-0.744140625|0.53515625|-0.337890625|-1.312255859375|2.349853515625|0.1220703125|-1.5866586538461538|38.608693910256406|-41.27421016483516
2026-01-29 04:26:43.729300+00:00|35.02107051722169|38.368230489710925|36.6632719273353|35.03297111790852|35.676794980293494|-0.740234375|0.535400390625|-0.34619140625|-1.40380859375|2.410888671875|0.1220703125|-1.5866586538461538|38.96128472222222|-40.93450473137973
2026-01-29 04:26:43.788025+00:00|35.02503729763691|38.36417425199795|36.65926546564447|35.029004164516266|35.66485042496794|-0.739501953125|0.534912109375|-0.337890625|-1.28173828125|2.197265625|0.091552734375|-1.5866586538461538|39.313875534188035|-41.27421016483516
2026-01-29 04:26:43.846881+00:00|35.0091706942755|38.36417425199795|36.65525911072274|35.03297111790852|35.676794980293494|-0.74169921875|0.536376953125|-0.33447265625|-1.190185546875|2.38037109375|0.244140625|-1.7629540598290598|38.4323985042735|-41.44406288156288
2026-01-29 04:26:43.905210+00:00|35.01710382322216|38.35200631096626|36.65525911072274|35.01710382322216|35.65290671870571|-0.734619140625|0.53759765625|-0.342041015625|-1.312255859375|2.532958984375|-0.152587890625|0.0|38.78498931623931|-40.764652014652015
2026-01-29 04:26:43.963974+00:00|35.02503729763691|38.368230489710925|36.647246720984185|35.013137215589666|35.6489256717357|-0.738037109375|0.537109375|-0.339599609375|-0.885009765625|2.197265625|0.152587890625|-1.4103632478632477|39.13758012820512|-40.764652014652015
2026-01-29 04:26:44.022894+00:00|35.02107051722169|38.368230489710925|36.65926546564447|35.029004164516266|35.63300242479562|-0.73876953125|0.53173828125|-0.338623046875|-1.434326171875|2.349853515625|0.18310546875|-2.64443108974359|38.256103098290595|-42.29332646520146
2026-01-29 04:26:44.081986+00:00|35.02107051722169|38.37634335151034|36.6632719273353|35.03297111790852|35.656887859868164|-0.740966796875|0.536865234375|-0.339599609375|-1.434326171875|2.471923828125|0.06103515625|-0.5288862179487179|38.96128472222222|-41.27421016483516
2026-01-29 04:26:44.140810+00:00|35.02503729763691|38.37228685619726|36.65525911072274|35.029004164516266|35.656887859868164|-0.736572265625|0.540283203125|-0.33447265625|-1.312255859375|2.349853515625|0.335693359375|-1.234067841880342|38.608693910256406|-40.93450473137973
2026-01-29 04:26:44.200512+00:00|35.013137215589666|38.38039997570354|36.65926546564447|35.036938157862096|35.66883184900365|-0.7421875|0.534423828125|-0.331787109375|-1.190185546875|2.288818359375|0.213623046875|-1.7629540598290598|38.4323985042735|-41.783768315018314
2026-01-29 04:26:44.259319+00:00|35.0091706942755|38.37228685619726|36.6632719273353|35.029004164516266|35.660869095272574|-0.739990234375|0.534912109375|-0.340087890625|-1.251220703125|2.25830078125|0.18310546875|-1.4103632478632477|39.49017094017094|-41.44406288156288
2026-01-29 04:26:44.318738+00:00|35.036938157862096|38.368230489710925|36.65525911072274|35.02107051722169|35.66883184900365|-0.740234375|0.53759765625|-0.347412109375|-1.190185546875|2.25830078125|-0.091552734375|0.0|38.78498931623931|-41.44406288156288
2026-01-29 04:26:44.377923+00:00|35.02503729763691|38.38039997570354|36.651252862519584|35.01710382322216|35.6489256717357|-0.742919921875|0.533447265625|-0.33837890625|-1.190185546875|2.38037109375|0.1220703125|-2.1155448717948717|38.07980769230769|-41.10435744810745
2026-01-29 04:26:44.436983+00:00|35.02107051722169|38.384456728830116|36.65926546564447|35.01710382322216|35.63300242479562|-0.738525390625|0.530029296875|-0.334716796875|-1.28173828125|2.532958984375|0.30517578125|-2.1155448717948717|37.022035256410255|-41.10435744810745
2026-01-29 04:26:44.495866+00:00|35.02503729763691|38.384456728830116|36.65926546564447|35.02107051722169|35.65290671870571|-0.73974609375|0.538818359375|-0.3427734375|-1.129150390625|2.471923828125|-0.030517578125|-1.234067841880342|37.90351228632478|-39.915388431013426
2026-01-29 04:26:44.554786+00:00|35.02107051722169|38.388513610943505|36.6632719273353|35.03297111790852|35.63698309548812|-0.7392578125|0.535400390625|-0.338623046875|-1.28173828125|2.227783203125|-0.030517578125|-0.8814770299145299|38.608693910256406|-41.613915598290596
2026-01-29 04:26:44.613561+00:00|35.02107051722169|38.39257062209714|36.67128517122649|35.02503729763691|35.64494471890896|-0.741455078125|0.5322265625|-0.33740234375|-1.3427734375|2.349853515625|0.1220703125|-1.5866586538461538|38.608693910256406|-40.25509386446887
2026-01-29 04:26:44.672835+00:00|35.013137215589666|38.384456728830116|36.67128517122649|35.02107051722169|35.656887859868164|-0.741943359375|0.53564453125|-0.337158203125|-1.434326171875|2.349853515625|0.18310546875|-0.35259081196581193|39.49017094017094|-41.10435744810745
2026-01-29 04:26:44.731714+00:00|35.02107051722169|38.384456728830116|36.65525911072274|35.02503729763691|35.676794980293494|-0.735107421875|0.537109375|-0.34326171875|-1.40380859375|2.38037109375|-0.18310546875|-2.8207264957264955|38.07980769230769|-40.764652014652015
2026-01-29 04:26:44.790895+00:00|35.029004164516266|38.384456728830116|36.65926546564447|35.01710382322216|35.64096386017616|-0.740478515625|0.535888671875|-0.34033203125|-1.15966796875|2.532958984375|-0.213623046875|-1.234067841880342|37.90351228632478|-41.27421016483516
2026-01-29 04:26:44.849923+00:00|35.01710382322216|38.39257062209714|36.66727849584572|35.005204259231505|35.65290671870571|-0.73876953125|0.5322265625|-0.333251953125|-1.312255859375|2.38037109375|-0.030517578125|-1.4103632478632477|38.4323985042735|-40.42494658119658
2026-01-29 04:26:44.908902+00:00|35.01710382322216|38.39662776234428|36.66727849584572|35.029004164516266|35.660869095272574|-0.736572265625|0.53564453125|-0.345947265625|-1.312255859375|2.50244140625|-0.213623046875|-1.9392494658119657|37.90351228632478|-41.27421016483516
2026-01-29 04:26:44.968148+00:00|35.02107051722169|38.40474243033265|36.67128517122649|35.02503729763691|35.656887859868164|-0.743408203125|0.53662109375|-0.340087890625|-1.312255859375|2.349853515625|0.0|-1.7629540598290598|39.13758012820512|-41.44406288156288
2026-01-29 04:26:45.027083+00:00|35.02107051722169|38.40474243033265|36.67128517122649|35.02503729763691|35.64494471890896|-0.741943359375|0.533935546875|-0.337890625|-1.28173828125|2.227783203125|0.1220703125|-1.4103632478632477|36.669444444444444|-41.783768315018314
2026-01-29 04:26:45.085977+00:00|35.0091706942755|38.388513610943505|36.67128517122649|35.029004164516266|35.63300242479562|-0.73828125|0.533935546875|-0.343505859375|-1.129150390625|2.197265625|0.06103515625|-1.234067841880342|37.90351228632478|-40.93450473137973
2026-01-29 04:26:45.144843+00:00|35.02107051722169|38.39662776234428|36.6632719273353|35.02503729763691|35.660869095272574|-0.74169921875|0.535888671875|-0.338623046875|-0.885009765625|2.5634765625|0.30517578125|-2.2918402777777778|38.608693910256406|-40.5947992979243
2026-01-29 04:26:45.204319+00:00|35.02503729763691|38.40068503173836|36.66727849584572|35.02107051722169|35.62106097619835|-0.74609375|0.53515625|-0.335205078125|-1.312255859375|2.410888671875|-0.06103515625|-2.64443108974359|37.90351228632478|-39.57568299755799
2026-01-29 04:26:45.263547+00:00|35.01710382322216|38.40879995818074|36.67529195352796|35.01710382322216|35.64096386017616|-0.739501953125|0.539306640625|-0.34228515625|-1.251220703125|2.166748046875|0.030517578125|-2.468135683760684|37.72721688034188|-40.764652014652015
2026-01-29 04:26:45.322727+00:00|35.02107051722169|38.40474243033265|36.67128517122649|35.02503729763691|35.6489256717357|-0.736572265625|0.5361328125|-0.34765625|-1.129150390625|2.38037109375|0.06103515625|-1.5866586538461538|38.96128472222222|-40.93450473137973
2026-01-29 04:26:45.381933+00:00|35.02503729763691|38.40879995818074|36.67128517122649|35.029004164516266|35.672813367429114|-0.742919921875|0.53564453125|-0.338623046875|-1.03759765625|2.410888671875|0.030517578125|-1.0577724358974359|38.78498931623931|-40.764652014652015
2026-01-29 04:26:45.441316+00:00|35.02107051722169|38.40879995818074|36.67128517122649|35.02503729763691|35.65290671870571|-0.7353515625|0.53564453125|-0.334228515625|-1.495361328125|2.197265625|0.030517578125|-1.4103632478632477|38.07980769230769|-42.12347374847374
2026-01-29 04:26:45.500162+00:00|35.013137215589666|38.40474243033265|36.67128517122649|35.02503729763691|35.6489256717357|-0.737548828125|0.535888671875|-0.346923828125|-1.373291015625|2.38037109375|0.0|-2.468135683760684|38.07980769230769|-41.783768315018314
2026-01-29 04:26:45.559083+00:00|35.013137215589666|38.40474243033265|36.66727849584572|35.029004164516266|35.656887859868164|-0.739501953125|0.53515625|-0.3369140625|-1.129150390625|2.593994140625|-0.1220703125|-1.234067841880342|38.256103098290595|-40.93450473137973
2026-01-29 04:26:45.618494+00:00|35.029004164516266|38.40474243033265|36.66727849584572|35.01710382322216|35.656887859868164|-0.7412109375|0.53076171875|-0.33740234375|-1.495361328125|2.349853515625|0.1220703125|-2.468135683760684|39.13758012820512|-41.10435744810745
2026-01-29 04:26:45.677623+00:00|35.029004164516266|38.416915401851554|36.67529195352796|35.01710382322216|35.63300242479562|-0.74169921875|0.5361328125|-0.348388671875|-0.885009765625|2.410888671875|0.06103515625|-1.4103632478632477|39.84276175213675|-41.44406288156288
2026-01-29 04:26:45.736803+00:00|35.02503729763691|38.40879995818074|36.67929884280096|35.029004164516266|35.656887859868164|-0.7392578125|0.537109375|-0.343505859375|-1.220703125|2.655029296875|0.030517578125|-1.7629540598290598|39.13758012820512|-42.12347374847374
2026-01-29 04:26:45.795860+00:00|35.02503729763691|38.41285761533584|36.67128517122649|35.036938157862096|35.66485042496794|-0.7373046875|0.5322265625|-0.33251953125|-1.15966796875|2.01416015625|0.0|-2.2918402777777778|37.55092147435897|-41.953621031746025
2026-01-29 04:26:45.854739+00:00|35.03297111790852|38.416915401851554|36.67529195352796|35.03297111790852|35.660869095272574|-0.74072265625|0.53857421875|-0.3369140625|-1.28173828125|2.62451171875|-0.06103515625|-0.7051816239316239|39.49017094017094|-40.42494658119658
2026-01-29 04:26:45.913863+00:00|35.013137215589666|38.416915401851554|36.67929884280096|35.03297111790852|35.656887859868164|-0.738037109375|0.53515625|-0.34619140625|-1.190185546875|2.3193359375|0.091552734375|-1.0577724358974359|38.07980769230769|-40.42494658119658
2026-01-29 04:26:45.973193+00:00|35.02107051722169|38.40879995818074|36.67929884280096|35.036938157862096|35.64096386017616|-0.741943359375|0.534912109375|-0.337158203125|-1.0986328125|2.25830078125|0.06103515625|-1.5866586538461538|38.256103098290595|-41.27421016483516
2026-01-29 04:26:46.032360+00:00|35.03297111790852|38.40879995818074|36.67128517122649|35.02503729763691|35.6489256717357|-0.7421875|0.535888671875|-0.340576171875|-1.434326171875|2.288818359375|0.091552734375|-2.468135683760684|38.4323985042735|-42.12347374847374
2026-01-29 04:26:46.091541+00:00|35.02503729763691|38.42097331778115|36.66727849584572|35.01710382322216|35.64494471890896|-0.7392578125|0.539306640625|-0.343994140625|-1.28173828125|2.166748046875|-0.030517578125|-2.2918402777777778|37.90351228632478|-40.93450473137973
2026-01-29 04:26:46.150622+00:00|35.036938157862096|38.42503136317811|36.67929884280096|35.03297111790852|35.625041365199934|-0.740234375|0.5380859375|-0.336669921875|-1.312255859375|2.349853515625|0.030517578125|-1.234067841880342|38.608693910256406|-40.93450473137973
2026-01-29 04:26:46.210115+00:00|35.02107051722169|38.42908953809581|36.68330583909602|35.048839797576534|35.63300242479562|-0.739501953125|0.53173828125|-0.34375|-0.9765625|2.44140625|0.091552734375|-0.8814770299145299|36.84573985042735|-41.613915598290596
2026-01-29 04:26:46.269124+00:00|35.029004164516266|38.42097331778115|36.68330583909602|35.036938157862096|35.660869095272574|-0.736083984375|0.535400390625|-0.340576171875|-1.129150390625|2.532958984375|-0.1220703125|-1.4103632478632477|38.4323985042735|-40.42494658119658
2026-01-29 04:26:46.328137+00:00|35.036938157862096|38.42908953809581|36.67929884280096|35.036938157862096|35.65290671870571|-0.736572265625|0.5390625|-0.33935546875|-1.129150390625|2.349853515625|0.0|-0.8814770299145299|39.313875534188035|-41.953621031746025
2026-01-29 04:26:46.387050+00:00|35.02503729763691|38.42503136317811|36.68330583909602|35.044872497647475|35.63300242479562|-0.745361328125|0.531494140625|-0.337158203125|-1.15966796875|2.410888671875|0.152587890625|-1.9392494658119657|38.256103098290595|-41.953621031746025
2026-01-29 04:26:46.446088+00:00|35.029004164516266|38.41285761533584|36.67128517122649|35.036938157862096|35.660869095272574|-0.738525390625|0.53759765625|-0.34375|-1.373291015625|2.410888671875|-0.06103515625|-0.8814770299145299|39.66646634615385|-42.6330318986569
2026-01-29 04:26:46.505125+00:00|35.036938157862096|38.42097331778115|36.67128517122649|35.02107051722169|35.64096386017616|-0.737548828125|0.536376953125|-0.343017578125|-1.46484375|2.25830078125|0.091552734375|-1.234067841880342|38.256103098290595|-41.27421016483516
2026-01-29 04:26:46.564125+00:00|35.03297111790852|38.42503136317811|36.68731294246379|35.029004164516266|35.62902184804932|-0.741943359375|0.5361328125|-0.33154296875|-1.0986328125|2.227783203125|0.06103515625|-1.0577724358974359|37.022035256410255|-41.44406288156288
2026-01-29 04:26:46.623043+00:00|35.036938157862096|38.43314784258774|36.68731294246379|35.036938157862096|35.65290671870571|-0.743408203125|0.53662109375|-0.335693359375|-1.28173828125|2.410888671875|0.06103515625|-1.9392494658119657|38.96128472222222|-42.6330318986569
2026-01-29 04:26:46.682083+00:00|35.036938157862096|38.43314784258774|36.6913201529548|35.04090528442549|35.68077668764613|-0.739501953125|0.5341796875|-0.33984375|-1.251220703125|2.5634765625|-0.030517578125|-2.8207264957264955|39.13758012820512|-39.40583028083028
2026-01-29 04:26:46.741192+00:00|35.048839797576534|38.43314784258774|36.6913201529548|35.044872497647475|35.656887859868164|-0.7412109375|0.53369140625|-0.33642578125|-1.15966796875|1.953125|-0.030517578125|-0.8814770299145299|37.90351228632478|-40.5947992979243
2026-01-29 04:26:46.800223+00:00|35.036938157862096|38.42097331778115|36.6913201529548|35.04090528442549|35.6489256717357|-0.74365234375|0.537841796875|-0.3408203125|-1.40380859375|2.410888671875|0.1220703125|-0.8814770299145299|38.96128472222222|-41.953621031746025
2026-01-29 04:26:46.859138+00:00|35.03297111790852|38.42503136317811|36.67929884280096|35.044872497647475|35.68077668764613|-0.73779296875|0.535888671875|-0.34130859375|-1.251220703125|2.38037109375|0.030517578125|-0.5288862179487179|37.55092147435897|-40.5947992979243
2026-01-29 04:26:46.918269+00:00|35.044872497647475|38.43314784258774|36.68731294246379|35.03297111790852|35.656887859868164|-0.7392578125|0.5361328125|-0.343505859375|-1.434326171875|2.410888671875|0.091552734375|-1.0577724358974359|39.49017094017094|-41.10435744810745
2026-01-29 04:26:46.977434+00:00|35.04090528442549|38.4372062767074|36.695327470619645|35.04090528442549|35.656887859868164|-0.74072265625|0.535888671875|-0.3359375|-1.15966796875|2.3193359375|0.274658203125|-1.5866586538461538|38.256103098290595|-40.93450473137973
2026-01-29 04:26:47.036474+00:00|35.044872497647475|38.43314784258774|36.695327470619645|35.05280718426127|35.656887859868164|-0.738037109375|0.54052734375|-0.344970703125|-1.52587890625|2.655029296875|-0.18310546875|-1.4103632478632477|39.13758012820512|-41.783768315018314
2026-01-29 04:26:47.095472+00:00|35.04090528442549|38.4372062767074|36.69933489550914|35.05280718426127|35.6489256717357|-0.737060546875|0.538818359375|-0.344970703125|-1.129150390625|2.50244140625|0.030517578125|-1.9392494658119657|37.90351228632478|-40.93450473137973
2026-01-29 04:26:47.154521+00:00|35.05280718426127|38.44126484050827|36.6913201529548|35.048839797576534|35.65290671870571|-0.742431640625|0.52880859375|-0.332763671875|-1.373291015625|2.410888671875|0.0|-0.8814770299145299|37.19833066239316|-41.613915598290596
2026-01-29 04:26:47.213735+00:00|35.03297111790852|38.43314784258774|36.6913201529548|35.05280718426127|35.65290671870571|-0.73779296875|0.53662109375|-0.33740234375|-1.3427734375|2.44140625|0.091552734375|-0.7051816239316239|38.4323985042735|-41.44406288156288
2026-01-29 04:26:47.272291+00:00|35.036938157862096|38.42503136317811|36.68731294246379|35.05280718426127|35.66485042496794|-0.7421875|0.533935546875|-0.34765625|-0.9765625|2.44140625|0.1220703125|-1.0577724358974359|37.72721688034188|-40.42494658119658
2026-01-29 04:26:47.331482+00:00|35.05677465775034|38.4372062767074|36.67929884280096|35.048839797576534|35.688740386013365|-0.7412109375|0.53662109375|-0.3349609375|-1.28173828125|2.62451171875|-0.091552734375|-2.2918402777777778|39.313875534188035|-40.93450473137973
2026-01-29 04:26:47.390237+00:00|35.044872497647475|38.44126484050827|36.695327470619645|35.05677465775034|35.660869095272574|-0.744384765625|0.534912109375|-0.338134765625|-1.28173828125|2.3193359375|0.213623046875|-1.234067841880342|38.96128472222222|-40.5947992979243
2026-01-29 04:26:47.449235+00:00|35.05280718426127|38.44532353404361|36.69933489550914|35.05677465775034|35.676794980293494|-0.738037109375|0.53759765625|-0.337646484375|-1.3427734375|2.471923828125|0.0|-1.234067841880342|38.256103098290595|-40.5947992979243
2026-01-29 04:26:47.508037+00:00|35.05677465775034|38.44938235736703|36.69933489550914|35.06470986533566|35.660869095272574|-0.73681640625|0.532958984375|-0.343017578125|-1.03759765625|2.532958984375|0.091552734375|0.0|38.4323985042735|-40.08524114774115
2026-01-29 04:26:47.566787+00:00|35.048839797576534|38.44126484050827|36.703342427673704|35.06470986533566|35.676794980293494|-0.7392578125|0.5361328125|-0.336181640625|-1.3427734375|2.166748046875|0.18310546875|-0.5288862179487179|38.256103098290595|-40.93450473137973
2026-01-29 04:26:47.625590+00:00|35.048839797576534|38.4372062767074|36.6913201529548|35.06074221809223|35.66485042496794|-0.7353515625|0.538330078125|-0.3408203125|-1.15966796875|2.44140625|-0.06103515625|-1.5866586538461538|37.90351228632478|-40.5947992979243
2026-01-29 04:26:47.684382+00:00|35.06074221809223|38.44532353404361|36.6913201529548|35.05677465775034|35.63698309548812|-0.7373046875|0.5390625|-0.34375|-1.28173828125|2.44140625|-0.18310546875|-1.4103632478632477|38.4323985042735|-41.10435744810745
2026-01-29 04:26:47.743207+00:00|35.06470986533566|38.44532353404361|36.695327470619645|35.05677465775034|35.656887859868164|-0.73779296875|0.531494140625|-0.33642578125|-1.434326171875|2.227783203125|-0.030517578125|-0.8814770299145299|38.96128472222222|-40.5947992979243
2026-01-29 04:26:47.801953+00:00|35.06470986533566|38.44532353404361|36.695327470619645|35.06470986533566|35.65290671870571|-0.736572265625|0.534423828125|-0.341796875|-1.220703125|2.410888671875|0.06103515625|-2.9970219017094015|38.256103098290595|-40.93450473137973
2026-01-29 04:26:47.860707+00:00|35.06074221809223|38.44938235736703|36.695327470619645|35.06470986533566|35.66485042496794|-0.735595703125|0.53662109375|-0.34521484375|-1.40380859375|2.3193359375|0.18310546875|-0.7051816239316239|37.72721688034188|-41.783768315018314
2026-01-29 04:26:47.919579+00:00|35.048839797576534|38.44938235736703|36.69933489550914|35.05677465775034|35.660869095272574|-0.74169921875|0.537841796875|-0.340087890625|-1.46484375|2.166748046875|0.1220703125|-0.5288862179487179|38.608693910256406|-41.27421016483516
2026-01-29 04:26:47.977820+00:00|35.05677465775034|38.44126484050827|36.695327470619645|35.06867759952917|35.676794980293494|-0.7392578125|0.536376953125|-0.33740234375|-1.3427734375|2.3193359375|0.152587890625|-0.35259081196581193|37.72721688034188|-39.74553571428571
2026-01-29 04:26:48.036785+00:00|35.072645420721415|38.44938235736703|36.69933489550914|35.06867759952917|35.68475848953625|-0.73681640625|0.536376953125|-0.34130859375|-1.3427734375|2.3193359375|0.030517578125|0.0|38.07980769230769|-41.44406288156288
2026-01-29 04:26:48.094971+00:00|35.072645420721415|38.453441310532014|36.69933489550914|35.06867759952917|35.660869095272574|-0.737060546875|0.5400390625|-0.332763671875|-1.312255859375|2.3193359375|-0.030517578125|-1.234067841880342|38.96128472222222|-42.6330318986569
2026-01-29 04:26:48.153687+00:00|35.072645420721415|38.453441310532014|36.711357814030976|35.072645420721415|35.66485042496794|-0.740966796875|0.529052734375|-0.33447265625|-1.3427734375|2.38037109375|0.091552734375|-1.4103632478632477|38.4323985042735|-41.783768315018314
2026-01-29 04:26:48.212125+00:00|35.072645420721415|38.46155960660053|36.70735006716416|35.080581324296475|35.66883184900365|-0.7314453125|0.536376953125|-0.344970703125|-1.434326171875|2.197265625|-0.091552734375|-1.234067841880342|38.96128472222222|-41.953621031746025
2026-01-29 04:26:48.271081+00:00|35.06867759952917|38.44938235736703|36.70735006716416|35.07661332896089|35.672813367429114|-0.7373046875|0.534423828125|-0.3525390625|-1.15966796875|2.227783203125|-0.1220703125|-0.8814770299145299|38.608693910256406|-41.27421016483516
2026-01-29 04:26:48.330047+00:00|35.072645420721415|38.457500393592|36.695327470619645|35.07661332896089|35.66485042496794|-0.74462890625|0.533447265625|-0.33837890625|-0.885009765625|2.38037109375|-0.1220703125|-1.234067841880342|36.49314903846154|-40.93450473137973
2026-01-29 04:26:48.389414+00:00|35.080581324296475|38.46155960660053|36.695327470619645|35.07661332896089|35.66485042496794|-0.7412109375|0.53857421875|-0.336669921875|-1.312255859375|2.44140625|0.18310546875|-1.9392494658119657|38.96128472222222|-41.27421016483516
2026-01-29 04:26:48.449292+00:00|35.07661332896089|38.465618949610985|36.711357814030976|35.072645420721415|35.660869095272574|-0.73779296875|0.536376953125|-0.341552734375|-1.40380859375|2.593994140625|0.091552734375|-0.7051816239316239|38.07980769230769|-41.44406288156288
2026-01-29 04:26:48.508426+00:00|35.072645420721415|38.46155960660053|36.71536566832498|35.080581324296475|35.65290671870571|-0.73828125|0.536865234375|-0.342041015625|-1.312255859375|2.227783203125|0.152587890625|-1.234067841880342|37.55092147435897|-41.953621031746025
2026-01-29 04:26:48.567570+00:00|35.080581324296475|38.46155960660053|36.71536566832498|35.084549406776546|35.688740386013365|-0.74169921875|0.541259765625|-0.33447265625|-1.15966796875|2.5634765625|0.091552734375|-1.5866586538461538|39.313875534188035|-41.953621031746025
2026-01-29 04:26:48.626478+00:00|35.080581324296475|38.46155960660053|36.711357814030976|35.088517576449874|35.68077668764613|-0.740966796875|0.53564453125|-0.342041015625|-1.220703125|2.410888671875|0.091552734375|-1.0577724358974359|37.022035256410255|-40.42494658119658
2026-01-29 04:26:48.685571+00:00|35.072645420721415|38.465618949610985|36.70735006716416|35.092485833365004|35.6967044629252|-0.739013671875|0.540283203125|-0.33642578125|-1.129150390625|2.3193359375|0.244140625|-1.5866586538461538|39.66646634615385|-42.29332646520146
2026-01-29 04:26:48.744517+00:00|35.06867759952917|38.46155960660053|36.711357814030976|35.09645417757059|35.68077668764613|-0.749267578125|0.536376953125|-0.334228515625|-1.28173828125|2.349853515625|0.06103515625|-0.7051816239316239|38.4323985042735|-41.10435744810745
2026-01-29 04:26:48.803370+00:00|35.084549406776546|38.453441310532014|36.69933489550914|35.080581324296475|35.68077668764613|-0.738037109375|0.541015625|-0.337646484375|-1.220703125|2.105712890625|-0.030517578125|-0.8814770299145299|38.608693910256406|-41.27421016483516
2026-01-29 04:26:48.862261+00:00|35.088517576449874|38.47373802585213|36.71536566832498|35.088517576449874|35.676794980293494|-0.739501953125|0.536865234375|-0.34326171875|-0.91552734375|2.410888671875|0.1220703125|-1.0577724358974359|37.72721688034188|-41.783768315018314
2026-01-29 04:26:48.921278+00:00|35.088517576449874|38.4777977591898|36.7193736300967|35.100422609115355|35.68475848953625|-0.741455078125|0.5341796875|-0.33447265625|-1.312255859375|2.349853515625|0.06103515625|-1.5866586538461538|37.90351228632478|-41.953621031746025
2026-01-29 04:26:48.980123+00:00|35.09645417757059|38.47373802585213|36.71536566832498|35.092485833365004|35.688740386013365|-0.739501953125|0.535888671875|-0.338623046875|-1.0986328125|2.44140625|-0.1220703125|-1.5866586538461538|38.96128472222222|-41.613915598290596
2026-01-29 04:26:49.039307+00:00|35.092485833365004|38.4777977591898|36.71536566832498|35.092485833365004|35.6967044629252|-0.73828125|0.53662109375|-0.3408203125|-0.9765625|2.50244140625|-0.030517578125|-1.9392494658119657|38.608693910256406|-40.93450473137973
2026-01-29 04:26:49.098226+00:00|35.084549406776546|38.4777977591898|36.711357814030976|35.100422609115355|35.68475848953625|-0.739501953125|0.534423828125|-0.33447265625|-1.3427734375|2.0751953125|0.091552734375|-1.9392494658119657|38.256103098290595|-40.5947992979243
2026-01-29 04:26:49.157538+00:00|35.092485833365004|38.465618949610985|36.711357814030976|35.09645417757059|35.68077668764613|-0.74365234375|0.53369140625|-0.332763671875|-1.15966796875|2.25830078125|0.030517578125|-0.7051816239316239|38.78498931623931|-41.783768315018314
2026-01-29 04:26:49.216590+00:00|35.09645417757059|38.465618949610985|36.70735006716416|35.092485833365004|35.66883184900365|-0.73828125|0.533935546875|-0.333984375|-1.312255859375|2.5634765625|0.06103515625|-1.4103632478632477|37.72721688034188|-41.44406288156288
2026-01-29 04:26:49.275504+00:00|35.09645417757059|38.48185762274352|36.71536566832498|35.09645417757059|35.66485042496794|-0.737060546875|0.533447265625|-0.342529296875|-1.3427734375|2.349853515625|0.0|-2.64443108974359|38.256103098290595|-40.93450473137973
2026-01-29 04:26:49.334347+00:00|35.100422609115355|38.48591761656695|36.7193736300967|35.10439112804795|35.66485042496794|-0.740234375|0.536865234375|-0.3359375|-1.03759765625|2.25830078125|0.030517578125|-2.2918402777777778|39.66646634615385|-41.613915598290596
2026-01-29 04:26:49.393208+00:00|35.100422609115355|38.48185762274352|36.72338169939684|35.100422609115355|35.69272237712653|-0.739501953125|0.5341796875|-0.33984375|-1.3427734375|2.410888671875|-0.152587890625|-2.468135683760684|39.49017094017094|-41.10435744810745
2026-01-29 04:26:49.452242+00:00|35.10439112804795|38.4777977591898|36.7193736300967|35.112328428270814|35.69272237712653|-0.73876953125|0.537841796875|-0.34521484375|-1.220703125|2.410888671875|0.030517578125|-2.1155448717948717|38.07980769230769|-42.12347374847374
2026-01-29 04:26:49.511126+00:00|35.088517576449874|38.4777977591898|36.71536566832498|35.100422609115355|35.68475848953625|-0.74169921875|0.53466796875|-0.337646484375|-1.15966796875|2.44140625|0.06103515625|-1.4103632478632477|38.07980769230769|-40.764652014652015
2026-01-29 04:26:49.570086+00:00|35.09645417757059|38.4777977591898|36.711357814030976|35.100422609115355|35.69272237712653|-0.744140625|0.535400390625|-0.341552734375|-1.190185546875|2.410888671875|0.244140625|-1.7629540598290598|38.78498931623931|-40.08524114774115
2026-01-29 04:26:49.629405+00:00|35.100422609115355|38.48185762274352|36.703342427673704|35.09645417757059|35.68077668764613|-0.739501953125|0.537353515625|-0.33935546875|-1.15966796875|2.288818359375|0.091552734375|-1.7629540598290598|37.37462606837607|-41.44406288156288
2026-01-29 04:26:49.688472+00:00|35.108359734416865|38.48185762274352|36.71536566832498|35.100422609115355|35.66883184900365|-0.740234375|0.535888671875|-0.33837890625|-0.9765625|2.471923828125|0.244140625|-2.1155448717948717|38.07980769230769|-41.783768315018314
2026-01-29 04:26:49.747352+00:00|35.10439112804795|38.48591761656695|36.72338169939684|35.112328428270814|35.676794980293494|-0.74169921875|0.533935546875|-0.337158203125|-1.3427734375|2.685546875|0.0|-0.8814770299145299|38.256103098290595|-40.5947992979243
2026-01-29 04:26:49.806748+00:00|35.11629720965857|38.48185762274352|36.72338169939684|35.108359734416865|35.69272237712653|-0.737548828125|0.533935546875|-0.34521484375|-1.373291015625|2.349853515625|0.18310546875|-1.5866586538461538|38.608693910256406|-40.93450473137973
2026-01-29 04:26:49.866028+00:00|35.108359734416865|38.48591761656695|36.72738987627616|35.108359734416865|35.6967044629252|-0.740234375|0.53515625|-0.341796875|-1.220703125|2.471923828125|-0.213623046875|-1.5866586538461538|38.256103098290595|-41.613915598290596
2026-01-29 04:26:49.924996+00:00|35.108359734416865|38.48185762274352|36.72738987627616|35.12026607862873|35.70466891877629|-0.742919921875|0.5322265625|-0.333984375|-1.190185546875|2.410888671875|0.0|-2.468135683760684|38.07980769230769|-40.08524114774115
2026-01-29 04:26:49.983811+00:00|35.10439112804795|38.4777977591898|36.7193736300967|35.124235035230015|35.688740386013365|-0.736572265625|0.534912109375|-0.34326171875|-1.373291015625|2.349853515625|0.213623046875|-1.5866586538461538|38.96128472222222|-42.29332646520146
2026-01-29 04:26:50.043319+00:00|35.11629720965857|38.48185762274352|36.71536566832498|35.108359734416865|35.688740386013365|-0.737548828125|0.533203125|-0.347900390625|-1.0986328125|2.471923828125|-0.06103515625|-1.0577724358974359|38.78498931623931|-40.42494658119658
2026-01-29 04:26:50.102481+00:00|35.112328428270814|38.48591761656695|36.7193736300967|35.112328428270814|35.68077668764613|-0.7353515625|0.53662109375|-0.340576171875|-1.0986328125|2.410888671875|0.091552734375|-1.0577724358974359|38.78498931623931|-40.764652014652015
2026-01-29 04:26:50.161446+00:00|35.12026607862873|38.49403799523668|36.72738987627616|35.11629720965857|35.68077668764613|-0.73974609375|0.53759765625|-0.33447265625|-1.0986328125|2.3193359375|0.152587890625|-1.9392494658119657|38.608693910256406|-42.29332646520146
2026-01-29 04:26:50.220347+00:00|35.11629720965857|38.48591761656695|36.72338169939684|35.12026607862873|35.69272237712653|-0.73876953125|0.538330078125|-0.34033203125|-1.0986328125|2.288818359375|0.213623046875|0.17629540598290597|37.90351228632478|-40.93450473137973
2026-01-29 04:26:50.279563+00:00|35.12026607862873|38.48997774071347|36.72338169939684|35.124235035230015|35.69272237712653|-0.737548828125|0.537109375|-0.344482421875|-1.129150390625|2.0751953125|0.244140625|-3.1733173076923076|38.78498931623931|-41.44406288156288
2026-01-29 04:26:50.338201+00:00|35.112328428270814|38.49403799523668|36.731398160785204|35.124235035230015|35.716616313927375|-0.742919921875|0.533203125|-0.33837890625|-1.251220703125|2.471923828125|0.0|-1.0577724358974359|37.37462606837607|-41.10435744810745
2026-01-29 04:26:50.397343+00:00|35.112328428270814|38.48591761656695|36.72738987627616|35.12820407951102|35.69272237712653|-0.738037109375|0.5341796875|-0.342529296875|-1.251220703125|2.50244140625|0.091552734375|-3.1733173076923076|38.4323985042735|-40.764652014652015
2026-01-29 04:26:50.457115+00:00|35.124235035230015|38.48591761656695|36.7193736300967|35.124235035230015|35.7086512889274|-0.73779296875|0.532958984375|-0.343017578125|-1.251220703125|2.105712890625|-0.06103515625|-1.4103632478632477|38.07980769230769|-41.10435744810745
2026-01-29 04:26:50.516177+00:00|35.13217321152041|38.49403799523668|36.72338169939684|35.11629720965857|35.688740386013365|-0.742431640625|0.53173828125|-0.336669921875|-1.220703125|2.44140625|0.1220703125|-2.1155448717948717|37.37462606837607|-40.42494658119658
2026-01-29 04:26:50.575424+00:00|35.12820407951102|38.49809838019024|36.731398160785204|35.12026607862873|35.68475848953625|-0.74169921875|0.5390625|-0.341796875|-1.251220703125|2.5634765625|-0.030517578125|-1.234067841880342|38.608693910256406|-41.27421016483516
2026-01-29 04:26:50.634475+00:00|35.12820407951102|38.49809838019024|36.72738987627616|35.12820407951102|35.70466891877629|-0.738525390625|0.53759765625|-0.3427734375|-1.3427734375|2.25830078125|-0.1220703125|-2.2918402777777778|38.256103098290595|-42.6330318986569
2026-01-29 04:26:50.693871+00:00|35.12820407951102|38.49403799523668|36.731398160785204|35.13217321152041|35.6967044629252|-0.739990234375|0.535888671875|-0.33740234375|-1.220703125|2.166748046875|0.0|-2.1155448717948717|38.4323985042735|-41.783768315018314
2026-01-29 04:26:50.753126+00:00|35.13614243130684|38.48997774071347|36.731398160785204|35.13614243130684|35.6967044629252|-0.74169921875|0.531494140625|-0.3388671875|-1.15966796875|2.38037109375|0.091552734375|-1.0577724358974359|39.13758012820512|-40.42494658119658
2026-01-29 04:26:50.812200+00:00|35.12026607862873|38.49403799523668|36.731398160785204|35.13614243130684|35.72059896887487|-0.73828125|0.53369140625|-0.341796875|-1.15966796875|2.105712890625|0.0|-1.4103632478632477|38.4323985042735|-41.44406288156288
2026-01-29 04:26:50.871264+00:00|35.124235035230015|38.48185762274352|36.72338169939684|35.13614243130684|35.72059896887487|-0.7373046875|0.536376953125|-0.335205078125|-1.007080078125|2.13623046875|0.1220703125|0.0|37.72721688034188|-41.783768315018314
2026-01-29 04:26:50.930337+00:00|35.13614243130684|38.48185762274352|36.7193736300967|35.124235035230015|35.716616313927375|-0.738037109375|0.538330078125|-0.334228515625|-1.190185546875|2.166748046875|0.091552734375|-1.7629540598290598|38.78498931623931|-41.44406288156288
2026-01-29 04:26:50.989536+00:00|35.13614243130684|38.49809838019024|36.7193736300967|35.12820407951102|35.69272237712653|-0.735595703125|0.533447265625|-0.340576171875|-0.762939453125|2.62451171875|0.18310546875|-1.4103632478632477|38.4323985042735|-40.42494658119658
2026-01-29 04:26:51.048046+00:00|35.14011173891913|38.49809838019024|36.731398160785204|35.13614243130684|35.7086512889274|-0.740478515625|0.537841796875|-0.339111328125|-1.007080078125|2.349853515625|-0.030517578125|-0.7051816239316239|38.4323985042735|-41.783768315018314
2026-01-29 04:26:51.107059+00:00|35.13217321152041|38.49809838019024|36.731398160785204|35.14011173891913|35.6967044629252|-0.73974609375|0.53466796875|-0.33544921875|-1.434326171875|2.50244140625|0.0|-2.9970219017094015|38.96128472222222|-41.27421016483516
2026-01-29 04:26:51.166145+00:00|35.13614243130684|38.49403799523668|36.739415052895254|35.13614243130684|35.70466891877629|-0.73876953125|0.534423828125|-0.3427734375|-1.28173828125|2.50244140625|-0.213623046875|-1.234067841880342|38.256103098290595|-41.27421016483516
2026-01-29 04:26:51.224927+00:00|35.13217321152041|38.49403799523668|36.739415052895254|35.1480506178159|35.71263375396131|-0.736328125|0.533935546875|-0.3427734375|-1.40380859375|2.349853515625|0.0|-1.4103632478632477|37.72721688034188|-39.74553571428571
2026-01-29 04:26:51.284132+00:00|35.13217321152041|38.48997774071347|36.72738987627616|35.144081134405894|35.69272237712653|-0.7431640625|0.53564453125|-0.331787109375|-1.129150390625|2.50244140625|0.030517578125|-1.234067841880342|38.608693910256406|-40.93450473137973
2026-01-29 04:26:51.343140+00:00|35.13614243130684|38.48185762274352|36.72738987627616|35.13614243130684|35.71263375396131|-0.740966796875|0.538330078125|-0.34326171875|-1.220703125|2.38037109375|0.0|-0.8814770299145299|39.313875534188035|-41.613915598290596
2026-01-29 04:26:51.402117+00:00|35.14011173891913|38.48997774071347|36.735406552974666|35.13217321152041|35.68475848953625|-0.739990234375|0.534423828125|-0.345947265625|-1.190185546875|2.44140625|0.1220703125|-2.1155448717948717|38.07980769230769|-40.42494658119658
2026-01-29 04:26:51.461209+00:00|35.144081134405894|38.49403799523668|36.739415052895254|35.1480506178159|35.70466891877629|-0.73779296875|0.53662109375|-0.34228515625|-1.007080078125|2.13623046875|0.152587890625|-2.1155448717948717|37.72721688034188|-42.80288461538461
2026-01-29 04:26:51.520427+00:00|35.1480506178159|38.49403799523668|36.731398160785204|35.152020189197685|35.71263375396131|-0.740478515625|0.533935546875|-0.335205078125|-1.129150390625|2.471923828125|0.091552734375|0.5288862179487179|39.313875534188035|-41.27421016483516
2026-01-29 04:26:51.579399+00:00|35.152020189197685|38.49403799523668|36.735406552974666|35.144081134405894|35.71263375396131|-0.73583984375|0.541015625|-0.345703125|-1.28173828125|2.44140625|-0.030517578125|-1.0577724358974359|39.13758012820512|-41.44406288156288
2026-01-29 04:26:51.638354+00:00|35.144081134405894|38.48997774071347|36.74342366059767|35.155989848600086|35.7245817188533|-0.73974609375|0.5361328125|-0.342041015625|-1.28173828125|2.25830078125|0.030517578125|-1.234067841880342|38.608693910256406|-40.93450473137973
2026-01-29 04:26:51.697892+00:00|35.14011173891913|38.48185762274352|36.739415052895254|35.15995959607176|35.7245817188533|-0.743896484375|0.532958984375|-0.337890625|-1.28173828125|2.288818359375|-0.091552734375|-1.4103632478632477|38.07980769230769|-41.44406288156288
2026-01-29 04:26:51.756904+00:00|35.152020189197685|38.48591761656695|36.731398160785204|35.1480506178159|35.72059896887487|-0.73828125|0.535400390625|-0.343017578125|-1.190185546875|2.44140625|-0.030517578125|-0.8814770299145299|37.90351228632478|-40.25509386446887
2026-01-29 04:26:51.815885+00:00|35.152020189197685|38.49403799523668|36.735406552974666|35.155989848600086|35.72059896887487|-0.740478515625|0.53515625|-0.339599609375|-1.190185546875|2.288818359375|-0.091552734375|-1.0577724358974359|38.78498931623931|-41.44406288156288
2026-01-29 04:26:51.874880+00:00|35.167899355417774|38.49403799523668|36.74743237613268|35.163929431661415|35.72059896887487|-0.742919921875|0.531982421875|-0.33740234375|-1.3427734375|2.410888671875|0.30517578125|-0.5288862179487179|38.256103098290595|-41.613915598290596
2026-01-29 04:26:51.933980+00:00|35.17186936738955|38.49403799523668|36.74743237613268|35.163929431661415|35.7285645639119|-0.740234375|0.537109375|-0.337890625|-1.495361328125|2.349853515625|0.06103515625|-1.234067841880342|37.90351228632478|-39.57568299755799
2026-01-29 04:26:51.993041+00:00|35.152020189197685|38.49809838019024|36.739415052895254|35.155989848600086|35.7285645639119|-0.73681640625|0.537109375|-0.334228515625|-1.007080078125|2.50244140625|0.18310546875|-1.5866586538461538|39.313875534188035|-39.915388431013426
2026-01-29 04:26:52.052131+00:00|35.155989848600086|38.49809838019024|36.75144119955087|35.15995959607176|35.72059896887487|-0.737548828125|0.536376953125|-0.33837890625|-0.9765625|2.25830078125|0.18310546875|-1.7629540598290598|38.07980769230769|-39.066124847374844
2026-01-29 04:26:52.111323+00:00|35.1480506178159|38.48185762274352|36.74743237613268|35.163929431661415|35.73254750410001|-0.7373046875|0.53271484375|-0.345703125|-1.373291015625|2.532958984375|0.18310546875|-1.9392494658119657|38.96128472222222|-41.953621031746025
2026-01-29 04:26:52.170313+00:00|35.155989848600086|38.48591761656695|36.739415052895254|35.15995959607176|35.74449689593541|-0.738525390625|0.5361328125|-0.341064453125|-1.03759765625|2.50244140625|0.30517578125|-1.4103632478632477|37.37462606837607|-41.783768315018314
2026-01-29 04:26:52.229495+00:00|35.15995959607176|38.49403799523668|36.74342366059767|35.15995959607176|35.72059896887487|-0.739501953125|0.5390625|-0.33642578125|-1.03759765625|2.44140625|0.18310546875|-1.4103632478632477|37.72721688034188|-40.764652014652015
2026-01-29 04:26:52.288303+00:00|35.163929431661415|38.49403799523668|36.74743237613268|35.167899355417774|35.72059896887487|-0.7412109375|0.535888671875|-0.333984375|-1.373291015625|2.38037109375|0.30517578125|-1.234067841880342|38.256103098290595|-40.93450473137973
2026-01-29 04:26:52.347106+00:00|35.17186936738955|38.48997774071347|36.74743237613268|35.17186936738955|35.740513670062455|-0.7373046875|0.53564453125|-0.34130859375|-1.190185546875|2.25830078125|0.06103515625|-0.17629540598290597|38.96128472222222|-41.953621031746025
2026-01-29 04:26:52.406134+00:00|35.17186936738955|38.49403799523668|36.74743237613268|35.167899355417774|35.73254750410001|-0.73828125|0.5419921875|-0.349609375|-1.220703125|2.197265625|0.091552734375|-1.5866586538461538|38.96128472222222|-40.93450473137973
2026-01-29 04:26:52.465083+00:00|35.163929431661415|38.50215889562759|36.75545013090294|35.17980965617426|35.73254750410001|-0.7412109375|0.53271484375|-0.33935546875|-1.3427734375|2.471923828125|0.18310546875|-0.8814770299145299|38.608693910256406|-40.93450473137973
2026-01-29 04:26:52.523920+00:00|35.15995959607176|38.48185762274352|36.74743237613268|35.17186936738955|35.72059896887487|-0.74169921875|0.53662109375|-0.336669921875|-1.52587890625|2.62451171875|0.06103515625|-1.0577724358974359|37.72721688034188|-41.10435744810745
2026-01-29 04:26:52.582701+00:00|35.167899355417774|38.48997774071347|36.74342366059767|35.167899355417774|35.700686643458596|-0.74072265625|0.538818359375|-0.340576171875|-1.129150390625|2.288818359375|0.1220703125|-0.8814770299145299|38.256103098290595|-40.5947992979243
2026-01-29 04:26:52.641482+00:00|35.167899355417774|38.49403799523668|36.74743237613268|35.17186936738955|35.716616313927375|-0.74072265625|0.53955078125|-0.334228515625|-1.190185546875|2.349853515625|0.030517578125|-1.9392494658119657|38.96128472222222|-41.953621031746025
2026-01-29 04:26:52.700243+00:00|35.17186936738955|38.48997774071347|36.75144119955087|35.17583946762545|35.7285645639119|-0.741455078125|0.530517578125|-0.3349609375|-1.190185546875|2.197265625|0.213623046875|-2.8207264957264955|38.78498931623931|-41.783768315018314
2026-01-29 04:26:52.759125+00:00|35.17186936738955|38.48997774071347|36.759459170239666|35.17980965617426|35.740513670062455|-0.73779296875|0.5380859375|-0.336181640625|-1.495361328125|2.3193359375|0.06103515625|-1.234067841880342|37.55092147435897|-40.93450473137973
2026-01-29 04:26:52.817981+00:00|35.167899355417774|38.49403799523668|36.759459170239666|35.17980965617426|35.75246363371201|-0.7392578125|0.536376953125|-0.33984375|-1.15966796875|2.410888671875|-0.1220703125|-2.9970219017094015|38.256103098290595|-41.27421016483516
2026-01-29 04:26:52.876782+00:00|35.17186936738955|38.48591761656695|36.74743237613268|35.18377993308468|35.7285645639119|-0.741455078125|0.53759765625|-0.337646484375|-1.5869140625|2.227783203125|0.18310546875|-1.0577724358974359|40.19535256410256|-41.44406288156288
2026-01-29 04:26:52.935703+00:00|35.18377993308468|38.48591761656695|36.74342366059767|35.17583946762545|35.73653053946708|-0.737060546875|0.536376953125|-0.341796875|-1.251220703125|2.410888671875|-0.030517578125|-1.7629540598290598|37.37462606837607|-40.764652014652015
2026-01-29 04:26:52.994364+00:00|35.17583946762545|38.49809838019024|36.75545013090294|35.17186936738955|35.7245817188533|-0.734375|0.537109375|-0.3466796875|-1.0986328125|2.5634765625|-0.274658203125|-1.0577724358974359|39.13758012820512|-40.764652014652015
2026-01-29 04:26:53.053310+00:00|35.17583946762545|38.49403799523668|36.75545013090294|35.187750298405376|35.73254750410001|-0.74658203125|0.534423828125|-0.343994140625|-1.068115234375|2.25830078125|-0.213623046875|-1.234067841880342|39.313875534188035|-41.27421016483516
2026-01-29 04:26:53.112177+00:00|35.187750298405376|38.49403799523668|36.759459170239666|35.187750298405376|35.73254750410001|-0.74072265625|0.536376953125|-0.3359375|-1.312255859375|2.532958984375|-0.091552734375|-2.64443108974359|38.256103098290595|-41.613915598290596
2026-01-29 04:26:53.170974+00:00|35.17583946762545|38.49403799523668|36.75545013090294|35.187750298405376|35.73254750410001|-0.735107421875|0.537841796875|-0.3388671875|-1.15966796875|2.50244140625|0.1220703125|-0.35259081196581193|39.13758012820512|-42.12347374847374
2026-01-29 04:26:53.229879+00:00|35.17583946762545|38.48591761656695|36.759459170239666|35.19569129447291|35.7245817188533|-0.739990234375|0.534423828125|-0.338134765625|-1.556396484375|2.44140625|0.274658203125|-0.7051816239316239|37.022035256410255|-41.783768315018314
2026-01-29 04:26:53.288808+00:00|35.17980965617426|38.48591761656695|36.74743237613268|35.18377993308468|35.75246363371201|-0.740966796875|0.5341796875|-0.341552734375|-1.03759765625|2.410888671875|-0.091552734375|-0.35259081196581193|39.13758012820512|-39.74553571428571
2026-01-29 04:26:53.347627+00:00|35.187750298405376|38.49809838019024|36.75144119955087|35.187750298405376|35.716616313927375|-0.737060546875|0.5390625|-0.33984375|-1.220703125|2.349853515625|-0.091552734375|-1.234067841880342|37.19833066239316|-41.27421016483516
2026-01-29 04:26:53.406460+00:00|35.17980965617426|38.49403799523668|36.75545013090294|35.19172075218523|35.72059896887487|-0.73828125|0.539306640625|-0.33740234375|-1.3427734375|2.349853515625|0.0|-2.468135683760684|38.07980769230769|-40.764652014652015
2026-01-29 04:26:53.465280+00:00|35.19172075218523|38.50215889562759|36.759459170239666|35.19569129447291|35.75644714571439|-0.744384765625|0.535400390625|-0.337646484375|-1.220703125|2.01416015625|0.30517578125|-2.2918402777777778|37.90351228632478|-40.5947992979243
2026-01-29 04:26:53.524865+00:00|35.19966192531717|38.51028031816821|36.759459170239666|35.19966192531717|35.74449689593541|-0.73583984375|0.53369140625|-0.34228515625|-1.40380859375|2.532958984375|0.06103515625|-2.1155448717948717|38.4323985042735|-41.44406288156288
2026-01-29 04:26:53.583841+00:00|35.18377993308468|38.506219541602434|36.76346831761191|35.19569129447291|35.74449689593541|-0.73681640625|0.537353515625|-0.344482421875|-1.068115234375|2.5634765625|0.18310546875|-2.9970219017094015|38.256103098290595|-41.953621031746025
2026-01-29 04:26:53.642743+00:00|35.17980965617426|38.49403799523668|36.75545013090294|35.20363264476674|35.740513670062455|-0.7421875|0.5302734375|-0.33203125|-1.434326171875|2.5634765625|-0.244140625|-1.234067841880342|37.19833066239316|-41.613915598290596
2026-01-29 04:26:53.701711+00:00|35.19569129447291|38.49403799523668|36.759459170239666|35.19569129447291|35.75644714571439|-0.738525390625|0.537353515625|-0.335205078125|-1.40380859375|2.471923828125|0.091552734375|-1.234067841880342|38.256103098290595|-40.25509386446887
2026-01-29 04:26:53.760734+00:00|35.19569129447291|38.506219541602434|36.759459170239666|35.18377993308468|35.73653053946708|-0.736572265625|0.53515625|-0.34326171875|-0.91552734375|2.471923828125|0.152587890625|-1.4103632478632477|38.07980769230769|-40.764652014652015
2026-01-29 04:26:53.819684+00:00|35.19966192531717|38.49809838019024|36.759459170239666|35.20760345287039|35.73653053946708|-0.73828125|0.538330078125|-0.33642578125|-1.28173828125|2.166748046875|0.0|-2.1155448717948717|39.84276175213675|-40.42494658119658
2026-01-29 04:26:53.878664+00:00|35.19966192531717|38.50215889562759|36.76346831761191|35.20363264476674|35.75644714571439|-0.7421875|0.53466796875|-0.339111328125|-1.251220703125|2.288818359375|0.152587890625|-1.0577724358974359|37.72721688034188|-41.44406288156288
2026-01-29 04:26:53.937576+00:00|35.19569129447291|38.50215889562759|36.771486936665156|35.211574349676994|35.74848021713552|-0.737060546875|0.53369140625|-0.338623046875|-1.0986328125|2.166748046875|0.06103515625|-0.17629540598290597|40.01905715811966|-41.613915598290596
2026-01-29 04:26:53.996504+00:00|35.19569129447291|38.49403799523668|36.76346831761191|35.20760345287039|35.716616313927375|-0.73779296875|0.5380859375|-0.340576171875|-1.068115234375|2.288818359375|0.06103515625|-1.4103632478632477|39.13758012820512|-40.764652014652015
2026-01-29 04:26:54.055503+00:00|35.19966192531717|38.49403799523668|36.759459170239666|35.20760345287039|35.75246363371201|-0.73876953125|0.53466796875|-0.337158203125|-1.068115234375|2.593994140625|-0.030517578125|-1.0577724358974359|38.4323985042735|-39.74553571428571
2026-01-29 04:26:54.114784+00:00|35.20760345287039|38.49809838019024|36.759459170239666|35.19569129447291|35.74848021713552|-0.739501953125|0.537353515625|-0.343017578125|-1.251220703125|2.471923828125|-0.244140625|-2.9970219017094015|38.608693910256406|-41.953621031746025
2026-01-29 04:26:54.173643+00:00|35.211574349676994|38.50215889562759|36.76346831761191|35.19966192531717|35.74449689593541|-0.742919921875|0.5341796875|-0.342041015625|-1.373291015625|2.3193359375|0.06103515625|-1.234067841880342|37.55092147435897|-40.5947992979243
2026-01-29 04:26:54.232489+00:00|35.211574349676994|38.506219541602434|36.76747757307015|35.21554533523516|35.73254750410001|-0.7421875|0.5390625|-0.337646484375|-1.434326171875|2.471923828125|0.091552734375|-0.17629540598290597|38.608693910256406|-42.29332646520146
2026-01-29 04:26:54.291583+00:00|35.211574349676994|38.50215889562759|36.76346831761191|35.21554533523516|35.75246363371201|-0.73779296875|0.53369140625|-0.342529296875|-1.190185546875|2.5634765625|0.030517578125|-2.8207264957264955|38.07980769230769|-42.80288461538461
2026-01-29 04:26:54.350501+00:00|35.211574349676994|38.506219541602434|36.771486936665156|35.21554533523516|35.76839825477026|-0.733642578125|0.538818359375|-0.33837890625|-1.434326171875|2.44140625|-0.091552734375|-1.9392494658119657|38.256103098290595|-42.29332646520146
2026-01-29 04:26:54.409611+00:00|35.20363264476674|38.50215889562759|36.771486936665156|35.21554533523516|35.76441445619406|-0.738525390625|0.5341796875|-0.335693359375|-1.251220703125|2.471923828125|0.1220703125|-2.1155448717948717|37.72721688034188|-41.44406288156288
2026-01-29 04:26:54.468641+00:00|35.211574349676994|38.49403799523668|36.76346831761191|35.21951640959378|35.74848021713552|-0.7392578125|0.535888671875|-0.3388671875|-1.220703125|2.197265625|-0.06103515625|-2.1155448717948717|39.13758012820512|-40.764652014652015
2026-01-29 04:26:54.527608+00:00|35.211574349676994|38.51028031816821|36.76346831761191|35.20760345287039|35.76839825477026|-0.734130859375|0.53662109375|-0.341796875|-1.251220703125|2.25830078125|0.06103515625|0.0|39.13758012820512|-41.44406288156288
2026-01-29 04:26:54.586479+00:00|35.21951640959378|38.50215889562759|36.771486936665156|35.211574349676994|35.75246363371201|-0.7373046875|0.533447265625|-0.339111328125|-1.190185546875|2.471923828125|0.1220703125|-0.35259081196581193|38.4323985042735|-41.783768315018314
2026-01-29 04:26:54.645263+00:00|35.21951640959378|38.506219541602434|36.77950598846877|35.21951640959378|35.76839825477026|-0.7412109375|0.534912109375|-0.337646484375|-1.0986328125|2.471923828125|0.244140625|-0.7051816239316239|38.78498931623931|-41.44406288156288
2026-01-29 04:26:54.704201+00:00|35.211574349676994|38.51028031816821|36.77549640844791|35.223487572801446|35.79230305604898|-0.740478515625|0.541748046875|-0.3359375|-1.220703125|2.38037109375|0.030517578125|-1.4103632478632477|38.78498931623931|-41.44406288156288
2026-01-29 04:26:54.763232+00:00|35.21554533523516|38.514341225378644|36.77950598846877|35.223487572801446|35.772382148969825|-0.74072265625|0.535888671875|-0.33544921875|-1.220703125|2.349853515625|-0.18310546875|-1.234067841880342|38.608693910256406|-41.27421016483516
2026-01-29 04:26:54.822744+00:00|35.21554533523516|38.49809838019024|36.77549640844791|35.21951640959378|35.77636613884232|-0.74072265625|0.53369140625|-0.336181640625|-1.15966796875|2.38037109375|-0.06103515625|-1.4103632478632477|37.37462606837607|-40.42494658119658
2026-01-29 04:26:54.882198+00:00|35.20760345287039|38.49809838019024|36.771486936665156|35.223487572801446|35.76441445619406|-0.741943359375|0.534912109375|-0.337158203125|-1.312255859375|2.44140625|0.030517578125|-1.234067841880342|38.608693910256406|-40.93450473137973
2026-01-29 04:26:54.941385+00:00|35.22745882490716|38.50215889562759|36.76346831761191|35.21554533523516|35.780350224437086|-0.73583984375|0.53515625|-0.34130859375|-1.15966796875|2.166748046875|0.244140625|-1.7629540598290598|38.78498931623931|-41.44406288156288
2026-01-29 04:26:55.000189+00:00|35.21951640959378|38.514341225378644|36.77549640844791|35.223487572801446|35.75644714571439|-0.73828125|0.534912109375|-0.340087890625|-1.0986328125|2.349853515625|0.396728515625|-1.0577724358974359|38.07980769230769|-41.783768315018314
2026-01-29 04:26:55.059105+00:00|35.21951640959378|38.51028031816821|36.77950598846877|35.22745882490716|35.77636613884232|-0.7412109375|0.53515625|-0.3349609375|-1.52587890625|2.410888671875|-0.06103515625|-1.5866586538461538|38.256103098290595|-41.613915598290596
2026-01-29 04:26:55.118028+00:00|35.223487572801446|38.51028031816821|36.77950598846877|35.23143016595958|35.79230305604898|-0.73828125|0.540771484375|-0.33935546875|-0.946044921875|2.288818359375|-0.06103515625|-1.9392494658119657|39.66646634615385|-41.953621031746025
2026-01-29 04:26:55.177071+00:00|35.22745882490716|38.51028031816821|36.77950598846877|35.223487572801446|35.780350224437086|-0.73583984375|0.5361328125|-0.339111328125|-1.129150390625|2.197265625|0.030517578125|-1.9392494658119657|38.608693910256406|-41.953621031746025
2026-01-29 04:26:55.236150+00:00|35.21951640959378|38.50215889562759|36.78351567677879|35.23143016595958|35.780350224437086|-0.7431640625|0.53759765625|-0.333740234375|-1.129150390625|2.50244140625|0.030517578125|-1.9392494658119657|38.256103098290595|-42.6330318986569
2026-01-29 04:26:55.295733+00:00|35.21554533523516|38.49809838019024|36.771486936665156|35.23143016595958|35.804256750940795|-0.740234375|0.53564453125|-0.3466796875|-1.15966796875|2.227783203125|0.030517578125|-0.8814770299145299|37.19833066239316|-40.93450473137973
2026-01-29 04:26:55.355104+00:00|35.223487572801446|38.50215889562759|36.77549640844791|35.223487572801446|35.804256750940795|-0.738037109375|0.537353515625|-0.344482421875|-1.251220703125|2.3193359375|-0.152587890625|-0.7051816239316239|37.72721688034188|-40.764652014652015
2026-01-29 04:26:55.414407+00:00|35.22745882490716|38.51840226328716|36.77549640844791|35.22745882490716|35.780350224437086|-0.740478515625|0.53662109375|-0.334716796875|-1.190185546875|2.38037109375|0.091552734375|-0.7051816239316239|37.72721688034188|-41.44406288156288
2026-01-29 04:26:55.473179+00:00|35.23143016595958|38.51028031816821|36.78351567677879|35.22745882490716|35.79230305604898|-0.739013671875|0.533203125|-0.337890625|-1.434326171875|2.50244140625|0.152587890625|-2.1155448717948717|39.49017094017094|-42.12347374847374
2026-01-29 04:26:55.532485+00:00|35.23143016595958|38.514341225378644|36.77950598846877|35.235401596007534|35.788318682990905|-0.741943359375|0.5400390625|-0.345458984375|-1.129150390625|2.410888671875|0.030517578125|-1.4103632478632477|39.49017094017094|-41.44406288156288
2026-01-29 04:26:55.591140+00:00|35.223487572801446|38.514341225378644|36.787525473428616|35.239373115099795|35.804256750940795|-0.73974609375|0.535888671875|-0.336669921875|-0.885009765625|2.655029296875|0.06103515625|-1.234067841880342|38.608693910256406|-41.953621031746025
2026-01-29 04:26:55.650232+00:00|35.223487572801446|38.514341225378644|36.78351567677879|35.24334472328519|35.788318682990905|-0.739013671875|0.531494140625|-0.3427734375|-1.15966796875|2.288818359375|0.213623046875|-1.234067841880342|37.90351228632478|-41.613915598290596
2026-01-29 04:26:55.709547+00:00|35.23143016595958|38.50215889562759|36.787525473428616|35.22745882490716|35.77636613884232|-0.73828125|0.53564453125|-0.3408203125|-1.15966796875|2.655029296875|0.18310546875|-1.0577724358974359|38.4323985042735|-40.08524114774115
2026-01-29 04:26:55.768948+00:00|35.23143016595958|38.49809838019024|36.771486936665156|35.22745882490716|35.79230305604898|-0.74072265625|0.536376953125|-0.337646484375|-1.434326171875|2.227783203125|0.091552734375|-1.0577724358974359|38.4323985042735|-42.12347374847374
2026-01-29 04:26:55.828026+00:00|35.235401596007534|38.506219541602434|36.78351567677879|35.23143016595958|35.772382148969825|-0.742431640625|0.537841796875|-0.330810546875|-1.190185546875|2.410888671875|-0.152587890625|-1.9392494658119657|38.256103098290595|-40.93450473137973
2026-01-29 04:26:55.887104+00:00|35.235401596007534|38.51028031816821|36.78351567677879|35.23143016595958|35.788318682990905|-0.73876953125|0.5322265625|-0.338134765625|-1.40380859375|2.50244140625|-0.213623046875|-1.234067841880342|37.55092147435897|-41.27421016483516
2026-01-29 04:26:55.946265+00:00|35.235401596007534|38.514341225378644|36.791535378469064|35.239373115099795|35.79230305604898|-0.73876953125|0.535888671875|-0.34912109375|-1.129150390625|2.349853515625|-0.06103515625|-1.4103632478632477|38.78498931623931|-40.42494658119658
2026-01-29 04:26:56.005805+00:00|35.239373115099795|38.51028031816821|36.791535378469064|35.239373115099795|35.788318682990905|-0.74365234375|0.534912109375|-0.342529296875|-1.220703125|2.38037109375|0.213623046875|-1.234067841880342|38.608693910256406|-40.93450473137973
2026-01-29 04:26:56.065068+00:00|35.239373115099795|38.51840226328716|36.791535378469064|35.24731642061249|35.80824150797548|-0.73681640625|0.533203125|-0.336669921875|-1.28173828125|2.38037109375|0.30517578125|-0.35259081196581193|37.37462606837607|-41.44406288156288
2026-01-29 04:26:56.124305+00:00|35.23143016595958|38.506219541602434|36.791535378469064|35.25128820713053|35.8002720899745|-0.738037109375|0.535400390625|-0.3408203125|-1.190185546875|2.349853515625|0.3662109375|-1.7629540598290598|37.37462606837607|-41.783768315018314
2026-01-29 04:26:56.183292+00:00|35.239373115099795|38.49809838019024|36.791535378469064|35.25128820713053|35.804256750940795|-0.743408203125|0.53955078125|-0.341552734375|-1.220703125|2.410888671875|-0.30517578125|-2.64443108974359|37.55092147435897|-40.5947992979243
2026-01-29 04:26:56.241910+00:00|35.239373115099795|38.50215889562759|36.77549640844791|35.24334472328519|35.82019635598397|-0.740478515625|0.537109375|-0.341552734375|-1.15966796875|2.25830078125|0.030517578125|-2.2918402777777778|39.66646634615385|-39.915388431013426
2026-01-29 04:26:56.301180+00:00|35.25128820713053|38.506219541602434|36.791535378469064|35.24334472328519|35.796287525027026|-0.740966796875|0.5302734375|-0.34765625|-1.3427734375|2.44140625|0.213623046875|-0.8814770299145299|37.90351228632478|-41.613915598290596
2026-01-29 04:26:56.360206+00:00|35.239373115099795|38.506219541602434|36.79554539195084|35.25128820713053|35.796287525027026|-0.73876953125|0.537109375|-0.3427734375|-1.129150390625|2.3193359375|0.1220703125|-1.4103632478632477|38.4323985042735|-40.764652014652015
2026-01-29 04:26:56.419805+00:00|35.239373115099795|38.51028031816821|36.799555513924645|35.25526008288813|35.796287525027026|-0.7421875|0.53173828125|-0.334228515625|-1.190185546875|2.471923828125|0.030517578125|-2.64443108974359|38.608693910256406|-41.613915598290596
2026-01-29 04:26:56.479278+00:00|35.24334472328519|38.51028031816821|36.77950598846877|35.25128820713053|35.82019635598397|-0.73828125|0.53662109375|-0.342529296875|-1.251220703125|2.44140625|0.0|-1.0577724358974359|37.72721688034188|-42.463179181929185
2026-01-29 04:26:56.538319+00:00|35.24334472328519|38.50215889562759|36.79554539195084|35.25128820713053|35.8122263611279|-0.73876953125|0.5380859375|-0.345458984375|-1.373291015625|2.166748046875|0.06103515625|-2.468135683760684|37.72721688034188|-40.42494658119658
2026-01-29 04:26:56.597407+00:00|35.24334472328519|38.50215889562759|36.799555513924645|35.25923204793406|35.82418149778658|-0.74169921875|0.53369140625|-0.3388671875|-1.220703125|2.3193359375|0.1220703125|-2.468135683760684|37.72721688034188|-41.783768315018314
2026-01-29 04:26:56.656351+00:00|35.239373115099795|38.49809838019024|36.78351567677879|35.25526008288813|35.82019635598397|-0.7412109375|0.53759765625|-0.335693359375|-1.312255859375|2.197265625|0.274658203125|-1.4103632478632477|37.72721688034188|-42.12347374847374
2026-01-29 04:26:56.715301+00:00|35.26320410231705|38.49809838019024|36.78351567677879|35.25526008288813|35.784334405803406|-0.736572265625|0.5322265625|-0.341796875|-1.251220703125|2.38037109375|-0.030517578125|-2.1155448717948717|38.07980769230769|-41.783768315018314
2026-01-29 04:26:56.774230+00:00|35.25526008288813|38.506219541602434|36.80356574444147|35.24731642061249|35.784334405803406|-0.739013671875|0.533935546875|-0.33349609375|-1.190185546875|2.25830078125|0.18310546875|-0.8814770299145299|37.19833066239316|-41.27421016483516
2026-01-29 04:26:56.833450+00:00|35.25128820713053|38.49403799523668|36.799555513924645|35.26320410231705|35.796287525027026|-0.74365234375|0.53466796875|-0.3330078125|-1.15966796875|2.227783203125|0.0|-0.7051816239316239|37.72721688034188|-40.764652014652015
2026-01-29 04:26:56.892737+00:00|35.25923204793406|38.49809838019024|36.79554539195084|35.26717624608608|35.82019635598397|-0.7392578125|0.537841796875|-0.339111328125|-1.03759765625|2.532958984375|-0.091552734375|-1.9392494658119657|38.608693910256406|-40.5947992979243
2026-01-29 04:26:56.951860+00:00|35.26320410231705|38.50215889562759|36.799555513924645|35.26717624608608|35.77636613884232|-0.741455078125|0.5361328125|-0.34326171875|-1.190185546875|2.410888671875|0.030517578125|-1.0577724358974359|38.78498931623931|-41.44406288156288
2026-01-29 04:26:57.011167+00:00|35.25526008288813|38.50215889562759|36.80356574444147|35.25923204793406|35.80824150797548|-0.74609375|0.53515625|-0.333740234375|-1.190185546875|2.288818359375|0.091552734375|-1.4103632478632477|38.78498931623931|-42.12347374847374
2026-01-29 04:26:57.070342+00:00|35.25128820713053|38.48997774071347|36.799555513924645|35.26717624608608|35.804256750940795|-0.739013671875|0.53662109375|-0.337158203125|-1.3427734375|2.50244140625|-0.091552734375|-1.5866586538461538|38.608693910256406|-41.953621031746025
2026-01-29 04:26:57.129409+00:00|35.25923204793406|38.48185762274352|36.79554539195084|35.25128820713053|35.82019635598397|-0.734619140625|0.536865234375|-0.3408203125|-1.007080078125|2.3193359375|0.030517578125|0.17629540598290597|37.19833066239316|-41.953621031746025
2026-01-29 04:26:57.188785+00:00|35.26320410231705|38.48997774071347|36.79554539195084|35.26320410231705|35.788318682990905|-0.74267578125|0.53369140625|-0.339111328125|-1.251220703125|2.50244140625|0.30517578125|-1.234067841880342|38.256103098290595|-40.25509386446887
2026-01-29 04:26:57.247880+00:00|35.26717624608608|38.49809838019024|36.807576083551794|35.26320410231705|35.788318682990905|-0.742919921875|0.53369140625|-0.34228515625|-1.129150390625|2.044677734375|0.0|-1.9392494658119657|37.90351228632478|-41.27421016483516
2026-01-29 04:26:57.306911+00:00|35.26717624608608|38.49403799523668|36.799555513924645|35.26717624608608|35.80824150797548|-0.73583984375|0.534912109375|-0.336669921875|-1.251220703125|2.593994140625|0.091552734375|-2.9970219017094015|37.55092147435897|-40.5947992979243
2026-01-29 04:26:57.365530+00:00|35.26717624608608|38.48185762274352|36.80356574444147|35.26717624608608|35.82019635598397|-0.740966796875|0.530029296875|-0.332275390625|-1.434326171875|2.532958984375|0.152587890625|-1.0577724358974359|39.49017094017094|-42.463179181929185
2026-01-29 04:26:57.424290+00:00|35.25526008288813|38.49403799523668|36.80356574444147|35.26320410231705|35.804256750940795|-0.740234375|0.533447265625|-0.3359375|-1.312255859375|2.349853515625|0.18310546875|-1.234067841880342|38.608693910256406|-41.27421016483516
2026-01-29 04:26:57.483140+00:00|35.25923204793406|38.4777977591898|36.791535378469064|35.26717624608608|35.83215207038808|-0.736328125|0.535400390625|-0.3408203125|-0.946044921875|2.01416015625|0.18310546875|-2.2918402777777778|37.90351228632478|-41.613915598290596
2026-01-29 04:26:57.542158+00:00|35.26717624608608|38.4777977591898|36.79554539195084|35.26320410231705|35.8122263611279|-0.740478515625|0.535888671875|-0.336181640625|-0.91552734375|2.0751953125|-0.152587890625|-1.5866586538461538|39.313875534188035|-40.93450473137973
2026-01-29 04:26:57.600844+00:00|35.27114847928999|38.48591761656695|36.799555513924645|35.25526008288813|35.796287525027026|-0.74755859375|0.533935546875|-0.33544921875|-1.068115234375|2.410888671875|-0.06103515625|-2.468135683760684|39.13758012820512|-41.10435744810745
2026-01-29 04:26:57.659675+00:00|35.27114847928999|38.48997774071347|36.807576083551794|35.26717624608608|35.82418149778658|-0.7373046875|0.53271484375|-0.33837890625|-1.40380859375|2.532958984375|0.0|-1.5866586538461538|38.256103098290595|-42.6330318986569
2026-01-29 04:26:57.718525+00:00|35.27114847928999|38.48185762274352|36.799555513924645|35.26320410231705|35.804256750940795|-0.73974609375|0.534912109375|-0.341552734375|-1.129150390625|2.25830078125|-0.030517578125|-1.4103632478632477|38.4323985042735|-41.10435744810745
2026-01-29 04:26:57.777344+00:00|35.26717624608608|38.4777977591898|36.807576083551794|35.27114847928999|35.83215207038808|-0.740478515625|0.53515625|-0.3359375|-1.373291015625|2.3193359375|-0.18310546875|-1.0577724358974359|39.13758012820512|-41.783768315018314
2026-01-29 04:26:57.836122+00:00|35.25923204793406|38.469678422677134|36.80356574444147|35.27114847928999|35.8281667359048|-0.739990234375|0.540283203125|-0.3349609375|-1.3427734375|2.5634765625|0.18310546875|-0.7051816239316239|37.72721688034188|-41.783768315018314
2026-01-29 04:26:57.894935+00:00|35.27114847928999|38.469678422677134|36.79554539195084|35.26717624608608|35.83215207038808|-0.74072265625|0.537109375|-0.341796875|-1.434326171875|2.410888671875|0.091552734375|-1.5866586538461538|37.90351228632478|-40.25509386446887
2026-01-29 04:26:57.953854+00:00|35.27114847928999|38.48185762274352|36.807576083551794|35.26320410231705|35.8002720899745|-0.740966796875|0.538818359375|-0.33740234375|-0.91552734375|2.50244140625|-0.1220703125|-2.64443108974359|39.313875534188035|-39.915388431013426
2026-01-29 04:26:58.012740+00:00|35.26717624608608|38.48185762274352|36.81158653130677|35.2790932141977|35.83215207038808|-0.7392578125|0.5322265625|-0.34033203125|-1.373291015625|2.166748046875|0.0|-1.4103632478632477|37.72721688034188|-41.44406288156288
2026-01-29 04:26:58.071630+00:00|35.2790932141977|38.48185762274352|36.81559708775694|35.2790932141977|35.82418149778658|-0.734130859375|0.539306640625|-0.341064453125|-0.9765625|2.197265625|0.06103515625|-2.8207264957264955|38.78498931623931|-41.10435744810745
2026-01-29 04:26:58.130498+00:00|35.275120801977664|38.48591761656695|36.81158653130677|35.283065715999044|35.82418149778658|-0.738525390625|0.536865234375|-0.334716796875|-1.220703125|2.3193359375|0.213623046875|-1.7629540598290598|37.72721688034188|-41.44406288156288
2026-01-29 04:26:58.189226+00:00|35.26717624608608|38.47373802585213|36.81559708775694|35.2790932141977|35.84012302864829|-0.74365234375|0.53466796875|-0.338623046875|-1.0986328125|2.5634765625|0.0|-1.234067841880342|38.608693910256406|-39.915388431013426
2026-01-29 04:26:58.248107+00:00|35.2790932141977|38.469678422677134|36.799555513924645|35.27114847928999|35.82418149778658|-0.737548828125|0.53173828125|-0.33642578125|-1.220703125|2.532958984375|0.244140625|-1.0577724358974359|37.37462606837607|-41.10435744810745
2026-01-29 04:26:58.306813+00:00|35.28703830743058|38.48591761656695|36.81158653130677|35.275120801977664|35.82418149778658|-0.742431640625|0.53564453125|-0.338134765625|-1.03759765625|2.471923828125|0.1220703125|-1.0577724358974359|38.4323985042735|-41.44406288156288
2026-01-29 04:26:58.365732+00:00|35.2790932141977|38.48591761656695|36.823618526946234|35.29101098854113|35.804256750940795|-0.73974609375|0.528076171875|-0.334716796875|-1.495361328125|2.5634765625|0.06103515625|-0.35259081196581193|39.13758012820512|-40.764652014652015
2026-01-29 04:26:58.425338+00:00|35.28703830743058|38.48591761656695|36.81559708775694|35.28703830743058|35.83215207038808|-0.739501953125|0.533935546875|-0.337890625|-1.3427734375|2.593994140625|-0.030517578125|-1.5866586538461538|37.55092147435897|-40.5947992979243
2026-01-29 04:26:58.484258+00:00|35.28703830743058|38.48185762274352|36.819607752953175|35.283065715999044|35.836137501286146|-0.739501953125|0.5341796875|-0.336181640625|-1.007080078125|2.410888671875|-0.213623046875|-1.9392494658119657|37.19833066239316|-41.613915598290596
2026-01-29 04:26:58.543569+00:00|35.27114847928999|38.48997774071347|36.81559708775694|35.283065715999044|35.8281667359048|-0.745361328125|0.53076171875|-0.338134765625|-1.28173828125|2.44140625|0.091552734375|-0.7051816239316239|39.13758012820512|-40.08524114774115
2026-01-29 04:26:58.602324+00:00|35.27114847928999|38.47373802585213|36.823618526946234|35.28703830743058|35.84809437296286|-0.734375|0.537353515625|-0.343505859375|-1.5869140625|2.685546875|0.091552734375|-0.7051816239316239|37.72721688034188|-40.764652014652015
2026-01-29 04:26:58.661338+00:00|35.28703830743058|38.469678422677134|36.807576083551794|35.283065715999044|35.84012302864829|-0.736083984375|0.53515625|-0.343017578125|-1.312255859375|2.50244140625|0.3662109375|-1.7629540598290598|36.669444444444444|-40.764652014652015
2026-01-29 04:26:58.720192+00:00|35.2790932141977|38.48185762274352|36.807576083551794|35.2790932141977|35.836137501286146|-0.7412109375|0.5380859375|-0.341552734375|-1.03759765625|2.349853515625|0.244140625|-2.1155448717948717|37.72721688034188|-41.783768315018314
2026-01-29 04:26:58.779073+00:00|35.283065715999044|38.48591761656695|36.819607752953175|35.29101098854113|35.80824150797548|-0.74169921875|0.53662109375|-0.338623046875|-1.312255859375|2.3193359375|-0.091552734375|-1.4103632478632477|38.07980769230769|-40.08524114774115
2026-01-29 04:26:58.837986+00:00|35.28703830743058|38.48185762274352|36.819607752953175|35.29498375937965|35.852080190014306|-0.73779296875|0.53369140625|-0.3466796875|-1.220703125|2.349853515625|0.0|-1.0577724358974359|38.4323985042735|-40.764652014652015
2026-01-29 04:26:58.896825+00:00|35.28703830743058|38.48591761656695|36.819607752953175|35.28703830743058|35.84012302864829|-0.73876953125|0.539306640625|-0.345458984375|-1.0986328125|2.288818359375|0.152587890625|-1.5866586538461538|37.55092147435897|-39.915388431013426
2026-01-29 04:26:58.955766+00:00|35.275120801977664|38.48185762274352|36.819607752953175|35.29101098854113|35.84809437296286|-0.742919921875|0.5341796875|-0.34326171875|-1.03759765625|2.593994140625|-0.030517578125|-2.1155448717948717|38.78498931623931|-40.42494658119658
2026-01-29 04:26:59.014898+00:00|35.283065715999044|38.469678422677134|36.81158653130677|35.29498375937965|35.86005211415312|-0.741455078125|0.537841796875|-0.34228515625|-1.312255859375|2.38037109375|-0.06103515625|-0.35259081196581193|37.72721688034188|-40.764652014652015
2026-01-29 04:26:59.073989+00:00|35.29498375937965|38.47373802585213|36.81158653130677|35.283065715999044|35.836137501286146|-0.738037109375|0.537841796875|-0.33837890625|-1.129150390625|2.655029296875|-0.030517578125|0.0|37.37462606837607|-40.764652014652015
2026-01-29 04:26:59.133078+00:00|35.29101098854113|38.48185762274352|36.81559708775694|35.28703830743058|35.84809437296286|-0.737060546875|0.536865234375|-0.342041015625|-1.3427734375|2.532958984375|-0.06103515625|0.17629540598290597|38.96128472222222|-41.27421016483516
2026-01-29 04:26:59.192128+00:00|35.29101098854113|38.48185762274352|36.823618526946234|35.29895661999478|35.84809437296286|-0.7392578125|0.52734375|-0.341552734375|-1.28173828125|2.410888671875|0.06103515625|-0.7051816239316239|38.78498931623931|-41.10435744810745
2026-01-29 04:26:59.251119+00:00|35.29101098854113|38.4777977591898|36.823618526946234|35.29895661999478|35.86005211415312|-0.739013671875|0.537109375|-0.338134765625|-1.28173828125|2.288818359375|-0.06103515625|-1.234067841880342|38.96128472222222|-41.613915598290596
2026-01-29 04:26:59.310291+00:00|35.29498375937965|38.48185762274352|36.823618526946234|35.30292957043554|35.86005211415312|-0.740478515625|0.538330078125|-0.3359375|-1.373291015625|2.288818359375|0.152587890625|-2.2918402777777778|40.01905715811966|-41.613915598290596
2026-01-29 04:26:59.369404+00:00|35.28703830743058|38.48591761656695|36.83164040152633|35.29895661999478|35.852080190014306|-0.739013671875|0.53515625|-0.342529296875|-1.220703125|2.166748046875|0.1220703125|-1.0577724358974359|36.669444444444444|-41.44406288156288
2026-01-29 04:26:59.428280+00:00|35.29101098854113|38.4777977591898|36.81559708775694|35.30292957043554|35.84410865252397|-0.742431640625|0.5361328125|-0.34033203125|-1.251220703125|2.685546875|-0.244140625|-2.2918402777777778|38.256103098290595|-40.5947992979243
2026-01-29 04:26:59.487216+00:00|35.30690261075074|38.48591761656695|36.81559708775694|35.29101098854113|35.84809437296286|-0.741455078125|0.5361328125|-0.33837890625|-1.251220703125|2.38037109375|-0.06103515625|-1.7629540598290598|37.72721688034188|-41.10435744810745
2026-01-29 04:26:59.546175+00:00|35.29101098854113|38.48591761656695|36.82762940978705|35.29101098854113|35.84410865252397|-0.741455078125|0.534912109375|-0.329833984375|-1.190185546875|2.3193359375|0.1220703125|-1.4103632478632477|38.4323985042735|-41.44406288156288
2026-01-29 04:26:59.605056+00:00|35.30292957043554|38.48591761656695|36.82762940978705|35.30690261075074|35.85606610372787|-0.742431640625|0.53466796875|-0.33837890625|-1.312255859375|2.50244140625|0.06103515625|-3.3496127136752136|37.55092147435897|-40.5947992979243
2026-01-29 04:26:59.664128+00:00|35.29895661999478|38.48591761656695|36.819607752953175|35.30690261075074|35.86005211415312|-0.740234375|0.53662109375|-0.341552734375|-1.251220703125|2.227783203125|0.06103515625|-1.7629540598290598|38.4323985042735|-41.783768315018314
2026-01-29 04:26:59.723065+00:00|35.29101098854113|38.48185762274352|36.823618526946234|35.30292957043554|35.86005211415312|-0.737060546875|0.537109375|-0.3388671875|-1.220703125|2.288818359375|0.18310546875|-1.5866586538461538|40.01905715811966|-40.93450473137973
2026-01-29 04:26:59.782067+00:00|35.29101098854113|38.4777977591898|36.82762940978705|35.29895661999478|35.852080190014306|-0.740966796875|0.534423828125|-0.337158203125|-1.129150390625|2.3193359375|0.457763671875|-1.9392494658119657|38.96128472222222|-41.27421016483516
2026-01-29 04:26:59.840982+00:00|35.29498375937965|38.47373802585213|36.81158653130677|35.29101098854113|35.8759971239611|-0.73876953125|0.530029296875|-0.333984375|-1.15966796875|2.62451171875|0.0|-1.5866586538461538|39.313875534188035|-41.27421016483516
2026-01-29 04:26:59.899852+00:00|35.30292957043554|38.48591761656695|36.819607752953175|35.29101098854113|35.86802442533667|-0.73974609375|0.536865234375|-0.3427734375|-1.03759765625|2.166748046875|-0.091552734375|-1.4103632478632477|39.49017094017094|-40.42494658119658
2026-01-29 04:26:59.958785+00:00|35.30292957043554|38.48997774071347|36.82762940978705|35.30690261075074|35.85606610372787|-0.74365234375|0.534912109375|-0.336669921875|-1.190185546875|2.410888671875|-0.06103515625|-1.7629540598290598|38.4323985042735|-42.463179181929185
2026-01-29 04:27:00.017872+00:00|35.29895661999478|38.49403799523668|36.83164040152633|35.31087574098939|35.86403822133963|-0.73583984375|0.533203125|-0.34521484375|-1.220703125|2.593994140625|0.213623046875|-1.4103632478632477|38.07980769230769|-41.783768315018314
2026-01-29 04:27:00.076782+00:00|35.30690261075074|38.49403799523668|36.82762940978705|35.30690261075074|35.87998361868739|-0.740966796875|0.534912109375|-0.34130859375|-0.946044921875|2.8076171875|0.06103515625|-1.5866586538461538|38.96128472222222|-41.953621031746025
2026-01-29 04:27:00.135755+00:00|35.29498375937965|38.49403799523668|36.82762940978705|35.31087574098939|35.86403822133963|-0.743896484375|0.5380859375|-0.335693359375|-1.3427734375|2.349853515625|-0.152587890625|-1.7629540598290598|38.4323985042735|-40.08524114774115
2026-01-29 04:27:00.194715+00:00|35.29498375937965|38.47373802585213|36.82762940978705|35.30690261075074|35.8759971239611|-0.73583984375|0.533447265625|-0.338134765625|-1.373291015625|2.44140625|0.274658203125|-0.7051816239316239|38.4323985042735|-40.764652014652015
2026-01-29 04:27:00.253576+00:00|35.30690261075074|38.48997774071347|36.819607752953175|35.29895661999478|35.84809437296286|-0.741455078125|0.534912109375|-0.349365234375|-0.946044921875|2.197265625|0.06103515625|-2.1155448717948717|38.07980769230769|-41.44406288156288
2026-01-29 04:27:00.313366+00:00|35.31087574098939|38.49403799523668|36.83164040152633|35.30690261075074|35.86005211415312|-0.7431640625|0.534423828125|-0.33056640625|-1.0986328125|2.349853515625|-0.030517578125|-0.35259081196581193|37.022035256410255|-41.44406288156288
2026-01-29 04:27:00.372475+00:00|35.31087574098939|38.49809838019024|36.82762940978705|35.31484896120031|35.85606610372787|-0.735595703125|0.537109375|-0.33154296875|-1.373291015625|2.532958984375|0.030517578125|-1.5866586538461538|37.55092147435897|-40.5947992979243
2026-01-29 04:27:00.431893+00:00|35.30292957043554|38.49809838019024|36.83164040152633|35.31087574098939|35.86802442533667|-0.74169921875|0.53759765625|-0.34716796875|-1.007080078125|2.288818359375|0.18310546875|-1.7629540598290598|38.4323985042735|-40.764652014652015
2026-01-29 04:27:00.491045+00:00|35.31087574098939|38.50215889562759|36.83164040152633|35.31087574098939|35.87998361868739|-0.7373046875|0.537109375|-0.346435546875|-1.0986328125|2.38037109375|0.091552734375|-1.7629540598290598|37.72721688034188|-40.42494658119658
2026-01-29 04:27:00.549968+00:00|35.30690261075074|38.49809838019024|36.83164040152633|35.31882227143217|35.86403822133963|-0.74365234375|0.531982421875|-0.33154296875|-1.007080078125|2.227783203125|0.18310546875|-2.468135683760684|38.4323985042735|-39.40583028083028
2026-01-29 04:27:00.609138+00:00|35.30292957043554|38.49403799523668|36.83565150221489|35.31484896120031|35.88397021042266|-0.73828125|0.5341796875|-0.33740234375|-1.312255859375|2.532958984375|-0.06103515625|-1.234067841880342|39.66646634615385|-40.5947992979243
2026-01-29 04:27:00.668266+00:00|35.30292957043554|38.48997774071347|36.823618526946234|35.31484896120031|35.87201072619399|-0.739990234375|0.534912109375|-0.3427734375|-0.9765625|2.44140625|0.0|-1.0577724358974359|37.72721688034188|-41.44406288156288
2026-01-29 04:27:00.727352+00:00|35.31882227143217|38.51028031816821|36.823618526946234|35.31882227143217|35.86403822133963|-0.741943359375|0.534423828125|-0.339111328125|-1.220703125|2.349853515625|-0.152587890625|-1.4103632478632477|37.37462606837607|-41.44406288156288
2026-01-29 04:27:00.786310+00:00|35.31484896120031|38.51028031816821|36.83966271190371|35.31087574098939|35.86005211415312|-0.740966796875|0.53857421875|-0.333251953125|-1.190185546875|2.50244140625|0.06103515625|-2.2918402777777778|37.90351228632478|-40.93450473137973
2026-01-29 04:27:00.845227+00:00|35.31484896120031|38.506219541602434|36.8436740306434|35.32279567173413|35.87998361868739|-0.73876953125|0.5380859375|-0.34130859375|-1.40380859375|2.0751953125|-0.030517578125|-1.4103632478632477|38.4323985042735|-41.44406288156288
2026-01-29 04:27:00.904412+00:00|35.31087574098939|38.506219541602434|36.83966271190371|35.32279567173413|35.8759971239611|-0.73779296875|0.535888671875|-0.345703125|-1.251220703125|2.3193359375|-0.030517578125|-1.9392494658119657|38.608693910256406|-41.27421016483516
2026-01-29 04:27:00.963752+00:00|35.31484896120031|38.50215889562759|36.8436740306434|35.31484896120031|35.87998361868739|-0.739501953125|0.531982421875|-0.337646484375|-1.312255859375|2.38037109375|0.06103515625|-1.4103632478632477|37.72721688034188|-40.42494658119658
2026-01-29 04:27:01.022918+00:00|35.31087574098939|38.51028031816821|36.83565150221489|35.31882227143217|35.887956899216306|-0.7353515625|0.5361328125|-0.34326171875|-1.312255859375|2.50244140625|0.30517578125|-1.234067841880342|38.256103098290595|-41.613915598290596
2026-01-29 04:27:01.082178+00:00|35.30292957043554|38.49403799523668|36.83164040152633|35.32279567173413|35.89991754844323|-0.740966796875|0.541015625|-0.343994140625|-1.220703125|2.685546875|0.1220703125|-1.4103632478632477|39.13758012820512|-41.10435744810745
2026-01-29 04:27:01.141346+00:00|35.32279567173413|38.49809838019024|36.82762940978705|35.31087574098939|35.86802442533667|-0.739013671875|0.533203125|-0.33349609375|-1.251220703125|2.349853515625|0.0|-1.9392494658119657|37.90351228632478|-41.27421016483516
2026-01-29 04:27:01.200812+00:00|35.31484896120031|38.51028031816821|36.83164040152633|35.30690261075074|35.87201072619399|-0.736083984375|0.5361328125|-0.33349609375|-1.40380859375|2.471923828125|-0.152587890625|-1.4103632478632477|37.37462606837607|-42.12347374847374
2026-01-29 04:27:01.260370+00:00|35.31484896120031|38.514341225378644|36.8436740306434|35.31087574098939|35.89593056817699|-0.739013671875|0.532470703125|-0.341064453125|-1.220703125|2.38037109375|0.274658203125|-1.5866586538461538|37.90351228632478|-40.25509386446887
2026-01-29 04:27:01.319705+00:00|35.30690261075074|38.51028031816821|36.8436740306434|35.32279567173413|35.86802442533667|-0.738037109375|0.53564453125|-0.337158203125|-1.28173828125|2.38037109375|0.0|-1.234067841880342|38.608693910256406|-41.953621031746025
2026-01-29 04:27:01.378708+00:00|35.30690261075074|38.514341225378644|36.8436740306434|35.31882227143217|35.89593056817699|-0.740478515625|0.534423828125|-0.3310546875|-1.46484375|2.593994140625|-0.06103515625|-1.234067841880342|38.608693910256406|-41.613915598290596
2026-01-29 04:27:01.437879+00:00|35.31484896120031|38.506219541602434|36.8436740306434|35.31882227143217|35.887956899216306|-0.738525390625|0.535400390625|-0.347412109375|-0.9765625|2.38037109375|0.213623046875|-1.4103632478632477|37.37462606837607|-41.44406288156288
2026-01-29 04:27:01.496827+00:00|35.30690261075074|38.506219541602434|36.84768545848499|35.31484896120031|35.86802442533667|-0.736328125|0.539794921875|-0.337646484375|-1.190185546875|2.50244140625|0.152587890625|-0.5288862179487179|38.256103098290595|-40.5947992979243
2026-01-29 04:27:01.555864+00:00|35.30690261075074|38.50215889562759|36.83565150221489|35.31882227143217|35.90390462596605|-0.7421875|0.529052734375|-0.331298828125|-1.068115234375|2.471923828125|0.30517578125|-0.8814770299145299|39.313875534188035|-41.27421016483516
2026-01-29 04:27:01.614877+00:00|35.31087574098939|38.49809838019024|36.82762940978705|35.30690261075074|35.887956899216306|-0.736083984375|0.5380859375|-0.3447265625|-1.52587890625|2.25830078125|-0.030517578125|-1.7629540598290598|38.78498931623931|-42.80288461538461
2026-01-29 04:27:01.673994+00:00|35.31484896120031|38.51028031816821|36.8436740306434|35.31087574098939|35.887956899216306|-0.73388671875|0.535888671875|-0.34423828125|-1.007080078125|2.105712890625|0.091552734375|-2.2918402777777778|38.256103098290595|-40.93450473137973
2026-01-29 04:27:01.733057+00:00|35.31484896120031|38.51028031816821|36.83966271190371|35.31087574098939|35.88397021042266|-0.74267578125|0.5322265625|-0.3330078125|-1.0986328125|2.288818359375|0.1220703125|-1.0577724358974359|38.07980769230769|-41.10435744810745
2026-01-29 04:27:01.792183+00:00|35.32279567173413|38.51028031816821|36.84768545848499|35.31882227143217|35.89991754844323|-0.732666015625|0.537841796875|-0.343505859375|-1.0986328125|2.44140625|-0.030517578125|-0.7051816239316239|38.78498931623931|-41.10435744810745
2026-01-29 04:27:01.851213+00:00|35.32279567173413|38.506219541602434|36.85169699547936|35.32279567173413|35.891943685117894|-0.736328125|0.5380859375|-0.346923828125|-0.8544921875|2.25830078125|0.091552734375|-1.234067841880342|38.96128472222222|-39.915388431013426
2026-01-29 04:27:01.910344+00:00|35.31087574098939|38.51840226328716|36.8436740306434|35.31882227143217|35.91586644257018|-0.742919921875|0.531005859375|-0.337890625|-1.007080078125|2.227783203125|0.244140625|-1.0577724358974359|38.4323985042735|-41.44406288156288
2026-01-29 04:27:01.969511+00:00|35.30292957043554|38.49809838019024|36.83966271190371|35.32279567173413|35.907891800795085|-0.73974609375|0.540283203125|-0.3388671875|-1.220703125|2.410888671875|0.244140625|-1.4103632478632477|38.07980769230769|-40.42494658119658
2026-01-29 04:27:02.028484+00:00|35.31484896120031|38.50215889562759|36.83565150221489|35.31484896120031|35.891943685117894|-0.735107421875|0.534912109375|-0.352294921875|-1.3427734375|2.227783203125|0.18310546875|-1.5866586538461538|38.96128472222222|-41.953621031746025
2026-01-29 04:27:02.087514+00:00|35.31882227143217|38.51028031816821|36.83565150221489|35.31087574098939|35.87201072619399|-0.743408203125|0.534423828125|-0.3359375|-1.251220703125|2.25830078125|-0.091552734375|-1.7629540598290598|38.07980769230769|-41.44406288156288
2026-01-29 04:27:02.146667+00:00|35.31882227143217|38.506219541602434|36.8436740306434|35.31484896120031|35.887956899216306|-0.74169921875|0.53466796875|-0.33544921875|-1.46484375|2.471923828125|-0.244140625|0.0|38.4323985042735|-40.08524114774115
2026-01-29 04:27:02.205700+00:00|35.32676916215485|38.506219541602434|36.85169699547936|35.31882227143217|35.923841474165044|-0.739013671875|0.533203125|-0.34521484375|-1.28173828125|2.288818359375|-0.030517578125|-1.234067841880342|37.90351228632478|-39.57568299755799
2026-01-29 04:27:02.264824+00:00|35.31882227143217|38.506219541602434|36.84768545848499|35.330742742743496|35.89991754844323|-0.741943359375|0.536376953125|-0.33935546875|-1.3427734375|2.288818359375|-0.1220703125|-0.5288862179487179|38.608693910256406|-41.613915598290596
2026-01-29 04:27:02.324077+00:00|35.30690261075074|38.506219541602434|36.84768545848499|35.32279567173413|35.91187907297996|-0.745361328125|0.532470703125|-0.328369140625|-1.068115234375|2.593994140625|-0.06103515625|-1.7629540598290598|38.07980769230769|-40.764652014652015
2026-01-29 04:27:02.382828+00:00|35.31087574098939|38.49809838019024|36.85169699547936|35.32676916215485|35.91187907297996|-0.735595703125|0.534423828125|-0.34423828125|-1.190185546875|2.532958984375|0.06103515625|-2.468135683760684|37.72721688034188|-41.44406288156288
2026-01-29 04:27:02.441550+00:00|35.32279567173413|38.49403799523668|36.8436740306434|35.31882227143217|35.891943685117894|-0.735107421875|0.539794921875|-0.343994140625|-1.03759765625|2.166748046875|0.213623046875|-0.5288862179487179|38.256103098290595|-40.93450473137973
2026-01-29 04:27:02.500344+00:00|35.32279567173413|38.506219541602434|36.85570864167704|35.32279567173413|35.887956899216306|-0.74267578125|0.538818359375|-0.330810546875|-1.007080078125|2.50244140625|0.274658203125|-1.4103632478632477|38.4323985042735|-40.08524114774115
2026-01-29 04:27:02.559090+00:00|35.32676916215485|38.506219541602434|36.84768545848499|35.330742742743496|35.923841474165044|-0.737060546875|0.5390625|-0.344970703125|-1.068115234375|2.50244140625|0.06103515625|-1.4103632478632477|38.4323985042735|-41.10435744810745
2026-01-29 04:27:02.617902+00:00|35.32676916215485|38.506219541602434|36.85169699547936|35.31882227143217|35.923841474165044|-0.736083984375|0.5390625|-0.342529296875|-1.068115234375|2.532958984375|0.0|-0.7051816239316239|38.4323985042735|-40.764652014652015
2026-01-29 04:27:02.676892+00:00|35.32676916215485|38.51028031816821|36.85169699547936|35.330742742743496|35.89991754844323|-0.740966796875|0.53466796875|-0.33056640625|-1.28173828125|2.166748046875|-0.274658203125|-1.7629540598290598|38.78498931623931|-41.44406288156288
2026-01-29 04:27:02.735789+00:00|35.31882227143217|38.49809838019024|36.85169699547936|35.32279567173413|35.887956899216306|-0.74462890625|0.5322265625|-0.337646484375|-1.3427734375|2.44140625|0.030517578125|-0.5288862179487179|39.313875534188035|-40.93450473137973
2026-01-29 04:27:02.794484+00:00|35.32676916215485|38.49809838019024|36.8436740306434|35.32676916215485|35.90390462596605|-0.732666015625|0.5390625|-0.3466796875|-1.3427734375|2.3193359375|0.091552734375|-1.4103632478632477|38.78498931623931|-41.783768315018314
2026-01-29 04:27:02.853282+00:00|35.32676916215485|38.50215889562759|36.84768545848499|35.31882227143217|35.891943685117894|-0.739501953125|0.534423828125|-0.335693359375|-0.9765625|2.50244140625|-0.030517578125|-1.9392494658119657|37.19833066239316|-40.93450473137973
2026-01-29 04:27:02.912105+00:00|35.32676916215485|38.506219541602434|36.85570864167704|35.32676916215485|35.89593056817699|-0.745361328125|0.538818359375|-0.331298828125|-1.251220703125|2.44140625|0.152587890625|-1.4103632478632477|39.13758012820512|-41.783768315018314
2026-01-29 04:27:02.970883+00:00|35.32676916215485|38.50215889562759|36.859720397129365|35.33471641354873|35.90390462596605|-0.73828125|0.534423828125|-0.348876953125|-1.0986328125|2.471923828125|0.0|-1.0577724358974359|38.07980769230769|-41.10435744810745
2026-01-29 04:27:03.029581+00:00|35.32676916215485|38.506219541602434|36.85570864167704|35.32676916215485|35.87201072619399|-0.73681640625|0.536376953125|-0.343505859375|-0.6103515625|1.800537109375|0.213623046875|-0.8814770299145299|37.55092147435897|-40.93450473137973
2026-01-29 04:27:03.088441+00:00|35.31882227143217|38.506219541602434|36.859720397129365|35.330742742743496|35.90390462596605|-0.742431640625|0.53125|-0.326904296875|-1.190185546875|2.38037109375|0.18310546875|-2.1155448717948717|38.4323985042735|-40.764652014652015
2026-01-29 04:27:03.147123+00:00|35.31882227143217|38.50215889562759|36.8436740306434|35.32279567173413|35.89991754844323|-0.734619140625|0.535888671875|-0.350830078125|-1.556396484375|2.38037109375|-0.06103515625|-1.234067841880342|38.256103098290595|-41.27421016483516
2026-01-29 04:27:03.205958+00:00|35.33471641354873|38.51840226328716|36.859720397129365|35.31882227143217|35.91586644257018|-0.734375|0.540771484375|-0.34326171875|-1.007080078125|2.288818359375|-0.06103515625|-1.7629540598290598|37.022035256410255|-41.783768315018314
2026-01-29 04:27:03.264773+00:00|35.32676916215485|38.506219541602434|36.85570864167704|35.3386901746195|35.88397021042266|-0.747802734375|0.53369140625|-0.33203125|-1.40380859375|2.349853515625|-0.274658203125|-1.7629540598290598|38.78498931623931|-40.764652014652015
2026-01-29 04:27:03.323037+00:00|35.32676916215485|38.51028031816821|36.85570864167704|35.330742742743496|35.89991754844323|-0.742919921875|0.533935546875|-0.33837890625|-1.40380859375|2.3193359375|0.06103515625|-0.7051816239316239|38.07980769230769|-40.764652014652015
2026-01-29 04:27:03.382057+00:00|35.31882227143217|38.51028031816821|36.859720397129365|35.33471641354873|35.907891800795085|-0.732421875|0.53662109375|-0.345947265625|-1.15966796875|2.471923828125|0.18310546875|-1.4103632478632477|38.4323985042735|-41.44406288156288
2026-01-29 04:27:03.441179+00:00|35.31882227143217|38.50215889562759|36.85169699547936|35.33471641354873|35.89991754844323|-0.742431640625|0.533447265625|-0.336669921875|-0.8544921875|2.197265625|0.030517578125|-1.5866586538461538|39.313875534188035|-41.27421016483516
2026-01-29 04:27:03.500185+00:00|35.33471641354873|38.506219541602434|36.85169699547936|35.330742742743496|35.907891800795085|-0.738037109375|0.528564453125|-0.3310546875|-1.373291015625|2.50244140625|-0.030517578125|-2.1155448717948717|38.4323985042735|-41.44406288156288
2026-01-29 04:27:03.559079+00:00|35.330742742743496|38.51840226328716|36.85169699547936|35.32279567173413|35.90390462596605|-0.734375|0.5390625|-0.346435546875|-1.3427734375|2.197265625|-0.274658203125|-1.7629540598290598|38.07980769230769|-41.783768315018314
2026-01-29 04:27:03.618023+00:00|35.32676916215485|38.51840226328716|36.86373226188675|35.3386901746195|35.87998361868739|-0.73876953125|0.53857421875|-0.33837890625|-0.91552734375|2.197265625|0.18310546875|-1.4103632478632477|37.37462606837607|-41.44406288156288
2026-01-29 04:27:03.676999+00:00|35.330742742743496|38.514341225378644|36.85570864167704|35.3386901746195|35.90390462596605|-0.74560546875|0.534423828125|-0.33349609375|-1.312255859375|2.288818359375|-0.030517578125|-1.5866586538461538|38.256103098290595|-40.5947992979243
2026-01-29 04:27:03.735925+00:00|35.33471641354873|38.51840226328716|36.86774423600042|35.33471641354873|35.89991754844323|-0.735595703125|0.537109375|-0.34716796875|-1.40380859375|2.197265625|0.091552734375|-1.5866586538461538|38.608693910256406|-41.613915598290596
2026-01-29 04:27:03.794866+00:00|35.32279567173413|38.514341225378644|36.86373226188675|35.3386901746195|35.90390462596605|-0.73193359375|0.5380859375|-0.345458984375|-1.28173828125|2.0751953125|0.3662109375|-1.7629540598290598|38.78498931623931|-39.74553571428571
2026-01-29 04:27:03.853954+00:00|35.32279567173413|38.514341225378644|36.859720397129365|35.3386901746195|35.90390462596605|-0.74560546875|0.531494140625|-0.331787109375|-1.0986328125|2.105712890625|0.091552734375|-0.8814770299145299|38.256103098290595|-40.93450473137973
2026-01-29 04:27:03.912862+00:00|35.33471641354873|38.514341225378644|36.859720397129365|35.33471641354873|35.91187907297996|-0.736328125|0.535400390625|-0.340576171875|-1.64794921875|2.44140625|-0.213623046875|-2.1155448717948717|37.72721688034188|-40.42494658119658
2026-01-29 04:27:03.971878+00:00|35.3386901746195|38.51840226328716|36.87175631952107|35.330742742743496|35.89991754844323|-0.736083984375|0.534912109375|-0.34619140625|-1.556396484375|2.5634765625|0.0|-1.5866586538461538|37.90351228632478|-41.953621031746025
2026-01-29 04:27:04.030931+00:00|35.330742742743496|38.51840226328716|36.87175631952107|35.35061199991435|35.91187907297996|-0.742919921875|0.53271484375|-0.337890625|-1.434326171875|2.288818359375|-0.274658203125|-1.4103632478632477|37.72721688034188|-40.764652014652015
2026-01-29 04:27:04.090000+00:00|35.3386901746195|38.51840226328716|36.86373226188675|35.34266402600474|35.91985390961531|-0.7451171875|0.535400390625|-0.331298828125|-1.64794921875|2.471923828125|-0.030517578125|-0.8814770299145299|37.90351228632478|-41.953621031746025
2026-01-29 04:27:04.149430+00:00|35.33471641354873|38.51840226328716|36.86774423600042|35.346637967753395|35.91985390961531|-0.73388671875|0.534912109375|-0.347900390625|-0.8544921875|2.44140625|-0.18310546875|-1.9392494658119657|37.55092147435897|-40.93450473137973
2026-01-29 04:27:04.209134+00:00|35.32279567173413|38.52246343194753|36.86774423600042|35.34266402600474|35.91187907297996|-0.73974609375|0.5361328125|-0.341796875|-1.068115234375|2.288818359375|-0.18310546875|-1.4103632478632477|38.07980769230769|-40.764652014652015
2026-01-29 04:27:04.268136+00:00|35.330742742743496|38.51028031816821|36.87175631952107|35.35061199991435|35.91187907297996|-0.74462890625|0.532958984375|-0.33251953125|-1.068115234375|2.410888671875|0.335693359375|-1.7629540598290598|37.37462606837607|-41.783768315018314
2026-01-29 04:27:04.327228+00:00|35.3386901746195|38.51028031816821|36.859720397129365|35.3386901746195|35.923841474165044|-0.735595703125|0.53515625|-0.33984375|-1.068115234375|2.471923828125|0.1220703125|-1.234067841880342|38.256103098290595|-42.29332646520146
2026-01-29 04:27:04.386741+00:00|35.34266402600474|38.514341225378644|36.86774423600042|35.3386901746195|35.87998361868739|-0.73828125|0.5380859375|-0.340576171875|-0.762939453125|2.74658203125|0.030517578125|-1.234067841880342|37.55092147435897|-41.27421016483516
2026-01-29 04:27:04.446193+00:00|35.3386901746195|38.51840226328716|36.87175631952107|35.34266402600474|35.923841474165044|-0.746826171875|0.533935546875|-0.33544921875|-1.129150390625|2.25830078125|-0.1220703125|-2.468135683760684|38.78498931623931|-40.764652014652015
2026-01-29 04:27:04.506063+00:00|35.3386901746195|38.51840226328716|36.87175631952107|35.35061199991435|35.907891800795085|-0.74267578125|0.536376953125|-0.337158203125|-1.190185546875|2.44140625|-0.1220703125|-1.9392494658119657|39.313875534188035|-40.25509386446887
2026-01-29 04:27:04.564986+00:00|35.346637967753395|38.51840226328716|36.86373226188675|35.3386901746195|35.92782913626911|-0.732666015625|0.535400390625|-0.34814453125|-0.946044921875|2.38037109375|0.1220703125|-2.468135683760684|38.78498931623931|-41.783768315018314
2026-01-29 04:27:04.623921+00:00|35.35061199991435|38.52246343194753|36.86774423600042|35.346637967753395|35.931816895976795|-0.74951171875|0.532958984375|-0.33740234375|-1.28173828125|2.50244140625|-0.152587890625|-2.1155448717948717|38.78498931623931|-40.08524114774115
2026-01-29 04:27:04.682679+00:00|35.34266402600474|38.514341225378644|36.86774423600042|35.34266402600474|35.91586644257018|-0.739501953125|0.53515625|-0.336181640625|-1.678466796875|2.777099609375|0.244140625|1.0577724358974359|38.07980769230769|-40.42494658119658
2026-01-29 04:27:04.741562+00:00|35.3386901746195|38.51028031816821|36.87175631952107|35.3545861225366|35.91985390961531|-0.73486328125|0.536865234375|-0.34521484375|-1.251220703125|2.62451171875|0.030517578125|-1.4103632478632477|38.4323985042735|-40.08524114774115
2026-01-29 04:27:04.800328+00:00|35.34266402600474|38.506219541602434|36.86774423600042|35.3386901746195|35.931816895976795|-0.739990234375|0.5380859375|-0.3369140625|-1.068115234375|2.349853515625|0.06103515625|-2.2918402777777778|37.55092147435897|-40.93450473137973
2026-01-29 04:27:04.859306+00:00|35.346637967753395|38.51840226328716|36.87175631952107|35.34266402600474|35.907891800795085|-0.744384765625|0.53515625|-0.333251953125|-1.03759765625|2.38037109375|0.244140625|-1.234067841880342|37.55092147435897|-40.93450473137973
2026-01-29 04:27:04.918093+00:00|35.346637967753395|38.51028031816821|36.87978081498687|35.35061199991435|35.90390462596605|-0.735595703125|0.5380859375|-0.343017578125|-1.007080078125|2.44140625|0.152587890625|-0.35259081196581193|37.022035256410255|-41.44406288156288
2026-01-29 04:27:04.977100+00:00|35.34266402600474|38.51028031816821|36.87175631952107|35.35061199991435|35.931816895976795|-0.738525390625|0.53759765625|-0.34033203125|-1.190185546875|2.105712890625|0.396728515625|-2.1155448717948717|39.49017094017094|-41.10435744810745
2026-01-29 04:27:05.035969+00:00|35.35061199991435|38.51028031816821|36.87978081498687|35.35856033566898|35.93580475333795|-0.74755859375|0.532470703125|-0.3408203125|-1.0986328125|2.166748046875|0.0|-0.7051816239316239|37.022035256410255|-40.08524114774115
2026-01-29 04:27:05.094781+00:00|35.3386901746195|38.50215889562759|36.875768512499576|35.35061199991435|35.923841474165044|-0.751220703125|0.5361328125|-0.35498046875|-1.3427734375|2.105712890625|0.091552734375|-1.7629540598290598|38.07980769230769|-39.74553571428571
2026-01-29 04:27:05.153571+00:00|35.346637967753395|38.50215889562759|36.87175631952107|35.3545861225366|35.939792708402024|-0.7265625|0.52099609375|-0.372802734375|-0.701904296875|2.197265625|0.946044921875|-0.17629540598290597|38.256103098290595|-41.27421016483516
2026-01-29 04:27:05.212521+00:00|35.35061199991435|38.51028031816821|36.87175631952107|35.34266402600474|35.931816895976795|-0.755126953125|0.53955078125|-0.351806640625|-1.190185546875|2.471923828125|0.1220703125|-1.9392494658119657|37.90351228632478|-39.915388431013426
2026-01-29 04:27:05.271278+00:00|35.362534639360376|38.51028031816821|36.875768512499576|35.35856033566898|35.92782913626911|-0.73681640625|0.53076171875|-0.3291015625|-1.40380859375|2.593994140625|0.0|-2.8207264957264955|38.07980769230769|-42.12347374847374
2026-01-29 04:27:05.330193+00:00|35.35061199991435|38.51028031816821|36.88379322703389|35.3545861225366|35.931816895976795|-0.7431640625|0.54248046875|-0.353271484375|-0.885009765625|2.13623046875|0.0|-0.8814770299145299|40.01905715811966|-41.27421016483516
2026-01-29 04:27:05.389438+00:00|35.3545861225366|38.506219541602434|36.875768512499576|35.35856033566898|35.92782913626911|-0.736328125|0.53173828125|-0.33642578125|-1.007080078125|2.471923828125|0.091552734375|-0.8814770299145299|38.608693910256406|-41.27421016483516
2026-01-29 04:27:05.448497+00:00|35.346637967753395|38.506219541602434|36.88379322703389|35.3545861225366|35.94378076121882|-0.745849609375|0.53125|-0.33447265625|-1.129150390625|2.50244140625|0.06103515625|-1.7629540598290598|37.022035256410255|-41.44406288156288
2026-01-29 04:27:05.507677+00:00|35.34266402600474|38.49809838019024|36.87175631952107|35.362534639360376|35.93580475333795|-0.7353515625|0.53515625|-0.342529296875|-1.5869140625|2.532958984375|0.030517578125|-0.35259081196581193|39.13758012820512|-42.12347374847374
2026-01-29 04:27:05.566938+00:00|35.3545861225366|38.49403799523668|36.875768512499576|35.346637967753395|35.955745506680955|-0.737548828125|0.535888671875|-0.345703125|-1.3427734375|2.44140625|0.3662109375|-2.8207264957264955|38.4323985042735|-41.44406288156288
2026-01-29 04:27:05.626065+00:00|35.3545861225366|38.51028031816821|36.875768512499576|35.35061199991435|35.93580475333795|-0.745361328125|0.531005859375|-0.32666015625|-0.946044921875|2.044677734375|0.091552734375|-1.234067841880342|39.66646634615385|-41.27421016483516
2026-01-29 04:27:05.685540+00:00|35.3545861225366|38.51028031816821|36.88780574869139|35.35856033566898|35.907891800795085|-0.736572265625|0.535400390625|-0.343017578125|-1.40380859375|2.25830078125|-0.091552734375|-1.4103632478632477|37.72721688034188|-41.783768315018314
2026-01-29 04:27:05.744572+00:00|35.362534639360376|38.49809838019024|36.87978081498687|35.36650903365984|35.95175716030866|-0.73779296875|0.539306640625|-0.34033203125|-1.03759765625|2.227783203125|0.1220703125|-1.4103632478632477|38.07980769230769|-42.12347374847374
2026-01-29 04:27:05.803880+00:00|35.3545861225366|38.50215889562759|36.87978081498687|35.362534639360376|35.947768911837784|-0.739990234375|0.53173828125|-0.333740234375|-1.46484375|2.227783203125|-0.213623046875|-1.4103632478632477|36.31685363247863|-41.783768315018314
2026-01-29 04:27:05.862997+00:00|35.362534639360376|38.51028031816821|36.87978081498687|35.36650903365984|35.94378076121882|-0.742919921875|0.53564453125|-0.341552734375|-1.495361328125|2.532958984375|0.396728515625|-0.17629540598290597|37.55092147435897|-41.27421016483516
2026-01-29 04:27:05.922388+00:00|35.35856033566898|38.50215889562759|36.88379322703389|35.37048351861631|35.92782913626911|-0.733642578125|0.539306640625|-0.3505859375|-1.373291015625|2.5634765625|0.030517578125|-1.234067841880342|38.96128472222222|-41.27421016483516
2026-01-29 04:27:05.981812+00:00|35.35061199991435|38.49403799523668|36.88379322703389|35.362534639360376|35.95175716030866|-0.74267578125|0.53515625|-0.33251953125|-1.15966796875|2.01416015625|0.0|-0.7051816239316239|38.78498931623931|-42.12347374847374
2026-01-29 04:27:06.041066+00:00|35.3545861225366|38.50215889562759|36.875768512499576|35.35856033566898|35.947768911837784|-0.742431640625|0.5341796875|-0.3369140625|-1.373291015625|2.288818359375|0.457763671875|-1.5866586538461538|37.19833066239316|-42.29332646520146
2026-01-29 04:27:06.100320+00:00|35.362534639360376|38.506219541602434|36.87978081498687|35.3545861225366|35.92782913626911|-0.729736328125|0.540771484375|-0.343505859375|-1.46484375|1.983642578125|0.091552734375|-1.234067841880342|38.256103098290595|-41.613915598290596
2026-01-29 04:27:06.159429+00:00|35.36650903365984|38.50215889562759|36.88780574869139|35.36650903365984|35.947768911837784|-0.765625|0.56494140625|-0.336181640625|-2.899169921875|2.655029296875|0.152587890625|-2.468135683760684|38.4323985042735|-42.12347374847374
2026-01-29 04:27:06.218743+00:00|35.36650903365984|38.49809838019024|36.89181838001048|35.36650903365984|35.93580475333795|-0.721923828125|0.527099609375|-0.32958984375|-0.823974609375|2.01416015625|0.091552734375|-1.234067841880342|39.313875534188035|-40.25509386446887
2026-01-29 04:27:06.277867+00:00|35.36650903365984|38.50215889562759|36.88379322703389|35.36650903365984|35.96372249332887|-0.740478515625|0.54248046875|-0.341796875|-1.0986328125|2.13623046875|-0.213623046875|-1.234067841880342|39.66646634615385|-41.27421016483516
2026-01-29 04:27:06.337304+00:00|35.36650903365984|38.506219541602434|36.88780574869139|35.37048351861631|35.955745506680955|-0.735107421875|0.53759765625|-0.34326171875|-1.40380859375|2.685546875|0.1220703125|-1.7629540598290598|38.78498931623931|-41.783768315018314
2026-01-29 04:27:06.396637+00:00|35.3545861225366|38.506219541602434|36.89583112104185|35.37445809427868|35.971699872178476|-0.751220703125|0.545166015625|-0.32958984375|-1.190185546875|2.471923828125|0.0|-1.4103632478632477|38.78498931623931|-41.10435744810745
2026-01-29 04:27:06.456345+00:00|35.35856033566898|38.49403799523668|36.89181838001048|35.36650903365984|35.955745506680955|-0.738037109375|0.53662109375|-0.34912109375|-1.708984375|2.50244140625|-0.091552734375|-1.7629540598290598|39.49017094017094|-41.783768315018314
2026-01-29 04:27:06.514815+00:00|35.35856033566898|38.49403799523668|36.87978081498687|35.37445809427868|35.979677643627156|-0.728759765625|0.5380859375|-0.342529296875|-1.52587890625|2.410888671875|-0.152587890625|-1.234067841880342|37.90351228632478|-41.953621031746025
2026-01-29 04:27:06.573895+00:00|35.36650903365984|38.506219541602434|36.875768512499576|35.362534639360376|35.947768911837784|-0.745849609375|0.53662109375|-0.343017578125|-0.823974609375|1.953125|-0.06103515625|-1.234067841880342|37.55092147435897|-41.953621031746025
2026-01-29 04:27:06.632796+00:00|35.37445809427868|38.506219541602434|36.89181838001048|35.36650903365984|35.939792708402024|-0.739013671875|0.529541015625|-0.341552734375|-1.28173828125|2.25830078125|0.1220703125|-1.0577724358974359|39.84276175213675|-41.44406288156288
2026-01-29 04:27:06.691841+00:00|35.37445809427868|38.50215889562759|36.88780574869139|35.37048351861631|35.93580475333795|-0.73388671875|0.538818359375|-0.3447265625|-0.91552734375|2.197265625|0.06103515625|-1.5866586538461538|38.608693910256406|-41.613915598290596
2026-01-29 04:27:06.750960+00:00|35.37048351861631|38.50215889562759|36.89181838001048|35.37843276069583|35.94378076121882|-0.74267578125|0.541259765625|-0.34423828125|-0.79345703125|2.105712890625|0.091552734375|-0.7051816239316239|38.4323985042735|-41.783768315018314
2026-01-29 04:27:06.809993+00:00|35.362534639360376|38.51028031816821|36.89181838001048|35.38240751791682|35.955745506680955|-0.743896484375|0.53173828125|-0.32861328125|-1.190185546875|2.288818359375|0.396728515625|-1.0577724358974359|39.49017094017094|-41.44406288156288
2026-01-29 04:27:06.869033+00:00|35.35856033566898|38.50215889562759|36.89181838001048|35.37843276069583|35.95973395100458|-0.732177734375|0.540283203125|-0.347900390625|-1.15966796875|2.38037109375|-0.030517578125|-1.9392494658119657|38.96128472222222|-40.5947992979243
2026-01-29 04:27:06.928048+00:00|35.35856033566898|38.49809838019024|36.87978081498687|35.37048351861631|35.95973395100458|-0.73876953125|0.533203125|-0.33984375|-0.8544921875|2.349853515625|0.18310546875|-2.468135683760684|39.49017094017094|-41.10435744810745
2026-01-29 04:27:06.987053+00:00|35.37445809427868|38.51028031816821|36.87978081498687|35.37048351861631|35.94378076121882|-0.74365234375|0.53955078125|-0.3330078125|-1.220703125|2.44140625|0.152587890625|-0.17629540598290597|37.90351228632478|-39.57568299755799
2026-01-29 04:27:07.046098+00:00|35.37048351861631|38.49809838019024|36.89181838001048|35.36650903365984|35.947768911837784|-0.73681640625|0.529052734375|-0.34326171875|-1.220703125|2.349853515625|-0.213623046875|-0.7051816239316239|38.07980769230769|-41.10435744810745
2026-01-29 04:27:07.105258+00:00|35.37843276069583|38.506219541602434|36.89181838001048|35.37843276069583|35.95973395100458|-0.737548828125|0.53955078125|-0.347900390625|-1.312255859375|2.50244140625|-0.091552734375|-0.8814770299145299|39.313875534188035|-41.953621031746025
2026-01-29 04:27:07.164295+00:00|35.38240751791682|38.506219541602434|36.89583112104185|35.37843276069583|35.95175716030866|-0.738037109375|0.53662109375|-0.344970703125|-1.15966796875|2.532958984375|0.0|-0.7051816239316239|39.13758012820512|-40.764652014652015
2026-01-29 04:27:07.222805+00:00|35.38240751791682|38.506219541602434|36.90385693244565|35.39035730496602|35.955745506680955|-0.738037109375|0.536376953125|-0.337890625|-1.251220703125|2.13623046875|0.18310546875|-1.0577724358974359|38.78498931623931|-40.764652014652015
2026-01-29 04:27:07.281858+00:00|35.37445809427868|38.49403799523668|36.89181838001048|35.38240751791682|35.96771113370369|-0.7392578125|0.5390625|-0.341796875|-1.03759765625|2.532958984375|0.091552734375|-0.8814770299145299|39.66646634615385|-40.93450473137973
2026-01-29 04:27:07.340840+00:00|35.38638236599053|38.50215889562759|36.89181838001048|35.37048351861631|35.979677643627156|-0.7431640625|0.53564453125|-0.34814453125|-0.946044921875|2.166748046875|-0.030517578125|-0.8814770299145299|38.608693910256406|-41.27421016483516
2026-01-29 04:27:07.399869+00:00|35.39035730496602|38.506219541602434|36.88780574869139|35.37445809427868|35.93580475333795|-0.74072265625|0.53564453125|-0.33251953125|-1.28173828125|2.50244140625|0.30517578125|-1.4103632478632477|38.78498931623931|-41.10435744810745
2026-01-29 04:27:07.458735+00:00|35.38638236599053|38.514341225378644|36.90385693244565|35.39035730496602|35.96372249332887|-0.739990234375|0.541748046875|-0.34716796875|-1.15966796875|2.25830078125|0.244140625|-0.8814770299145299|38.96128472222222|-41.613915598290596
2026-01-29 04:27:07.517539+00:00|35.38240751791682|38.506219541602434|36.89583112104185|35.39433233489211|35.96372249332887|-0.736328125|0.538330078125|-0.34375|-1.190185546875|2.25830078125|0.1220703125|-0.35259081196581193|39.13758012820512|-41.44406288156288
2026-01-29 04:27:07.576516+00:00|35.38638236599053|38.51028031816821|36.899843971836674|35.39035730496602|35.979677643627156|-0.7451171875|0.5361328125|-0.3349609375|-1.220703125|2.044677734375|0.030517578125|-1.234067841880342|38.96128472222222|-41.953621031746025
2026-01-29 04:27:07.635198+00:00|35.38638236599053|38.50215889562759|36.899843971836674|35.38638236599053|35.96771113370369|-0.738037109375|0.536865234375|-0.34716796875|-1.220703125|2.62451171875|-0.1220703125|-1.234067841880342|38.256103098290595|-40.93450473137973
2026-01-29 04:27:07.693998+00:00|35.38638236599053|38.50215889562759|36.89181838001048|35.38240751791682|35.955745506680955|-0.7421875|0.5322265625|-0.347412109375|-1.3427734375|2.25830078125|0.06103515625|-2.1155448717948717|39.49017094017094|-41.783768315018314
2026-01-29 04:27:07.752824+00:00|35.38638236599053|38.51028031816821|36.89583112104185|35.39035730496602|35.955745506680955|-0.74169921875|0.53759765625|-0.34033203125|-1.312255859375|2.38037109375|-0.030517578125|-1.0577724358974359|37.72721688034188|-40.42494658119658
2026-01-29 04:27:07.811608+00:00|35.39433233489211|38.506219541602434|36.90385693244565|35.38240751791682|35.94378076121882|-0.74072265625|0.53564453125|-0.339111328125|-1.678466796875|2.227783203125|0.06103515625|-1.5866586538461538|38.608693910256406|-40.93450473137973
2026-01-29 04:27:07.870313+00:00|35.39433233489211|38.51028031816821|36.899843971836674|35.39433233489211|35.931816895976795|-0.735595703125|0.53515625|-0.343017578125|-0.9765625|2.197265625|0.213623046875|-1.0577724358974359|38.07980769230769|-41.44406288156288
2026-01-29 04:27:07.929220+00:00|35.38638236599053|38.514341225378644|36.899843971836674|35.39433233489211|35.96372249332887|-0.739501953125|0.539794921875|-0.34375|-0.732421875|2.0751953125|0.48828125|-0.35259081196581193|38.78498931623931|-41.783768315018314
2026-01-29 04:27:07.988042+00:00|35.37843276069583|38.49403799523668|36.89583112104185|35.39830745581793|35.939792708402024|-0.7451171875|0.529541015625|-0.33447265625|-1.03759765625|2.288818359375|0.3662109375|0.0|38.4323985042735|-41.10435744810745
2026-01-29 04:27:08.046873+00:00|35.38240751791682|38.49809838019024|36.89583112104185|35.39830745581793|35.97568870880315|-0.739501953125|0.5400390625|-0.34326171875|-1.251220703125|2.532958984375|0.335693359375|-0.17629540598290597|38.608693910256406|-41.27421016483516
2026-01-29 04:27:08.105544+00:00|35.39830745581793|38.506219541602434|36.89583112104185|35.39035730496602|35.955745506680955|-0.742919921875|0.535888671875|-0.3408203125|-1.28173828125|2.38037109375|0.091552734375|-1.4103632478632477|40.547943376068375|-40.764652014652015
2026-01-29 04:27:08.164686+00:00|35.39433233489211|38.51028031816821|36.90385693244565|35.39830745581793|35.95175716030866|-0.7451171875|0.531494140625|-0.332763671875|-1.15966796875|2.50244140625|-0.1220703125|-0.5288862179487179|37.90351228632478|-41.953621031746025
2026-01-29 04:27:08.223507+00:00|35.40228266779229|38.506219541602434|36.90787000291988|35.39830745581793|35.94378076121882|-0.73681640625|0.538330078125|-0.344482421875|-1.007080078125|2.288818359375|-0.091552734375|-0.7051816239316239|39.49017094017094|-40.764652014652015
2026-01-29 04:27:08.282182+00:00|35.40228266779229|38.51028031816821|36.90787000291988|35.39830745581793|35.95973395100458|-0.736572265625|0.53564453125|-0.340087890625|-1.46484375|2.471923828125|-0.18310546875|-1.234067841880342|37.55092147435897|-41.613915598290596
2026-01-29 04:27:08.341045+00:00|35.39830745581793|38.50215889562759|36.90385693244565|35.410233365082945|35.939792708402024|-0.7392578125|0.5341796875|-0.33984375|-1.373291015625|2.227783203125|-0.06103515625|-1.4103632478632477|37.72721688034188|-41.10435744810745
2026-01-29 04:27:08.399783+00:00|35.38638236599053|38.50215889562759|36.89583112104185|35.39433233489211|35.94378076121882|-0.74072265625|0.534423828125|-0.339111328125|-1.129150390625|2.685546875|0.0|-2.1155448717948717|38.07980769230769|-41.783768315018314
2026-01-29 04:27:08.458777+00:00|35.40228266779229|38.514341225378644|36.89583112104185|35.40228266779229|35.92782913626911|-0.738037109375|0.541748046875|-0.351318359375|-1.15966796875|2.410888671875|0.091552734375|-1.7629540598290598|39.13758012820512|-39.40583028083028
2026-01-29 04:27:08.517935+00:00|35.410233365082945|38.51840226328716|36.91188318331007|35.40228266779229|35.923841474165044|-0.739990234375|0.534423828125|-0.338134765625|-1.220703125|2.25830078125|0.06103515625|-1.4103632478632477|38.07980769230769|-41.783768315018314
2026-01-29 04:27:08.577095+00:00|35.40625797086432|38.51028031816821|36.90385693244565|35.410233365082945|35.939792708402024|-0.74755859375|0.533935546875|-0.337890625|-1.28173828125|2.44140625|0.244140625|-1.9392494658119657|37.90351228632478|-40.93450473137973
2026-01-29 04:27:08.636062+00:00|35.40625797086432|38.51840226328716|36.90787000291988|35.410233365082945|35.95973395100458|-0.735595703125|0.53125|-0.343994140625|-1.251220703125|2.38037109375|-0.1220703125|-1.9392494658119657|39.66646634615385|-41.27421016483516
2026-01-29 04:27:08.694906+00:00|35.40228266779229|38.51840226328716|36.91188318331007|35.40625797086432|35.939792708402024|-0.736328125|0.53759765625|-0.343017578125|-1.373291015625|2.38037109375|-0.06103515625|-1.234067841880342|38.96128472222222|-40.5947992979243
2026-01-29 04:27:08.753722+00:00|35.39830745581793|38.506219541602434|36.90787000291988|35.414208850497175|35.955745506680955|-0.739501953125|0.53515625|-0.337158203125|-1.312255859375|2.3193359375|-0.274658203125|-0.7051816239316239|37.022035256410255|-41.44406288156288
2026-01-29 04:27:08.812747+00:00|35.410233365082945|38.506219541602434|36.90385693244565|35.39830745581793|35.971699872178476|-0.73828125|0.53369140625|-0.337646484375|-1.3427734375|2.410888671875|-0.18310546875|-1.0577724358974359|38.78498931623931|-41.783768315018314
2026-01-29 04:27:08.871722+00:00|35.41818442715595|38.51840226328716|36.90385693244565|35.410233365082945|35.93580475333795|-0.73974609375|0.5341796875|-0.3447265625|-1.251220703125|2.25830078125|-0.1220703125|-1.0577724358974359|37.72721688034188|-41.783768315018314
2026-01-29 04:27:08.930438+00:00|35.410233365082945|38.514341225378644|36.91589647366743|35.410233365082945|35.95175716030866|-0.741943359375|0.538330078125|-0.343017578125|-1.03759765625|2.227783203125|0.274658203125|-1.234067841880342|37.55092147435897|-41.27421016483516
2026-01-29 04:27:08.989995+00:00|35.40625797086432|38.514341225378644|36.91188318331007|35.42216009510827|35.955745506680955|-0.74267578125|0.53759765625|-0.3359375|-1.129150390625|2.38037109375|0.18310546875|-1.9392494658119657|38.96128472222222|-41.27421016483516
2026-01-29 04:27:09.048943+00:00|35.414208850497175|38.51840226328716|36.90787000291988|35.410233365082945|35.96372249332887|-0.73974609375|0.537841796875|-0.341796875|-1.0986328125|2.3193359375|0.213623046875|-2.2918402777777778|38.608693910256406|-40.93450473137973
2026-01-29 04:27:09.107818+00:00|35.410233365082945|38.52246343194753|36.91188318331007|35.41818442715595|35.95973395100458|-0.734619140625|0.532958984375|-0.342041015625|-0.885009765625|1.953125|0.0|-1.5866586538461538|38.608693910256406|-42.29332646520146
2026-01-29 04:27:09.166763+00:00|35.40625797086432|38.514341225378644|36.90787000291988|35.42216009510827|35.96372249332887|-0.741943359375|0.533935546875|-0.3349609375|-1.28173828125|2.227783203125|-0.1220703125|1.0577724358974359|38.4323985042735|-41.44406288156288
2026-01-29 04:27:09.225583+00:00|35.41818442715595|38.51028031816821|36.90385693244565|35.42216009510827|35.979677643627156|-0.7373046875|0.53564453125|-0.342041015625|-1.373291015625|2.349853515625|0.06103515625|-1.234067841880342|39.313875534188035|-41.613915598290596
2026-01-29 04:27:09.284597+00:00|35.41818442715595|38.53464772297559|36.91589647366743|35.414208850497175|35.92782913626911|-0.73583984375|0.536376953125|-0.341796875|-1.40380859375|2.62451171875|-0.06103515625|-0.5288862179487179|38.96128472222222|-41.27421016483516
2026-01-29 04:27:09.343778+00:00|35.42216009510827|38.52246343194753|36.91990987404262|35.42216009510827|35.94378076121882|-0.740478515625|0.53564453125|-0.336669921875|-1.40380859375|2.38037109375|0.0|-3.3496127136752136|39.66646634615385|-41.613915598290596
2026-01-29 04:27:09.402741+00:00|35.42216009510827|38.52652473141336|36.91990987404262|35.42613585440313|35.94378076121882|-0.740478515625|0.53759765625|-0.333740234375|-1.220703125|2.5634765625|-0.030517578125|-2.1155448717948717|37.72721688034188|-41.44406288156288
2026-01-29 04:27:09.462160+00:00|35.42613585440313|38.52652473141336|36.91589647366743|35.4301117050897|35.95973395100458|-0.734130859375|0.537841796875|-0.345458984375|-1.28173828125|2.471923828125|0.18310546875|-1.4103632478632477|37.37462606837607|-41.783768315018314
2026-01-29 04:27:09.521264+00:00|35.414208850497175|38.52652473141336|36.91990987404262|35.42613585440313|35.96771113370369|-0.7412109375|0.53564453125|-0.3408203125|-1.40380859375|2.44140625|0.1220703125|-0.7051816239316239|38.07980769230769|-41.44406288156288
2026-01-29 04:27:09.580221+00:00|35.410233365082945|38.51840226328716|36.91188318331007|35.42613585440313|35.95973395100458|-0.744873046875|0.535400390625|-0.337646484375|-1.28173828125|2.288818359375|0.18310546875|-1.0577724358974359|36.669444444444444|-42.463179181929185
2026-01-29 04:27:09.639044+00:00|35.4301117050897|38.51840226328716|36.899843971836674|35.42613585440313|35.97568870880315|-0.73095703125|0.535400390625|-0.339599609375|-1.46484375|2.410888671875|0.06103515625|-1.234067841880342|37.90351228632478|-40.93450473137973
2026-01-29 04:27:09.698058+00:00|35.4340876472167|38.530586161738086|36.91990987404262|35.42216009510827|35.95175716030866|-0.738037109375|0.539306640625|-0.3349609375|-0.732421875|2.44140625|0.18310546875|-1.9392494658119657|39.313875534188035|-41.953621031746025
2026-01-29 04:27:09.756975+00:00|35.4301117050897|38.53464772297559|36.91990987404262|35.43806368083341|35.94378076121882|-0.740234375|0.531494140625|-0.333740234375|-1.129150390625|2.62451171875|-0.030517578125|-1.7629540598290598|38.07980769230769|-41.44406288156288
2026-01-29 04:27:09.815858+00:00|35.43806368083341|38.53464772297559|36.91589647366743|35.4301117050897|35.955745506680955|-0.7373046875|0.534423828125|-0.344970703125|-1.434326171875|2.44140625|-0.030517578125|-0.8814770299145299|39.313875534188035|-41.27421016483516
2026-01-29 04:27:09.874750+00:00|35.4301117050897|38.53464772297559|36.91990987404262|35.4301117050897|35.96372249332887|-0.73583984375|0.535400390625|-0.341796875|-1.373291015625|2.471923828125|-0.213623046875|-1.7629540598290598|38.4323985042735|-40.764652014652015
2026-01-29 04:27:09.933650+00:00|35.414208850497175|38.53464772297559|36.91990987404262|35.42613585440313|35.955745506680955|-0.745361328125|0.534423828125|-0.345947265625|-1.190185546875|2.197265625|0.1220703125|-1.9392494658119657|38.256103098290595|-40.5947992979243
2026-01-29 04:27:09.992837+00:00|35.42613585440313|38.52652473141336|36.91188318331007|35.44203980598871|35.947768911837784|-0.740234375|0.538330078125|-0.000244140625|-1.312255859375|2.593994140625|0.091552734375|0.0|38.4323985042735|-41.44406288156288
2026-01-29 04:27:10.051747+00:00|35.44203980598871|38.538709415179255|36.90787000291988|35.41818442715595|35.955745506680955|-0.73828125|0.53564453125|-0.34228515625|-1.0986328125|2.532958984375|-0.030517578125|-1.0577724358974359|37.37462606837607|-41.44406288156288
2026-01-29 04:27:10.110647+00:00|35.4340876472167|38.54683319270015|36.91589647366743|35.4301117050897|35.971699872178476|-0.739990234375|0.537109375|-0.341064453125|-0.8544921875|2.25830078125|0.396728515625|-2.2918402777777778|36.84573985042735|-41.27421016483516
2026-01-29 04:27:10.170177+00:00|35.4301117050897|38.54277123840296|36.91589647366743|35.44203980598871|35.947768911837784|-0.740478515625|0.53662109375|-0.32958984375|-1.373291015625|2.25830078125|0.213623046875|-0.17629540598290597|38.256103098290595|-40.25509386446887
2026-01-29 04:27:10.229250+00:00|35.4340876472167|38.54277123840296|36.923923384486955|35.4340876472167|35.955745506680955|-0.736083984375|0.53515625|-0.33935546875|-1.373291015625|2.44140625|0.1220703125|-0.17629540598290597|37.90351228632478|-40.25509386446887
2026-01-29 04:27:10.288093+00:00|35.4340876472167|38.54683319270015|36.92793700505115|35.44203980598871|35.98366667670035|-0.74072265625|0.53271484375|-0.345703125|-1.40380859375|2.197265625|0.152587890625|-0.7051816239316239|38.07980769230769|-41.10435744810745
2026-01-29 04:27:10.347077+00:00|35.4340876472167|38.54277123840296|36.92793700505115|35.43806368083341|35.971699872178476|-0.7431640625|0.535888671875|-0.333984375|-1.46484375|2.197265625|0.1220703125|-1.5866586538461538|38.96128472222222|-41.953621031746025
2026-01-29 04:27:10.406000+00:00|35.4340876472167|38.54277123840296|36.91589647366743|35.44203980598871|35.98366667670035|-0.73828125|0.53857421875|-0.3427734375|-1.220703125|2.655029296875|0.06103515625|0.0|38.78498931623931|-41.10435744810745
2026-01-29 04:27:10.464802+00:00|35.4340876472167|38.550895278124585|36.91990987404262|35.4340876472167|35.96771113370369|-0.73828125|0.5361328125|-0.34423828125|-1.03759765625|2.349853515625|-0.030517578125|-2.2918402777777778|37.55092147435897|-40.93450473137973
2026-01-29 04:27:10.524171+00:00|35.43806368083341|38.55495749472993|36.93195073578619|35.44203980598871|35.96771113370369|-0.7412109375|0.53564453125|-0.337158203125|-1.251220703125|2.410888671875|0.1220703125|-0.5288862179487179|38.96128472222222|-40.5947992979243
2026-01-29 04:27:10.583385+00:00|35.43806368083341|38.55495749472993|36.93195073578619|35.44601602273161|35.97568870880315|-0.7392578125|0.53564453125|-0.335205078125|-1.40380859375|2.593994140625|0.030517578125|-1.0577724358974359|38.78498931623931|-41.44406288156288
2026-01-29 04:27:10.642429+00:00|35.44203980598871|38.55901984256985|36.92793700505115|35.44203980598871|35.96372249332887|-0.73876953125|0.536376953125|-0.342041015625|-1.220703125|2.288818359375|0.274658203125|-1.9392494658119657|38.608693910256406|-41.953621031746025
2026-01-29 04:27:10.701280+00:00|35.44203980598871|38.55495749472993|36.93596457674306|35.44601602273161|35.96771113370369|-0.737548828125|0.5380859375|-0.33642578125|-1.28173828125|2.01416015625|0.1220703125|-0.7051816239316239|38.78498931623931|-42.12347374847374
2026-01-29 04:27:10.759878+00:00|35.43806368083341|38.54683319270015|36.93195073578619|35.44601602273161|35.971699872178476|-0.7451171875|0.532470703125|-0.326171875|-1.129150390625|2.44140625|0.06103515625|-1.234067841880342|37.55092147435897|-41.953621031746025
2026-01-29 04:27:10.818943+00:00|35.44601602273161|38.550895278124585|36.91589647366743|35.43806368083341|35.96372249332887|-0.739013671875|0.53369140625|-0.334716796875|-1.434326171875|2.44140625|0.091552734375|-1.0577724358974359|38.07980769230769|-42.463179181929185
2026-01-29 04:27:10.878119+00:00|35.45396873117659|38.55901984256985|36.91990987404262|35.4340876472167|35.939792708402024|-0.73876953125|0.53759765625|-0.342529296875|-1.068115234375|2.13623046875|0.0|-2.1155448717948717|37.72721688034188|-41.44406288156288
2026-01-29 04:27:10.937431+00:00|35.449992331111275|38.55901984256985|36.93195073578619|35.449992331111275|35.96372249332887|-0.740234375|0.5302734375|-0.341064453125|-1.40380859375|2.349853515625|-0.030517578125|-0.5288862179487179|37.90351228632478|-40.25509386446887
2026-01-29 04:27:10.996635+00:00|35.44601602273161|38.55901984256985|36.92793700505115|35.457945222976775|35.979677643627156|-0.74267578125|0.53271484375|-0.342529296875|-1.28173828125|2.593994140625|0.030517578125|-2.64443108974359|38.256103098290595|-41.613915598290596
2026-01-29 04:27:11.055815+00:00|35.45396873117659|38.563082321698005|36.93596457674306|35.45396873117659|35.971699872178476|-0.736328125|0.53955078125|-0.340087890625|-1.556396484375|2.50244140625|0.091552734375|-1.234067841880342|37.90351228632478|-40.93450473137973
2026-01-29 04:27:11.114935+00:00|35.44601602273161|38.56714493216805|36.92793700505115|35.457945222976775|35.979677643627156|-0.743408203125|0.53271484375|-0.34619140625|-1.068115234375|2.593994140625|0.0|-1.5866586538461538|37.90351228632478|-40.93450473137973
2026-01-29 04:27:11.174214+00:00|35.45396873117659|38.563082321698005|36.93195073578619|35.46192180656061|35.987655808072304|-0.7412109375|0.534912109375|-0.346435546875|-1.373291015625|2.38037109375|0.152587890625|-0.5288862179487179|38.96128472222222|-41.613915598290596
2026-01-29 04:27:11.233595+00:00|35.449992331111275|38.55495749472993|36.93195073578619|35.46192180656061|35.96771113370369|-0.737548828125|0.53955078125|-0.3388671875|-1.220703125|2.593994140625|0.091552734375|-1.7629540598290598|37.72721688034188|-41.44406288156288
2026-01-29 04:27:11.292785+00:00|35.45396873117659|38.550895278124585|36.923923384486955|35.449992331111275|35.95973395100458|-0.7392578125|0.5390625|-0.33984375|-1.220703125|2.410888671875|0.335693359375|0.0|38.4323985042735|-40.764652014652015
2026-01-29 04:27:11.351433+00:00|35.46192180656061|38.571207674033815|36.923923384486955|35.449992331111275|35.95175716030866|-0.7392578125|0.53662109375|-0.339111328125|-1.15966796875|2.410888671875|0.030517578125|0.0|38.78498931623931|-41.10435744810745
2026-01-29 04:27:11.410489+00:00|35.46589848197732|38.56714493216805|36.93596457674306|35.45396873117659|35.96771113370369|-0.736572265625|0.53857421875|-0.337158203125|-1.312255859375|2.410888671875|-0.091552734375|-1.5866586538461538|38.256103098290595|-40.93450473137973
2026-01-29 04:27:11.469840+00:00|35.46192180656061|38.571207674033815|36.93195073578619|35.46589848197732|35.979677643627156|-0.7353515625|0.534423828125|-0.345947265625|-1.28173828125|2.25830078125|0.18310546875|-0.8814770299145299|38.256103098290595|-41.27421016483516
2026-01-29 04:27:11.528521+00:00|35.457945222976775|38.56714493216805|36.93997852797281|35.4698752492759|35.979677643627156|-0.7392578125|0.53466796875|-0.3427734375|-1.0986328125|2.0751953125|0.0|-1.9392494658119657|38.96128472222222|-41.27421016483516
2026-01-29 04:27:11.587490+00:00|35.449992331111275|38.56714493216805|36.94399258952626|35.46589848197732|35.971699872178476|-0.732666015625|0.5302734375|-0.341552734375|-1.434326171875|2.38037109375|-0.091552734375|-0.8814770299145299|38.96128472222222|-40.93450473137973
2026-01-29 04:27:11.646437+00:00|35.449992331111275|38.563082321698005|36.92793700505115|35.47782905971502|35.99164503779264|-0.736572265625|0.53369140625|-0.3408203125|-1.03759765625|2.44140625|0.091552734375|-1.4103632478632477|38.07980769230769|-41.783768315018314
2026-01-29 04:27:11.705486+00:00|35.46589848197732|38.563082321698005|36.92793700505115|35.45396873117659|35.97568870880315|-0.74072265625|0.53564453125|-0.33544921875|-0.91552734375|2.197265625|0.18310546875|-0.5288862179487179|38.256103098290595|-39.915388431013426
2026-01-29 04:27:11.764510+00:00|35.457945222976775|38.563082321698005|36.93596457674306|35.457945222976775|35.971699872178476|-0.74072265625|0.5380859375|-0.336181640625|-1.007080078125|2.105712890625|0.152587890625|-1.9392494658119657|38.96128472222222|-41.27421016483516
2026-01-29 04:27:11.823266+00:00|35.46192180656061|38.56714493216805|36.93997852797281|35.4698752492759|35.99563436591109|-0.739501953125|0.535888671875|-0.34033203125|-1.0986328125|2.50244140625|0.091552734375|-1.234067841880342|38.608693910256406|-41.27421016483516
2026-01-29 04:27:11.882330+00:00|35.457945222976775|38.56714493216805|36.93997852797281|35.457945222976775|35.99563436591109|-0.733642578125|0.53173828125|-0.34423828125|-1.129150390625|2.288818359375|0.1220703125|-2.2918402777777778|39.66646634615385|-40.93450473137973
2026-01-29 04:27:11.941383+00:00|35.4698752492759|38.571207674033815|36.93997852797281|35.473852108505525|35.979677643627156|-0.739990234375|0.532958984375|-0.338623046875|-1.190185546875|2.471923828125|0.1220703125|-1.5866586538461538|39.313875534188035|-41.613915598290596
2026-01-29 04:27:12.000301+00:00|35.45396873117659|38.55901984256985|36.94399258952626|35.473852108505525|35.99962379247745|-0.74609375|0.53857421875|-0.342529296875|-1.40380859375|2.410888671875|0.030517578125|-0.5288862179487179|39.313875534188035|-41.27421016483516
2026-01-29 04:27:12.058820+00:00|35.46589848197732|38.563082321698005|36.92793700505115|35.4698752492759|35.97568870880315|-0.738037109375|0.532958984375|-0.33837890625|-1.190185546875|2.13623046875|0.152587890625|-0.8814770299145299|39.313875534188035|-41.613915598290596
2026-01-29 04:27:12.117872+00:00|35.4698752492759|38.56714493216805|36.93997852797281|35.46589848197732|35.98366667670035|-0.735595703125|0.536865234375|-0.343994140625|-1.312255859375|2.5634765625|0.030517578125|-1.7629540598290598|37.72721688034188|-41.44406288156288
2026-01-29 04:27:12.176408+00:00|35.473852108505525|38.57527054734885|36.94800676145462|35.4698752492759|35.98366667670035|-0.7421875|0.5390625|-0.34130859375|-1.40380859375|2.197265625|0.244140625|-1.0577724358974359|37.022035256410255|-41.783768315018314
2026-01-29 04:27:12.235402+00:00|35.4698752492759|38.563082321698005|36.93997852797281|35.4698752492759|35.987655808072304|-0.736328125|0.531982421875|-0.34033203125|-0.946044921875|2.25830078125|0.30517578125|-0.35259081196581193|39.13758012820512|-41.783768315018314
2026-01-29 04:27:12.294404+00:00|35.4698752492759|38.56714493216805|36.93997852797281|35.47782905971502|35.97568870880315|-0.73876953125|0.53564453125|-0.343994140625|-1.434326171875|2.25830078125|0.091552734375|-1.4103632478632477|38.4323985042735|-40.764652014652015
2026-01-29 04:27:12.353512+00:00|35.46589848197732|38.563082321698005|36.94800676145462|35.473852108505525|35.979677643627156|-0.7412109375|0.531982421875|-0.337158203125|-1.03759765625|2.197265625|-0.091552734375|-0.7051816239316239|39.13758012820512|-41.783768315018314
2026-01-29 04:27:12.412703+00:00|35.46192180656061|38.550895278124585|36.92793700505115|35.46589848197732|36.015582484214974|-0.7421875|0.531494140625|-0.336669921875|-1.52587890625|2.532958984375|0.152587890625|-1.234067841880342|37.55092147435897|-41.953621031746025
2026-01-29 04:27:12.471820+00:00|35.473852108505525|38.55495749472993|36.93997852797281|35.46589848197732|35.99563436591109|-0.736328125|0.535400390625|-0.35009765625|-1.190185546875|2.288818359375|-0.06103515625|-1.234067841880342|38.96128472222222|-41.27421016483516
2026-01-29 04:27:12.531354+00:00|35.473852108505525|38.56714493216805|36.93997852797281|35.4698752492759|35.98366667670035|-0.74072265625|0.532958984375|-0.33447265625|-1.434326171875|2.655029296875|0.030517578125|0.35259081196581193|38.78498931623931|-41.44406288156288
2026-01-29 04:27:12.590648+00:00|35.473852108505525|38.56714493216805|36.94399258952626|35.47782905971502|35.987655808072304|-0.73876953125|0.5380859375|-0.335205078125|-0.9765625|2.3193359375|0.091552734375|-1.5866586538461538|38.608693910256406|-41.953621031746025
2026-01-29 04:27:12.649436+00:00|35.4698752492759|38.563082321698005|36.94399258952626|35.48180610295367|36.007602941152356|-0.739501953125|0.536865234375|-0.33740234375|-1.129150390625|2.349853515625|0.18310546875|-2.2918402777777778|38.608693910256406|-40.5947992979243
2026-01-29 04:27:12.708304+00:00|35.48180610295367|38.55901984256985|36.94800676145462|35.48578323827036|35.97568870880315|-0.74072265625|0.534912109375|-0.3408203125|-1.068115234375|2.593994140625|-0.152587890625|-3.3496127136752136|37.90351228632478|-41.613915598290596
2026-01-29 04:27:12.767169+00:00|35.46589848197732|38.55901984256985|36.94800676145462|35.473852108505525|35.99164503779264|-0.741455078125|0.53125|-0.3369140625|-1.03759765625|2.593994140625|0.18310546875|-1.0577724358974359|38.78498931623931|-41.44406288156288
2026-01-29 04:27:12.825894+00:00|35.46589848197732|38.550895278124585|36.93596457674306|35.48578323827036|35.99164503779264|-0.744140625|0.5380859375|-0.342529296875|-1.190185546875|2.227783203125|0.030517578125|-1.0577724358974359|38.07980769230769|-40.764652014652015
2026-01-29 04:27:12.884584+00:00|35.473852108505525|38.550895278124585|36.93997852797281|35.473852108505525|35.971699872178476|-0.740478515625|0.534423828125|-0.33642578125|-1.28173828125|2.197265625|0.06103515625|-0.8814770299145299|37.90351228632478|-40.93450473137973
2026-01-29 04:27:12.943266+00:00|35.47782905971502|38.56714493216805|36.95603543663958|35.473852108505525|35.96372249332887|-0.7412109375|0.53515625|-0.341552734375|-1.28173828125|2.349853515625|-0.030517578125|-2.468135683760684|39.13758012820512|-41.10435744810745
2026-01-29 04:27:13.002025+00:00|35.48180610295367|38.563082321698005|36.95202104380871|35.48578323827036|36.015582484214974|-0.73974609375|0.535400390625|-0.34033203125|-1.190185546875|2.44140625|0.091552734375|-1.234067841880342|38.256103098290595|-41.27421016483516
2026-01-29 04:27:13.060798+00:00|35.46589848197732|38.55901984256985|36.94399258952626|35.473852108505525|36.007602941152356|-0.738037109375|0.535888671875|-0.344482421875|-1.251220703125|2.3193359375|0.1220703125|-1.234067841880342|38.608693910256406|-41.27421016483516
2026-01-29 04:27:13.119526+00:00|35.457945222976775|38.55495749472993|36.96406455393577|35.47782905971502|35.99563436591109|-0.741943359375|0.531005859375|-0.337646484375|-1.03759765625|2.410888671875|-0.030517578125|0.35259081196581193|38.07980769230769|-41.783768315018314
2026-01-29 04:27:13.178352+00:00|35.46192180656061|38.550895278124585|36.93596457674306|35.473852108505525|36.007602941152356|-0.739013671875|0.537109375|-0.337158203125|-1.03759765625|2.410888671875|-0.18310546875|-1.9392494658119657|38.608693910256406|-41.953621031746025
2026-01-29 04:27:13.237284+00:00|35.4698752492759|38.55901984256985|36.94399258952626|35.4698752492759|35.971699872178476|-0.737060546875|0.53759765625|-0.340087890625|-1.251220703125|2.3193359375|0.06103515625|-1.5866586538461538|38.96128472222222|-42.29332646520146
2026-01-29 04:27:13.295937+00:00|35.46589848197732|38.55901984256985|36.94800676145462|35.4698752492759|36.015582484214974|-0.739501953125|0.53857421875|-0.33935546875|-0.9765625|2.044677734375|0.213623046875|-1.5866586538461538|37.55092147435897|-40.93450473137973
2026-01-29 04:27:13.354698+00:00|35.473852108505525|38.55901984256985|36.95603543663958|35.47782905971502|36.015582484214974|-0.741943359375|0.534912109375|-0.334228515625|-1.190185546875|2.532958984375|0.213623046875|-0.5288862179487179|37.19833066239316|-41.953621031746025
2026-01-29 04:27:13.413123+00:00|35.4698752492759|38.563082321698005|36.95603543663958|35.473852108505525|36.015582484214974|-0.7431640625|0.536865234375|-0.34228515625|-1.556396484375|2.288818359375|0.152587890625|-0.8814770299145299|38.96128472222222|-42.29332646520146
2026-01-29 04:27:13.472848+00:00|35.4698752492759|38.550895278124585|36.960049939998214|35.473852108505525|36.02356242206298|-0.736572265625|0.537109375|-0.337158203125|-1.220703125|2.50244140625|0.335693359375|-2.1155448717948717|39.13758012820512|-40.42494658119658
2026-01-29 04:27:13.531719+00:00|35.457945222976775|38.55495749472993|36.95202104380871|35.473852108505525|36.007602941152356|-0.739990234375|0.53466796875|-0.33837890625|-1.220703125|2.3193359375|-0.06103515625|-1.7629540598290598|38.07980769230769|-41.10435744810745
2026-01-29 04:27:13.590630+00:00|35.4698752492759|38.54683319270015|36.94800676145462|35.4698752492759|36.02356242206298|-0.73974609375|0.53564453125|-0.339599609375|-1.220703125|2.166748046875|-0.06103515625|-0.7051816239316239|39.13758012820512|-40.42494658119658
2026-01-29 04:27:13.650289+00:00|35.46192180656061|38.563082321698005|36.94800676145462|35.46192180656061|35.987655808072304|-0.734375|0.532470703125|-0.33935546875|-1.129150390625|2.25830078125|0.152587890625|0.0|40.19535256410256|-42.12347374847374
2026-01-29 04:27:13.709682+00:00|35.4698752492759|38.55901984256985|36.96406455393577|35.46589848197732|35.99164503779264|-0.73876953125|0.539306640625|-0.3359375|-1.312255859375|2.38037109375|0.030517578125|-1.4103632478632477|39.84276175213675|-42.12347374847374
2026-01-29 04:27:13.768622+00:00|35.46589848197732|38.55495749472993|36.960049939998214|35.4698752492759|35.99563436591109|-0.735107421875|0.534423828125|-0.341552734375|-0.91552734375|2.349853515625|0.244140625|-1.4103632478632477|38.4323985042735|-41.10435744810745
2026-01-29 04:27:13.827562+00:00|35.4698752492759|38.563082321698005|36.960049939998214|35.46589848197732|36.003613317541294|-0.741943359375|0.537109375|-0.33642578125|-1.0986328125|2.532958984375|0.152587890625|-1.5866586538461538|38.96128472222222|-41.953621031746025
2026-01-29 04:27:13.886509+00:00|35.457945222976775|38.563082321698005|36.96406455393577|35.46589848197732|36.03553306992785|-0.73876953125|0.537353515625|-0.337646484375|-1.46484375|2.38037109375|0.030517578125|-1.5866586538461538|38.96128472222222|-41.27421016483516
2026-01-29 04:27:13.945555+00:00|35.45396873117659|38.550895278124585|36.95603543663958|35.4698752492759|36.02755253915586|-0.738525390625|0.53515625|-0.340087890625|-1.220703125|2.410888671875|-0.06103515625|-2.2918402777777778|37.55092147435897|-40.5947992979243
2026-01-29 04:27:14.005015+00:00|35.46192180656061|38.550895278124585|36.94800676145462|35.457945222976775|36.03952348370649|-0.739990234375|0.537109375|-0.343017578125|-1.15966796875|2.685546875|-0.213623046875|-1.4103632478632477|38.78498931623931|-40.42494658119658
2026-01-29 04:27:14.064167+00:00|35.46192180656061|38.563082321698005|36.95202104380871|35.45396873117659|36.01159266336032|-0.739013671875|0.532470703125|-0.342041015625|-1.251220703125|2.166748046875|-0.1220703125|-1.9392494658119657|37.55092147435897|-41.27421016483516
2026-01-29 04:27:14.123229+00:00|35.457945222976775|38.56714493216805|36.96406455393577|35.44601602273161|36.003613317541294|-0.7421875|0.532958984375|-0.33837890625|-1.15966796875|2.716064453125|0.030517578125|-1.4103632478632477|38.4323985042735|-41.783768315018314
2026-01-29 04:27:14.182769+00:00|35.44601602273161|38.563082321698005|36.96807927850307|35.457945222976775|36.01159266336032|-0.736328125|0.53759765625|-0.3427734375|-1.220703125|2.44140625|0.18310546875|-0.7051816239316239|39.49017094017094|-41.44406288156288
2026-01-29 04:27:14.243012+00:00|35.457945222976775|38.563082321698005|36.960049939998214|35.457945222976775|36.031542755094165|-0.74072265625|0.533935546875|-0.3369140625|-1.28173828125|2.288818359375|0.091552734375|-0.17629540598290597|36.84573985042735|-41.27421016483516
2026-01-29 04:27:14.301941+00:00|35.449992331111275|38.563082321698005|36.96406455393577|35.449992331111275|36.015582484214974|-0.741943359375|0.536865234375|-0.34130859375|-0.91552734375|2.25830078125|0.030517578125|-2.1155448717948717|39.13758012820512|-41.44406288156288
2026-01-29 04:27:14.360901+00:00|35.457945222976775|38.563082321698005|36.960049939998214|35.45396873117659|36.03553306992785|-0.73828125|0.534423828125|-0.339599609375|-1.15966796875|2.349853515625|0.30517578125|-1.0577724358974359|38.4323985042735|-40.764652014652015
2026-01-29 04:27:14.424353+00:00|35.44203980598871|38.550895278124585|36.97209411375127|35.46192180656061|36.03952348370649|-0.735107421875|0.52978515625|-0.345947265625|-1.190185546875|2.166748046875|-0.030517578125|-2.2918402777777778|38.96128472222222|-40.93450473137973
2026-01-29 04:27:14.483831+00:00|35.449992331111275|38.563082321698005|36.96406455393577|35.44601602273161|36.031542755094165|-0.7412109375|0.533203125|-0.339599609375|-1.03759765625|2.3193359375|-0.091552734375|-1.0577724358974359|38.4323985042735|-41.10435744810745
2026-01-29 04:27:14.542769+00:00|35.44601602273161|38.55495749472993|36.960049939998214|35.45396873117659|36.047504608297686|-0.73974609375|0.536865234375|-0.338623046875|-1.15966796875|2.349853515625|-0.152587890625|-2.2918402777777778|38.608693910256406|-41.613915598290596
2026-01-29 04:27:14.601889+00:00|35.44203980598871|38.55495749472993|36.96807927850307|35.449992331111275|36.05149531920995|-0.740234375|0.537109375|-0.345703125|-1.28173828125|2.532958984375|0.0|-1.0577724358974359|38.07980769230769|-41.10435744810745
2026-01-29 04:27:14.661033+00:00|35.43806368083341|38.55495749472993|36.96807927850307|35.449992331111275|36.031542755094165|-0.7392578125|0.535888671875|-0.34033203125|-1.28173828125|2.716064453125|-0.18310546875|-2.1155448717948717|39.13758012820512|-41.44406288156288
2026-01-29 04:27:14.720236+00:00|35.44601602273161|38.55495749472993|36.960049939998214|35.43806368083341|36.03952348370649|-0.74169921875|0.53515625|-0.33935546875|-1.03759765625|2.38037109375|-0.335693359375|-2.64443108974359|37.90351228632478|-41.613915598290596
2026-01-29 04:27:14.779073+00:00|35.44601602273161|38.563082321698005|36.96406455393577|35.4301117050897|35.99164503779264|-0.737548828125|0.53466796875|-0.333984375|-1.0986328125|2.50244140625|0.18310546875|-1.5866586538461538|39.313875534188035|-41.27421016483516
2026-01-29 04:27:14.838269+00:00|35.4340876472167|38.55495749472993|36.96807927850307|35.449992331111275|36.01957240376589|-0.737548828125|0.534912109375|-0.340576171875|-1.03759765625|2.0751953125|0.06103515625|-2.8207264957264955|38.4323985042735|-41.10435744810745
2026-01-29 04:27:14.897369+00:00|35.44601602273161|38.563082321698005|36.97209411375127|35.44601602273161|36.03952348370649|-0.740234375|0.5390625|-0.34521484375|-1.28173828125|2.50244140625|-0.06103515625|-1.4103632478632477|37.022035256410255|-42.12347374847374
2026-01-29 04:27:14.956107+00:00|35.449992331111275|38.563082321698005|36.96807927850307|35.449992331111275|36.05548612926606|-0.739990234375|0.52978515625|-0.337158203125|-1.068115234375|2.349853515625|0.244140625|-2.1155448717948717|38.07980769230769|-41.44406288156288
2026-01-29 04:27:15.014907+00:00|35.4340876472167|38.55495749472993|36.97209411375127|35.43806368083341|36.03952348370649|-0.737060546875|0.53515625|-0.342529296875|-1.373291015625|2.50244140625|-0.18310546875|-1.5866586538461538|38.256103098290595|-42.29332646520146
2026-01-29 04:27:15.073841+00:00|35.43806368083341|38.550895278124585|36.96406455393577|35.449992331111275|36.06346804700945|-0.739013671875|0.532470703125|-0.3388671875|-1.312255859375|2.288818359375|-0.030517578125|-0.7051816239316239|38.78498931623931|-41.10435744810745
2026-01-29 04:27:15.132705+00:00|35.44601602273161|38.55495749472993|36.96807927850307|35.43806368083341|36.03553306992785|-0.740966796875|0.533935546875|-0.33447265625|-1.40380859375|2.166748046875|-0.1220703125|-1.0577724358974359|37.72721688034188|-41.783768315018314
2026-01-29 04:27:15.191776+00:00|35.44203980598871|38.563082321698005|36.9761090597313|35.4340876472167|36.047504608297686|-0.74169921875|0.53759765625|-0.34033203125|-1.251220703125|2.44140625|-0.274658203125|-1.5866586538461538|39.313875534188035|-41.953621031746025
2026-01-29 04:27:15.250633+00:00|35.4340876472167|38.571207674033815|36.97209411375127|35.44203980598871|36.04351399647982|-0.73291015625|0.536376953125|-0.33935546875|-1.251220703125|2.716064453125|0.1220703125|-1.4103632478632477|38.78498931623931|-41.783768315018314
2026-01-29 04:27:15.309451+00:00|35.43806368083341|38.563082321698005|36.97209411375127|35.44601602273161|36.06346804700945|-0.739990234375|0.53173828125|-0.33642578125|-0.9765625|2.197265625|0.1220703125|-0.8814770299145299|37.55092147435897|-40.93450473137973
2026-01-29 04:27:15.368482+00:00|35.42216009510827|38.571207674033815|36.98012411649427|35.44203980598871|36.05149531920995|-0.7412109375|0.534912109375|-0.334228515625|-1.0986328125|2.38037109375|0.030517578125|-0.5288862179487179|36.84573985042735|-41.613915598290596
2026-01-29 04:27:15.427516+00:00|35.4340876472167|38.550895278124585|36.97209411375127|35.44203980598871|36.075441668449|-0.7333984375|0.537109375|-0.33984375|-1.129150390625|2.197265625|0.030517578125|-1.9392494658119657|39.313875534188035|-40.93450473137973
2026-01-29 04:27:15.487205+00:00|35.43806368083341|38.54277123840296|36.96807927850307|35.4340876472167|36.05947703851598|-0.740478515625|0.53759765625|-0.340087890625|-1.129150390625|2.593994140625|0.244140625|-0.17629540598290597|37.55092147435897|-41.27421016483516
2026-01-29 04:27:15.545989+00:00|35.43806368083341|38.55901984256985|36.96406455393577|35.4301117050897|36.05149531920995|-0.73974609375|0.53515625|-0.332763671875|-1.373291015625|2.471923828125|0.091552734375|-1.4103632478632477|39.49017094017094|-42.12347374847374
2026-01-29 04:27:15.605047+00:00|35.4340876472167|38.56714493216805|36.988154562573186|35.43806368083341|36.05947703851598|-0.737060546875|0.537109375|-0.343017578125|-1.251220703125|2.38037109375|-0.030517578125|-1.7629540598290598|39.84276175213675|-40.764652014652015
2026-01-29 04:27:15.664255+00:00|35.4340876472167|38.563082321698005|36.9761090597313|35.43806368083341|36.06745915479627|-0.73876953125|0.537841796875|-0.336181640625|-1.0986328125|2.288818359375|-0.091552734375|-2.2918402777777778|38.608693910256406|-40.93450473137973
2026-01-29 04:27:15.723203+00:00|35.43806368083341|38.571207674033815|36.9761090597313|35.42613585440313|36.06346804700945|-0.744140625|0.53173828125|-0.3388671875|-1.03759765625|2.25830078125|0.18310546875|-1.4103632478632477|38.07980769230769|-40.764652014652015
2026-01-29 04:27:15.782659+00:00|35.4301117050897|38.56714493216805|36.98012411649427|35.43806368083341|36.07943307441445|-0.737060546875|0.53564453125|-0.343505859375|-1.3427734375|2.471923828125|-0.091552734375|-0.7051816239316239|37.72721688034188|-40.42494658119658
2026-01-29 04:27:15.841320+00:00|35.414208850497175|38.55901984256985|36.98012411649427|35.4340876472167|36.06745915479627|-0.73779296875|0.536376953125|-0.3447265625|-1.434326171875|2.471923828125|-0.274658203125|-2.1155448717948717|37.72721688034188|-40.764652014652015
2026-01-29 04:27:15.900380+00:00|35.42216009510827|38.55901984256985|36.96807927850307|35.43806368083341|36.07943307441445|-0.740966796875|0.53515625|-0.334228515625|-1.15966796875|2.25830078125|0.0|-1.0577724358974359|37.72721688034188|-42.12347374847374
2026-01-29 04:27:15.959523+00:00|35.43806368083341|38.571207674033815|36.96807927850307|35.4340876472167|36.06745915479627|-0.73974609375|0.533203125|-0.3427734375|-1.312255859375|2.349853515625|-0.030517578125|-0.8814770299145299|38.96128472222222|-40.93450473137973
2026-01-29 04:27:16.018127+00:00|35.42613585440313|38.57527054734885|36.996185452396446|35.42613585440313|36.047504608297686|-0.736572265625|0.534912109375|-0.3359375|-1.068115234375|2.532958984375|0.213623046875|-0.5288862179487179|37.55092147435897|-42.29332646520146
2026-01-29 04:27:16.077464+00:00|35.4340876472167|38.57527054734885|36.98413928409133|35.4340876472167|36.07145036192611|-0.742431640625|0.53515625|-0.347900390625|-1.03759765625|2.044677734375|0.152587890625|-1.7629540598290598|38.07980769230769|-41.783768315018314
2026-01-29 04:27:16.136441+00:00|35.4301117050897|38.56714493216805|36.988154562573186|35.43806368083341|36.06346804700945|-0.738037109375|0.537353515625|-0.33837890625|-1.46484375|2.13623046875|0.030517578125|-1.4103632478632477|38.4323985042735|-42.12347374847374
2026-01-29 04:27:16.195256+00:00|35.4301117050897|38.57527054734885|36.99216995199134|35.4301117050897|36.075441668449|-0.733642578125|0.539306640625|-0.340576171875|-1.220703125|2.3193359375|0.091552734375|-0.35259081196581193|37.72721688034188|-41.10435744810745
2026-01-29 04:27:16.254568+00:00|35.42613585440313|38.563082321698005|36.98012411649427|35.4301117050897|36.075441668449|-0.741943359375|0.536865234375|-0.34423828125|-1.03759765625|2.166748046875|-0.06103515625|0.0|38.78498931623931|-41.44406288156288
2026-01-29 04:27:16.313604+00:00|35.42613585440313|38.563082321698005|36.98413928409133|35.42613585440313|36.0834245798726|-0.742431640625|0.533447265625|-0.343994140625|-1.15966796875|1.800537109375|-0.6103515625|-1.5866586538461538|39.66646634615385|-41.613915598290596
2026-01-29 04:27:16.372803+00:00|35.43806368083341|38.58339668854177|36.97209411375127|35.4301117050897|36.07145036192611|-0.7421875|0.533447265625|-0.337890625|-1.15966796875|2.74658203125|0.091552734375|-1.9392494658119657|38.256103098290595|-41.613915598290596
2026-01-29 04:27:16.431870+00:00|35.4340876472167|38.58339668854177|36.98413928409133|35.4340876472167|36.07145036192611|-0.737548828125|0.54052734375|-0.3427734375|-1.251220703125|2.3193359375|0.48828125|-1.7629540598290598|37.72721688034188|-41.44406288156288
2026-01-29 04:27:16.491301+00:00|35.4340876472167|38.58745995652703|36.988154562573186|35.43806368083341|36.087416184872836|-0.739990234375|0.5302734375|-0.332275390625|-1.0986328125|2.166748046875|0.152587890625|-3.1733173076923076|37.72721688034188|-39.74553571428571
2026-01-29 04:27:16.550379+00:00|35.42216009510827|38.58339668854177|36.988154562573186|35.44203980598871|36.07943307441445|-0.738525390625|0.541015625|-0.33837890625|-1.373291015625|2.777099609375|0.06103515625|-1.7629540598290598|37.37462606837607|-41.783768315018314
2026-01-29 04:27:16.609367+00:00|35.4301117050897|38.58339668854177|36.99216995199134|35.4340876472167|36.10338360129305|-0.734619140625|0.537353515625|-0.341552734375|-1.190185546875|2.471923828125|0.30517578125|-1.7629540598290598|38.4323985042735|-41.783768315018314
2026-01-29 04:27:16.668168+00:00|35.42613585440313|38.57933355216693|36.99216995199134|35.44203980598871|36.095399693699505|-0.739990234375|0.535888671875|-0.339111328125|-0.91552734375|2.13623046875|0.1220703125|-1.234067841880342|39.66646634615385|-41.613915598290596
2026-01-29 04:27:16.727213+00:00|35.42216009510827|38.57527054734885|36.9761090597313|35.43806368083341|36.095399693699505|-0.743896484375|0.530517578125|-0.3408203125|-1.190185546875|2.13623046875|-0.18310546875|-1.4103632478632477|38.4323985042735|-40.764652014652015
2026-01-29 04:27:16.786113+00:00|35.42613585440313|38.58745995652703|36.98012411649427|35.4301117050897|36.06745915479627|-0.73974609375|0.533203125|-0.3447265625|-0.9765625|2.62451171875|-0.1220703125|0.0|39.13758012820512|-41.44406288156288
2026-01-29 04:27:16.845081+00:00|35.43806368083341|38.59152335617654|36.988154562573186|35.42613585440313|36.087416184872836|-0.7373046875|0.535888671875|-0.3369140625|-1.15966796875|1.800537109375|-0.42724609375|-2.64443108974359|38.256103098290595|-41.27421016483516
2026-01-29 04:27:16.904141+00:00|35.42613585440313|38.58745995652703|36.98413928409133|35.44203980598871|36.0834245798726|-0.79443359375|0.567138671875|-0.3505859375|-2.349853515625|3.60107421875|0.457763671875|-0.7051816239316239|39.13758012820512|-40.764652014652015
2026-01-29 04:27:16.963112+00:00|35.4301117050897|38.599650550683236|36.99216995199134|35.4340876472167|36.06745915479627|-0.716552734375|0.546630859375|-0.35107421875|-0.8544921875|2.13623046875|0.091552734375|0.35259081196581193|38.07980769230769|-40.764652014652015
2026-01-29 04:27:17.022250+00:00|35.4301117050897|38.599650550683236|36.99216995199134|35.43806368083341|36.07943307441445|-0.75537109375|0.53125|-0.35302734375|0.335693359375|2.25830078125|1.617431640625|-0.8814770299145299|39.313875534188035|-40.93450473137973
2026-01-29 04:27:17.081226+00:00|35.42216009510827|38.59152335617654|36.99216995199134|35.44203980598871|36.095399693699505|-0.74072265625|0.541259765625|-0.334228515625|-1.739501953125|2.532958984375|-0.8544921875|-1.7629540598290598|39.13758012820512|-41.10435744810745
2026-01-29 04:27:17.140273+00:00|35.4301117050897|38.58745995652703|36.98012411649427|35.42613585440313|36.09939159762547|-0.741943359375|0.538818359375|-0.336669921875|-0.823974609375|2.777099609375|0.518798828125|-1.0577724358974359|37.72721688034188|-41.44406288156288
2026-01-29 04:27:17.199271+00:00|35.4340876472167|38.60371434564797|36.98012411649427|35.41818442715595|36.06745915479627|-0.74169921875|0.530517578125|-0.34619140625|-1.190185546875|2.349853515625|0.1220703125|-1.0577724358974359|39.13758012820512|-40.764652014652015
2026-01-29 04:27:17.258258+00:00|35.4340876472167|38.61590652203222|36.99216995199134|35.4301117050897|36.09140788946519|-0.735107421875|0.53662109375|-0.33740234375|-1.28173828125|2.471923828125|0.06103515625|-1.7629540598290598|39.49017094017094|-41.44406288156288
2026-01-29 04:27:17.317608+00:00|35.4301117050897|38.60371434564797|36.99216995199134|35.4340876472167|36.087416184872836|-0.74267578125|0.536865234375|-0.343505859375|-1.190185546875|2.197265625|0.30517578125|-1.9392494658119657|39.313875534188035|-40.93450473137973
2026-01-29 04:27:17.376843+00:00|35.4340876472167|38.60777827249166|36.99216995199134|35.4340876472167|36.0834245798726|-0.736328125|0.537841796875|-0.337890625|-1.495361328125|2.5634765625|-0.091552734375|-2.8207264957264955|38.78498931623931|-41.44406288156288
2026-01-29 04:27:17.435687+00:00|35.42613585440313|38.60777827249166|36.988154562573186|35.4340876472167|36.09939159762547|-0.738525390625|0.531494140625|-0.34521484375|-1.251220703125|2.44140625|0.0|-0.8814770299145299|38.608693910256406|-40.5947992979243
2026-01-29 04:27:17.494467+00:00|35.42216009510827|38.60371434564797|36.996185452396446|35.43806368083341|36.09140788946519|-0.739501953125|0.534423828125|-0.33984375|-1.190185546875|2.5634765625|-0.030517578125|-0.8814770299145299|39.66646634615385|-41.953621031746025
2026-01-29 04:27:17.553193+00:00|35.42216009510827|38.60371434564797|36.988154562573186|35.42216009510827|36.09140788946519|-0.734619140625|0.533935546875|-0.340087890625|-1.068115234375|2.349853515625|0.030517578125|-0.5288862179487179|37.55092147435897|-41.613915598290596
2026-01-29 04:27:17.612009+00:00|35.4340876472167|38.619970844836246|36.99216995199134|35.4301117050897|36.07943307441445|-0.744384765625|0.53466796875|-0.3330078125|-1.220703125|2.3193359375|0.091552734375|0.7051816239316239|38.4323985042735|-41.783768315018314
2026-01-29 04:27:17.670955+00:00|35.44203980598871|38.61590652203222|36.99216995199134|35.43806368083341|36.0834245798726|-0.74169921875|0.541259765625|-0.335693359375|-1.129150390625|2.50244140625|-0.06103515625|-0.8814770299145299|39.313875534188035|-41.953621031746025
2026-01-29 04:27:17.729796+00:00|35.4340876472167|38.619970844836246|36.996185452396446|35.44203980598871|36.12334511749822|-0.735107421875|0.538818359375|-0.346923828125|-1.52587890625|2.5634765625|-0.030517578125|-2.64443108974359|38.96128472222222|-42.97273733211233
2026-01-29 04:27:17.788599+00:00|35.43806368083341|38.632164606030074|37.00421678637247|35.44203980598871|36.09140788946519|-0.73828125|0.533203125|-0.340576171875|-1.03759765625|2.3193359375|0.152587890625|-1.0577724358974359|38.4323985042735|-41.44406288156288
2026-01-29 04:27:17.847381+00:00|35.42216009510827|38.611842331268576|37.00020106383977|35.44203980598871|36.11935261437543|-0.74365234375|0.53271484375|-0.3408203125|-1.28173828125|2.44140625|0.0|-1.4103632478632477|38.4323985042735|-41.783768315018314
2026-01-29 04:27:17.906213+00:00|35.42613585440313|38.619970844836246|36.988154562573186|35.43806368083341|36.095399693699505|-0.735595703125|0.54052734375|-0.343017578125|-1.190185546875|2.716064453125|0.213623046875|-1.9392494658119657|38.256103098290595|-41.613915598290596
2026-01-29 04:27:17.965083+00:00|35.4301117050897|38.632164606030074|36.988154562573186|35.4301117050897|36.10338360129305|-0.736572265625|0.53125|-0.331787109375|-1.0986328125|2.471923828125|0.030517578125|-2.1155448717948717|38.07980769230769|-40.764652014652015
2026-01-29 04:27:18.023889+00:00|35.43806368083341|38.628099886781456|36.996185452396446|35.44601602273161|36.09140788946519|-0.743408203125|0.533447265625|-0.336181640625|-1.434326171875|2.166748046875|-0.152587890625|-3.1733173076923076|38.78498931623931|-41.44406288156288
2026-01-29 04:27:18.082704+00:00|35.43806368083341|38.632164606030074|36.996185452396446|35.43806368083341|36.10338360129305|-0.740966796875|0.53466796875|-0.3408203125|-1.312255859375|2.44140625|0.030517578125|-1.5866586538461538|38.608693910256406|-41.613915598290596
2026-01-29 04:27:18.141404+00:00|35.4340876472167|38.632164606030074|37.00421678637247|35.4340876472167|36.10338360129305|-0.73681640625|0.53759765625|-0.340087890625|-1.068115234375|2.471923828125|0.152587890625|-2.1155448717948717|39.84276175213675|-42.12347374847374
2026-01-29 04:27:18.200121+00:00|35.42613585440313|38.619970844836246|36.996185452396446|35.44601602273161|36.12733772066156|-0.739501953125|0.537109375|-0.334228515625|-1.46484375|2.716064453125|0.335693359375|-1.0577724358974359|38.78498931623931|-41.10435744810745
2026-01-29 04:27:18.258951+00:00|35.4340876472167|38.628099886781456|36.99216995199134|35.42613585440313|36.12733772066156|-0.735595703125|0.537353515625|-0.343505859375|-0.885009765625|2.50244140625|0.213623046875|-1.234067841880342|38.256103098290595|-42.29332646520146
2026-01-29 04:27:18.317786+00:00|35.4340876472167|38.63622945753434|36.996185452396446|35.4340876472167|36.09140788946519|-0.736572265625|0.535400390625|-0.344970703125|-1.251220703125|2.3193359375|0.06103515625|-0.5288862179487179|38.96128472222222|-40.93450473137973
2026-01-29 04:27:18.376600+00:00|35.43806368083341|38.64435955752572|37.00421678637247|35.44601602273161|36.10338360129305|-0.74072265625|0.533447265625|-0.34228515625|-1.220703125|2.410888671875|-0.091552734375|-2.1155448717948717|38.07980769230769|-40.08524114774115
2026-01-29 04:27:18.435278+00:00|35.44203980598871|38.64435955752572|37.00020106383977|35.44601602273161|36.1113679080521|-0.740966796875|0.533203125|-0.341064453125|-1.434326171875|2.62451171875|0.030517578125|-2.2918402777777778|38.256103098290595|-41.613915598290596
2026-01-29 04:27:18.494436+00:00|35.4301117050897|38.63622945753434|37.00421678637247|35.449992331111275|36.10737570475197|-0.73779296875|0.5380859375|-0.34326171875|-1.251220703125|2.197265625|-0.030517578125|-1.9392494658119657|39.66646634615385|-40.93450473137973
2026-01-29 04:27:18.553226+00:00|35.4301117050897|38.63622945753434|37.00421678637247|35.44203980598871|36.10737570475197|-0.7392578125|0.5390625|-0.340087890625|-1.251220703125|2.288818359375|-0.030517578125|0.35259081196581193|37.72721688034188|-41.44406288156288
2026-01-29 04:27:18.612090+00:00|35.43806368083341|38.64029444134832|37.00020106383977|35.44601602273161|36.10737570475197|-0.746337890625|0.537109375|-0.331298828125|-1.190185546875|2.166748046875|-0.091552734375|-1.234067841880342|38.96128472222222|-41.613915598290596
2026-01-29 04:27:18.670840+00:00|35.449992331111275|38.64435955752572|37.00421678637247|35.44203980598871|36.10737570475197|-0.736572265625|0.5380859375|-0.3359375|-1.373291015625|2.44140625|0.1220703125|-2.9970219017094015|38.608693910256406|-40.5947992979243
2026-01-29 04:27:18.729764+00:00|35.44203980598871|38.64029444134832|37.01224856490978|35.44601602273161|36.10338360129305|-0.74072265625|0.531982421875|-0.341064453125|-0.885009765625|2.197265625|0.30517578125|-1.7629540598290598|38.78498931623931|-40.42494658119658
2026-01-29 04:27:18.788881+00:00|35.44203980598871|38.648424806120374|37.01224856490978|35.449992331111275|36.09939159762547|-0.742431640625|0.53125|-0.333740234375|-1.312255859375|2.105712890625|-0.06103515625|-1.5866586538461538|37.55092147435897|-40.93450473137973
2026-01-29 04:27:18.847787+00:00|35.43806368083341|38.648424806120374|37.00421678637247|35.44203980598871|36.13931613089392|-0.737060546875|0.53515625|-0.3447265625|-1.3427734375|2.50244140625|-0.06103515625|-1.0577724358974359|38.78498931623931|-41.10435744810745
2026-01-29 04:27:18.906554+00:00|35.44203980598871|38.648424806120374|37.00823262004542|35.449992331111275|36.11935261437543|-0.740478515625|0.532958984375|-0.34716796875|-1.129150390625|2.0751953125|0.030517578125|-1.5866586538461538|38.256103098290595|-41.613915598290596
2026-01-29 04:27:18.965500+00:00|35.4301117050897|38.63622945753434|36.996185452396446|35.45396873117659|36.10737570475197|-0.74365234375|0.529541015625|-0.338623046875|-1.068115234375|2.410888671875|0.06103515625|-1.7629540598290598|39.13758012820512|-41.44406288156288
2026-01-29 04:27:19.024413+00:00|35.44203980598871|38.64435955752572|37.00421678637247|35.44203980598871|36.11536021124334|-0.740966796875|0.5341796875|-0.33935546875|-0.91552734375|2.349853515625|0.1220703125|-1.0577724358974359|38.07980769230769|-40.764652014652015
2026-01-29 04:27:19.083208+00:00|35.44601602273161|38.65249018718612|37.01224856490978|35.44203980598871|36.10338360129305|-0.73291015625|0.535400390625|-0.34521484375|-1.03759765625|2.227783203125|-0.030517578125|-1.7629540598290598|38.07980769230769|-40.42494658119658
2026-01-29 04:27:19.142352+00:00|35.449992331111275|38.65249018718612|37.01224856490978|35.457945222976775|36.12334511749822|-0.740966796875|0.537841796875|-0.339599609375|-0.8544921875|2.349853515625|0.335693359375|-1.5866586538461538|38.256103098290595|-41.27421016483516
2026-01-29 04:27:19.201345+00:00|35.44203980598871|38.64435955752572|37.01224856490978|35.45396873117659|36.13931613089392|-0.75634765625|0.53759765625|-0.353759765625|0.274658203125|2.471923828125|0.79345703125|-2.64443108974359|38.608693910256406|-41.613915598290596
2026-01-29 04:27:19.260113+00:00|35.449992331111275|38.65249018718612|37.00823262004542|35.44601602273161|36.13532322730953|-0.721923828125|0.52294921875|-0.326904296875|-1.28173828125|2.227783203125|-0.3662109375|-2.1155448717948717|38.4323985042735|-42.12347374847374
2026-01-29 04:27:19.319091+00:00|35.43806368083341|38.64435955752572|37.02028078841721|35.45396873117659|36.12733772066156|-0.74755859375|0.54541015625|-0.345458984375|-1.77001953125|2.25830078125|-0.18310546875|0.0|37.72721688034188|-40.764652014652015
2026-01-29 04:27:19.377936+00:00|35.44601602273161|38.64435955752572|36.996185452396446|35.43806368083341|36.13133042391536|-0.7392578125|0.52978515625|-0.3310546875|-1.068115234375|2.5634765625|-0.244140625|-1.4103632478632477|39.13758012820512|-41.10435744810745
2026-01-29 04:27:19.436848+00:00|35.457945222976775|38.66062134694624|37.00823262004542|35.44601602273161|36.10338360129305|-0.73974609375|0.5380859375|-0.343017578125|-1.64794921875|2.410888671875|0.06103515625|-0.7051816239316239|39.13758012820512|-39.74553571428571
2026-01-29 04:27:19.496114+00:00|35.44601602273161|38.656555700776835|37.01626462101672|35.44601602273161|36.12334511749822|-0.7373046875|0.533203125|-0.34033203125|-1.28173828125|2.655029296875|0.06103515625|-0.8814770299145299|38.96128472222222|-41.613915598290596
2026-01-29 04:27:19.555038+00:00|35.44601602273161|38.656555700776835|37.01626462101672|35.45396873117659|36.143309134718265|-0.73974609375|0.537841796875|-0.334716796875|-0.91552734375|2.38037109375|0.213623046875|-0.5288862179487179|39.313875534188035|-40.93450473137973
2026-01-29 04:27:19.613954+00:00|35.44601602273161|38.66062134694624|37.02028078841721|35.45396873117659|36.13532322730953|-0.7333984375|0.537353515625|-0.345703125|-1.0986328125|2.50244140625|0.396728515625|-1.0577724358974359|37.72721688034188|-41.44406288156288
2026-01-29 04:27:19.672867+00:00|35.44203980598871|38.66468712574857|37.02028078841721|35.457945222976775|36.14730223883254|-0.73974609375|0.537109375|-0.3388671875|-1.0986328125|2.349853515625|-0.06103515625|-2.64443108974359|38.608693910256406|-42.29332646520146
2026-01-29 04:27:19.731825+00:00|35.44601602273161|38.656555700776835|37.00421678637247|35.45396873117659|36.13931613089392|-0.745361328125|0.539306640625|-0.3349609375|-1.3427734375|2.25830078125|-0.152587890625|-1.0577724358974359|37.37462606837607|-41.10435744810745
2026-01-29 04:27:19.790658+00:00|35.449992331111275|38.65249018718612|37.01224856490978|35.45396873117659|36.14730223883254|-0.735107421875|0.53466796875|-0.33447265625|-1.3427734375|2.288818359375|0.091552734375|-1.0577724358974359|38.07980769230769|-41.783768315018314
2026-01-29 04:27:19.849684+00:00|35.45396873117659|38.656555700776835|37.01626462101672|35.449992331111275|36.13931613089392|-0.739990234375|0.538818359375|-0.345703125|-0.91552734375|2.105712890625|0.54931640625|-0.8814770299145299|38.96128472222222|-42.6330318986569
2026-01-29 04:27:19.908499+00:00|35.45396873117659|38.656555700776835|37.01626462101672|35.457945222976775|36.14730223883254|-0.7412109375|0.537109375|-0.337646484375|-1.190185546875|2.349853515625|0.06103515625|-1.4103632478632477|38.78498931623931|-41.783768315018314
2026-01-29 04:27:19.967349+00:00|35.45396873117659|38.66468712574857|37.01626462101672|35.44601602273161|36.14730223883254|-0.741455078125|0.53076171875|-0.342529296875|-0.9765625|2.3193359375|-0.030517578125|-1.4103632478632477|38.78498931623931|-42.12347374847374
2026-01-29 04:27:20.026153+00:00|35.44203980598871|38.66468712574857|37.02028078841721|35.457945222976775|36.15928215341398|-0.73486328125|0.53515625|-0.343994140625|-1.434326171875|2.0751953125|-0.06103515625|-2.2918402777777778|38.96128472222222|-41.27421016483516
2026-01-29 04:27:20.085597+00:00|35.43806368083341|38.648424806120374|37.02028078841721|35.46589848197732|36.1512954432867|-0.738037109375|0.53271484375|-0.345947265625|-1.068115234375|2.3193359375|0.06103515625|-1.234067841880342|39.313875534188035|-41.27421016483516
2026-01-29 04:27:20.144381+00:00|35.44601602273161|38.656555700776835|37.00823262004542|35.45396873117659|36.14730223883254|-0.74365234375|0.53271484375|-0.340576171875|-1.312255859375|2.227783203125|0.030517578125|-1.5866586538461538|37.19833066239316|-40.93450473137973
2026-01-29 04:27:20.203207+00:00|35.45396873117659|38.668753037237366|37.01626462101672|35.449992331111275|36.1512954432867|-0.740966796875|0.5341796875|-0.335205078125|-1.495361328125|2.532958984375|0.1220703125|-1.9392494658119657|37.90351228632478|-39.57568299755799
2026-01-29 04:27:20.262054+00:00|35.449992331111275|38.67281908146657|37.02028078841721|35.44601602273161|36.14730223883254|-0.73876953125|0.536376953125|-0.339111328125|-1.129150390625|2.349853515625|0.091552734375|-2.1155448717948717|39.13758012820512|-41.44406288156288
2026-01-29 04:27:20.320530+00:00|35.44601602273161|38.66468712574857|37.01626462101672|35.449992331111275|36.1552887481306|-0.745849609375|0.53662109375|-0.338134765625|-1.15966796875|2.197265625|0.091552734375|-2.8207264957264955|38.4323985042735|-41.10435744810745
2026-01-29 04:27:20.379362+00:00|35.45396873117659|38.67688525849019|37.02028078841721|35.45396873117659|36.1552887481306|-0.738037109375|0.533203125|-0.33544921875|-1.52587890625|2.349853515625|0.1220703125|-1.4103632478632477|38.4323985042735|-41.783768315018314
2026-01-29 04:27:20.438493+00:00|35.4340876472167|38.66468712574857|37.02429706716242|35.457945222976775|36.13532322730953|-0.73681640625|0.537841796875|-0.347900390625|-1.3427734375|2.3193359375|0.06103515625|-2.1155448717948717|38.07980769230769|-40.08524114774115
2026-01-29 04:27:20.498066+00:00|35.43806368083341|38.66468712574857|37.01224856490978|35.45396873117659|36.19123301749613|-0.7421875|0.5302734375|-0.333984375|-1.28173828125|2.25830078125|0.0|-2.2918402777777778|38.608693910256406|-41.613915598290596
2026-01-29 04:27:20.557276+00:00|35.45396873117659|38.668753037237366|37.01626462101672|35.44601602273161|36.16327565918692|-0.74169921875|0.532958984375|-0.337890625|-1.220703125|2.44140625|0.1220703125|-1.234067841880342|38.96128472222222|-40.93450473137973
2026-01-29 04:27:20.615802+00:00|35.449992331111275|38.67688525849019|37.02028078841721|35.44203980598871|36.14730223883254|-0.736083984375|0.535400390625|-0.346435546875|-1.40380859375|2.44140625|0.091552734375|-1.9392494658119657|37.55092147435897|-41.27421016483516
2026-01-29 04:27:20.674944+00:00|35.44203980598871|38.67281908146657|37.02429706716242|35.457945222976775|36.1512954432867|-0.737548828125|0.541015625|-0.336181640625|-1.46484375|2.50244140625|0.152587890625|-1.4103632478632477|38.4323985042735|-40.764652014652015
2026-01-29 04:27:20.734302+00:00|35.44601602273161|38.68501801113604|37.02831345730357|35.45396873117659|36.14730223883254|-0.743408203125|0.535400390625|-0.331298828125|-1.190185546875|2.3193359375|0.3662109375|-2.64443108974359|37.90351228632478|-42.6330318986569
2026-01-29 04:27:20.793728+00:00|35.449992331111275|38.68501801113604|37.02429706716242|35.44203980598871|36.14730223883254|-0.735107421875|0.531005859375|-0.343994140625|-1.434326171875|2.532958984375|-0.091552734375|-1.4103632478632477|38.78498931623931|-41.10435744810745
